gene_identifier,symbol,log2FoldChange,lfcSE,pvalue,padj,baseMean
ENSMUSG00000001260,Gabrg1,2.273363153369734,0.12437730699304383,1.2398247770664217e-74,2.3586426558911606e-70,138.24521263891626
ENSMUSG00000009075,Cabp7,-2.636761668179466,0.15365813422618615,5.29843341807457e-66,5.039869867272531e-62,13.948819545473118
ENSMUSG00000029659,Medag,-4.043802993067221,0.23746212602338962,4.983499689592688e-65,3.1602032698270434e-61,25.171494875610378
ENSMUSG00000021803,Cdhr1,-1.9622004891889842,0.11540874730340396,7.911972909105296e-65,3.762934315570479e-61,48.77601782644711
ENSMUSG00000035357,Pdzrn3,1.6465174776496516,0.09936280906718704,1.1337954626772797e-61,4.313864976394514e-58,600.601223001094
ENSMUSG00000043969,Emx2,3.150323216888949,0.19644161976777136,7.05413896495867e-58,2.2366323278228953e-54,26.87444463333428
ENSMUSG00000022269,March11,1.1396363800190688,0.07333045091524781,1.8279849083424552e-54,4.3469481120383586e-51,119.26514133648959
ENSMUSG00000089706,B230216N24Rik,2.3077798066797794,0.1511756192129461,1.29718417804076e-52,2.741959089227491e-49,170.33746282513067
ENSMUSG00000042596,Tfap2d,2.873170471235212,0.19810219353942174,1.1516645720750402e-47,1.9917515290141422e-44,110.60022059125622
ENSMUSG00000008398,Elk3,-2.0940440735496035,0.15740049842297021,2.196358548280405e-40,2.984537501606173e-37,12.331748319004259
ENSMUSG00000017491,Rarb,-2.4506933244537707,0.18686735957396874,2.715606927595432e-39,3.4441137460383666e-36,39.19047255651027
ENSMUSG00000030137,Tuba8,-2.211371697796972,0.1689292642693516,3.7305136853071134e-39,4.435580771830158e-36,6.464846912979466
ENSMUSG00000035258,Abi3bp,2.9226350500824725,0.2249946147399082,1.3979185900240108e-38,1.477444625367599e-35,884.4162257827917
ENSMUSG00000060424,Pantr1,2.306200239843423,0.1785305572945559,3.577764952791274e-38,3.5822842348369054e-35,249.2477447087489
ENSMUSG00000028883,Sema3a,1.8865180488637927,0.14770370998554158,2.3409244290348355e-37,2.2266873168979357e-34,189.83069488648746
ENSMUSG00000032020,Ubash3b,1.553441541697924,0.12229514853798713,5.734586806534533e-37,5.194989495595855e-34,164.4587083085123
ENSMUSG00000085845,Gm13944,-1.5865552468928543,0.12675085803225034,6.0182074278762496e-36,5.2041080958144445e-33,9.375145274502119
ENSMUSG00000052133,Sema5b,-1.055126045648366,0.0844941257322448,8.72822659554178e-36,7.219381858851601e-33,24.405004035023527
ENSMUSG00000053465,Hs6st3,1.029400190711192,0.08264054098617095,1.2913395604434682e-35,1.0236018249115224e-32,1271.0802042899581
ENSMUSG00000045515,Pou3f3,1.68477057248178,0.13570767969122674,2.174917505759562e-35,1.5934086572027264e-32,105.6694919811899
ENSMUSG00000028033,Kcnq5,-1.4217620324473461,0.11452337893994412,2.1777031690112954e-35,1.5934086572027264e-32,1627.932043087673
ENSMUSG00000086224,2700069I18Rik,2.006156445437013,0.1635831209814337,1.4163423967170711e-34,9.979443613016875e-32,21.08776053827121
ENSMUSG00000027776,Il12a,-1.6928920872403224,0.13850366834785538,2.350741760850891e-34,1.5971611163724054e-31,11.021058660607746
ENSMUSG00000003500,Impdh1,-1.1416511291880247,0.09357469803513406,3.092040645741167e-34,2.028378663606206e-31,43.37037815237453
ENSMUSG00000097079,Gm26604,2.464213968994409,0.20227559149091098,3.8548453690312034e-34,2.4444859433483203e-31,4.127797805865795
ENSMUSG00000035681,Kcnc2,-2.2510106893940742,0.18487721258374323,4.187520164730732e-34,2.5697865681883045e-31,136.00169751492686
ENSMUSG00000042942,Greb1l,-2.227314264905474,0.18304014229263416,4.577081531571068e-34,2.721074970519e-31,88.2917812128598
ENSMUSG00000085822,Gm15584,2.128506370908585,0.17506975804972946,5.1986611993241376e-34,2.996949413816436e-31,10.729214541952278
ENSMUSG00000009734,Pou6f2,1.3172165458712906,0.10917923494023521,1.62219514107213e-33,9.07665893051653e-31,25.285181104925112
ENSMUSG00000019970,Sgk1,1.4032060000903206,0.11640734525720778,1.8414858886096454e-33,1.0009265012831398e-30,339.25317753424736
ENSMUSG00000037348,Paqr7,-1.0103098761995823,0.08447918645051243,5.8066223582848274e-33,3.0684773262225154e-30,48.59405867134189
ENSMUSG00000039943,Plcb4,-1.6247203437847408,0.13630594365583437,9.349060312765339e-33,4.8069330645958866e-30,22.719130530977207
ENSMUSG00000024256,Adcyap1,3.0480729109099696,0.25820402637267775,3.682250900813377e-32,1.8434510825545706e-29,216.05524150283162
ENSMUSG00000024043,Arhgap28,2.743557404113427,0.2348832123656258,1.603170611504223e-31,7.820184029040087e-29,3.8028354798257005
ENSMUSG00000050730,Arhgap42,1.8136036527709276,0.1559760095762902,2.988843409576687e-31,1.4214939255946723e-28,37.15785784742609
ENSMUSG00000006403,Adamts4,-2.13075918993931,0.18560422738506496,1.6604589439751654e-30,7.521088321472273e-28,4.489891698236455
ENSMUSG00000007888,Crlf1,-1.5123840508037174,0.13239914568996186,3.212778251788713e-30,1.4213928712099647e-27,20.2110280716216
ENSMUSG00000089887,4930428N03Rik,2.513339190296861,0.2203642134402185,3.9302439023995146e-30,1.6992945454374628e-27,6.80283468206473
ENSMUSG00000029217,Tec,3.3208907980400184,0.29188207359703644,5.412390378267185e-30,2.288118101247887e-27,3.4543976284864444
ENSMUSG00000060548,Tnfrsf19,1.0145408162490628,0.08993766647501382,1.6383359216028085e-29,6.631426079270602e-27,53.07123610717274
ENSMUSG00000022438,Parvb,-1.40537472318396,0.1248928599141241,2.247554174129415e-29,8.907806376799581e-27,33.47815035367437
ENSMUSG00000052387,Trpm3,-1.7513682769268477,0.15628416738448947,3.7970972583171656e-29,1.474203637596444e-26,656.9031133767355
ENSMUSG00000005148,Klf5,1.458074965275203,0.13015426904145577,3.956392152403439e-29,1.5053280861464604e-26,69.4180093379797
ENSMUSG00000062939,Stat4,2.589610573004125,0.23249069509905768,8.14291014913904e-29,2.979052359177329e-26,10.82395399689878
ENSMUSG00000027859,Ngf,2.032326907006794,0.18308002475144516,1.2438554121107817e-28,4.4647368603765116e-26,16.06084034214458
ENSMUSG00000003824,Syce2,-1.3140998961840424,0.11929045668604911,3.2007612094120175e-28,1.087344307997397e-25,9.203790816717769
ENSMUSG00000058135,Gstm1,-1.4300299809931056,0.12987814565665035,3.3991743923153823e-28,1.1149292006794453e-25,16.219449789221947
ENSMUSG00000021556,Golm1,-1.7662199089874182,0.16111685228382822,5.797175803594346e-28,1.8692452963996415e-25,13.927043833975347
ENSMUSG00000087095,Emx2os,2.5258382190955615,0.23095500108708755,7.712415706847623e-28,2.44534994011782e-25,20.722346601291424
ENSMUSG00000054932,Afp,3.3291410289668093,0.30447571426123365,7.92649053684866e-28,2.4720255077542446e-25,4.457963643940219
ENSMUSG00000031557,Plekha2,-2.2478094219886655,0.20637014800812564,1.2567332245807683e-27,3.856144010391054e-25,124.185612758977
ENSMUSG00000032625,Thsd7a,2.1501996728507784,0.1974880895356494,1.3186702045669347e-27,3.9819653923303757e-25,106.87225900483661
ENSMUSG00000042581,Thsd7b,-1.8264886114067378,0.16826698636490497,1.89416029993251e-27,5.630391491549386e-25,71.07605101936977
ENSMUSG00000037940,Inpp4b,-1.8783325280841991,0.1731644175157777,2.0584321359530718e-27,6.024555839134036e-25,344.2988658558109
ENSMUSG00000072568,Lratd2,1.7355494330276464,0.16285934215251036,1.6218551222355233e-26,4.6051002754341185e-24,8.100696998428555
ENSMUSG00000028004,Npy2r,2.7042444476027687,0.2545597060557748,2.3239666962534566e-26,6.501638592577317e-24,23.775424909759785
ENSMUSG00000020902,Ntn1,-2.760088165817255,0.26026691630840426,2.82957632725004e-26,7.801428992696343e-24,1.5576402220445649
ENSMUSG00000027419,Pcsk2,-1.399939481917572,0.1320625569090876,2.9614310366435743e-26,8.048323434443908e-24,1304.9857276970824
ENSMUSG00000041468,Gpr12,-1.2283596252488813,0.1162364000871038,4.203682820741204e-26,1.1107064164136203e-23,26.47325155411483
ENSMUSG00000037095,Lrg1,2.206297158329086,0.208771948092687,4.194445770778718e-26,1.1107064164136203e-23,11.127169712893018
ENSMUSG00000087231,E230016M11Rik,-1.7866643165359535,0.16985216325231076,7.066583187028809e-26,1.8415709390415896e-23,19.358114197650732
ENSMUSG00000050541,Adra1b,1.676838491476736,0.1596143117439418,8.143387493656818e-26,2.0935108605314503e-23,15.813793109106621
ENSMUSG00000093436,Gm20646,1.5929690835133792,0.1517506779801166,8.890670794088714e-26,2.255148282489916e-23,23.831250606992853
ENSMUSG00000044250,Pced1b,-1.714418829312331,0.16345215462330298,9.724392635881208e-26,2.4341690198026856e-23,23.913079177807695
ENSMUSG00000042501,Cpa6,-2.192743914338124,0.20954736524101694,1.2614783611207275e-25,3.116670693761133e-23,44.550698363131445
ENSMUSG00000044254,Pcsk9,1.6660622442695812,0.15941329503040486,1.446635614192765e-25,3.5283071697952765e-23,21.06351511590089
ENSMUSG00000019978,Epb41l2,1.4841463126709316,0.14222284155575765,1.7096750319150413e-25,4.117070608500221e-23,80.69463512921804
ENSMUSG00000089737,Gm15688,1.511217597770475,0.14485334143332226,1.7574153492600087e-25,4.179133700540301e-23,14.961691925361233
ENSMUSG00000113919,Gm34466,2.857543276671335,0.2740088502860971,1.8347027127569999e-25,4.309059803393724e-23,36.795340671901656
ENSMUSG00000109088,Gm44593,2.6314842727765826,0.2552415281954465,6.36461495136839e-25,1.4588004196967741e-22,13.56244633835895
ENSMUSG00000024517,Grp,3.0618774280948604,0.297337030656367,7.219160540409915e-25,1.6349679776280742e-22,13.506327029907434
ENSMUSG00000060429,Sntb1,3.1425266825073725,0.30558469699616697,8.350229561005445e-25,1.868879613747854e-22,19.94307743615287
ENSMUSG00000010311,Optc,2.4338766433097945,0.23757368755539945,1.2498224475328269e-24,2.7018888911209657e-22,7.499543223234008
ENSMUSG00000027009,Itga4,1.1825211964696163,0.1155565208557405,1.4068558189608099e-24,3.007193831450612e-22,49.25559061791735
ENSMUSG00000027750,Postn,2.311105848056184,0.22656616040198316,1.9709550143916643e-24,4.16616091042078e-22,7.79943726761559
ENSMUSG00000025213,Kazald1,-1.8418046637289198,0.18082446898742305,2.2995072254974035e-24,4.807233566798088e-22,5.194072796782164
ENSMUSG00000022893,Adamts1,2.377309876890198,0.2334726542824419,2.3764885602275777e-24,4.914165040192331e-22,4.43695106168316
ENSMUSG00000024749,Tmc1,3.003486563410147,0.2983986772369278,7.860874046052988e-24,1.5909071048097025e-21,9.383816946815626
ENSMUSG00000050830,Vwc2,-1.8644382483595183,0.18597876374411682,1.1835224694111116e-23,2.3453470268830193e-21,7.533205093124917
ENSMUSG00000112117,Rmst,-2.7745690408808943,0.2777270281445698,1.6811680584800738e-23,3.297169190157209e-21,283.4485883439153
ENSMUSG00000026335,Pam,1.6081132979969737,0.16100630318461728,1.7220770635113857e-23,3.342938169004143e-21,1276.1321465138317
ENSMUSG00000039683,Sdk1,-2.0886100650317663,0.20983265069684423,2.429914842177988e-23,4.669363632080206e-21,66.53009501477851
ENSMUSG00000064036,Mro,-1.2756227205231672,0.1283138563660856,2.748635745155239e-23,5.229004641583327e-21,19.620602676139633
ENSMUSG00000038156,Spon1,-1.417750911172462,0.14289900292851201,3.361806474144941e-23,6.332178847933996e-21,252.5527756233927
ENSMUSG00000087366,Junos,-1.5921295133484281,0.16089565556452748,4.357929073732934e-23,8.049052689193722e-21,10.1639576970458
ENSMUSG00000033949,Trim36,2.092806797498758,0.21213432325685025,5.875310804328906e-23,1.0747299302072414e-20,12.647481844472551
ENSMUSG00000104411,Gm30340,1.5772898699205615,0.16039236071727264,8.040482733497156e-23,1.456782319257618e-20,4.749066789758136
ENSMUSG00000025946,Pth2r,-1.598180905119637,0.16265944902726273,8.759663112281808e-23,1.5721116136608407e-20,11.216773755438457
ENSMUSG00000046480,Scn4b,-2.371938263863183,0.2415945986314403,9.433885410007149e-23,1.6617614448145927e-20,23.21154507225232
ENSMUSG00000034098,Fstl5,-2.301076203778063,0.23494329209547032,1.1926460288849067e-22,2.0815502801382077e-20,110.49148167903252
ENSMUSG00000026479,Lamc2,-1.5136294910395833,0.1546200421901816,1.2509923249612508e-22,2.163534362732985e-20,57.43691933141988
ENSMUSG00000085253,Gm16833,2.4934818481037313,0.2550462130293056,1.419135598250467e-22,2.4322194253258453e-20,4.279579570583548
ENSMUSG00000029999,Tgfa,-2.1012847587117247,0.21653725751215366,2.8981041553312e-22,4.794220300088761e-20,8.624640625529436
ENSMUSG00000066026,Dhrs3,-2.9931037685897057,0.308573698799539,3.0208440099411884e-22,4.954184176303549e-20,16.830829807275
ENSMUSG00000026167,Wnt10a,-1.9714801086184344,0.20377791597839554,3.864098080998477e-22,6.282957426744873e-20,12.861880126461546
ENSMUSG00000041559,Fmod,2.8606110409632666,0.2962425113744818,4.6219035305382925e-22,7.389669795088219e-20,15.215953990689346
ENSMUSG00000096606,Tpbgl,-1.8791367818832423,0.19460208392780884,4.622428015220238e-22,7.389669795088219e-20,9.388652089465525
ENSMUSG00000016386,Mpped2,-1.674764492343723,0.17376430508905386,5.517932520338053e-22,8.747762355575926e-20,268.60414038414376
ENSMUSG00000038530,Rgs4,1.1712801507582156,0.12227249292645269,9.774155669627948e-22,1.5367234500743975e-19,935.1271609544285
ENSMUSG00000056268,Dennd1b,-1.1945322623875125,0.12499702565367829,1.2182349427926863e-21,1.8996476681711528e-19,70.45822096900805
ENSMUSG00000087518,Gm13561,-2.7262703259000824,0.28595655430030203,1.5153842141830344e-21,2.34379425126976e-19,1.4234843093866216
ENSMUSG00000050022,Amz1,-1.6244115025918473,0.17044491020955402,1.5664886838150495e-21,2.4032968323304437e-19,29.192336328729745
ENSMUSG00000020096,Tbata,-2.0926435952903852,0.22354724685127528,7.892597584229105e-21,1.1730373159560507e-18,11.492491496319015
ENSMUSG00000001025,S100a6,-2.8215727960527874,0.30411111414714376,1.7253037943433526e-20,2.5443549909758092e-18,6.098833382355737
ENSMUSG00000027560,Dok5,1.3684768183868123,0.14795804632967713,2.2641870654700835e-20,3.288083567442967e-18,155.0068126063997
ENSMUSG00000026814,Eng,1.9856288705710112,0.215602537568412,3.271199069274873e-20,4.7144917495367565e-18,7.095993063524969
ENSMUSG00000020422,Tns3,1.7663802343279356,0.1918505093288812,3.351617124111881e-20,4.794072493917626e-18,8.601635029449803
ENSMUSG00000040690,Col16a1,-2.044514606175882,0.22240534795322744,3.829587373368687e-20,5.3965977919234e-18,8.042488802594171
ENSMUSG00000047496,Rnf152,-1.7520236989233786,0.1912737984896573,5.200880656529791e-20,7.118097382001635e-18,24.383817596861523
ENSMUSG00000049154,Fam183b,-2.666471637409984,0.29110373533295,5.1961089174077833e-20,7.118097382001635e-18,3.909004572204183
ENSMUSG00000107419,Gm38839,2.590716965523728,0.28364248671462744,6.617231665029339e-20,8.991872513965582e-18,3.6236941214981657
ENSMUSG00000102531,1110002O04Rik,1.1786289413481947,0.1294537352192617,8.655740435174251e-20,1.1596253946391193e-17,9.093742784908855
ENSMUSG00000039037,St6galnac5,-1.1964527507519696,0.13193519216913452,1.2067959030711146e-19,1.605460507694048e-17,636.4288102536759
ENSMUSG00000106112,Gm43434,1.7563613161656764,0.19387750027727893,1.3149615631505022e-19,1.7252295708534585e-17,5.142925016676064
ENSMUSG00000020486,Sept4,-1.1277679273957766,0.12681304363838738,5.939840005426343e-19,7.533301084215383e-17,29.7520407508188
ENSMUSG00000085247,4930545L23Rik,1.0545803263501856,0.11863276078254269,6.141059031374858e-19,7.736920994230151e-17,21.08082446029284
ENSMUSG00000006369,Fbln1,-1.740342863279292,0.19603469916796512,6.823946751402958e-19,8.54070809201907e-17,1.9917339237005192
ENSMUSG00000019647,Sema6a,1.9710490487105812,0.22205681249016082,6.910401285175388e-19,8.592383924782783e-17,227.02984820610627
ENSMUSG00000048483,Zdhhc22,-1.3296421955294424,0.14991270179699262,7.351253453280701e-19,9.08118478540338e-17,137.2264284127194
ENSMUSG00000028600,Podn,-1.7449822403977766,0.19855463594382672,1.5167318251914315e-18,1.8496350155411405e-16,2.24659394746438
ENSMUSG00000117004,Gm38593,1.9663143468034352,0.223913529748744,1.611954869934903e-18,1.9408752813697214e-16,10.00397464373406
ENSMUSG00000016494,Cd34,-1.2272924513736094,0.1399555437901227,1.8000530001363693e-18,2.1537237908549868e-16,13.896391696646385
ENSMUSG00000089787,Gm15825,1.8092009688273853,0.2064158029667581,1.8704627175421103e-18,2.2239801711575693e-16,28.212513828017432
ENSMUSG00000024593,Megf10,2.8469628877155757,0.3249879742032826,1.9488703414694365e-18,2.3028142469636375e-16,1.5687042369177233
ENSMUSG00000106093,Gm42722,-1.1384832427457898,0.13005139486839182,2.057340337412362e-18,2.415977936971159e-16,16.2374687245198
ENSMUSG00000041565,L3mbtl4,2.4814880115193088,0.28627942659711036,4.3953478767848436e-18,5.037174578792462e-16,54.189745113322275
ENSMUSG00000025776,Crispld1,-1.722648950877878,0.1988331377790571,4.563255949182948e-18,5.198286298039306e-16,15.65341229428429
ENSMUSG00000026668,Ucma,-2.051686538527359,0.23689917236211985,4.69329844664178e-18,5.283154417095457e-16,3.288535858967267
ENSMUSG00000021647,Cartpt,3.3966363649981273,0.3922563295854313,4.749766204603265e-18,5.315267780963089e-16,76.5946948441107
ENSMUSG00000086715,B230112J18Rik,-2.119349249665218,0.2448550320810084,4.906409373460962e-18,5.426716972134962e-16,1.6742217467158784
ENSMUSG00000097640,Gm20033,1.7722492325706902,0.205191347184772,5.767992687253389e-18,6.270302450417628e-16,58.76375284737227
ENSMUSG00000056752,Dnah9,-1.05188081760306,0.12185857412389509,6.029874401730948e-18,6.517746057870998e-16,27.594136505629148
ENSMUSG00000023232,Serinc2,-2.1447073849325218,0.24951637637087354,8.29337832934318e-18,8.863664569518239e-16,31.416964849910983
ENSMUSG00000051456,Hspb3,2.1656253489214996,0.2519696685032857,8.342019984097618e-18,8.865842914942631e-16,10.187993944778018
ENSMUSG00000031736,Crnde,1.3468633029350419,0.15684506084797875,8.909764151491868e-18,9.416630734332294e-16,14.41469774196427
ENSMUSG00000086003,B230206L02Rik,-1.2574880745363495,0.14682606130954898,1.0856975101015249e-17,1.1411220680757684e-15,14.471438972877621
ENSMUSG00000031932,Gpr83,-2.5942949664103763,0.30330649041463065,1.1953795814276478e-17,1.2426721943759329e-15,82.30511857934941
ENSMUSG00000074899,Sptbn5,-1.5167065105749644,0.17749037957416122,1.2821550012488868e-17,1.32563677955211e-15,12.436589459172236
ENSMUSG00000109590,Gm32710,1.6867449328299164,0.19806802890028866,1.6517611401876487e-17,1.6894141898349372e-15,2.725651104782938
ENSMUSG00000087266,Gm15991,1.9016902424474016,0.22343038332809997,1.7194605544214103e-17,1.7492522773964123e-15,11.118817619785734
ENSMUSG00000097974,Gm10605,-1.141423339662979,0.13446989221417655,2.0964745724133443e-17,2.1214538439144393e-15,42.074238054924265
ENSMUSG00000055471,Alk,1.392282527748174,0.16415233176212102,2.220237188993685e-17,2.234803824519358e-15,27.27875651875687
ENSMUSG00000056854,Pou3f4,1.95103541718515,0.23041617322761043,2.5084230383675926e-17,2.4762360541610524e-15,16.340751525450475
ENSMUSG00000021090,Lrrc9,-1.8909913933942284,0.2233295846062412,2.5121612618433723e-17,2.4762360541610524e-15,5.381882075129446
ENSMUSG00000054555,Adam12,-2.8016919667880806,0.33207174688443103,3.255643405836983e-17,3.1439269113016634e-15,34.60117241852891
ENSMUSG00000038175,Mylip,1.0819167605799234,0.12869708937806537,4.217375428367248e-17,3.991609460162116e-15,60.141718169923195
ENSMUSG00000037206,Islr,-1.2842835767422467,0.1539472239348326,7.282070346060442e-17,6.7908875619340115e-15,7.9510356811597775
ENSMUSG00000031523,Dlc1,-1.7470653072565971,0.20943584895230172,7.318780440313327e-17,6.791828248610767e-15,88.47874381748503
ENSMUSG00000085517,Gm12963,-1.7348772858377126,0.2085164809782718,8.789157430172178e-17,8.077532896212344e-15,4.195933295870602
ENSMUSG00000022610,Mapk12,1.3820295384966974,0.1666053643639948,1.0837683439364113e-16,9.912312007233794e-15,28.41892320809564
ENSMUSG00000020542,Myocd,1.788554532694829,0.21635043838807136,1.3744939999615386e-16,1.2511183662807804e-14,10.097763760243556
ENSMUSG00000002771,Grin2d,1.0359838345944274,0.12599710547808957,1.9966566975429876e-16,1.783305024134169e-14,36.42993984160889
ENSMUSG00000021779,Thrb,1.2117171436167915,0.1474278110614404,2.0511463719881803e-16,1.8234116159207074e-14,391.0638246599962
ENSMUSG00000037406,Htra4,-2.584190569540004,0.3145148827711173,2.0964491142555342e-16,1.8550161837021993e-14,6.6447620658864235
ENSMUSG00000112238,Gm48844,1.6684815921543306,0.2030998326909451,2.120209596692834e-16,1.8673549707168738e-14,1.9340127533773697
ENSMUSG00000048747,E130114P18Rik,1.1758550819455056,0.14317118143899457,2.1585300084263933e-16,1.8923444645301244e-14,69.41437104468567
ENSMUSG00000045917,Tmem268,-1.5716770717528492,0.19146922941136868,2.239502826918139e-16,1.9543257696922327e-14,10.053073102272698
ENSMUSG00000030043,Tacr1,-2.3475027960002417,0.28728770588007635,3.05182865194419e-16,2.6389994670266485e-14,22.818380336706483
ENSMUSG00000021765,Fst,2.420975078692586,0.29644967568029673,3.17298614080651e-16,2.7313524136969707e-14,1.7241339250753096
ENSMUSG00000057615,Ldoc1,1.4825351459945333,0.18189416813589243,3.6231178974744365e-16,3.077062271497932e-14,7.490252105692404
ENSMUSG00000021700,Rab3c,1.2437703797316801,0.1525907030671957,3.608575057187123e-16,3.077062271497932e-14,878.4532049145388
ENSMUSG00000029094,Afap1,1.7692494737701165,0.21725099010595525,3.830492248328261e-16,3.238723756986526e-14,17.085769742938954
ENSMUSG00000097493,9930014A18Rik,1.9865795960883543,0.24571505204731994,6.221943834606506e-16,5.101993944377335e-14,1.8012722152894907
ENSMUSG00000037606,Osbpl5,-1.2604634969629183,0.15599973040074597,6.481555982889276e-16,5.29206527976333e-14,20.381927923070744
ENSMUSG00000036872,Abcc12,1.8428666553446407,0.2287569074637996,7.882879068428278e-16,6.381442187139556e-14,10.448745792648051
ENSMUSG00000047945,Marcksl1,1.4768923279697177,0.18338620402653752,8.048976730648014e-16,6.488293784908805e-14,606.2852042491816
ENSMUSG00000100303,2600014E21Rik,2.775237260106985,0.34497441288488034,8.641276251537588e-16,6.936356093217344e-14,55.919764856573444
ENSMUSG00000057606,Colq,1.84489961647965,0.22947878028732752,9.018987002175873e-16,7.209126417201421e-14,1.642797014212951
ENSMUSG00000110148,5830408C22Rik,-2.450228113192614,0.30597025689555307,1.1653224449441695e-15,9.129818038456044e-14,29.980612310754783
ENSMUSG00000097250,Gm26771,2.8096577100718645,0.35085771425116924,1.1661826026833572e-15,9.129818038456044e-14,0.7972555183124072
ENSMUSG00000020330,Hmmr,-2.195817235474622,0.27471407327297875,1.31586623326034e-15,1.0259442303911766e-13,1.0017672519862082
ENSMUSG00000030889,Vwa3a,-1.5587816106176522,0.19502962826093304,1.3218932185492052e-15,1.0264365954971461e-13,33.62047551562678
ENSMUSG00000027347,Rasgrp1,-1.6850684718957125,0.21110945994349423,1.4402103479923815e-15,1.1092535085104076e-13,562.8678079432455
ENSMUSG00000022525,Plaat1,-1.23314212798027,0.15474245970522968,1.5996792113875079e-15,1.2271087627998366e-13,20.940668129049254
ENSMUSG00000020363,Gfpt2,1.3198962529388214,0.1660372867257561,1.8742204461638115e-15,1.4319345288281265e-13,14.107566574249589
ENSMUSG00000097063,Pantr2,2.3615893580514444,0.2982720081024042,2.4219822708396793e-15,1.821177498832176e-13,2.6963639960238464
ENSMUSG00000022763,Aifm3,-1.2283878685124427,0.1552099657270929,2.4852403331031556e-15,1.861386303029702e-13,98.74523355082496
ENSMUSG00000051079,Rgs13,1.9815762586173433,0.25052076697761416,2.577440776204571e-15,1.922871895157481e-13,15.478769694582756
ENSMUSG00000061186,Sfmbt2,-1.1715757458087797,0.1482812208127299,2.7658753096279897e-15,2.0394578252078635e-13,10.740510806731539
ENSMUSG00000063428,Ddo,-1.9046546222474667,0.24105776413973148,2.761481176396076e-15,2.0394578252078635e-13,4.1954114804992155
ENSMUSG00000026141,Col19a1,2.923646723402123,0.37076098669794466,3.132044144919512e-15,2.2916926081903384e-13,38.01648195054361
ENSMUSG00000045333,Zfp423,-1.1610291673818418,0.14831487741580202,4.9515254090005884e-15,3.5280082165103816e-13,47.65687501202886
ENSMUSG00000035131,Brinp3,1.4337284043285776,0.18324837167081406,5.118602476499307e-15,3.619936561818692e-13,1559.1811122103068
ENSMUSG00000026031,Cflar,-1.762734380316194,0.22543014084833926,5.306460346933889e-15,3.71140079559082e-13,45.49690332784119
ENSMUSG00000048965,Mrgpre,-1.715788250272864,0.21944058493624838,5.327870199212423e-15,3.712725372520774e-13,15.708739328989694
ENSMUSG00000036834,Plch1,-1.3385349907718822,0.17129462538151743,5.530159911865746e-15,3.8396263563260566e-13,14.71753761726632
ENSMUSG00000022528,Hes1,-1.2165436764284454,0.15580896346637474,5.814019469358386e-15,4.022032959457234e-13,62.531432496172684
ENSMUSG00000025255,Zfhx4,1.6075251432335342,0.206411775163047,6.8103661596974515e-15,4.694217602249432e-13,119.54535303828325
ENSMUSG00000084938,BB557941,-2.0596605406501887,0.26475914893600305,7.28840757103419e-15,5.005583596799798e-13,8.379169062679377
ENSMUSG00000101299,Gm28175,2.2920813660773462,0.29529026294490174,8.351482933157438e-15,5.694573882451151e-13,28.119689676232877
ENSMUSG00000059493,Nhs,2.0567149679914665,0.265078968641391,8.56850693365197e-15,5.821688425206967e-13,56.267294989099035
ENSMUSG00000112928,Gm47710,-2.1169908573809786,0.2729627391999708,8.79241269734468e-15,5.931448906180326e-13,2.6877754026745695
ENSMUSG00000039057,Myo16,-1.811700677019153,0.23441182792542395,1.0864316541458567e-14,7.242711763534642e-13,126.3958293033567
ENSMUSG00000030047,Arhgap25,-2.029948657952762,0.262660032321469,1.0888433370326468e-14,7.242711763534642e-13,2.8537583082623397
ENSMUSG00000087485,Gm13383,1.634631634548918,0.211616475262355,1.1229252720208984e-14,7.443390374538527e-13,2.945273756760767
ENSMUSG00000044201,Cdc25c,1.2198591736481281,0.1582452094399456,1.2714150725348022e-14,8.369342678166808e-13,17.13021253855032
ENSMUSG00000022076,Klhl1,-3.626922312112396,0.4706044247609079,1.2886553149931635e-14,8.453578866355152e-13,67.3338524896221
ENSMUSG00000062794,Zfp599,-1.1260411773827426,0.14612331960731947,1.2971915742552555e-14,8.480334195406178e-13,7.393348135959519
ENSMUSG00000028370,Pappa,2.757583481773364,0.3581966287821708,1.3765248155990183e-14,8.968153456149221e-13,34.05262899350155
ENSMUSG00000027849,Syt6,-1.9604632227435546,0.2548664231920622,1.447162919406208e-14,9.39618681869751e-13,3.7580338587168853
ENSMUSG00000074607,Tox2,-1.8532609788393797,0.24117439479078218,1.5381299435334234e-14,9.952851716251648e-13,35.388933304357565
ENSMUSG00000097107,Platr6,1.7796183187961252,0.23190799971763115,1.6695913958007787e-14,1.0766883631767462e-12,2.068327582780538
ENSMUSG00000024940,Ltbp3,-1.5999257599533696,0.20904305303776377,1.954742763686603e-14,1.2446848402175333e-12,10.437342192894322
ENSMUSG00000046470,Sox18,2.051498262736534,0.26804811512160753,1.9562698024865562e-14,1.2446848402175333e-12,3.0298065951158515
ENSMUSG00000033174,Mgll,-2.0884257076276946,0.27289125159948785,1.964057217293877e-14,1.2454741500599572e-12,83.37353766007615
ENSMUSG00000053783,1700016K19Rik,-1.276275838850989,0.16690409670024423,2.0610391304442646e-14,1.2983181595222413e-12,18.624341271097244
ENSMUSG00000047507,Baiap3,-1.7554061899005893,0.22979769958279767,2.1905174821303803e-14,1.3753268838299787e-12,20.993586914776017
ENSMUSG00000090291,Lrrc10b,-1.588601104613612,0.20798618697085935,2.2060037765729966e-14,1.3804939422869963e-12,11.984134062408938
ENSMUSG00000071847,Apcdd1,-2.108424992600261,0.27665635992380433,2.5152856622607875e-14,1.5637514522499746e-12,8.674589236251222
ENSMUSG00000017754,Pltp,1.165183614774579,0.15308378363202474,2.7111929270034434e-14,1.6784770445238463e-12,7.126359478904524
ENSMUSG00000029838,Ptn,1.1532116043454081,0.15158823364152044,2.793898248102189e-14,1.7201009796730111e-12,1494.1943293312984
ENSMUSG00000024526,Cidea,-1.6561316707242721,0.217917490489622,2.9656429404720476e-14,1.8140961832649594e-12,17.25937611639514
ENSMUSG00000047250,Ptgs1,-2.3473970415736827,0.30902567687770427,3.051345916745065e-14,1.858517784712522e-12,1.5952090216523307
ENSMUSG00000047990,C2cd4a,1.6412141095078112,0.21627671095376585,3.2364973191643415e-14,1.954638888881982e-12,3.007046494042413
ENSMUSG00000022332,Khdrbs3,-1.287972791315242,0.17009279708956287,3.670204970046426e-14,2.2095563085494686e-12,422.76316749225134
ENSMUSG00000004415,Col26a1,2.6622204072939515,0.35216767427481194,4.045433232998968e-14,2.4277704045606426e-12,12.718107881283586
ENSMUSG00000031765,Mt1,-1.3732864949586756,0.18193348482236546,4.410139753169806e-14,2.6383175680598236e-12,308.3674357309255
ENSMUSG00000074517,Gm10710,2.9957606960986105,0.39699669130709103,4.486247844969217e-14,2.6754350784543694e-12,3.1609895859349124
ENSMUSG00000118396,Iqcf3,2.554796688551282,0.3386121582751892,4.5261606048159355e-14,2.6908024795630736e-12,1.5735565430344713
ENSMUSG00000020205,Phlda1,1.1752205992863205,0.15578227074065898,4.5579024449298605e-14,2.7012316545902077e-12,91.87245649791649
ENSMUSG00000097668,Gm26761,2.5346428143136177,0.33615084289607766,4.692701838425557e-14,2.772483222801484e-12,1.042397288827209
ENSMUSG00000028360,Slc44a5,-1.321122322484976,0.17525196939627288,4.757127428301169e-14,2.7931972900000447e-12,129.6127225591166
ENSMUSG00000027230,Creb3l1,-1.5030879492738434,0.19938800462623313,4.753809933566466e-14,2.7931972900000447e-12,2.845935333430361
ENSMUSG00000041959,S100a10,1.0095714725971634,0.1342065289719773,5.3729861066409544e-14,3.1258620089522176e-12,95.55436221841728
ENSMUSG00000040258,Nxph4,-1.3801607463771373,0.18354854580062616,5.5060731794589205e-14,3.1935224440861737e-12,14.008491696408644
ENSMUSG00000043833,2900005J15Rik,-1.0973546061473483,0.14604309650838268,5.738727566899307e-14,3.3082894918997704e-12,14.191717097053461
ENSMUSG00000030088,Aldh1l1,1.885348084484025,0.25133249987312023,6.313505545333299e-14,3.617714743807852e-12,2.5287776178362997
ENSMUSG00000113252,Gm33489,1.6495621595561911,0.22003807883926296,6.543841967990381e-14,3.73843992789937e-12,2.7890828823682634
ENSMUSG00000038793,Lefty1,1.7615148211939713,0.2356796751704958,7.768046138598331e-14,4.3981937422825786e-12,5.911367241366925
ENSMUSG00000037681,Esyt3,-2.787350940957272,0.37328837900099165,8.203272460447871e-14,4.6308325011145485e-12,3.3687478894694807
ENSMUSG00000045532,C1ql1,2.856307205025455,0.3828350038319208,8.591041385917241e-14,4.8353837670322366e-12,53.65034247517824
ENSMUSG00000006800,Sulf2,-1.19649484460849,0.16089865490325053,1.035242027734798e-13,5.792483628125529e-12,47.59860617300252
ENSMUSG00000004035,Gstm7,-1.1065453460725332,0.14913620199140307,1.1738907719102372e-13,6.510815756507391e-12,7.526457285378436
ENSMUSG00000028906,Epb41,-1.5581247706426289,0.21044078218605566,1.3204206873351033e-13,7.260024033486418e-12,49.250985461489265
ENSMUSG00000112441,Gm48898,1.6321760066300752,0.2205768232203455,1.366151666245814e-13,7.468295775477116e-12,2.2034510114797152
ENSMUSG00000085335,Gm13684,1.419407999106627,0.1921744768216727,1.5126851535552175e-13,8.245651106370905e-12,13.85096715573243
ENSMUSG00000030844,Rgs10,1.206964964640589,0.16373525554127696,1.687920043146935e-13,9.174568828807797e-12,45.048685968319674
ENSMUSG00000086939,Gm13530,-2.5018624141651036,0.33981695204281176,1.8065629361838374e-13,9.791468176057356e-12,8.833255479584853
ENSMUSG00000009545,Kcnq1,2.6479159108535693,0.36150577218073504,2.394604935694219e-13,1.2905089035877286e-11,20.3583193214885
ENSMUSG00000021478,Drd1,-2.2744195468516124,0.310862067272564,2.5453890672900434e-13,1.367894960907508e-11,7.5125396882660365
ENSMUSG00000017756,Slc12a7,-1.4188607140837932,0.19406161087348134,2.643869052958231e-13,1.4168159116472504e-11,3.712577516148479
ENSMUSG00000004952,Rasa4,-1.387655946003433,0.1899642868612351,2.7762703136660415e-13,1.4835889451455836e-11,4.682862470137818
ENSMUSG00000040420,Cdh18,-1.2010801276011511,0.16467257887624062,3.0145129079693743e-13,1.6063891753840163e-11,233.7663292021736
ENSMUSG00000026321,Tnfrsf11a,-1.5990701193341577,0.21987933972881327,3.529228571201918e-13,1.866116442865608e-11,10.622143546296092
ENSMUSG00000117994,Gm5820,1.111319547455685,0.15294900487698085,3.7043051489375286e-13,1.9520969848583805e-11,20.567876558363224
ENSMUSG00000033491,Prss35,-1.8675269076941465,0.257094391692954,3.758810360055472e-13,1.9753482952954504e-11,3.023025461369223
ENSMUSG00000030270,Cpne9,-1.8674340668369893,0.2576846647799153,4.261857252802395e-13,2.2335419387689468e-11,15.594792373585033
ENSMUSG00000027583,Zbtb46,-1.1502109866210313,0.15887942094365443,4.502704423680287e-13,2.346834217975172e-11,17.647652895405333
ENSMUSG00000032849,Abcc4,-1.4793284547044139,0.20467079596065704,4.907242317279348e-13,2.5506933837137245e-11,29.123875446312447
ENSMUSG00000046922,Gpr6,-2.548718517610463,0.3530318948030875,5.217390313349395e-13,2.697163948944535e-11,0.8158726425040884
ENSMUSG00000049796,Crh,3.013955905567609,0.41772978815941464,5.390031929064905e-13,2.77886090565124e-11,39.22612382412932
ENSMUSG00000029309,Sparcl1,-1.4498039569320786,0.20095524511651727,5.410808447757087e-13,2.7820329705440765e-11,196.59833441546292
ENSMUSG00000021835,Bmp4,-1.4193506979869015,0.1969478226935169,5.730952612115579e-13,2.938696563150587e-11,3.299405493679078
ENSMUSG00000028163,Nfkb1,-1.0382344878426928,0.14431831380019533,6.289292181679356e-13,3.207707626387884e-11,37.29467148500597
ENSMUSG00000022425,Enpp2,1.139795399495694,0.15846242071863367,6.345564475708402e-13,3.2277545076437604e-11,46.998659924613676
ENSMUSG00000036256,Igfbp7,-1.5644300158308153,0.21805674517285567,7.261596963586356e-13,3.664313544702038e-11,13.779310085681805
ENSMUSG00000006235,Epor,-1.2338441800257445,0.17197577363649763,7.255961072966565e-13,3.664313544702038e-11,18.276670955801386
ENSMUSG00000041301,Cftr,1.0768128188812207,0.1501762921159,7.481994233837252e-13,3.7655412249872984e-11,21.937391083277287
ENSMUSG00000026355,Mcm6,-1.1726337277275103,0.16395168863615123,8.53279807479375e-13,4.238327691250034e-11,4.734683752411792
ENSMUSG00000043668,Tox3,-1.3641876917204236,0.19075597765519903,8.584679506593042e-13,4.252993305557969e-11,153.41089864913332
ENSMUSG00000001763,Tspan33,1.1287138441048192,0.15792138012040863,8.849167799765199e-13,4.372638135655406e-11,99.65377626309268
ENSMUSG00000051243,Islr2,-1.165066544528402,0.16307861801995902,9.052038440963631e-13,4.449766906999796e-11,121.62368958284351
ENSMUSG00000009376,Met,-2.026708518284777,0.28434674655266345,1.0213759670331264e-12,4.9822195889328704e-11,1.6201193377540275
ENSMUSG00000040852,Plekhh2,1.8968194141287074,0.2661617990704679,1.0290450686492943e-12,5.00679114731053e-11,29.703828410973976
ENSMUSG00000029798,Herc6,-1.378522639156551,0.1935092040483494,1.049843873264798e-12,5.0949565931095704e-11,5.945695440874291
ENSMUSG00000050875,Minar2,-1.3526718102297344,0.19018220751815912,1.1395580441727962e-12,5.5022721401886484e-11,44.189017950892456
ENSMUSG00000104658,Gm30275,1.6780609970379718,0.23602637038925475,1.1635148264973503e-12,5.603723052983694e-11,2.680043699172015
ENSMUSG00000050783,Htr1f,-1.6077095431599935,0.22625468681641744,1.1966970925762532e-12,5.7489811841340007e-11,145.48960936324573
ENSMUSG00000056296,Synpr,2.0105013222812764,0.2830235073135669,1.2150003364781637e-12,5.822208161501407e-11,72.25740950013451
ENSMUSG00000047220,Ccdc36,1.4610018120837185,0.20590150703960247,1.287594720565683e-12,6.139148361915176e-11,2.387228775275448
ENSMUSG00000022272,Myo10,-1.188183301243409,0.1675132881750219,1.3117007165109582e-12,6.207411549976237e-11,19.030722243804448
ENSMUSG00000031027,Stk33,1.6812350246981813,0.23723341381198235,1.3720978452232987e-12,6.46108648701189e-11,12.566014958560313
ENSMUSG00000030739,Myh14,-1.6065620775101932,0.22698824021236141,1.4653207099004188e-12,6.86607418353339e-11,9.53572960901493
ENSMUSG00000025197,Cyp2c23,1.1562518707531273,0.16357535610990262,1.5648312443206557e-12,7.314336509080135e-11,3.793444531709575
ENSMUSG00000031714,Gab1,1.714820906954775,0.24302355743872714,1.7112721022770493e-12,7.959716497241708e-11,2.915216300959845
ENSMUSG00000086109,Gm13391,-2.32756678998467,0.3312936646191444,2.1300998957742448e-12,9.859615673286918e-11,0.6972836299798931
ENSMUSG00000114504,Gm48321,2.2478968723621766,0.32015011003423727,2.1968110370812822e-12,1.011916057371291e-10,7.33267567116282
ENSMUSG00000085562,2610028E06Rik,-1.2428454507943085,0.1771210256761478,2.26799712750118e-12,1.039671743459818e-10,4.324624208724094
ENSMUSG00000117254,Gm34567,-3.1394206687235,0.4475769968157195,2.311719622526312e-12,1.0520954038960008e-10,13.573624684819857
ENSMUSG00000105076,A930003O13Rik,1.4342088341554033,0.20448017819500597,2.3172202177902875e-12,1.0520954038960008e-10,3.343158084719954
ENSMUSG00000031216,Stard8,-1.368015912632624,0.19540398373065146,2.5421044844449736e-12,1.148717237816655e-10,66.22514123042134
ENSMUSG00000001995,Sipa1l2,1.3910121515966207,0.1988687110168751,2.6596846413611746e-12,1.199000962494194e-10,69.47396637652798
ENSMUSG00000115149,9330188P03Rik,2.229411475197973,0.31883749337210954,2.7039124342145623e-12,1.2160574503190978e-10,13.570619923572703
ENSMUSG00000028164,Manba,-1.5849984629959541,0.22727722900866024,3.0837169777537343e-12,1.3771040325067382e-10,5.3481997598532995
ENSMUSG00000108676,1700123J17Rik,2.5445180476227605,0.3649637412156238,3.125222954385498e-12,1.3891177916876101e-10,2.435175271942309
ENSMUSG00000071679,Rtl4,-2.7106987194694416,0.3889704256857364,3.1941276672329503e-12,1.4142671564071055e-10,182.10973738011012
ENSMUSG00000036437,Npy1r,1.2710969225576507,0.18245913887774082,3.249819668748232e-12,1.4344447651569924e-10,74.65390137009271
ENSMUSG00000111758,Gm30373,2.2826461016354456,0.328085806893341,3.464456114006871e-12,1.5221203952163212e-10,1.8744646242254746
ENSMUSG00000037892,Pcdh18,-1.818925176549106,0.26163108283033554,3.59500880236691e-12,1.5758398031388962e-10,1.265886006459889
ENSMUSG00000031297,Slc7a3,-1.1849184395270222,0.17097114854264037,4.193055805706733e-12,1.821203051318833e-10,5.9958583256524784
ENSMUSG00000098739,Gm27151,-1.7029637432172013,0.24590614865520039,4.351789179885654e-12,1.8772888289828722e-10,9.561521560484245
ENSMUSG00000071424,Grid2,-1.1365540917075159,0.16419734120164178,4.45692564428012e-12,1.918293064633145e-10,876.430420260617
ENSMUSG00000084898,Gm12371,1.7820192172288096,0.2580234603701371,4.970257500750863e-12,2.1295986192406398e-10,58.04734704582908
ENSMUSG00000026728,Vim,2.349250538745605,0.34021925928683583,5.016544569383332e-12,2.1446009862460338e-10,0.750118915824235
ENSMUSG00000036492,Rnf39,-1.813708270536242,0.26363439337620903,6.000631522752515e-12,2.5481253144831216e-10,1.5082107973191912
ENSMUSG00000042567,Nek10,-2.233618704897384,0.32516608918475043,6.457991148242179e-12,2.724098084349428e-10,18.83338605226252
ENSMUSG00000011148,Adssl1,1.2906847580849068,0.18809161672522756,6.790285115633087e-12,2.8390853635121726e-10,16.41913213184426
ENSMUSG00000113689,Gm29676,1.8605591478860677,0.27122940857487443,6.899324467289602e-12,2.8720513931229186e-10,3.763217272029067
ENSMUSG00000041308,Sntb2,-1.3360172036200373,0.19506356793283325,7.429654538322313e-12,3.086064365437635e-10,190.9848298751994
ENSMUSG00000030772,Dkk3,-2.4175969885758226,0.35303497682910345,7.48696036453486e-12,3.0963463907589386e-10,84.53154841595362
ENSMUSG00000030170,Wnt5b,-1.5904325593801973,0.2324685717825074,7.837096919689543e-12,3.220149714906563e-10,6.391065116456405
ENSMUSG00000045201,Lrrc3b,-1.0448744170362065,0.15281906840414852,8.068268337988935e-12,3.3044017347904455e-10,55.25532381711953
ENSMUSG00000086527,Gm15856,-1.7438615250358094,0.25632290199941454,1.0219422387654374e-11,4.0843338550995125e-10,1.9345122541082904
ENSMUSG00000021997,Lrrc63,-3.170101504945005,0.4660288920951917,1.0291102727302811e-11,4.104359293169993e-10,0.5386011786555888
ENSMUSG00000090116,Gm15680,2.1001809088050605,0.30913864585083034,1.0932863275311919e-11,4.315078650405269e-10,11.517864480088104
ENSMUSG00000021721,Htr1a,-1.2626175318751331,0.18604024306374226,1.1464962941821433e-11,4.5063936984547717e-10,19.084030172351902
ENSMUSG00000061143,Maml3,1.2848614804339091,0.18939071332913393,1.1674432041125292e-11,4.569843521612501e-10,376.78752334992316
ENSMUSG00000026315,Serpinb8,-1.638077295086397,0.24149561961681454,1.1766343152195527e-11,4.5963636987139165e-10,8.647728403555364
ENSMUSG00000069171,Nr2f1,1.1229387005732563,0.16560811983382645,1.1959637664084596e-11,4.662298092654618e-10,404.9268466528596
ENSMUSG00000118267,G630055G22Rik,2.135878988694341,0.31515871569546455,1.2256665996182519e-11,4.76831930289113e-10,1.0452999845183375
ENSMUSG00000078815,Cacng6,1.0380016520457738,0.15321565053596325,1.2459949372722948e-11,4.837511772789416e-10,23.363316954435437
ENSMUSG00000095139,Pou3f2,1.3952979178284517,0.20615378353675895,1.3035998954764339e-11,5.050852222310322e-10,70.50432361821319
ENSMUSG00000037994,Slc9b2,-2.2210929314758014,0.3288413055538777,1.435261948553042e-11,5.527211196209124e-10,5.207895777617037
ENSMUSG00000116056,Gm4544,-1.9901372561679922,0.29478777595208433,1.4674385458143473e-11,5.628336874107286e-10,3.1772290886791366
ENSMUSG00000071637,Cebpd,-2.2562247073987023,0.33446924845058895,1.5230511651769716e-11,5.829884379542597e-10,9.193739581173698
ENSMUSG00000055639,Dach1,-2.511961839422489,0.3730956689701723,1.6647992772783648e-11,6.346922134457638e-10,39.669300416360684
ENSMUSG00000019890,Nts,-1.7674057476921814,0.2626893116328841,1.718667485361764e-11,6.538459919108009e-10,6.9173925110630705
ENSMUSG00000067597,Dgat2l6,-1.2740214428437118,0.18936538933518304,1.7219135930788016e-11,6.538459919108009e-10,5.486875026427304
ENSMUSG00000069170,Adgrv1,-2.168728994183357,0.3224018339260119,1.7344839749979436e-11,6.573072338717307e-10,0.7421031663206603
ENSMUSG00000031727,Pmfbp1,1.7359041229591605,0.2581412362007868,1.7604002502830692e-11,6.658022735861851e-10,4.034725752253146
ENSMUSG00000102715,Gm6209,-3.6400885173581345,0.5425903130482264,1.9633395288196788e-11,7.352474644934167e-10,2.6702331747292796
ENSMUSG00000019768,Esr1,-2.983761269704349,0.4450513577096249,2.0236336995989145e-11,7.548550490425441e-10,71.0583974774459
ENSMUSG00000107427,Gm43948,1.714124380401104,0.2556906157856306,2.029288292387102e-11,7.554829838429007e-10,2.638710445328809
ENSMUSG00000061718,Ppp1r1b,-1.1830093430267654,0.17654825165472596,2.0732322080043316e-11,7.703353422866095e-10,145.61608815712646
ENSMUSG00000092083,Kcnb2,-1.2454161868721032,0.18591430808007314,2.1003419842855082e-11,7.742573332851823e-10,688.266812306409
ENSMUSG00000055109,Gm15155,1.2924991470116998,0.19296980192476726,2.113855689416833e-11,7.763318655495335e-10,124.83538996624762
ENSMUSG00000041886,Macc1,1.4586939723232688,0.21780754779181086,2.1249572701605664e-11,7.789053392588559e-10,12.012163414625242
ENSMUSG00000042589,Cux2,1.7072729019856185,0.25501290434475316,2.158943621125563e-11,7.898412201594752e-10,68.56334325968699
ENSMUSG00000116000,Gm49497,2.0582882182076023,0.3077665691767167,2.2651547599800668e-11,8.239446300929405e-10,1.1837072508223982
ENSMUSG00000069072,Slc7a14,-1.0706874144653478,0.16008871471277675,2.2610514224579293e-11,8.239446300929405e-10,235.84723063558104
ENSMUSG00000107677,Olfr316,2.1284182357015347,0.31837283624964124,2.3045050493441317e-11,8.366584744031062e-10,7.016798146823399
ENSMUSG00000073077,Cfap47,-1.2117433737353225,0.1813380019286097,2.3532321090366872e-11,8.527216693774084e-10,5.124227453995223
ENSMUSG00000044548,Dact1,1.5165380244870097,0.22736160745812636,2.5552679996011992e-11,9.189304049983594e-10,21.30814039462713
ENSMUSG00000086213,A330040F15Rik,-1.1649380367702797,0.17466737574247004,2.5673671985315654e-11,9.21539501601217e-10,9.770450727691392
ENSMUSG00000118170,Gm30094,2.278338000250603,0.3418903684323428,2.6657650318951363e-11,9.550567602028828e-10,1.325098225510783
ENSMUSG00000097603,A430010J10Rik,-1.8554049358708586,0.2784598980101933,2.6811902996287906e-11,9.587775236868066e-10,4.272306192682252
ENSMUSG00000026185,Igfbp5,-3.0718768327065877,0.4611928445876986,2.7248761596952656e-11,9.710308304042199e-10,369.9130781020089
ENSMUSG00000021760,Gpx8,2.1267699169059933,0.3193022973506576,2.7256647573373287e-11,9.710308304042199e-10,1.9521157010749757
ENSMUSG00000033966,Cdkl4,-1.145495591358366,0.17240568996669295,3.0489591308135486e-11,1.074137009344388e-09,75.23306238487983
ENSMUSG00000026734,4921504E06Rik,1.2390189254693535,0.18659940267776817,3.1369579305277435e-11,1.1010606581247195e-09,2.297207362833355
ENSMUSG00000084873,C030047K22Rik,1.2857684859918412,0.19417216560568676,3.548603670899065e-11,1.2341615399485157e-09,25.15904465568132
ENSMUSG00000036390,Gadd45a,-2.5668930780741612,0.38801267107561327,3.703286165085671e-11,1.2846130802375146e-09,18.510617715246045
ENSMUSG00000032128,Robo3,-1.985328977409837,0.30011022859307573,3.7071729449663346e-11,1.2846130802375146e-09,14.080917929252413
ENSMUSG00000097183,Gm17501,2.1288028321112398,0.3219002586207476,3.760046969682922e-11,1.2982056905852613e-09,44.63412214903332
ENSMUSG00000019718,L3hypdh,1.3648024530564162,0.20676186482004186,4.088283991989752e-11,1.4064288365933643e-09,6.609859470776833
ENSMUSG00000041710,Trpc5,-2.7288949878461652,0.41361034997805934,4.1746276584567596e-11,1.428383391627363e-09,149.41783120062058
ENSMUSG00000045932,Ifit2,2.321183350618931,0.3519283348184201,4.23500292205956e-11,1.4464397771860156e-09,10.29768973217068
ENSMUSG00000075020,Mir670hg,1.4662181368712277,0.22234931499457453,4.275254220033599e-11,1.457570542686724e-09,188.0248566549701
ENSMUSG00000020961,Ston2,-1.4034972968268618,0.21307769921044356,4.4944806473150617e-11,1.5268392827593165e-09,3.8683053584183846
ENSMUSG00000096883,Shisa8,-2.7260048930281506,0.413907475291254,4.517584275593129e-11,1.5319522862546113e-09,5.537985768773476
ENSMUSG00000034472,Rasd2,-1.839389983425992,0.2793715640957037,4.578732311015672e-11,1.5499253289103582e-09,86.96050769187072
ENSMUSG00000039131,Gipc2,1.753537098373654,0.2672201109553771,5.3039223093585976e-11,1.767669873569616e-09,17.442499911042113
ENSMUSG00000022636,Alcam,-2.3312294525707906,0.3552567547033925,5.305611321532017e-11,1.767669873569616e-09,1223.3570313086727
ENSMUSG00000024677,Ms4a6b,-2.0407812840832427,0.311066089459927,5.359043270995489e-11,1.782350335444374e-09,1.7817778333327072
ENSMUSG00000110020,Gm45441,1.4219136714818859,0.21678966209663028,5.4186093757689126e-11,1.795881964540554e-09,60.548644207515125
ENSMUSG00000085271,E130006D01Rik,1.056357177925943,0.16142517260501676,5.991751888195375e-11,1.9789424986289723e-09,15.277907107444879
ENSMUSG00000051617,Krt9,-1.08322872111941,0.16555513550708142,6.029325024450007e-11,1.987900853815198e-09,25.33832783115288
ENSMUSG00000047591,Mafa,1.089743097438095,0.1666676793661761,6.217260154144637e-11,2.042783370854017e-09,6.359217452560137
ENSMUSG00000050248,Evc2,-1.1879556767168395,0.18173257449102082,6.283471104143146e-11,2.060978522158952e-09,10.50452549761692
ENSMUSG00000100832,Gm29260,1.9921290736563468,0.3049764575077207,6.486468537434876e-11,2.116613678493329e-09,0.8842778978144997
ENSMUSG00000028294,Cfap206,1.9590364401765508,0.300806156519345,7.385076507829578e-11,2.3934190031507647e-09,16.27010636113392
ENSMUSG00000046768,Rhoj,2.0987919761817224,0.3224795285208848,7.600842890420738e-11,2.4591570603293214e-09,9.583242096585433
ENSMUSG00000027966,Col11a1,1.2915950814469375,0.1985225898073052,7.715983228906274e-11,2.4921708819475884e-09,7.056810265340832
ENSMUSG00000020672,Sntg2,1.8961378514590006,0.2918811721834154,8.233780394608227e-11,2.641474506357958e-09,78.00685291382632
ENSMUSG00000087597,Gm15345,-1.3738698229969408,0.21192311130502228,8.999448121665294e-11,2.877403379269925e-09,2.9347734319694765
ENSMUSG00000038260,Trpm4,-1.1296859162445314,0.17426873946561675,9.025349069338586e-11,2.88084296468284e-09,21.67216583737164
ENSMUSG00000028214,Gem,2.025771883965294,0.31267097365780294,9.237821696380148e-11,2.939856590940964e-09,1.537489827807673
ENSMUSG00000044726,Erich5,-1.95751889213419,0.3021388839045591,9.241138779345545e-11,2.939856590940964e-09,0.7565958275287963
ENSMUSG00000086289,Gm16933,-1.7211159612785059,0.2660432734632656,9.845253291979626e-11,3.1216016437770067e-09,7.821459842163786
ENSMUSG00000026840,Lamc3,-2.213986819335654,0.342941529393154,1.0759710688010414e-10,3.394572738452904e-09,0.5456445484938963
ENSMUSG00000034987,Hrh2,1.1172204399028973,0.1734688656070057,1.1910674335550424e-10,3.73292699439063e-09,14.409532527760405
ENSMUSG00000107008,Gm2762,-1.4184584955045285,0.22037277627023885,1.22153491596516e-10,3.815842404157833e-09,17.789771460674054
ENSMUSG00000041592,Sdk2,-1.2167718988925904,0.18921697480801516,1.2713119380136784e-10,3.958336875412801e-09,69.52228946153897
ENSMUSG00000110455,Gm45904,2.3854849260742395,0.37094789925529964,1.2694945351613023e-10,3.958336875412801e-09,10.648041532384656
ENSMUSG00000114493,Gm47071,-1.2837763066938412,0.19979597151071943,1.3149173966574017e-10,4.0874164303938575e-09,8.15853377425379
ENSMUSG00000019865,Nmbr,1.068233452184791,0.16645275610729435,1.3840532192630352e-10,4.2883108213778476e-09,7.501293518818125
ENSMUSG00000029552,Tes,-1.319094944798965,0.20568224576468064,1.424347139791012e-10,4.398827920029905e-09,4.970448726345766
ENSMUSG00000045761,Togaram2,-1.2357791710201258,0.19298137368435003,1.5173658976841432e-10,4.670933468858113e-09,13.29123216274516
ENSMUSG00000035407,Kank4,-2.339152103252077,0.3655883763100087,1.5709386722898478e-10,4.820247951877752e-09,7.352911394211711
ENSMUSG00000062151,Unc13c,-2.212370119465272,0.34637568851522577,1.689527774294073e-10,5.167456009352162e-09,124.09165798098024
ENSMUSG00000062908,Acadm,-1.1552662808608434,0.18098263343353996,1.733129236867586e-10,5.29230346744285e-09,23.11466843786925
ENSMUSG00000087651,1500009L16Rik,1.4972270702640291,0.23476659936368285,1.7998662290632163e-10,5.4785048226717806e-09,148.7316616152597
ENSMUSG00000073154,9330158H04Rik,-1.5559317461154738,0.24437484151661312,1.927759285242917e-10,5.8584173550257584e-09,12.266894761093694
ENSMUSG00000022321,Cdh10,1.2812779866296844,0.20133844376504625,1.9681986015739073e-10,5.962262770118155e-09,618.6802283020878
ENSMUSG00000032289,Thsd4,-1.1793837156843643,0.1860801129653577,2.3270223073510423e-10,6.960577417460099e-09,27.901056338827402
ENSMUSG00000032440,Tgfbr2,-1.9692376778345693,0.31129604925849147,2.5170845062721303e-10,7.517270902248195e-09,1.5359375273269142
ENSMUSG00000036885,Arhgef26,-2.8998841831544935,0.45953228542751107,2.781131369188311e-10,8.241159371875145e-09,13.248501600743442
ENSMUSG00000026589,Sec16b,1.0766949135329915,0.17091304477654456,2.982897625628501e-10,8.797929368985519e-09,12.182628608501046
ENSMUSG00000027111,Itga6,-1.3789628616364722,0.21901569061675788,3.0506425767953585e-10,8.983811823677229e-09,17.57432072297223
ENSMUSG00000040964,Arhgef10l,-1.9985211046717686,0.3175039960272556,3.0844110831441767e-10,9.069217379557159e-09,33.50963065757398
ENSMUSG00000022805,Maats1,-1.085582597187159,0.17271293699543044,3.2685581371362766e-10,9.536970859030755e-09,5.850963779560727
ENSMUSG00000113608,Gm48715,1.102960421199815,0.17554388099883922,3.3187936369498327e-10,9.653934273598412e-09,14.924047703090164
ENSMUSG00000117222,Gm49906,2.587374158910736,0.4118274969072514,3.32817948764905e-10,9.666455965348936e-09,18.0165833137408
ENSMUSG00000111061,Gm46102,1.7085757229606584,0.27236756640321885,3.5404013744431486e-10,1.0267163985885132e-08,22.393769292507358
ENSMUSG00000053004,Hrh1,-1.3830421607439587,0.22064642280928237,3.653916088250613e-10,1.0564148884936119e-08,5.71613086780494
ENSMUSG00000032198,Dock6,-1.0909399134186142,0.17417090467980595,3.7614766245822936e-10,1.0858623870417838e-08,7.017892750772509
ENSMUSG00000073209,Klf14,-1.9969426748988623,0.31961334603885944,4.157542579472784e-10,1.1875385631093737e-08,1.1135319375562491
ENSMUSG00000097697,4833412C05Rik,-1.4025430559908412,0.22456307871688946,4.2203330580978503e-10,1.2001138430082736e-08,2.0665753178947215
ENSMUSG00000011267,Zfp296,-1.6641683971963204,0.26654986579364276,4.282529233731042e-10,1.2159826289925275e-08,1.200086640319105
ENSMUSG00000110483,Gm45702,1.485276938253441,0.23812570867354704,4.450031189878986e-10,1.257910748235629e-08,4.546449159919055
ENSMUSG00000022847,Thpo,-1.4051575885980387,0.22575430126920565,4.837778250640214e-10,1.3574320566398146e-08,12.810687917745138
ENSMUSG00000085338,2410004I01Rik,1.8650123946632626,0.29982775893355745,4.962707557763543e-10,1.3904351778923954e-08,11.103239819628088
ENSMUSG00000054944,5330416C01Rik,-1.6803019046353411,0.2702776133252188,5.06917215092358e-10,1.4098820321516108e-08,1.6026676914105091
ENSMUSG00000028602,Tnfrsf8,-2.9106992461236807,0.46853004200542636,5.217911048317719e-10,1.4472119362622974e-08,1.4882347839610257
ENSMUSG00000024727,Trpm6,-1.2255314669138468,0.19727226743770226,5.218604858473171e-10,1.4472119362622974e-08,2.5226615005274233
ENSMUSG00000030450,Oca2,1.9237221136358749,0.30996825008121104,5.42842539822377e-10,1.496671953272594e-08,6.25704451645169
ENSMUSG00000046607,Hrk,-1.225519158573477,0.19759705114818393,5.571019743640963e-10,1.5315473931073075e-08,306.62059235624105
ENSMUSG00000114961,A930002C04Rik,2.081210911094172,0.3360828734679543,5.919754088567022e-10,1.6250707327691058e-08,6.294744152767848
ENSMUSG00000021903,Galnt15,-2.774230101151718,0.4489753493196595,6.449850700640495e-10,1.7604298382924645e-08,5.534387979605974
ENSMUSG00000101360,4933417O13Rik,1.5603563867872223,0.2525495840169229,6.474792883238957e-10,1.7647057279475345e-08,4.295536657267908
ENSMUSG00000032060,Cryab,1.62350325631109,0.2628450326580374,6.547365907926506e-10,1.781932604183031e-08,39.675129901346224
ENSMUSG00000022306,Zfpm2,-2.7665036762220097,0.4483757551373542,6.82656584301702e-10,1.852618952889526e-08,178.11667981241618
ENSMUSG00000038388,Mpp6,-1.3400180868547573,0.2176864908221204,7.473499653739181e-10,2.016678828549421e-08,61.9626892098212
ENSMUSG00000051111,Sv2c,1.0408945675419303,0.16917519584662494,7.614545490949359e-10,2.0489266396014228e-08,170.91793717241657
ENSMUSG00000053111,Fank1,-1.1205123282120262,0.18213154071463214,7.640837883021386e-10,2.0530974560254076e-08,15.71235476512864
ENSMUSG00000036218,Pdzrn4,-1.7596030259096656,0.2861343438438158,7.769354995309871e-10,2.0817494286024645e-08,509.6099570935083
ENSMUSG00000115858,4930588J15Rik,-1.7094631520255694,0.27826246524988213,8.080000472772868e-10,2.1589034971071777e-08,3.0207600402197805
ENSMUSG00000061132,Blnk,-2.643903732990625,0.4310871349794479,8.617888080265986e-10,2.2897584195388287e-08,24.27470380175618
ENSMUSG00000026475,Rgs16,-2.713527895501814,0.4427833237334204,8.879922792615431e-10,2.356089974989065e-08,3.0346713607501092
ENSMUSG00000038518,Jarid2,1.0565824741075103,0.17290489638176737,9.915006470555972e-10,2.616131526988305e-08,257.2118222786547
ENSMUSG00000062252,Lhfpl5,-1.3936895285604995,0.22859245418525267,1.0819188969074934e-09,2.8389551854852627e-08,1.4275717044373804
ENSMUSG00000019487,Trip10,-1.044724640126107,0.17158352666497562,1.1381453077724428e-09,2.978277350077435e-08,3.9108582289326663
ENSMUSG00000036402,Gng12,-1.4876028481930568,0.24433976165265772,1.1414775124289635e-09,2.979168776953833e-08,87.13460808174214
ENSMUSG00000050410,Tcf19,1.0916039811069773,0.17951762569424967,1.196126261420249e-09,3.100150680825452e-08,9.521508524059549
ENSMUSG00000104093,A330015K06Rik,-1.3421289848040683,0.22102742892163396,1.261475027942248e-09,3.256214509033016e-08,2.8072263033441445
ENSMUSG00000031613,Hpgd,1.552639213112661,0.2559330815757693,1.3066043538405923e-09,3.354499490885752e-08,20.81953917590344
ENSMUSG00000000739,Sult5a1,-1.2335303195715248,0.20365233445849415,1.3864919031622346e-09,3.5357402098871786e-08,4.063238815731414
ENSMUSG00000021200,Asb2,-1.82883517364438,0.30225120279911233,1.4420647732212008e-09,3.662729004774382e-08,1.948274928918197
ENSMUSG00000087413,Gm11266,-1.9605539580598026,0.32440493520472974,1.5076967812386277e-09,3.824323142171154e-08,14.726500004622054
ENSMUSG00000039543,Cfap70,-1.2910686705043106,0.21367301310661607,1.5196691100963237e-09,3.849558608584882e-08,4.400708173420248
ENSMUSG00000050534,Htr5b,1.9327381693979235,0.31988317994104776,1.5220367752775361e-09,3.850429203840405e-08,4.9864578120201735
ENSMUSG00000102539,Gm37229,1.3506630682527796,0.22368157233290142,1.5571770807750248e-09,3.928877557647755e-08,2.7405738444184116
ENSMUSG00000085816,Gm13052,-1.2340625216196013,0.20472113504052877,1.6598339792153284e-09,4.1712921559567245e-08,65.89119920355037
ENSMUSG00000020218,Wif1,2.3356143745519757,0.38759675742958016,1.6818436108695945e-09,4.209920112260943e-08,1.9946562651318556
ENSMUSG00000021620,Acot12,-1.4965215075348595,0.24842623359655622,1.701504204221535e-09,4.253536922616357e-08,1.090671958588221
ENSMUSG00000053442,4930597O21Rik,-1.8272375922640651,0.303873884675627,1.819586524009147e-09,4.536803936140238e-08,1.8608511754573538
ENSMUSG00000086220,Gm16599,1.0959921614147232,0.18243214584529557,1.882082209689211e-09,4.686483240461722e-08,56.044657172999585
ENSMUSG00000030544,Mesp1,1.2642179301227547,0.2112157795469378,2.1581474045626042e-09,5.3251097567313855e-08,2.048072436143757
ENSMUSG00000117950,Gm50376,-1.2520901303034093,0.2092761659214998,2.1912373367310866e-09,5.399753768649247e-08,3.021527901260525
ENSMUSG00000113772,Gm47448,2.533798896195853,0.42369297875179734,2.227664943553491e-09,5.482418872724659e-08,0.6368558616997329
ENSMUSG00000032735,Ablim3,-1.3153890645664184,0.22028923746852347,2.355281187438167e-09,5.7815315238482176e-08,34.290225734359844
ENSMUSG00000027803,Wwtr1,1.4795965589704045,0.2480853577374613,2.4604267725729625e-09,6.000917810439492e-08,1.738424458428178
ENSMUSG00000032649,Colgalt2,-1.5164920675373874,0.2543592858850311,2.4915712485198665e-09,6.061336500235542e-08,23.481866921029532
ENSMUSG00000054612,Mgmt,-1.5667686549050117,0.26340111977272157,2.7106878131430045e-09,6.5608301472306e-08,0.8468542766189675
ENSMUSG00000040430,Pitpnc1,-1.6066835461195759,0.27012358166476524,2.7150929298575885e-09,6.563142045439742e-08,93.56360284935906
ENSMUSG00000028197,Col24a1,-2.344914225638633,0.39472930078021806,2.84045106135445e-09,6.831446395854242e-08,3.4764815872682866
ENSMUSG00000097683,Gm26644,3.8834869089760087,0.6538204065694497,2.8557119286337793e-09,6.859477743728412e-08,4.8116208753204734
ENSMUSG00000045534,Kcna5,-1.5417229645495008,0.2597538064927013,2.9326602755031568e-09,7.017726928449314e-08,19.562442913465002
ENSMUSG00000052544,St6galnac3,-1.4625089287524324,0.24643186760087543,2.9431248956645094e-09,7.025405399898991e-08,110.12962906543571
ENSMUSG00000026357,Rgs18,1.2504012041547394,0.21109231643402862,3.1519826569419467e-09,7.486057186724545e-08,4.740985191383069
ENSMUSG00000098630,Gm27198,-1.71589190540259,0.290359718747274,3.4306771831093767e-09,8.117562528790147e-08,3.6897385558704157
ENSMUSG00000075324,Fign,2.5771677336490937,0.4365042215784777,3.5456148597943785e-09,8.368706835326086e-08,101.29175439931355
ENSMUSG00000031980,Agt,2.74237134410982,0.4648088437045591,3.6350552452805642e-09,8.537443331631784e-08,1.3655279432415754
ENSMUSG00000022054,Nefm,1.0108962149924927,0.1713991245597238,3.681398150245387e-09,8.635430651022624e-08,185.15544765216117
ENSMUSG00000109588,Lnp1,2.227663122784405,0.3779026675280183,3.7512056850293116e-09,8.756188583067193e-08,30.601916723377975
ENSMUSG00000102692,Dchs2,2.300705693465155,0.39039603824664654,3.7864792704874255e-09,8.827693828646174e-08,15.615477197055208
ENSMUSG00000043168,4930426D05Rik,2.499145154705677,0.4251096770943063,4.131903323810404e-09,9.597720248128098e-08,40.29224234321809
ENSMUSG00000113186,A330076C08Rik,1.3584453276770572,0.2311796828764817,4.199306433223995e-09,9.730524431870071e-08,2.791835937776734
ENSMUSG00000098659,1110015O18Rik,1.6850634145659813,0.286958765134099,4.301927846191544e-09,9.94409177958055e-08,1.9970738222207962
ENSMUSG00000063594,Gng8,3.5770386331022976,0.6094097541244848,4.366440398994605e-09,1.0068746927330104e-07,27.087794035766148
ENSMUSG00000040254,Sema3d,1.9081238033533159,0.32507472397161175,4.363196349448102e-09,1.0068746927330104e-07,2.20092915399675
ENSMUSG00000021098,4930447C04Rik,-1.5303470896007632,0.2620653063233049,5.2337655119419614e-09,1.1967206141728832e-07,53.49011895774065
ENSMUSG00000035211,Xrra1,-1.2609396763900957,0.21665216740979856,5.8808536908662894e-09,1.3302896624856158e-07,2.7295583433285175
ENSMUSG00000036528,Ppfibp2,1.5031879274045505,0.25850476480088064,6.065812045224085e-09,1.3704989115005104e-07,40.01502573273193
ENSMUSG00000020722,Cacng1,2.0116308851351397,0.3467948393835905,6.606357791569809e-09,1.483069247360968e-07,1.0939308817884321
ENSMUSG00000030562,Nox4,-2.3599071841401957,0.40711135314406194,6.762776141248036e-09,1.5118102621751192e-07,0.4004461345505452
ENSMUSG00000114965,Gm47906,2.06304186119196,0.35622700397792434,6.98151960747218e-09,1.5588782747951968e-07,0.5685923564801822
ENSMUSG00000045875,Adra1a,-1.9010898108583056,0.3292812172019539,7.76630250543775e-09,1.7300484644431823e-07,10.781317594135643
ENSMUSG00000085282,Gm15663,1.1468146148032503,0.1987446282055312,7.913410672621857e-09,1.7607570132860608e-07,11.054338807336714
ENSMUSG00000022383,Ppara,-1.9196702529155794,0.33321751944543077,8.361090915517715e-09,1.851704232558894e-07,2.1037491911923842
ENSMUSG00000036273,Lrrk2,1.2037699310391345,0.20896985177150348,8.386727057490176e-09,1.8552220411824782e-07,157.18344066667433
ENSMUSG00000085162,Gm12295,1.1153116181711953,0.19363318031548565,8.415383677108347e-09,1.859399060084892e-07,2.8520168560296275
ENSMUSG00000034842,Art3,1.326939703758081,0.23045117195315545,8.511229629207916e-09,1.87404667206078e-07,3.017957072870099
ENSMUSG00000027955,Gask1b,1.2052843164296076,0.20937032421825552,8.576887967918479e-09,1.8863204242968918e-07,49.80848269704692
ENSMUSG00000018919,Tm4sf5,-1.545043377461487,0.26842776196963475,8.618135133274845e-09,1.8907538070773972e-07,1.8846849842138096
ENSMUSG00000024306,Ccdc178,1.6350835339521195,0.2841535753241468,8.704029890663304e-09,1.9054713997696052e-07,1.2982181200844047
ENSMUSG00000089759,3632454L22Rik,-1.8256752074045708,0.31730178233590256,8.7285083601119e-09,1.9086338280778024e-07,3.4974899343668824
ENSMUSG00000031661,Nkd1,1.693714323652582,0.29467574840957056,9.045372120815127e-09,1.962134084679441e-07,5.337385631990903
ENSMUSG00000112161,Gm34045,1.212881519582573,0.2111870108474575,9.292395673829605e-09,2.0065668024850673e-07,4.688273930933129
ENSMUSG00000020673,Tpo,1.4321367363416275,0.24949967829457442,9.465732094036869e-09,2.0416789949768412e-07,2.303811733073423
ENSMUSG00000044167,Foxo1,-1.3487602524135696,0.23513041754356379,9.681180094601909e-09,2.0764935677308364e-07,37.140542422862744
ENSMUSG00000059974,Ntm,1.2178146204670337,0.21287486273849837,1.0602333275778823e-08,2.2561385708995118e-07,2917.814595133254
ENSMUSG00000067006,Serpinb5,-1.953039592278501,0.34192540866961596,1.1172970434271098e-08,2.3722610439907742e-07,0.5247372540958801
ENSMUSG00000039982,Dtx4,-1.3955820512423394,0.24467654438752912,1.1717685063501638e-08,2.476858229422835e-07,26.708064561013778
ENSMUSG00000057722,Lepr,-1.5421885187830964,0.2716231155450475,1.3653562171881633e-08,2.8701145498107867e-07,3.172568755063412
ENSMUSG00000106617,Gm36266,-1.3449079404223423,0.2373213512854095,1.4529132925650977e-08,3.0340529613346235e-07,6.673794839621463
ENSMUSG00000048540,Nhlh2,-2.4659273432365443,0.4351332517173722,1.452663469186263e-08,3.0340529613346235e-07,3.281262352375105
ENSMUSG00000026787,Gad2,1.7971859433715112,0.31808664636656225,1.6045842624460442e-08,3.3216116440449997e-07,28.777428014518996
ENSMUSG00000028885,Smpdl3b,-1.881635787691013,0.33302427192434286,1.6031153672780604e-08,3.3216116440449997e-07,18.159418052937703
ENSMUSG00000103502,9330121J05Rik,-2.663803470508357,0.47167265813047105,1.6273335547079774e-08,3.365042776604844e-07,0.3534127277240341
ENSMUSG00000033327,Tnxb,-1.3606646503006754,0.24097683982124868,1.6379092764534635e-08,3.383234101547306e-07,3.1783239740889235
ENSMUSG00000099013,Gm27153,1.3910460246897671,0.2472714349985526,1.848822932094639e-08,3.794175562046214e-07,3.2784750612735367
ENSMUSG00000028532,Cachd1,1.5496540162477128,0.2762441881464945,2.0264799961776403e-08,4.1498122117635555e-07,53.426181250018
ENSMUSG00000032937,Fshr,1.431868521672105,0.2552695455098197,2.0321531532438916e-08,4.1569550093883653e-07,6.48337784745345
ENSMUSG00000004328,Hif3a,1.0011178361114987,0.17889299564911226,2.19123151976733e-08,4.453631242740778e-07,2.7778116973207494
ENSMUSG00000042514,Klhl14,2.6559846941585663,0.4751348546506863,2.2712230515475528e-08,4.606369651667446e-07,72.90455852423156
ENSMUSG00000033083,Tbc1d4,-1.7809863724373844,0.318636316993892,2.2785330459833446e-08,4.6162739794235514e-07,16.44284063608868
ENSMUSG00000086980,Gm13791,-1.1779816605716742,0.2110604895854798,2.3879413795252666e-08,4.827651095014737e-07,3.173229463403822
ENSMUSG00000028778,Hcrtr1,-1.7080687679666433,0.30629324342480996,2.4529316954140213e-08,4.938050007783739e-07,0.5760574330991493
ENSMUSG00000048482,Bdnf,1.332184397293024,0.2389817690923085,2.483580255118601e-08,4.988999773224973e-07,710.2447772392613
ENSMUSG00000020908,Myh3,-1.7920701182236158,0.3218517364252642,2.576814333181834e-08,5.160138513100128e-07,1.6027624459773075
ENSMUSG00000095407,Tmem200c,1.2501324622026595,0.22467285965592707,2.633057735068618e-08,5.267222960246623e-07,26.536491946139062
ENSMUSG00000054204,Alkal2,1.4046359714691912,0.2525209286443445,2.6600763490831385e-08,5.310104141128817e-07,32.93820497925484
ENSMUSG00000021508,Cxcl14,-2.8395789320424694,0.5106367430741,2.6845001270947338e-08,5.347636692968609e-07,93.87808452098844
ENSMUSG00000029361,Nos1,-2.2947973612118764,0.4137775030323116,2.9232998796492603e-08,5.780962256803277e-07,179.41275060511765
ENSMUSG00000021055,Esr2,-1.990888297351002,0.35912286358124235,2.9605711581337414e-08,5.84858833980647e-07,1.7834400503874825
ENSMUSG00000059173,Pde1a,-1.6822526080634566,0.3034855366289464,2.971522396674115e-08,5.864132995262279e-07,1144.426174494632
ENSMUSG00000074465,Gm10701,-1.1084821467220003,0.20017401874295282,3.066577259203344e-08,6.039189004046005e-07,5.630848165254961
ENSMUSG00000049107,Ntf3,-2.7814774349850078,0.5028302074914932,3.172442212699317e-08,6.23476659652808e-07,28.04150760240942
ENSMUSG00000027544,Nfatc2,-2.0381999501062102,0.36875332671222005,3.252484378444022e-08,6.385476038753259e-07,12.195670356338063
ENSMUSG00000062300,Nectin2,1.14138779432233,0.20654286541687547,3.273258242513376e-08,6.41963554696644e-07,7.025613503265627
ENSMUSG00000053702,Nebl,-1.207430264834016,0.21859552139936259,3.3215735503584026e-08,6.500989220372248e-07,344.3550378492563
ENSMUSG00000096963,B230364G03Rik,1.130611068477759,0.20495579276767123,3.46082084394586e-08,6.738859338303586e-07,4.461163528906405
ENSMUSG00000048126,Col6a3,-1.8414469719955695,0.33487780982531495,3.822494283507021e-08,7.405206848211565e-07,3.197366826536785
ENSMUSG00000024076,Vit,-1.6390341805339508,0.29808802292870146,3.8305603967797586e-08,7.413283925568477e-07,2.7164212787175597
ENSMUSG00000022758,P2rx6,-1.4014862078263433,0.2555158146277655,4.136345410332699e-08,7.954128248685283e-07,2.496255985383352
ENSMUSG00000046807,Lrrc75b,1.3356726799445555,0.24352242730051915,4.1392908779428246e-08,7.954128248685283e-07,1.4523299940373637
ENSMUSG00000032000,Birc3,-1.9021330153667344,0.34689721310188976,4.175218544119577e-08,8.015071400941558e-07,1.214983989111872
ENSMUSG00000033740,St18,-4.111602755251582,0.749928043673162,4.1897061037547585e-08,8.034775092523238e-07,114.55288816168738
ENSMUSG00000109473,B930025P03Rik,-2.0474973855026306,0.3741441277260573,4.437732953338288e-08,8.459261693818395e-07,1.3942179892656446
ENSMUSG00000031780,Ccl17,1.0115892832522275,0.18504962539826783,4.587915936146056e-08,8.719331944979279e-07,5.487900384267504
ENSMUSG00000063297,Luzp2,-2.2049597160329166,0.40344485908647154,4.620436766001734e-08,8.772374155331036e-07,161.56395010133582
ENSMUSG00000039385,Cdh6,1.834956417130019,0.335773791088194,4.6327495218488136e-08,8.786981745129795e-07,312.9628553610174
ENSMUSG00000086336,Gm12979,1.0313435677269882,0.18876066159427463,4.661451145370836e-08,8.815054332955743e-07,2.306160806457617
ENSMUSG00000052516,Robo2,1.0009846912497926,0.18325217539108246,4.699133931937165e-08,8.868682928687761e-07,1512.6247171361142
ENSMUSG00000087579,Hectd2os,1.0402908551663352,0.19049120817411588,4.7320293889503855e-08,8.919929385630532e-07,8.1069225409265
ENSMUSG00000027204,Fbn1,-1.7667599595903947,0.3239751119993228,4.9420817539515096e-08,9.25375622905251e-07,12.969743977541091
ENSMUSG00000026880,Stom,1.428817403801022,0.26212039470734017,5.00883028993335e-08,9.360313107631832e-07,1.5461269849741803
ENSMUSG00000041594,Tmtc4,-1.0494145877467358,0.1925889670132034,5.065779623594711e-08,9.457447650565827e-07,13.339550773858605
ENSMUSG00000074737,C530025M09Rik,1.432918392683405,0.2631889801351142,5.196664076535721e-08,9.682795043292414e-07,2.5285306645072003
ENSMUSG00000031786,Drc7,-1.5016329217445248,0.27590530691992754,5.2518407662955855e-08,9.766472994917618e-07,1.0469983565998535
ENSMUSG00000002900,Lamb1,-1.4553393820877625,0.26813033657873353,5.7074922587221984e-08,1.0521253171504952e-06,12.617707466359459
ENSMUSG00000097834,Gm26911,1.9563278150962242,0.36063062659297024,5.803857190628647e-08,1.0688536224058024e-06,4.106271849730164
ENSMUSG00000057098,Ebf1,-2.762518880945045,0.5096560777017989,5.947948683390165e-08,1.0922179126719547e-06,79.65690866964951
ENSMUSG00000027737,Slc7a11,-1.6390584121447382,0.30268703693315946,6.127953223018429e-08,1.12202292699425e-06,1.0648390604428948
ENSMUSG00000117998,Gm32081,1.537835869964033,0.2845589494758798,6.506970352249615e-08,1.185714597521041e-06,0.978356610803057
ENSMUSG00000020905,Usp43,1.3319566608580538,0.24662779733276974,6.639048726087033e-08,1.208624525981624e-06,3.9782856698980034
ENSMUSG00000038463,Olfml2b,1.0939917939208077,0.2027513083665657,6.824461361250179e-08,1.2411907546503193e-06,1.8642556171403892
ENSMUSG00000025905,Oprk1,-2.8214327179730563,0.5230595748022386,6.887000974713742e-08,1.2513687348897252e-06,4.699193561476478
ENSMUSG00000034957,Cebpa,-1.1311989763748669,0.20999002633418434,7.16762594199199e-08,1.2949374731287335e-06,4.555291388763202
ENSMUSG00000005125,Ndrg1,-2.6710194273806747,0.49604462337791394,7.25916515147984e-08,1.3102310990678605e-06,15.608653383206
ENSMUSG00000031230,Fgf16,-1.6232328433122496,0.30220496796877677,7.817204076536253e-08,1.4042916935979761e-06,3.570158962712926
ENSMUSG00000100395,Gm28448,2.5720695676112952,0.4790189729133901,7.897608346045544e-08,1.4173971808978343e-06,0.34085685285104833
ENSMUSG00000041842,Fhdc1,-1.1904561178269362,0.2218235112942165,8.01985264933576e-08,1.4379799886989962e-06,2.526744617765936
ENSMUSG00000050212,Eva1b,1.7227770751483025,0.32117764081335015,8.142669086706264e-08,1.4586265226506587e-06,1.721422580362829
ENSMUSG00000068600,Gml2,1.1581682133309845,0.21595622174233398,8.18615105686893e-08,1.4650361025952448e-06,3.6028452918106453
ENSMUSG00000097580,Gm5432,1.1008742685740829,0.20532422062699687,8.247040532124542e-08,1.474546044014448e-06,3.2939693173195215
ENSMUSG00000058159,T2,-1.026385386944025,0.19149804318830219,8.332816321790312e-08,1.4884835465327594e-06,9.91653265320939
ENSMUSG00000076617,Ighm,-2.1810454693536534,0.4069459093630847,8.343118054725121e-08,1.4889256836124831e-06,3.669607892076494
ENSMUSG00000029925,Tbxas1,1.2266370275829164,0.22899883333337098,8.48397095199021e-08,1.5126435181880202e-06,2.5382765816532755
ENSMUSG00000040848,Sft2d2,-1.5811167855931996,0.2955641602751647,8.820364476628434e-08,1.5696783330531274e-06,2.4258219379502806
ENSMUSG00000032012,Nectin1,1.2047643161519306,0.2252092156381697,8.818108059193059e-08,1.5696783330531274e-06,387.83300003108815
ENSMUSG00000041605,Inava,-1.2566311905775445,0.23524390637455064,9.20167368387598e-08,1.6329537328550058e-06,1.8415188833122866
ENSMUSG00000037946,Fgd3,-1.7108978153282115,0.3204759682936173,9.365928523985435e-08,1.6590076744906788e-06,0.7851202153400395
ENSMUSG00000008575,Nfib,-1.6887787634977744,0.3167407026253216,9.72766735335829e-08,1.7166896449933961e-06,1162.9922992195989
ENSMUSG00000003949,Hlf,-1.4989374175749288,0.28126078485815637,9.856439778259565e-08,1.7378026908397585e-06,175.46730237129788
ENSMUSG00000106423,Gm42825,-1.431655227073903,0.268899411564874,1.0143775444391871e-07,1.785154339075957e-06,5.283807139720712
ENSMUSG00000022419,Deptor,1.5411800712986368,0.29000192615262965,1.0702181925152156e-07,1.8713079866185165e-06,42.32435271947343
ENSMUSG00000038418,Egr1,1.0314684403037917,0.19411415523081232,1.0740909884383886e-07,1.875968309509819e-06,1018.5547594924008
ENSMUSG00000052479,A330008L17Rik,1.9700028536919947,0.3715423308802932,1.143966523253492e-07,1.9892887695040617e-06,45.432096606809736
ENSMUSG00000111669,Gm31698,-2.2866342006509757,0.4314137324854663,1.1559494610159289e-07,2.006458261529839e-06,8.524982809543383
ENSMUSG00000051000,Fam160a1,-1.9239053706874076,0.3633174374751977,1.1876652218546281e-07,2.0558820000511777e-06,2.6641794943618673
ENSMUSG00000027016,Zfp385b,-1.204130611979644,0.22742488445776013,1.1925763727815149e-07,2.062506628708685e-06,206.3939286588838
ENSMUSG00000040274,Cdk6,-1.449904984055194,0.2747359737868507,1.3099492080425767e-07,2.2572892874820636e-06,4.577348298549184
ENSMUSG00000036585,Fgf1,1.005507875074314,0.19061080245619266,1.326198433537874e-07,2.283221628925295e-06,6.235765439708509
ENSMUSG00000040856,Dlk1,-4.75432591646972,0.9018797584873941,1.352587068281412e-07,2.3265475937599984e-06,258.3917143212595
ENSMUSG00000117728,Gm34299,1.0767954901719279,0.20427529923508306,1.3546407710746812e-07,2.327975251032045e-06,4.030836157228808
ENSMUSG00000111556,Gm19299,-1.3745433615361344,0.2608909252655391,1.3742960212634687e-07,2.359621616292078e-06,1.9842538581555758
ENSMUSG00000039462,Col10a1,2.0579489874672454,0.39087371617325606,1.4019155998191575e-07,2.400543867773146e-06,2.8429390590743795
ENSMUSG00000085386,Gm13630,1.5079876765011715,0.28653073189864847,1.417870153623215e-07,2.4235006111885033e-06,28.853035806337118
ENSMUSG00000026547,Tagln2,-1.2794565513524745,0.2431947101457654,1.4324461586828685e-07,2.446216851237243e-06,6.37288796255064
ENSMUSG00000063531,Sema3e,-2.576526169626603,0.4898215692351406,1.439519311958662e-07,2.4538902679840133e-06,61.59766674078695
ENSMUSG00000028753,Vwa5b1,-1.466539258186769,0.2789741386697728,1.465036116599615e-07,2.4929201325752303e-06,1.7008096802225556
ENSMUSG00000085007,Gm11549,-1.1773751838942104,0.22416522126745644,1.5023995173933745e-07,2.5542134422601927e-06,105.94165012014689
ENSMUSG00000022324,Matn2,-1.6919108872318496,0.32237348468215127,1.5351401128341584e-07,2.6052190460800204e-06,126.21007530426395
ENSMUSG00000053508,Gtsf2,1.1446407274476906,0.21829845615477042,1.575870969178905e-07,2.666927482939979e-06,4.486316071399896
ENSMUSG00000052767,Gm12703,-1.3471617308223183,0.2576413089138434,1.7058926070567443e-07,2.861807844501544e-06,3.6138373162671216
ENSMUSG00000097354,2310001H17Rik,1.7388241273423897,0.3326675231235169,1.7236375944312036e-07,2.8864860560263394e-06,1.6256298457647311
ENSMUSG00000029163,Emilin1,1.7963661641673023,0.3440702290475185,1.7802799338310576e-07,2.9787199174320174e-06,2.1119431980121695
ENSMUSG00000114028,9630002D21Rik,3.8946379497858286,0.7469396279149991,1.8468508739146765e-07,3.0819728969607724e-06,16.889707470282517
ENSMUSG00000027716,Trpc3,-2.249078818698984,0.4315048410389712,1.8663918459434064e-07,3.1091277125418e-06,9.042426868191598
ENSMUSG00000110007,Gm45352,2.291071819978004,0.4396672942125858,1.879048058106363e-07,3.1274724634659184e-06,1.0888092902878446
ENSMUSG00000038168,P3h2,-1.2065976051866543,0.2317449158648892,1.923565380835823e-07,3.1987681647745366e-06,10.279739483022748
ENSMUSG00000114851,Gm46409,-1.7541485658298688,0.33717459493885177,1.966324671854398e-07,3.255644957124288e-06,2.303367386221236
ENSMUSG00000035606,Ky,-2.0666643397047175,0.3976290342293645,2.0202086980417941e-07,3.339048676937193e-06,3.344423098520129
ENSMUSG00000041617,Ccdc74a,-1.380212657408014,0.2656443683503264,2.0393354650689167e-07,3.367735927731864e-06,51.9667367777466
ENSMUSG00000018819,Lsp1,-2.5514971892013656,0.4912261544559327,2.0566884723830207e-07,3.3934467908598944e-06,3.1785721859577403
ENSMUSG00000021185,Dglucy,-1.617445146983408,0.3115025065668717,2.0760205749891729e-07,3.422375686186657e-06,5.023097520904854
ENSMUSG00000001901,Kcnh6,-1.102038190173634,0.2126348747919598,2.1861158224534184e-07,3.5790591571733073e-06,3.4912110449181073
ENSMUSG00000038115,Ano2,-1.7562837883008993,0.3394688445684452,2.2959797985475285e-07,3.7300358400997596e-06,2.6870381230208507
ENSMUSG00000033170,Card10,1.2701899718236787,0.24595529438050798,2.4132439278838395e-07,3.89724554194076e-06,2.6855894222413363
ENSMUSG00000099869,1700030F04Rik,-1.8414746408622606,0.3573574675864854,2.5630753797262285e-07,4.12520693941724e-06,10.4605524110621
ENSMUSG00000024070,Prkd3,2.4213862847988685,0.4705235662870634,2.6588252486224655e-07,4.257701307221699e-06,0.38996694236806884
ENSMUSG00000041482,Piezo2,2.7363474605090166,0.5318733496591993,2.6789864505464783e-07,4.286378320874365e-06,4.16605335329234
ENSMUSG00000089907,Gm16169,-2.154716723681324,0.41883913156294583,2.6823830766698564e-07,4.288206357190533e-06,0.7092728882007425
ENSMUSG00000043110,Lrrn4,-2.149008305166807,0.4178469275900712,2.7031135441628327e-07,4.3177188970742005e-06,0.3291416451138068
ENSMUSG00000107214,4930500F04Rik,1.9606833459671613,0.3814098662003944,2.738327587114151e-07,4.366634033299213e-06,1.8747324089352069
ENSMUSG00000074818,Pdzd7,-1.3025468257946191,0.25387202302418005,2.886326101231018e-07,4.57960531691567e-06,5.838766901352846
ENSMUSG00000024534,Sncaip,-1.288827951812707,0.25132337895901236,2.92578750278483e-07,4.638348454414884e-06,16.67086229968445
ENSMUSG00000043003,Rasef,2.492364915248048,0.486544367881357,3.013750513465975e-07,4.765884436257415e-06,21.07259754554658
ENSMUSG00000022206,Npr3,-1.3491038109926892,0.26355026434676315,3.072217091295989e-07,4.850278667619494e-06,17.87887070994693
ENSMUSG00000045087,S1pr5,1.5586136020848242,0.30485295184980765,3.176310588349918e-07,5.002163297414639e-06,0.7165829721998442
ENSMUSG00000030862,Cpxm2,1.0341306323533512,0.20297921665202426,3.491811549181044e-07,5.471847027316325e-06,3.4422270021571593
ENSMUSG00000020904,Cfap52,1.705683953489581,0.33482457462547893,3.5010318013227567e-07,5.481780163651368e-06,3.45275179344521
ENSMUSG00000015843,Rxrg,-1.84420233053599,0.36222474553137707,3.555780950656403e-07,5.562925724119031e-06,24.85874692457085
ENSMUSG00000035067,Xkr6,-1.2182905152626968,0.23956845903319873,3.66940253629083e-07,5.717175581523075e-06,53.36005838213259
ENSMUSG00000055134,9130017K11Rik,1.4785642562612105,0.2908899052358918,3.7171571418280603e-07,5.782109359455194e-06,3.6569185775488506
ENSMUSG00000023034,Nr4a1,1.8275119832282072,0.3595362369669808,3.7157798990280473e-07,5.782109359455194e-06,403.0958055872128
ENSMUSG00000063409,Lrrc43,-1.488538527900027,0.2929220474949322,3.7409501094820177e-07,5.8143655949988485e-06,1.019410324112577
ENSMUSG00000100426,Gm4208,-2.878525265368611,0.5683341941298367,4.0873027279662063e-07,6.3308246216852275e-06,2.6403396979587517
ENSMUSG00000026630,Batf3,-1.4755387673801483,0.29135415580796753,4.0965333837755017e-07,6.3308246216852275e-06,8.417723909862259
ENSMUSG00000046561,Arsj,-1.2120220099193233,0.23939178176089174,4.128779824142496e-07,6.375479494682374e-06,35.14952264812619
ENSMUSG00000069581,Tspear,-2.2179177246845954,0.4383842595828556,4.2079716953337994e-07,6.47149988132823e-06,1.5866773890433479
ENSMUSG00000031133,Arhgef6,-1.271597924782658,0.2514985075274219,4.279498206277502e-07,6.576185288871017e-06,3.132086516141445
ENSMUSG00000036198,Arhgap36,-4.023847838263655,0.7961251680363931,4.319937550100432e-07,6.6276203187992434e-06,25.936584737817476
ENSMUSG00000113121,Gm35161,1.500988054641036,0.2975413184486012,4.543822868590615e-07,6.937535012204483e-06,28.334399285398337
ENSMUSG00000099784,Dalir,1.3480350894861624,0.26853112710826577,5.166263362988134e-07,7.825079157443174e-06,2.110086328478851
ENSMUSG00000027867,Spag17,-1.707769409540496,0.340560786652784,5.314935434706846e-07,8.037466749591657e-06,2.8698740342516236
ENSMUSG00000076441,Ass1,-1.6803467377113463,0.336090001300615,5.742174805298471e-07,8.635504624189575e-06,5.619234859704512
ENSMUSG00000102761,Gm37184,-1.0064900139264856,0.20138297530748062,5.796094795712316e-07,8.702834048431816e-06,2.4453548989328397
ENSMUSG00000039115,Itga9,1.3063428050779213,0.2620764640611602,6.209446192852423e-07,9.286832104781799e-06,5.6454294179732
ENSMUSG00000114437,4930415C11Rik,1.3700707026038603,0.27493277987663184,6.251105893796834e-07,9.341794070981223e-06,112.26567601801005
ENSMUSG00000003657,Calb2,-3.049201752425866,0.6120333096495679,6.290290726824947e-07,9.385607120558258e-06,39.32807632613087
ENSMUSG00000049866,Arl4c,1.3272239309172764,0.26667755490683376,6.461517389889914e-07,9.603430220723886e-06,9.421976527389253
ENSMUSG00000001313,Rnd2,1.0525093131059318,0.21177650469746342,6.69853817315683e-07,9.924687710758219e-06,20.86352081548615
ENSMUSG00000042269,Fam92b,-1.1996214759265864,0.24139088900111444,6.708354630496729e-07,9.931497158799204e-06,1.7547591910694336
ENSMUSG00000074071,Fam169b,-1.8355779882631416,0.37018116050052025,7.100527264058313e-07,1.0455141692836327e-05,5.375406165187806
ENSMUSG00000041957,Pkp2,-2.317111758721442,0.46741165717776995,7.147015876533627e-07,1.0499214674530943e-05,10.093408925167497
ENSMUSG00000049387,Cox7b2,-1.1665695774481246,0.23560960837020353,7.372623417786692e-07,1.0805607696454085e-05,8.217586070889425
ENSMUSG00000021680,Crhbp,1.6839368613005234,0.34033169884278053,7.500750703665617e-07,1.0968046224945018e-05,4.542359004610347
ENSMUSG00000027978,Prss12,-1.3491726893298077,0.27271867561452884,7.531859040623366e-07,1.1005075759509901e-05,109.91993272704363
ENSMUSG00000022372,Sla,1.3032442943048346,0.2641202973394922,8.044572602391415e-07,1.1718219692794356e-05,63.13303779047893
ENSMUSG00000037833,Sh2d4b,-1.0937511805025097,0.22191341505735585,8.276610010051002e-07,1.2019406781008418e-05,16.008672314790527
ENSMUSG00000094083,Gm1604b,-1.2868044639244398,0.2612105046433831,8.379612563774553e-07,1.215970628628887e-05,7.061235519585051
ENSMUSG00000044172,Ptx4,-1.8372840567035538,0.37307165453773006,8.446893967026712e-07,1.2238667999140608e-05,0.6498364054202105
ENSMUSG00000046312,Myorg,-1.6048025869868459,0.3261882164789286,8.660311461287591e-07,1.2528803440268831e-05,0.8484848885929817
ENSMUSG00000027568,Ntsr1,-1.8592750575167298,0.3782006098424097,8.828169070424614e-07,1.2723264272405898e-05,16.77124563290932
ENSMUSG00000058470,Gm8369,-2.227898644797182,0.4532736860430118,8.872401299950174e-07,1.276766734722028e-05,3.420422441936475
ENSMUSG00000118094,AC142100.1,-1.1647442234777778,0.23706372792581518,8.959655504402124e-07,1.2870567589094006e-05,2.13873734122107
ENSMUSG00000030785,Cox6a2,1.7638427167905273,0.3590072285816621,8.964204192362046e-07,1.2870567589094006e-05,1.0970271492661046
ENSMUSG00000105900,Gm43240,-1.3522231713788748,0.2760248219299067,9.636548766031046e-07,1.3773531459427094e-05,0.9248088236071587
ENSMUSG00000114069,E130119H09Rik,-2.4406583832547417,0.4990536802975391,1.0054293431003437e-06,1.432755642182842e-05,0.47698048018291794
ENSMUSG00000020067,Mypn,-1.2245569651327701,0.2504807914771517,1.0143918841044129e-06,1.4444454493414933e-05,1.1080076508440935
ENSMUSG00000032816,Igdcc4,-1.1061207471717058,0.22629968662938293,1.0193898139706764e-06,1.4504765759893902e-05,35.86982901087326
ENSMUSG00000021991,Cacna2d3,-1.535497938517027,0.31453598561011736,1.0512834806181786e-06,1.491395744614484e-05,304.8491008994073
ENSMUSG00000113313,Gm32036,1.010073304662178,0.20712313421992615,1.0788608612002246e-06,1.527101861865556e-05,15.942400808010115
ENSMUSG00000020105,Lrig3,1.3980486633384697,0.2870167661557642,1.1105443272309858e-06,1.5696133195573755e-05,4.011795842588171
ENSMUSG00000076587,Igkv6-20,1.9554025867224076,0.4016250483921534,1.1231963317948551e-06,1.5839649381812692e-05,0.6519090479721605
ENSMUSG00000031074,Fgf3,2.253002725193176,0.4629376445708919,1.1344721965441618e-06,1.5974980804630743e-05,0.41353797351008736
ENSMUSG00000042671,Rgs8,-1.8230498080916804,0.3747635038575506,1.1472678294640723e-06,1.610747098725056e-05,25.40957438567348
ENSMUSG00000048772,Tmem53,-1.1912361753425211,0.24509896641252446,1.1725229082750465e-06,1.6425681743022447e-05,2.2069387381666754
ENSMUSG00000024691,Fam111a,-1.2285802942408797,0.25281034768071586,1.1756881958744009e-06,1.6445803116407795e-05,3.062719105140696
ENSMUSG00000031762,Mt2,-1.1495092579361896,0.2367862806719964,1.2061307239056008e-06,1.6846865559163105e-05,22.14813093773618
ENSMUSG00000073551,Spink13,-1.583970199748716,0.3265881057128397,1.2342738851832086e-06,1.72146821053705e-05,2.283859446965709
ENSMUSG00000026393,Nek7,-1.5312700236676036,0.3162018927954979,1.2808840314664188e-06,1.7825558020934273e-05,22.743827200941613
ENSMUSG00000097497,Gm26652,-1.0072530899772405,0.20806600480307985,1.2916999717486683e-06,1.7962938788411306e-05,17.768001126334404
ENSMUSG00000060260,Pwwp2b,-1.4822394355652264,0.30640534691101257,1.3147468067339111e-06,1.8216855973274526e-05,12.761914229446564
ENSMUSG00000005716,Pvalb,2.0501333208827117,0.4242751232728073,1.3511076400807178e-06,1.8679848651813647e-05,0.5146378407169492
ENSMUSG00000028222,Calb1,-1.245999644775942,0.2580462406826341,1.3750279153643492e-06,1.8969203090566626e-05,243.997829054893
ENSMUSG00000053093,Myh7,1.1909677924746889,0.24668403215682672,1.3797486014601192e-06,1.9006761328151564e-05,76.22562326741232
ENSMUSG00000028464,Tpm2,-1.5450136253893205,0.3200857498878768,1.3869271682089983e-06,1.90918252156353e-05,5.314501094177048
ENSMUSG00000105963,Gm43647,1.590254397732876,0.32963720155368087,1.405265093902824e-06,1.930235606238796e-05,1.472663544402538
ENSMUSG00000097098,9330111N05Rik,-1.0665483394944568,0.22124479726518576,1.4307627783891032e-06,1.96242473655907e-05,3.5173380650341812
ENSMUSG00000115088,Gm49165,-2.204022568741734,0.4578212274438895,1.4782369000071245e-06,2.024620502932724e-05,0.40723172809913466
ENSMUSG00000021587,Pcsk1,1.4232749516129954,0.29573627890713317,1.489426365030779e-06,2.037012736761002e-05,148.5945685367256
ENSMUSG00000087296,Gm12130,2.200831375675468,0.45773111270605193,1.5234755307336837e-06,2.0776056270019784e-05,0.6212381787544617
ENSMUSG00000039081,Zfp503,1.997771435934703,0.4162037067123119,1.5867773027126023e-06,2.153127775093049e-05,3.9230113716721133
ENSMUSG00000040836,Gpr161,-1.5495395965928838,0.323427511094457,1.6595624201863638e-06,2.239114573164921e-05,8.259836231676685
ENSMUSG00000043659,Npsr1,-1.609265491493817,0.3361233466888438,1.6868421955700434e-06,2.272697303719866e-05,67.40572596826286
ENSMUSG00000039116,Adgrg6,-1.1426245356203466,0.23878386841324328,1.7083151206196025e-06,2.299999069686293e-05,15.936363059736937
ENSMUSG00000106053,Gm20752,1.1533862524440666,0.24106360439805075,1.713517816953154e-06,2.305372202950269e-05,1.5823067142971694
ENSMUSG00000051043,Gprc5c,-2.2414066084241657,0.4685105298304444,1.7174534168983924e-06,2.3090341910300366e-05,2.576191303466805
ENSMUSG00000043587,Pxylp1,-1.0589905131636723,0.22146059968561307,1.7369260627720071e-06,2.330273724836013e-05,36.16834587953839
ENSMUSG00000039087,Rreb1,-1.5150356985670788,0.3168674002280368,1.7417179181365466e-06,2.3342929304508896e-05,10.868329519299198
ENSMUSG00000105484,Gm42775,1.4641648826973535,0.3063289342088655,1.7554419845122548e-06,2.3484900361013458e-05,1.7349828037110633
ENSMUSG00000022766,Serpind1,-2.424144699097256,0.5077684089049523,1.804993621632163e-06,2.4130849373106304e-05,2.8328549581082973
ENSMUSG00000087694,A530058N18Rik,1.917289648174762,0.40200870543363604,1.8489108034290937e-06,2.4700617362665083e-05,5.08512878886896
ENSMUSG00000071341,Egr4,1.527607472152391,0.3203981844218328,1.862110164584431e-06,2.485949738319594e-05,263.61403527899415
ENSMUSG00000100301,6030407O03Rik,1.6060534580071149,0.3369133410849487,1.8702356513475096e-06,2.4932980400304852e-05,1.0822700555903544
ENSMUSG00000110454,Gm45911,1.5010198810284112,0.31560018175601817,1.9738775177356646e-06,2.6241122220407604e-05,0.5549589819481037
ENSMUSG00000043760,Pkhd1,1.1382731119991572,0.23934364021457066,1.9765134193202332e-06,2.6257815146053155e-05,1.2200160258293187
ENSMUSG00000029414,Kntc1,-1.5994887118094774,0.3363690832462623,1.982895982720933e-06,2.632422412790163e-05,7.1550327931195525
ENSMUSG00000059852,Kcng2,-1.7926180018252873,0.37707283068065295,1.9939501137597946e-06,2.643408150812985e-05,13.088777086292435
ENSMUSG00000068748,Ptprz1,-1.219219923646555,0.2565826353533862,2.016504534862262e-06,2.6714472333718435e-05,78.81623678556294
ENSMUSG00000106121,Gm42679,1.7025180984768897,0.3585561100161118,2.051728579253722e-06,2.7162202151512047e-05,2.4877907741109193
ENSMUSG00000070509,Rgma,-1.3402979183042074,0.28240677163443734,2.0749548258991072e-06,2.7431508414110225e-05,72.33616371306766
ENSMUSG00000032737,Inppl1,-1.1218737107829173,0.23648237320638224,2.0953301704974223e-06,2.762408951042478e-05,4.594536516032088
ENSMUSG00000091387,Gcnt4,-1.610107945052353,0.3394238054447726,2.0990074336138243e-06,2.7634268108698542e-05,4.1201479516887805
ENSMUSG00000114469,C730002L08Rik,1.2731950915633963,0.26848955135811786,2.115499924959952e-06,2.7832137325337568e-05,144.4831460733122
ENSMUSG00000032511,Scn5a,-2.1438901170248816,0.4525930903333972,2.170076682722909e-06,2.8491055080828586e-05,44.31691453431356
ENSMUSG00000052551,Adarb2,-1.5899124165725935,0.3362868893712085,2.2691487076456583e-06,2.9648547399897666e-05,332.72657496110935
ENSMUSG00000044534,Ackr2,1.4076348626058992,0.2977641526189338,2.2747088182628335e-06,2.970079653989852e-05,3.5813055739225677
ENSMUSG00000032062,2310030G06Rik,-1.4066200454310298,0.29756993667186604,2.2783504969225845e-06,2.9727942286320472e-05,3.1062721038460595
ENSMUSG00000024064,Galnt14,-2.3760443960928246,0.5034298925538175,2.361781168553464e-06,3.0711226897170944e-05,117.8473840076023
ENSMUSG00000073530,Pappa2,1.5229138771881112,0.32329506558307536,2.4698804351035406e-06,3.1942219848681e-05,7.589242884361839
ENSMUSG00000070867,Trabd2b,-2.2417168800469307,0.4763349528095941,2.5240466076607485e-06,3.26205588750938e-05,28.040668692715077
ENSMUSG00000085733,Arhgap27os1,-1.2790999328564896,0.27191801433332,2.551243115276775e-06,3.291791149849596e-05,1.0808428696075663
ENSMUSG00000021338,Carmil1,-1.1799263253417502,0.2508512904850577,2.5550300247288085e-06,3.293149809650464e-05,64.89234532013722
ENSMUSG00000020256,Aldh1l2,1.3146686807651577,0.27978047025912384,2.615288186159731e-06,3.3549050878963396e-05,1.1183436803059212
ENSMUSG00000049791,Fzd4,-1.2739193483787186,0.2711258680357841,2.6191618459557897e-06,3.3576101723357776e-05,4.666596836276223
ENSMUSG00000086596,Susd5,1.6179598686190757,0.3443576534788734,2.620962026234684e-06,3.357655325729874e-05,1.4945425123106408
ENSMUSG00000098040,Gm20757,-1.8168235603817948,0.38774054073874936,2.790478835852743e-06,3.562823447869972e-05,0.7846020917467296
ENSMUSG00000037523,Mavs,-1.2367892976730797,0.26416898084865686,2.843512897421907e-06,3.6208158875873066e-05,1.8398102794897446
ENSMUSG00000105337,1700094M23Rik,-1.3418621593636266,0.28668792724769776,2.8608207097786594e-06,3.637984838424413e-05,1.2446424921782584
ENSMUSG00000059060,Rad51b,-1.686157149281144,0.36028635883104393,2.8680894016143794e-06,3.6447917686247134e-05,3.7940099029624905
ENSMUSG00000015112,Slc25a13,-1.1846791608811624,0.25324075475515445,2.895810972779509e-06,3.670213720596761e-05,2.433271003545138
ENSMUSG00000049676,Catsperg1,-1.334757089077045,0.28588056179945254,3.0276860590512063e-06,3.806919999166566e-05,2.6927147362347936
ENSMUSG00000031559,4930555F03Rik,1.3094341972547487,0.2804719593968674,3.031391706224393e-06,3.809061811044442e-05,57.848197109755176
ENSMUSG00000031937,Vstm5,-1.0320252385455444,0.22112928088070363,3.055292598933934e-06,3.834029446050077e-05,32.39116139318498
ENSMUSG00000036510,Cdh8,1.5868752756826272,0.34020387171891453,3.0939346682045078e-06,3.8799613136402475e-05,228.79985950764694
ENSMUSG00000015396,Cd83,1.1719058271482814,0.2512896696478063,3.1077724609251825e-06,3.894747252743127e-05,28.873113569994892
ENSMUSG00000045776,Lrtm1,-1.5036129300603134,0.3228647762621071,3.2069768339329755e-06,4.000624740245307e-05,5.041297883111812
ENSMUSG00000045648,Vwc2l,-1.756096623319522,0.3770763495553719,3.2063541901173975e-06,4.000624740245307e-05,12.446275633730462
ENSMUSG00000078184,Rbm8a2,2.6044172688141156,0.559514298685893,3.2432315703996434e-06,4.043200353557196e-05,1.7194511627874065
ENSMUSG00000034906,Ncaph,1.7164055558971185,0.3688482717624917,3.264758870201456e-06,4.064710258292703e-05,0.4575190944167292
ENSMUSG00000027381,Bcl2l11,-2.314998379028811,0.4983249073515431,3.3915477678747112e-06,4.211540779115438e-05,6.982044930550627
ENSMUSG00000085235,Gm12576,-1.187853736784604,0.25580104089772754,3.4228630964950897e-06,4.2448857593039495e-05,9.22424564820969
ENSMUSG00000109089,4833411C07Rik,-1.10268770283249,0.23749797452869104,3.4349412763324445e-06,4.257089435892405e-05,2.303652607753741
ENSMUSG00000031380,Vegfd,-1.1635937177392155,0.25085612945325736,3.5096344077114736e-06,4.341175875962489e-05,5.850180145555184
ENSMUSG00000028031,Dkk2,3.0309033890096573,0.6538492928144154,3.561152408724568e-06,4.393473633176147e-05,58.63656628635003
ENSMUSG00000032841,Prr5l,-1.400600076139893,0.3025372118404524,3.6652600907452723e-06,4.506787350106036e-05,1.1881382508992984
ENSMUSG00000086587,Gm11837,-1.7983640754422827,0.38869335831398877,3.715541568755812e-06,4.5602879228393916e-05,1.7150998765102639
ENSMUSG00000041046,Ramp3,-1.3550090475804568,0.29316716638930285,3.8011799776520674e-06,4.662388645702962e-05,7.040981582231979
ENSMUSG00000023886,Smoc2,-2.8757192797051028,0.6229650985699661,3.908672041642734e-06,4.769632900590851e-05,40.154235398121784
ENSMUSG00000036377,C530008M17Rik,1.2204461503729083,0.26477418457236246,4.038618811970207e-06,4.91873778994374e-05,168.21517163554842
ENSMUSG00000024228,Nudt12,-1.1489050183648246,0.2493597587759597,4.076969344163894e-06,4.959096215049483e-05,6.030938404045592
ENSMUSG00000020591,Ntsr2,-1.4598970743363873,0.3169060629869948,4.090728680067694e-06,4.972653189112321e-05,2.9090352838897156
ENSMUSG00000110874,D030045P18Rik,1.5100368488071572,0.32871839684976245,4.354352740188136e-06,5.269542400085184e-05,0.46584232498387745
ENSMUSG00000098150,4921515E04Rik,1.3324263491600115,0.2903936054973862,4.467716274751193e-06,5.382763420574205e-05,1.643310057622163
ENSMUSG00000061462,Obscn,-1.023800900251437,0.22344162575225932,4.606349747579205e-06,5.532272575627955e-05,1.4778445085964798
ENSMUSG00000000440,Pparg,-1.5905199884012693,0.34775817914900026,4.793279445189691e-06,5.741751769182211e-05,32.69016703026044
ENSMUSG00000040663,Clcf1,2.1862369040982825,0.47837680501636587,4.874571780820589e-06,5.828652014979942e-05,0.9583747296302004
ENSMUSG00000020182,Ddc,-2.339777442935135,0.5120338789169205,4.8871320343603635e-06,5.839999988798464e-05,0.4822681181589584
ENSMUSG00000057967,Fgf18,-1.635646839695899,0.3581202628573851,4.940192990168868e-06,5.8997006556793815e-05,4.033627337170833
ENSMUSG00000086804,Gm43154,-1.9808542237862734,0.4339391336545211,4.999220661629842e-06,5.955239440629061e-05,3.0067287354519383
ENSMUSG00000037752,Xkr8,-1.2675253095863146,0.2780006135196879,5.1291795996051756e-06,6.098594543930554e-05,6.472599922237267
ENSMUSG00000031552,Adam18,-1.2117607605030778,0.26605162091547574,5.248343108144736e-06,6.232489343904212e-05,4.611651878066115
ENSMUSG00000023802,Nox3,2.037648725055435,0.447479402429335,5.273193242223302e-06,6.25419128678654e-05,0.3236683502017654
ENSMUSG00000041112,Elmo1,1.2173506416818851,0.2680921106808307,5.604317189714046e-06,6.605732975038414e-05,911.4162512718025
ENSMUSG00000028871,Rspo1,3.5433217357126274,0.7805434429999303,5.6372442460646496e-06,6.63632020650581e-05,2.8602601935574348
ENSMUSG00000115777,Gm32815,-1.364907860085651,0.3013244994565646,5.906909770337823e-06,6.92378628902691e-05,0.7881003035361729
ENSMUSG00000030406,Gipr,1.1047151694396435,0.2440421195747778,5.990062664938679e-06,7.001110450687846e-05,2.8246513901432166
ENSMUSG00000040350,Trim7,1.46284857942859,0.32318167230046074,5.999779686969741e-06,7.006740869546491e-05,3.3425163506436837
ENSMUSG00000050511,Oprd1,-1.8436599810220202,0.4075949140297881,6.089280010343419e-06,7.09819012970424e-05,8.929059280950622
ENSMUSG00000051920,Rspo2,-1.8094968067618755,0.40013865929704384,6.120759171700855e-06,7.126151926709733e-05,13.181694843304802
ENSMUSG00000035910,Dcdc2a,-1.4309877629679308,0.3167319308652474,6.24330926026601e-06,7.264386260996977e-05,7.772703171855836
ENSMUSG00000115704,Gm49171,-1.648859773244278,0.3652200669722119,6.340585550489459e-06,7.35956677928685e-05,7.291200835126655
ENSMUSG00000106060,Gm42488,1.7754713350195115,0.3932894918212309,6.349227260056331e-06,7.365103621665345e-05,0.47103265955082174
ENSMUSG00000045027,Prss22,-1.083648953320672,0.24053258795083932,6.630846215241282e-06,7.65444286400183e-05,11.394758539946277
ENSMUSG00000036192,Rorb,-2.5129166891472217,0.557798486706682,6.6353609728781465e-06,7.655009529898961e-05,275.4618168671071
ENSMUSG00000099343,Gm28836,-1.9714255228072164,0.4379359410239056,6.7434333459847154e-06,7.770265049909947e-05,0.559177812701168
ENSMUSG00000074665,Bpifb4,-1.8921248277685445,0.42039027646720184,6.767373488181791e-06,7.787135171998988e-05,0.9537659974792971
ENSMUSG00000031620,Iqcm,-1.320779365679556,0.29344831389392345,6.766867009236586e-06,7.787135171998988e-05,5.371927044599014
ENSMUSG00000053615,Gm9913,-2.10757468516005,0.4689738197157219,6.989318871440976e-06,8.000288941654219e-05,0.6018396364160115
ENSMUSG00000106492,Gm29707,-1.1399475165089605,0.2538283078442518,7.088353726590699e-06,8.10389671241956e-05,1.9612261956311297
ENSMUSG00000019960,Dusp6,1.2970115648062503,0.2888758403242766,7.1270597613814096e-06,8.138366440607439e-05,188.58165840573082
ENSMUSG00000020810,Cygb,-1.175606419035432,0.26204590573907016,7.248382184588373e-06,8.25707920237181e-05,104.2014656871665
ENSMUSG00000086709,Gm16263,-1.7921432559317338,0.3999295807129464,7.424293758055366e-06,8.432224743477331e-05,6.8650458170597854
ENSMUSG00000086644,Gm13470,2.807943512424476,0.6266722079135717,7.43911992284175e-06,8.444022518624193e-05,1.224606937272216
ENSMUSG00000026241,Nppc,1.3117963281253218,0.2929994293661116,7.565343604998598e-06,8.571953349701807e-05,41.20538673740511
ENSMUSG00000030110,Ret,-1.1670496663064247,0.2606956516782558,7.581458114812188e-06,8.57999162261672e-05,2.285104519282679
ENSMUSG00000000889,Dbh,1.0229310903318134,0.22862868970907851,7.66969747479565e-06,8.659247760267801e-05,3.1886402069140183
ENSMUSG00000005413,Hmox1,-1.0103943476987973,0.22593578378269052,7.747615218622752e-06,8.731672507054457e-05,2.7143735773205107
ENSMUSG00000067594,Krt77,-1.2638154303498743,0.2828589256774142,7.895202248922592e-06,8.87696971533708e-05,23.87678551951271
ENSMUSG00000025064,Col17a1,1.2438052860176871,0.27873665675126286,8.10863587233274e-06,9.106179978468598e-05,1.8361321664948576
ENSMUSG00000086745,Tspan2os,-1.1907715906443803,0.26705654722018946,8.239119651068225e-06,9.241804967094452e-05,1.566465214759559
ENSMUSG00000026344,Lypd1,-1.8534559359546725,0.4164736448655395,8.572810681016427e-06,9.576579588705608e-05,420.58038137207643
ENSMUSG00000078771,Evi2a,1.847681321785005,0.41580543523495805,8.845780823398474e-06,9.869919905239448e-05,0.5682809486749035
ENSMUSG00000055214,Pld5,2.331667321157155,0.5255225484193667,9.128275769509148e-06,0.00010164737551845238,89.96170972890927
ENSMUSG00000025795,Rassf3,-2.406592185514571,0.5432978022101966,9.440783534429695e-06,0.00010454101627415047,53.99756130185076
ENSMUSG00000025196,Cpn1,1.2782785935711587,0.2885963292778377,9.454115160434077e-06,0.00010462774101925414,2.9417913437823815
ENSMUSG00000086843,E030013I19Rik,-1.1553353609756525,0.2611129084243847,9.659511460840106e-06,0.00010659080396230985,6.526371070275749
ENSMUSG00000042485,Mustn1,1.1392809069795355,0.2579165294751853,9.996616911215045e-06,0.00011005534729106193,1.1385180798979242
ENSMUSG00000115654,Gm19303,-1.8416619150904385,0.4171602164992465,1.0112247542036401e-05,0.0001111647449207408,0.5492559232740374
ENSMUSG00000109017,Gm38979,-1.822842075012326,0.41300227331876493,1.0164838739858961e-05,0.00011152012236855645,0.27170671776917293
ENSMUSG00000022014,Epsti1,-1.3378156449889334,0.303153521527334,1.0194931035712784e-05,0.00011178580289533141,2.1220600265952108
ENSMUSG00000110179,Gm39168,-1.909263959890698,0.4333657141493978,1.0546006396898362e-05,0.00011510454715696754,0.4986567917348183
ENSMUSG00000026834,Acvr1c,-1.8859612461735809,0.4281743360974244,1.0595120241031624e-05,0.00011557429327143669,119.01438175734745
ENSMUSG00000116537,Gm49698,-1.4557103464007506,0.3307727077508151,1.077836701678375e-05,0.00011743851897324975,1.7444376291357417
ENSMUSG00000031530,Dusp4,1.4294112368867953,0.32484647055534893,1.0811771381462709e-05,0.0001176676995199923,21.296682566505176
ENSMUSG00000030877,Mfsd13b,-2.139040574967409,0.4869371791955668,1.1187581223780527e-05,0.00012134124583876894,4.62598174697132
ENSMUSG00000118347,C330008A17Rik,1.8311548768427888,0.41765787258635045,1.16336979809448e-05,0.0001256069638986912,0.3943307795056713
ENSMUSG00000031264,Btk,1.1053351145575308,0.2526381933909839,1.213377236125109e-05,0.00013041405954827162,121.3266283683794
ENSMUSG00000026970,Rbms1,1.4393232265161287,0.3292984894734463,1.2374843527222195e-05,0.00013278004696101243,60.953051770808216
ENSMUSG00000028133,Rwdd3,-1.7597787807494325,0.40313206351712605,1.2696802661781023e-05,0.00013600448977349222,24.39499279050263
ENSMUSG00000068196,Col8a1,-2.221424058072667,0.509148954117076,1.282826809736643e-05,0.00013725813964246287,0.5420960446306855
ENSMUSG00000005672,Kit,-1.299789340241115,0.29811034291306043,1.3000614058899815e-05,0.00013894588868343263,6.223540197107501
ENSMUSG00000021453,Gadd45g,1.3036969230923297,0.2992588454994943,1.3220758058869736e-05,0.00014077879274432655,116.92391011015108
ENSMUSG00000045441,Gprin3,-1.1820080090882759,0.27159245955429523,1.3481602644826386e-05,0.00014328156911462412,23.799514314756273
ENSMUSG00000022231,Sema5a,-2.054611785767036,0.47271412237309846,1.3838059620456987e-05,0.00014666030430059816,135.79982585548538
ENSMUSG00000010021,Kif19a,-1.7339878554578503,0.3991118090015679,1.3951901890608258e-05,0.00014753806646299693,1.4755235079533493
ENSMUSG00000102082,Gm28675,-1.4806431526921175,0.3409741938352711,1.4094063633175216e-05,0.0001489585925319585,0.6177987526715563
ENSMUSG00000027210,Meis2,1.2037588639279166,0.2773993382259511,1.4284373061698537e-05,0.0001507187538135069,1094.3316292837899
ENSMUSG00000086534,Gm16758,-1.4903244625566618,0.3434699979410063,1.4311708728250333e-05,0.00015092347386154895,2.78303780517479
ENSMUSG00000070942,Il1rl2,1.40640785545404,0.3244459731643443,1.4589382476946142e-05,0.00015359624363111424,1.8915165922855066
ENSMUSG00000116736,Gm49692,-1.2865729440010891,0.29718746846350164,1.4967723372375132e-05,0.00015705789819970463,2.3686885523519914
ENSMUSG00000069833,Ahnak,-1.2906693957472297,0.2981744858663824,1.5008003522966592e-05,0.00015739374808209286,3.5348907959450657
ENSMUSG00000041633,Kctd12b,-2.244561941301946,0.5186083914922598,1.5043678098720876e-05,0.0001576809543526534,1.5735239608991323
ENSMUSG00000041324,Inhba,1.8426080655809347,0.4258342176978804,1.5111626210797455e-05,0.00015821880959505274,594.490829100161
ENSMUSG00000026003,Acadl,1.274244652561183,0.29456508515033397,1.5194414467330393e-05,0.00015891068764513106,1.0841870616169311
ENSMUSG00000054556,Gm4876,-1.079319152168353,0.24981619414944709,1.557091439471344e-05,0.0001622240281736191,13.289054348277466
ENSMUSG00000091956,C2cd4b,1.1400046163874378,0.26420704916919086,1.597364035650093e-05,0.00016587474571073892,10.902088038680196
ENSMUSG00000090691,Gm3667,-1.6052310132778007,0.37251625093472784,1.6387799923334735e-05,0.00016952773558538337,2.6845692006296664
ENSMUSG00000052921,Arhgef15,-1.3496864202441623,0.3135752435819851,1.676002178626403e-05,0.00017309590361665956,29.725017577982147
ENSMUSG00000115580,Gm41230,1.7404321816627821,0.4047225702368469,1.70559986224755e-05,0.00017567586236815044,3.255761882986486
ENSMUSG00000002324,Rec8,-1.0951099245610123,0.2553152026756182,1.7928004101532514e-05,0.00018385984416299081,2.154939754423176
ENSMUSG00000028655,Mfsd2a,-1.2017008229770387,0.2807806303965411,1.870138039741618e-05,0.0001908664488628999,1.9024572583797241
ENSMUSG00000034282,Evpl,-1.0550212549123927,0.24654925009480078,1.8760829358972168e-05,0.00019126796233927466,2.41137108603078
ENSMUSG00000086537,Gnasas1,-2.4785231048437826,0.579387856849325,1.8872354723960063e-05,0.00019209448476057084,2.9039766372796008
ENSMUSG00000091243,Vgll3,1.0410820225200523,0.2441149917738766,2.00153283216407e-05,0.000202538088293028,1.3393520638014984
ENSMUSG00000032890,Rims3,-1.3054491983445369,0.3068706837934926,2.099201546169521e-05,0.00021124129750515574,24.85153371858727
ENSMUSG00000045004,Spata21,1.2849359808629097,0.30213414974226566,2.110521025047415e-05,0.00021221221977009525,0.8726696807458472
ENSMUSG00000038216,Pnmt,3.6612891128739875,0.8613844074824322,2.133218215413505e-05,0.00021415484606874153,10.536995196600179
ENSMUSG00000106426,Gm36211,-2.076433225485538,0.4895465633818178,2.2198748598113297e-05,0.00022180094187526647,0.6838501898736089
ENSMUSG00000035513,Ntng2,-1.0599023290568141,0.2502063218834422,2.2742205047132624e-05,0.00022651712503489585,185.34628954414967
ENSMUSG00000021638,Ocln,-1.0762173456937993,0.25420307138939796,2.2988639848503192e-05,0.00022851850286526205,4.565551116343959
ENSMUSG00000002007,Srpk3,1.4339382224178536,0.33869891542425745,2.2991190837053805e-05,0.00022851850286526205,1.4340913062034017
ENSMUSG00000039552,Rsph4a,-1.1182069069047962,0.2645052281544535,2.3625829983359755e-05,0.000234336699480415,2.1101981388732014
ENSMUSG00000105489,Gm38562,-1.2042493425429976,0.28502728376727116,2.3890702194420408e-05,0.00023671704090971553,4.479789458817541
ENSMUSG00000039405,Prss23,1.2758091776815639,0.30199652373365043,2.393843287698671e-05,0.0002370665002872437,93.47902219634162
ENSMUSG00000056617,4931429L15Rik,1.1214326766743794,0.26569935661888905,2.4356356991185045e-05,0.000240454247742763,5.376578720610751
ENSMUSG00000046719,Nxph3,-2.1664888976755114,0.5140503985857312,2.5028147021909226e-05,0.00024619207287735324,45.40795276009355
ENSMUSG00000056025,Clca3a1,-1.4820781262746863,0.35170465838521264,2.5090404683863618e-05,0.0002465495137943293,0.6849405820585429
ENSMUSG00000100166,B230110G15Rik,-2.455419763764254,0.5827113253558831,2.511272642335451e-05,0.0002466414597201322,1.7002639177579109
ENSMUSG00000038893,Fam117a,-1.0409334606991876,0.24723898503773842,2.5510870014842478e-05,0.0002500354410934381,6.256291295385297
ENSMUSG00000105698,Gm31881,-1.0519544976904616,0.25007568776053446,2.5930509435054533e-05,0.00025336518309834483,1.6342124464010457
ENSMUSG00000029212,Gabrb1,-1.0886291927968692,0.2588825392692339,2.609568209510466e-05,0.00025445630762545925,1279.3802522544133
ENSMUSG00000027748,Trpc4,1.0844190007629522,0.25796105837516303,2.624605160302391e-05,0.00025579143734422486,145.73269767009577
ENSMUSG00000026288,Inpp5d,1.1175034987319512,0.2662331479817398,2.6992303371766424e-05,0.00026212433861382564,6.213040767083548
ENSMUSG00000097773,Gm10614,-1.125370113442899,0.26887799259892603,2.8462632273595442e-05,0.0002754186756728788,0.8967333508669612
ENSMUSG00000022053,Ebf2,-2.8546671799777825,0.682356740615827,2.870037090103021e-05,0.000277014640294875,86.62734177950013
ENSMUSG00000085573,Gm15418,-1.0705528908840722,0.25594225093904627,2.8795234802851378e-05,0.00027778932398044855,4.112206577837934
ENSMUSG00000087652,Gm15918,-1.031986566112476,0.24690870220761668,2.919861234677346e-05,0.0002809683365124018,2.1355342848283083
ENSMUSG00000104544,Gm32754,2.0534810172744136,0.4915948122800691,2.951428226532491e-05,0.0002837189013721784,0.21168439492042612
ENSMUSG00000109436,Gm45075,1.0535000828942216,0.2523774883010524,2.988998538416249e-05,0.0002870404250117654,4.759410179029317
ENSMUSG00000111657,Gm31592,-1.0998204452324796,0.2644461692778873,3.197030210988851e-05,0.0003053228048888148,4.44879914832357
ENSMUSG00000107638,Gm30524,1.8545802647043774,0.4464468037765575,3.265844268359425e-05,0.00031080250806037865,0.3613876881837582
ENSMUSG00000054162,Spock3,-1.5693558433634223,0.3778969112892329,3.283347077417044e-05,0.0003123119740039093,88.01260974216112
ENSMUSG00000017724,Etv4,1.0712801996684886,0.2581130534630142,3.3185102845174314e-05,0.0003154989487889036,14.936641884373946
ENSMUSG00000024598,Fbn2,-1.8366965151156514,0.44309683258655,3.396124769403419e-05,0.0003222338035567613,4.556222724681893
ENSMUSG00000030342,Cd9,1.4693764150328184,0.3546511527759846,3.4255300933787116e-05,0.0003245382694045648,0.489250767215392
ENSMUSG00000049090,Zadh2,-2.001540011821951,0.4834020624299974,3.465065665979825e-05,0.0003276312585964224,18.253317523181174
ENSMUSG00000095677,Dynlt1f,-1.1193665248696905,0.27059362349042393,3.523255886114045e-05,0.00033247232131663486,3.3129652064630326
ENSMUSG00000040605,Bace2,-1.2501658583970678,0.30223641765289744,3.528217040505527e-05,0.0003327754138749487,9.687805068788409
ENSMUSG00000044337,Ackr3,-1.0627337032750663,0.25789869481728944,3.77655930915486e-05,0.0003537433003316694,13.453750610753081
ENSMUSG00000025469,Msx3,1.9582310029133467,0.4753398508244203,3.794580859724817e-05,0.00035481776629268024,0.26907865073608195
ENSMUSG00000105784,Gm35065,-1.0109258716460574,0.2454169491311053,3.8016064637506796e-05,0.00035521493794888476,3.4713131228844363
ENSMUSG00000045613,Chrm2,-1.3007445822607435,0.315929516473092,3.835054770797764e-05,0.000357988625906068,130.68691541688702
ENSMUSG00000022510,Trp63,-1.355542277324722,0.3303645103978506,4.075247532697971e-05,0.00037855229034202244,1.0434353118283843
ENSMUSG00000087029,Gm14133,1.4034355875854645,0.3422480566881467,4.1201160273964016e-05,0.00038160217772730844,0.9406892211780329
ENSMUSG00000068417,Pnp2,-1.9892623628742336,0.4855004119010381,4.179170162041255e-05,0.0003866508097418335,0.23191125817790806
ENSMUSG00000026831,1700007K13Rik,-1.390995000047926,0.3396114279723786,4.20635414956581e-05,0.00038845476379291253,4.8964395342810985
ENSMUSG00000027643,Ghrh,-1.6382254177699775,0.4000232839611749,4.21576287714185e-05,0.0003889460377048814,0.3703764736589055
ENSMUSG00000024679,Ms4a6d,-2.1221206722870556,0.5184584866284316,4.2557943649225254e-05,0.00039225887596068857,0.21883212450749304
ENSMUSG00000034584,Exph5,-1.2114343696276502,0.29704986408811246,4.53820287115778e-05,0.00041427433503313634,7.377259463736619
ENSMUSG00000026971,Itgb6,1.7589674095679426,0.43169933961575035,4.610943503631059e-05,0.0004205109741758258,4.592710877384265
ENSMUSG00000021250,Fos,1.4773002814300074,0.3629198802962819,4.6892973722349344e-05,0.0004267187410602381,259.2705087628104
ENSMUSG00000109764,Klkb1,1.177683558807404,0.29001133772594595,4.8900866121742106e-05,0.00044299527480953424,15.802994221347827
ENSMUSG00000026312,Cdh7,-1.5776404171116818,0.38905990900937976,5.0132932299181995e-05,0.0004524330664419537,87.94665328434345
ENSMUSG00000031616,Ednra,-2.0335219348361315,0.5017560209544593,5.0606050968518566e-05,0.00045605377244201665,0.24409542877272053
ENSMUSG00000035305,Ror1,-1.5883585141137555,0.3929248977833398,5.2907506056269995e-05,0.0004738758922855369,1.63887565868426
ENSMUSG00000113727,Gm47781,1.736559345232018,0.4297012889724009,5.315173393553874e-05,0.0004756155157054041,0.28319326157628416
ENSMUSG00000020186,Csrp2,-1.1258738007546898,0.27864943354242233,5.334490386228886e-05,0.00047689541873880786,6.499500839743146
ENSMUSG00000039481,Nrtn,1.2315660038510192,0.30485749577233934,5.3494786042343844e-05,0.00047756208806642395,4.648534737930414
ENSMUSG00000045903,Npas4,1.7289479891049238,0.4289005310914686,5.551252770982356e-05,0.0004937215180699782,118.15570627748522
ENSMUSG00000085609,1700016P03Rik,1.669145732641299,0.41494167575160257,5.755840897552594e-05,0.000510485395035154,412.20751630074966
ENSMUSG00000026205,Slc23a3,-1.1688511478527277,0.29111686453903013,5.943113293451521e-05,0.0005261134820596637,6.162742015319522
ENSMUSG00000037716,Ccdc33,-1.5757737410355213,0.392631113283566,5.985809767634493e-05,0.0005294004882356049,1.0235476398141379
ENSMUSG00000034311,Kif4,1.537671550191796,0.38329117098233917,6.02681780366976e-05,0.0005325321964561706,0.45312859893249585
ENSMUSG00000020169,Best3,1.4264593305952191,0.3560842990465598,6.176619585023215e-05,0.0005437483155274486,1.636756142406544
ENSMUSG00000114491,A230103O09Rik,-1.4227079023112879,0.3553327852766426,6.231341251736223e-05,0.0005478051569918202,0.6913284803691098
ENSMUSG00000031831,Dnaaf1,-1.7031543014883277,0.42544694047130927,6.248825655577257e-05,0.0005490884954813014,0.8156441587045122
ENSMUSG00000057228,Aadat,1.555055066296405,0.388653598364565,6.303968550738647e-05,0.0005525999373676562,1.3657723907754649
ENSMUSG00000032327,Stra6,-1.0453117677119714,0.2613520711170946,6.344140313519073e-05,0.0005551560502501695,0.7257880075587657
ENSMUSG00000045838,Ccdc9b,-1.5676833732258606,0.39229447457333255,6.436999691805156e-05,0.0005625056597928402,5.0655232643389825
ENSMUSG00000034164,Emid1,1.2852920363127511,0.32173281019301947,6.472017841593652e-05,0.0005650466609384012,109.44239104497406
ENSMUSG00000030491,Tdrd12,-1.0937464999594435,0.27394443701021687,6.535684337754913e-05,0.0005695595915778721,0.973430706525056
ENSMUSG00000097756,A730056A06Rik,-1.0828355085958818,0.27133565410063193,6.586186836069795e-05,0.0005729109207562495,19.20962107809707
ENSMUSG00000054988,Agtr1b,-2.1976825478243547,0.5507306802612572,6.593830473587143e-05,0.0005733136696961692,1.2715120197133778
ENSMUSG00000097702,Gm26739,-1.0130402313529665,0.2540974609561141,6.696546498040559e-05,0.0005817127880307013,0.9806708464638483
ENSMUSG00000036545,Adamts2,-1.1920473901478,0.29930579674073954,6.813464110471544e-05,0.0005899833465526201,43.13873949587665
ENSMUSG00000037593,Rskr,-1.217372829790265,0.30577354704799475,6.85425782866713e-05,0.0005932456821317719,29.414247087460343
ENSMUSG00000115289,Gm49164,-2.1589023138693633,0.542593775707927,6.924776424086437e-05,0.0005988043031446381,9.257856309176967
ENSMUSG00000042613,Pbxip1,-1.1466210463006827,0.288515224224803,7.06122566101304e-05,0.0006094952675821781,1.0873015569135176
ENSMUSG00000046997,Spsb4,1.9615372352851985,0.4937384043804099,7.102465163490881e-05,0.000612414207256123,1.7529896445184643
ENSMUSG00000040562,Gstm2,-1.8156869965623355,0.45725964857001994,7.163144167693646e-05,0.0006168929590140513,0.5126054066333638
ENSMUSG00000085996,A830012C17Rik,-1.3299825482801073,0.33510001098221315,7.220145282664812e-05,0.0006206780111044528,1.5430139437754655
ENSMUSG00000111058,Gm36033,-1.2398640655759234,0.3124260222904887,7.232510137290663e-05,0.000621460130315346,0.4902808039812746
ENSMUSG00000118259,Gm5095,1.442953847743453,0.36370187033565127,7.265843038558441e-05,0.0006240424287383106,1.4223963297889193
ENSMUSG00000021998,Lcp1,-3.0326195580134674,0.7644390571642101,7.274713376586149e-05,0.0006245223252534968,15.07504713049085
ENSMUSG00000038370,Pcp4l1,1.3048963482411091,0.329459268641729,7.472370030934529e-05,0.0006400466792818482,289.3467263889495
ENSMUSG00000022715,Tmem114,-1.8503414462797076,0.4672571091372328,7.494755080616039e-05,0.000641098114449818,1.2742118200237689
ENSMUSG00000085576,Dpy19l2,-1.8216467507928424,0.4601314668685117,7.52736372860219e-05,0.0006435980565075418,0.6646285033364798
ENSMUSG00000116597,Gm536,1.0438340910524535,0.26391955294894065,7.649553222985309e-05,0.0006531647240308462,1.656964198339108
ENSMUSG00000116851,Gm35576,1.9114817243931104,0.4835101057121237,7.706654973953472e-05,0.0006574502431591518,0.22053300392174696
ENSMUSG00000104786,Gm43573,-2.014441395882057,0.509644377304552,7.729327066057419e-05,0.0006587935398955034,0.1972479775463625
ENSMUSG00000026301,Iqca,-2.0600970860618033,0.5220881756878103,7.950755800058795e-05,0.0006749450171366289,1.1865167097772036
ENSMUSG00000039956,Mrap,-1.4738350673676683,0.37360317845012864,7.982625302829106e-05,0.0006767444909136405,0.36268399867035583
ENSMUSG00000085352,Gm4128,-2.1417061088509617,0.5430187208058218,8.010886454573891e-05,0.0006788378793399274,4.803825884360825
ENSMUSG00000085936,2610307P16Rik,2.3366017602130156,0.5926201169209956,8.052495172861806e-05,0.0006817564226458523,3.1847625167354883
ENSMUSG00000086541,Has2os,-1.1240620012587867,0.2851294784576415,8.070859411993162e-05,0.0006824001309055908,1.878875833837999
ENSMUSG00000115190,Gm49542,-1.9788543414548079,0.5025574475843081,8.2311461696948e-05,0.0006953344792729745,0.6170492332283011
ENSMUSG00000117356,Gm46633,-1.194410431553815,0.3034098140922198,8.263584370016813e-05,0.000697455319677018,0.8352738563515866
ENSMUSG00000003545,Fosb,1.3021380864360617,0.3314155954010538,8.529319173106936e-05,0.0007167039220370422,164.38248140674344
ENSMUSG00000046179,E2f8,1.7212457064022204,0.43853308794545476,8.67269970405009e-05,0.0007271460518724059,1.0574337810303347
ENSMUSG00000041731,Pgm5,2.915913468887968,0.7452206723237261,9.122498069631668e-05,0.0007615024277168621,8.61237537829812
ENSMUSG00000031461,Myom2,-1.8900555885155692,0.48395489872604214,9.405508305653153e-05,0.0007823803673228929,0.21625831527934808
ENSMUSG00000002980,Bcam,-1.0743446713120102,0.27575604520279373,9.779567734113717e-05,0.0008103070408265651,2.717007585148442
ENSMUSG00000063415,Cyp26b1,1.8259723436561341,0.47041605989600377,0.00010376659605381355,0.0008567585513990804,5.725227629575974
ENSMUSG00000116975,4930470H14Rik,1.7386343665620165,0.4482789424070745,0.00010511747468977646,0.0008652140760713214,1.0415259641058205
ENSMUSG00000045005,Fzd5,-1.6305726015477722,0.4208335926239351,0.00010678876466856471,0.0008764234077026639,1.4199194111461724
ENSMUSG00000035873,Pawr,1.1244253265811541,0.2903449735860072,0.00010762662772387008,0.0008813986077567388,21.779003597672524
ENSMUSG00000047259,Mc4r,1.3865289447617333,0.35893920288931236,0.00011207100399244366,0.000914253336171633,0.811957143322642
ENSMUSG00000024451,Arap3,-1.1306349962249866,0.29330985504191687,0.00011584983411465875,0.000939841042301607,1.094413912092565
ENSMUSG00000106598,Gm43532,1.2579626296971107,0.32635441074369137,0.00011592347047457527,0.0009400375542661211,1.2190452112996435
ENSMUSG00000020811,Wscd1,1.0386096217735457,0.2694875575292353,0.00011619553301768276,0.0009414411499695047,26.13881880991827
ENSMUSG00000024331,Dsc2,-1.465386240913767,0.3803665335803213,0.00011688762941537924,0.0009458401794973095,2.735482555264057
ENSMUSG00000038560,Sp6,1.3839197902678582,0.359485044551556,0.00011824886674200258,0.0009553229684640043,0.8736451443303384
ENSMUSG00000032265,Tent5a,1.84653917629682,0.4796573739923206,0.00011826038639259515,0.0009553229684640043,22.7912568204788
ENSMUSG00000032373,Car12,-1.990874052732792,0.5176527288472673,0.00012007911652364769,0.000968780794209446,74.85181824582607
ENSMUSG00000026786,Apbb1ip,2.048073731317538,0.532913339149457,0.00012145790154969513,0.000977417563063198,2.477984776048673
ENSMUSG00000091415,Ak9,-1.112380053633925,0.2895028111563402,0.0001218465766381614,0.0009797165147778454,3.5036826848284486
ENSMUSG00000116903,Gm19522,1.4902792499054478,0.387980300446906,0.00012247375927807951,0.000983927701227274,4.616875160055775
ENSMUSG00000111888,Gm46212,-1.2266475876588194,0.31958470993989757,0.00012391180184850297,0.0009929646665399834,0.8740137274974673
ENSMUSG00000025572,Tmc6,-1.2565169585833056,0.3277772359181325,0.00012635957032638563,0.0010087555459039699,0.5789180038827415
ENSMUSG00000039137,Whrn,-2.2569440001389216,0.5888172144142959,0.00012658329394182462,0.0010101176946095938,6.27489353334948
ENSMUSG00000068463,B630019A10Rik,-1.6420126100123034,0.42957403051142407,0.00013214805309899938,0.0010501188647265515,4.1229923115476605
ENSMUSG00000022508,Bcl6,1.0134336582147705,0.26514821422269436,0.00013229841207938023,0.0010508747354480708,139.09548919564048
ENSMUSG00000091002,Tcerg1l,1.4366847272850811,0.37653476841422673,0.0001358836033175502,0.0010775530093843578,12.128248745831927
ENSMUSG00000085620,G630018N14Rik,1.2301823605199413,0.3226736278747115,0.00013758694451731888,0.001090151617033517,4.238214121237462
ENSMUSG00000021898,Asb14,1.3133058425276376,0.34466466718281547,0.0001387492989771861,0.0010984463852442732,0.7687519635079663
ENSMUSG00000110924,Gm40518,-1.5356877678465775,0.4032266597674949,0.00013981370055251313,0.0011054928675440607,5.883613847417818
ENSMUSG00000028475,Spaar,1.402941817296323,0.3684195672726413,0.00014009511157581054,0.0011067979246753403,18.378485816404087
ENSMUSG00000085393,Gm11280,-1.3708878889552385,0.3604418357001843,0.00014275015242048148,0.0011239909860195785,1.0881705040715517
ENSMUSG00000113331,3110009F21Rik,-1.5847716142547446,0.4167172567703861,0.00014296005377769736,0.0011247609855529008,0.5494578723323162
ENSMUSG00000036334,Igsf10,1.0279877295556625,0.27067986891474655,0.00014598663945532994,0.0011452576614425552,2.5828640081313377
ENSMUSG00000016262,Sertad4,-1.2394361403303615,0.3264588244484934,0.00014668955149876758,0.0011488769154847898,22.010082886668304
ENSMUSG00000051590,Map3k19,-1.1962956707572991,0.3151849900163197,0.0001473253897272877,0.0011530632023844089,10.605147796295894
ENSMUSG00000025176,Hoga1,-1.8602806022494005,0.49109187072073474,0.00015183424643866897,0.0011867274873661622,0.23983979577956355
ENSMUSG00000027954,Efna1,-1.0000716327721304,0.2645384370667134,0.00015655157844223644,0.0012210894744916383,2.1158257191142247
ENSMUSG00000087157,Sox5os2,-1.0445693356543002,0.2765829705208796,0.00015892357439464984,0.0012365489076825434,3.301902976396588
ENSMUSG00000041741,Pde3a,1.4395869043039016,0.3811967602414305,0.0001590520146782333,0.0012370423251180335,16.16023877422167
ENSMUSG00000045010,Gm4779,-1.3893826996157426,0.3679449614542376,0.00015932784746054788,0.0012386812301142063,2.934556609491016
ENSMUSG00000026830,Ermn,-1.4032937601586926,0.37174606540079286,0.00016008993639390174,0.001244097610276792,1.9505633307761818
ENSMUSG00000029994,Anxa4,-1.0904878043357167,0.28942486017008023,0.00016470893483592957,0.00127478550704586,3.6545794945119616
ENSMUSG00000034324,Tmem132c,2.0699363118724503,0.5495238668644848,0.0001653656359712142,0.0012793476448622932,2.028309456366493
ENSMUSG00000085245,Gm11713,-1.1202532625207042,0.29765466026092785,0.00016748429538323488,0.0012931092676017292,1.448174419954454
ENSMUSG00000060268,Armh1,-1.1367082019118584,0.3023828957677045,0.0001704791209753888,0.0013130343309456665,1.926147399761469
ENSMUSG00000105274,1700048F04Rik,-1.038108932803514,0.27623175078868684,0.00017120254243257227,0.0013167522978654283,3.334604500107532
ENSMUSG00000026012,Cd28,-1.2815130417997094,0.34150028589260295,0.00017501188815602066,0.0013403486957649505,1.7877227559332565
ENSMUSG00000042401,Crtac1,1.1060173754795046,0.29514649238023466,0.0001787122379172766,0.0013659387762709,409.15027982565334
ENSMUSG00000049538,Adamts16,-1.9613222507129402,0.5238343943558206,0.00018099489931920035,0.001380137197053313,8.680467681007697
ENSMUSG00000044938,Klhl31,-1.1755840425666102,0.3141803574056705,0.00018274397852847973,0.0013917219565755799,1.3189694507225256
ENSMUSG00000074813,Morrbid,1.1024063133703021,0.29467665404185056,0.00018323767193402025,0.0013949233576921972,2.436419682783729
ENSMUSG00000112276,5033421B08Rik,-2.4222667819823904,0.6475941337458365,0.00018372121712658567,0.0013980449738464663,1.2825040279737472
ENSMUSG00000090125,Pou3f1,-3.324193725415053,0.8891754912002431,0.0001851122598615638,0.001406941922335753,65.78764360854697
ENSMUSG00000035818,Plekhs1,1.4618606282285818,0.3912310119465447,0.0001865502520262445,0.001416739319180549,1.4859814050996127
ENSMUSG00000044456,Rin3,1.03706201268757,0.27818490090038966,0.0001930364757512727,0.0014635922189342638,3.36892314183097
ENSMUSG00000100546,Gm29483,-1.475689758385941,0.3958823511795002,0.0001933143733679133,0.0014646008120076392,1.9672566421699176
ENSMUSG00000047810,Ccdc88b,-1.5132503708612224,0.40599609343245086,0.0001935777129363394,0.0014654287349386871,1.745301998319197
ENSMUSG00000046167,Gldn,-1.41142531770394,0.3788346954279035,0.00019477212634117183,0.0014732981835047527,8.729199918895878
ENSMUSG00000103603,Gm37020,-1.254840640641156,0.3368267575143699,0.00019494553407213818,0.0014740237838586473,2.956207886350138
ENSMUSG00000074782,4833422C13Rik,-1.4155732199317719,0.3800113658673163,0.00019525231041074548,0.0014757568348248002,58.841228557856496
ENSMUSG00000045730,Adrb2,-1.3603166930820985,0.365910482224182,0.00020110723611999285,0.0015105115412549714,1.7531681005244788
ENSMUSG00000098284,A330093E20Rik,1.4275239493703236,0.3842586607239479,0.00020319736878319936,0.0015249020685331694,18.385187231997968
ENSMUSG00000039899,Fgl2,1.4952767664472058,0.40259279211214416,0.00020391437540462175,0.0015296794470416105,2.827527053870825
ENSMUSG00000059203,Il1rapl2,1.4398043766054325,0.38849791840636005,0.00021049181267959152,0.0015728186348847404,50.60270430203066
ENSMUSG00000047963,Stbd1,1.55824116948472,0.42072834702556317,0.0002124982528979454,0.0015859422373991814,0.3013741283172224
ENSMUSG00000030310,Slc6a1,1.1298073943934743,0.3052977552326546,0.00021502777270212224,0.0016023064425715525,20.714822155618553
ENSMUSG00000085348,Myhas,-1.247119970089916,0.3370201254412915,0.0002152329682684166,0.0016025800345746996,1.372150818565826
ENSMUSG00000097887,Gm26542,-1.0521315224050396,0.28460256008817586,0.00021829561875421537,0.001622209316867263,32.426717337680174
ENSMUSG00000052837,Junb,1.3620862676429646,0.3686339835068925,0.00021992505998600333,0.0016336799457921621,342.99104647159743
ENSMUSG00000062391,4932435O22Rik,-1.5487235181616057,0.4195038789275444,0.0002226744237309741,0.0016521677991646064,0.7802754991655106
ENSMUSG00000110281,Gm2516,1.4183841290376016,0.38421822142475537,0.0002228382966959977,0.0016527390862942145,39.02782952206856
ENSMUSG00000097927,Gm6999,-1.892355131333852,0.5126875891465427,0.00022333090290101938,0.0016551021023720267,2.9515110511691462
ENSMUSG00000027765,P2ry1,-1.2445336741786475,0.33733292668095677,0.0002248423020788489,0.0016656541879859895,1.6109267516000823
ENSMUSG00000033182,Kbtbd12,-1.201965628659697,0.32648568502525016,0.0002318418885835612,0.0017081952317636205,1.6294230290469032
ENSMUSG00000037035,Inhbb,-1.70652445841334,0.4640254689792165,0.00023539028128149393,0.001731656887509335,0.41765592203791363
ENSMUSG00000068009,Bpifb6,-1.2778940543482644,0.34786941224672135,0.00023926207228890066,0.0017567432123597245,0.45481610954260354
ENSMUSG00000062209,Erbb4,1.738448827671305,0.4736363376155916,0.00024214316736358493,0.0017742330309583746,263.65898720377436
ENSMUSG00000051022,Hs3st1,1.1132779192290958,0.3034101405923717,0.00024329364283207764,0.0017815312783823884,79.43680388171735
ENSMUSG00000079183,C030005K15Rik,-1.003118652554449,0.2737620388264241,0.000248113603677792,0.00181263947633115,1.4992167577587545
ENSMUSG00000073535,Gm5532,-1.5880997598605688,0.4336359850931779,0.00024997283665186107,0.0018241209223110874,0.38459475827151224
ENSMUSG00000106515,Gm30382,-1.8319112760547003,0.5001984747020332,0.0002498937679508884,0.0018241209223110874,44.66621349359573
ENSMUSG00000032584,Mst1r,-1.2643258554135124,0.3454734698933721,0.0002525204015177452,0.0018400714115619332,1.194385152155044
ENSMUSG00000113041,Gm48302,-1.267374640378832,0.3468808357475917,0.00025855758630559893,0.0018774309352127517,0.4238360589880525
ENSMUSG00000037370,Enpp1,-1.009451973659816,0.27639147219703986,0.0002599481580013739,0.0018860616925317074,2.5799244405184747
ENSMUSG00000099032,Tcf24,1.120552564936134,0.3069152796079635,0.0002612050696956317,0.0018922944576883842,0.6879546240144766
ENSMUSG00000029249,Rest,1.0484130129544533,0.28723069058424694,0.0002621657038891301,0.0018985307768507084,1.7492580937161826
ENSMUSG00000112384,Gm34921,1.707407589423872,0.4686882392638535,0.0002695317272891944,0.0019474255905619577,36.982351558621026
ENSMUSG00000016024,Lbp,-1.2658070441801927,0.34756780745675353,0.0002706336723065273,0.001954645019726414,1.0393910645091051
ENSMUSG00000059824,Dbp,-1.0384501730766356,0.2855360080538459,0.000275998010724373,0.001987352822112215,57.72297253301173
ENSMUSG00000027202,Slc12a1,-1.0448268013179438,0.28731603673242295,0.0002763600524262902,0.001989206824577278,1.5315180794741525
ENSMUSG00000078240,Gm3550,1.0944034578136295,0.3013279691002711,0.0002813044907355201,0.0020156446823926684,2.1436147215862227
ENSMUSG00000040212,Emp3,-1.8771359002138581,0.5173023137205671,0.00028484990562272183,0.002037212257355887,0.6408798064833482
ENSMUSG00000020411,Nipal4,-1.7025860277654965,0.4693802746487535,0.00028639347536333465,0.0020467128006431546,0.6563031308870203
ENSMUSG00000108532,Gm32647,-1.5795078603822619,0.435705252146129,0.00028876565523642926,0.002060569326788383,217.4660850583473
ENSMUSG00000117478,BC051408,-1.2434053997864947,0.3430983903957217,0.0002900265523490783,0.002068790825605124,0.5681852479038827
ENSMUSG00000087536,Gm14246,1.0538227952695522,0.2912403993655241,0.00029643575980261384,0.0021073968215564,2.7010192609497734
ENSMUSG00000117670,Gm50270,1.3648697351219614,0.37750829817605386,0.0002998037819051856,0.0021257797789654307,0.6449739345152288
ENSMUSG00000041075,Fzd7,-1.3721572049249235,0.379564645684522,0.00030025291648355537,0.002128171193436348,4.176969874803822
ENSMUSG00000026616,Cr2,1.5671057061178184,0.433658183486336,0.0003018713962243144,0.0021388459745889598,1.652610354798848
ENSMUSG00000045573,Penk,-1.4293501488426679,0.39603840069920143,0.00030723736374750713,0.0021720117457943422,84.65614808562027
ENSMUSG00000017400,Stac2,-1.0975274956225858,0.3044113513604009,0.00031166141515526864,0.0021943178245424984,68.83340483614239
ENSMUSG00000026156,B3gat2,-2.1854549945911717,0.6063834965800733,0.0003132598444608938,0.002203242019301768,26.657417815643377
ENSMUSG00000027253,Lrp4,-1.138249914418115,0.31584952001652106,0.00031363121762614956,0.0022049224996747484,1.5988193924897125
ENSMUSG00000038760,Trhr,-1.9487011797639893,0.5413617889994837,0.0003186724552080786,0.0022347637009424706,9.952758892179968
ENSMUSG00000115271,4930529K09Rik,-1.4306881415067656,0.3974576301395453,0.0003187081150282089,0.0022347637009424706,0.7555571016724392
ENSMUSG00000009350,Mpo,-1.8382628131678624,0.5112963914949304,0.0003240206590313555,0.0022654057395856326,0.8446185904926606
ENSMUSG00000104764,Gm43066,-1.9896675502878205,0.5534483758186585,0.0003243451134934593,0.002266008607822097,0.1910957026723862
ENSMUSG00000029563,Foxp2,-1.0112027211926313,0.2817062656547813,0.0003312312721831117,0.0023064947737963092,2.749999175569365
ENSMUSG00000047394,Odf3b,-1.696609392333945,0.47329165251763805,0.0003374636812584113,0.002346457994247082,0.1732914433865608
ENSMUSG00000005268,Prlr,-2.416763785527481,0.6745550455322287,0.0003399926926097867,0.0023623159182646395,4.63113938530844
ENSMUSG00000022512,Cldn1,-1.5296841721277912,0.42704322183532234,0.0003409268644826241,0.0023679418291045785,6.507300821248286
ENSMUSG00000049892,Rasd1,1.0480712125186527,0.2926250073504359,0.00034147186492050006,0.0023708615906013115,11.553117406489216
ENSMUSG00000027356,Fermt1,-1.670558885977063,0.46705568063088015,0.0003478428118148213,0.002412454120293533,0.5782503062133045
ENSMUSG00000084766,Gm12714,1.4374900911843718,0.403325005029501,0.0003651086833006781,0.0025129622254385312,0.30868103602402736
ENSMUSG00000031861,Lpar2,-1.0690260919206083,0.3008696327836812,0.0003806898866955979,0.0026013808924199187,1.2211474388658776
ENSMUSG00000026894,Morn5,-1.24491622273697,0.35067593655716994,0.00038516168717435254,0.0026291051082902345,0.4602842197651558
ENSMUSG00000112666,Gm48485,-1.9448662319196572,0.5478992263001714,0.0003857015374211223,0.002630902132627978,0.6131959090958877
ENSMUSG00000111874,Gm36539,-1.2820199692896075,0.3612428134730006,0.0003868222095124519,0.0026366555764116392,2.8121177619248394
ENSMUSG00000098145,Gm26936,1.113657943265542,0.314090217141196,0.0003916272563051394,0.0026655874504289702,1.2636548529017588
ENSMUSG00000024014,Pim1,1.3739398647701788,0.38784355442770413,0.00039633764074050153,0.002694755996228485,93.31064376845164
ENSMUSG00000039004,Bmp6,1.7692853920629776,0.49966379464655963,0.00039868646735821895,0.0027075423272967416,3.0393264467005676
ENSMUSG00000086771,1700080G11Rik,-1.5293852628618416,0.4322057530046813,0.0004023184003461084,0.0027276212573714774,0.5845698607252637
ENSMUSG00000028064,Sema4a,-1.3863013541715905,0.39203022179035524,0.00040591124614729066,0.002745131726521883,36.65410895213557
ENSMUSG00000021791,Dydc2,-1.6769478469247652,0.4745350330696605,0.0004095135376572552,0.002763598985594758,0.19283133924187074
ENSMUSG00000087242,C78197,-1.234427710715265,0.34961958164196344,0.0004143456944410852,0.002790269908335294,1.1331656556810545
ENSMUSG00000069996,Gm7125,-1.1727643387732736,0.33226634306081376,0.0004162023308008555,0.0028017810124400127,0.9513726425114168
ENSMUSG00000046415,B430212C06Rik,-1.1172122253512997,0.31656603516861265,0.0004168808205048187,0.002804363765659007,3.0298618942003537
ENSMUSG00000104414,Gm37799,1.8538224933344882,0.525654931666209,0.00042078760872421805,0.0028276451672092986,0.29283189868909176
ENSMUSG00000038668,Lpar1,-1.2369893839941926,0.35086157977343374,0.0004225619148196959,0.002837563666618389,2.719426557174769
ENSMUSG00000053475,Tnfaip6,1.8166118838367808,0.5166648981878759,0.00043804317506725957,0.002928086213098927,77.09808081447751
ENSMUSG00000036298,Slc2a13,1.1152013270199692,0.31720122277553386,0.0004385078172860575,0.0029301625275904315,731.6829537932472
ENSMUSG00000028184,Adgrl2,-1.7149941286865948,0.48788457096131943,0.0004394830103620953,0.0029356477489917493,60.513800183783204
ENSMUSG00000115787,Gm36146,1.5389806906038415,0.438185506231544,0.0004444685534600156,0.002961670669360188,0.6212269710291529
ENSMUSG00000091412,Gm2895,-1.7513187764897142,0.4990480374452831,0.0004492556651016383,0.002991473494187458,0.23057317393412013
ENSMUSG00000026414,Tnnt2,-1.369389165722565,0.3902334483292798,0.0004495349691707499,0.002991760995419747,8.968978985530104
ENSMUSG00000022676,Snai2,-1.5971353018130736,0.45531859692617105,0.00045194525121898657,0.00300517527409647,1.4143517544212265
ENSMUSG00000022602,Arc,1.2429183458463986,0.35491259726294283,0.0004617091548510415,0.003064743531711868,230.00049585275787
ENSMUSG00000053368,Rxfp2,1.7267089528741983,0.49308553165997954,0.000462048865760709,0.0030659287137187754,1.6799179065581016
ENSMUSG00000048473,Sult6b2,-1.093047911229535,0.3124125158279044,0.0004674748246998549,0.0030926317393155656,1.1751713396773384
ENSMUSG00000068117,Mei1,-1.5221470403201445,0.43570406899572045,0.0004766720295943415,0.0031432265826699312,7.980888024330591
ENSMUSG00000002699,Lcp2,-1.4321755253422195,0.4100986662622966,0.00047893274129162205,0.003157039664009639,1.7394020074805698
ENSMUSG00000094447,9430069I07Rik,-1.208587095378598,0.346472898110626,0.00048617746149234316,0.003195936429658029,1.5599637796877839
ENSMUSG00000017390,Aldoc,-1.214034602452246,0.34827126278066134,0.000490506392441309,0.0032199425844732445,3.8721799710090017
ENSMUSG00000020644,Id2,1.000786557181688,0.2873996638807276,0.0004972898305217164,0.0032577278704700873,635.7075007753101
ENSMUSG00000029122,Evc,-1.6213215789521094,0.4656877527146787,0.0004984951838520864,0.0032644999578664686,0.9952254097206795
ENSMUSG00000028601,Echdc2,-1.4016652470733493,0.4029247124802338,0.0005038007459852074,0.0032935757359527787,6.659212423435501
ENSMUSG00000038855,Itpkb,-1.045215508875662,0.300716167714933,0.0005094187917687183,0.003325732015994542,11.463051657293382
ENSMUSG00000111182,Gm35430,1.1578085621879777,0.333230886409281,0.0005118186874685247,0.003336819297601513,2.132334936453965
ENSMUSG00000040714,Klc3,-1.5281635625397338,0.4405195448188983,0.0005223938855339032,0.0033976141122724697,2.6203778562791156
ENSMUSG00000020679,Hnf1b,-1.4148644399974468,0.4079110898151568,0.0005232539965403419,0.0034012943654979726,0.474598728469717
ENSMUSG00000006649,Nphs1,-1.2212289259523237,0.35257368869695394,0.0005326911633319077,0.0034551369557539085,2.309503075567446
ENSMUSG00000031997,Trpc6,-1.341410243510647,0.38732124604222284,0.0005335901797030394,0.0034586097371961232,13.634530149330203
ENSMUSG00000089812,Gm15867,-1.166017293521389,0.3369756078152521,0.0005396892818986866,0.003493381728084591,1.7049707793993623
ENSMUSG00000015568,Lpl,-2.0585207108338066,0.5957911887530837,0.0005500799386367155,0.0035568880003695852,95.88611458550619
ENSMUSG00000035594,Chrna5,-1.4100379860504484,0.40869465019819984,0.0005603760207693916,0.003616212150311027,0.629410727790347
ENSMUSG00000021732,Fgf10,-1.306294069959107,0.3786582003712301,0.000561007440650571,0.0036186575969955094,32.03934900682948
ENSMUSG00000055370,Gm9968,1.588287861198331,0.46106269112901377,0.0005713944844532265,0.0036704438175031873,0.22279570458624395
ENSMUSG00000086746,Gm15222,-1.1921440095657063,0.34611773560109993,0.000572474621403257,0.0036743445335949932,0.3417781010527955
ENSMUSG00000061013,Mkx,-1.713338677230526,0.4978484248049618,0.0005785271490018696,0.003709437304553949,35.69612773091822
ENSMUSG00000089997,1810020O05Rik,-1.0782459027527587,0.3135570784884007,0.0005843963337794356,0.003743284799265987,0.9026769839856692
ENSMUSG00000098760,Gm2164,-3.300828234614875,0.9623014317644114,0.0006032708204803393,0.0038473429731203405,28.082739044348763
ENSMUSG00000052014,A330070K13Rik,-1.8435629712433466,0.5378769729479621,0.0006092094920617336,0.0038774176570700635,3.5369987870801856
ENSMUSG00000048582,Gja3,1.0821345829641076,0.31586713879251943,0.0006127277134670458,0.003894598069160401,0.4761868174468831
ENSMUSG00000015879,Fam184b,-1.370927238859701,0.40086722843567424,0.0006264335261754023,0.003971100100620077,23.237209493470143
ENSMUSG00000036902,Neto2,1.0672233729788412,0.3121198976181455,0.0006278852368977516,0.003977651930317292,273.24564489674333
ENSMUSG00000000365,Rnf17,-1.0280836098207897,0.300899730863095,0.0006338547360428922,0.004012796172539096,4.443159815591236
ENSMUSG00000090698,Apold1,1.2293055797224417,0.3600765434560641,0.000640137957622329,0.004043155546416728,43.664557194759794
ENSMUSG00000103115,Gm37584,-1.0580223442691252,0.31003961181372913,0.0006436065794746546,0.004062366147287932,0.6523986998256657
ENSMUSG00000112854,Gm38403,-1.2725517022051187,0.37293476111415425,0.0006442578557617722,0.004063780320958871,0.31983744458692553
ENSMUSG00000110727,Gm48784,1.1146832515370309,0.32688610339127705,0.000649616852157693,0.00409424449126008,9.148212883808077
ENSMUSG00000020007,Il20ra,-1.7880117964247337,0.5246886327936474,0.0006549899679570693,0.004125556446709583,1.8483752783694036
ENSMUSG00000110161,Gm45494,-1.3646965142878136,0.40051308860409157,0.0006559200667685736,0.004127761611050395,0.34018141611793806
ENSMUSG00000006179,Prss16,-1.2349402672050545,0.36267624848988994,0.0006614559049838268,0.004153441043116054,1.2390513414767124
ENSMUSG00000036169,Sostdc1,-1.50894698230835,0.4436382433122472,0.0006706605861242954,0.004203837558625567,1.0943160081636403
ENSMUSG00000037868,Egr2,1.6880502471873353,0.4964979253776905,0.0006740705054059158,0.004222429138900936,28.80969533080106
ENSMUSG00000074968,Ano3,1.1541129218198225,0.34115861159122135,0.0007171903736104185,0.004450042292095434,697.5073708651795
ENSMUSG00000008845,Cd163,1.4757926399349335,0.43623691487240224,0.0007169674302398419,0.004450042292095434,0.262240318731003
ENSMUSG00000026873,Phf19,-1.1951192862435762,0.3539882684527627,0.0007350647755919521,0.00454169285185492,0.5006011098077694
ENSMUSG00000052085,Dock8,-1.2885701784367618,0.3816978495283937,0.0007357717212400812,0.004544584813269904,0.4757205713700917
ENSMUSG00000003283,Hck,1.3122298632829295,0.38877136571575815,0.000737284602724471,0.0045524512438267885,0.8104091805019207
ENSMUSG00000111232,A730043L09Rik,-1.6052207347500849,0.4758638433808835,0.0007427908632390145,0.004576053556431026,0.2425956383957661
ENSMUSG00000118229,Lncbate10,1.3347270960829998,0.3959530556095338,0.0007491690829625145,0.0046093766605041645,5.737623015672375
ENSMUSG00000032332,Col12a1,1.8779866098977103,0.557521696308789,0.0007559080220881848,0.004641831572693876,6.505390221284946
ENSMUSG00000085025,Gm13715,1.6064549096322895,0.4775622860775504,0.0007685921663335006,0.004712116459016601,0.8438839434559856
ENSMUSG00000112137,Gm47865,-1.3611791053936082,0.4056460061344428,0.0007919770154109915,0.004838333571348331,0.29025584574516095
ENSMUSG00000085582,3110099E03Rik,-1.0729597024165312,0.31983351602499305,0.0007943834168962457,0.004849919808419184,10.319826251888543
ENSMUSG00000113063,Gm34667,-1.060581352500023,0.3162749698209404,0.0007983905374950841,0.004869695923471138,3.2984251858071816
ENSMUSG00000046818,Ddit4l,-1.5209725807564667,0.4540204742099261,0.0008080899511796061,0.004919393033997064,9.581683205781783
ENSMUSG00000107785,Gm45083,-1.3812981323330387,0.4127553379144243,0.0008182981634202236,0.00497040365929321,0.47220736753612524
ENSMUSG00000031952,Chst5,-1.0479235436186827,0.31331260122622295,0.0008238404664512598,0.004994500010761239,0.7223399628047675
ENSMUSG00000032776,Mctp2,-1.0457152331286983,0.31297601870381825,0.0008341734126422588,0.005045930202477154,25.503291454087595
ENSMUSG00000022665,Ccdc80,1.050289318430719,0.31467278629961154,0.0008446914523708947,0.005098163131314689,22.750582705859046
ENSMUSG00000105923,A830019L24Rik,1.5655532129216836,0.4701862015987655,0.0008695672260799296,0.00523170363976742,1.2236822722433471
ENSMUSG00000087085,Gm12068,1.0184199138961754,0.3065250010658854,0.0008922448055042004,0.005352906080073134,4.701267112709606
ENSMUSG00000031925,Maml2,1.1454582380459966,0.3448949830961071,0.0008963778312801902,0.005374311964158316,55.24516149785131
ENSMUSG00000019899,Lama2,-1.7800537000564647,0.5363548750633843,0.0009040567307588966,0.005415231500616262,20.08417723374939
ENSMUSG00000024546,4930546C10Rik,1.0637539432345942,0.3207210505744967,0.0009106863042496277,0.005446367888099628,0.8594391498105397
ENSMUSG00000075144,Olfr1156,-1.0233893304214332,0.3088262367635923,0.0009203630511805509,0.005497327059861476,0.48393340329515705
ENSMUSG00000096934,Gm26658,1.229899874872115,0.37235390895676146,0.0009564272620714115,0.005693076418537714,4.7718467676124465
ENSMUSG00000009772,Nuak2,1.5325696809719465,0.46489117773764416,0.0009785570634683672,0.005808446045373547,2.8604761269871313
ENSMUSG00000051354,Samd3,1.2821282541044312,0.3898130476708037,0.0010051365785550565,0.005956921579573644,9.72385584872491
ENSMUSG00000032487,Ptgs2,2.0558367093886885,0.6263303937380961,0.0010294507458887831,0.006076410483955387,125.17798328146762
ENSMUSG00000110923,Gm47499,1.3720604159292311,0.41819904233197636,0.0010348416359235125,0.006100659213451782,0.3585125763276441
ENSMUSG00000036867,Smad6,-1.2517194987259488,0.38163749613177567,0.0010385673892285149,0.006118831221022999,0.4650797668006684
ENSMUSG00000074604,Mgst2,1.313155996811266,0.4005136556642871,0.001042939339391199,0.006135089051508402,1.3667094633552996
ENSMUSG00000030218,Mgp,-1.0723807815088737,0.32717677381290716,0.001046639596576244,0.006153050582591615,5.003443029629584
ENSMUSG00000005950,P2rx5,1.4743627897484883,0.4501758736896987,0.0010563139992830928,0.006206089413947362,0.26301209960410693
ENSMUSG00000038583,Pln,-1.0724811483619299,0.3276113556764092,0.0010617234340082181,0.006226333726440303,0.7857061196468769
ENSMUSG00000113429,Gm20063,-1.6177909177559733,0.4945985765051639,0.0010719934815989155,0.006284623726945383,19.910561641087252
ENSMUSG00000031825,Crispld2,-1.2785320359108236,0.3915932241822673,0.0010948365898565409,0.006404726717537157,0.6025927845705659
ENSMUSG00000048776,Pthlh,-1.3285145287396416,0.4069789449441673,0.001097223828978427,0.006416718758833567,0.7737729076581312
ENSMUSG00000015314,Slamf6,1.6175172969930238,0.49563945404410886,0.0011004679934273841,0.0064277872603508,0.42537837917879984
ENSMUSG00000068428,Gmnc,-1.5099924974682566,0.46395082298078916,0.0011353653737664173,0.006603528674890304,0.24722655498405097
ENSMUSG00000028179,Cth,-1.0422374049643424,0.32022260427253335,0.0011350110270736125,0.006603528674890304,2.638308069187875
ENSMUSG00000114704,Gm48003,-1.3766203623854558,0.42371375629614494,0.0011583610923959185,0.006698073380468072,13.2377804976199
ENSMUSG00000087098,Gm11884,1.11304895746284,0.34271458728243764,0.00116324221098155,0.006722211367470537,0.7193992349224281
ENSMUSG00000075270,Pde11a,-1.7869129838707338,0.5504552249158768,0.0011693781105009493,0.006751517200051612,15.599683829009043
ENSMUSG00000053560,Ier2,1.3178645166613139,0.40728262425869477,0.0012132383682768523,0.006968794298942886,32.34186679483933
ENSMUSG00000092455,Gm20456,1.4140621103944346,0.43712984667723903,0.0012169434072576788,0.00698585738674414,0.5531844790257849
ENSMUSG00000037280,Galnt6,1.3714627672795459,0.42535199815778046,0.0012628069975991855,0.007212140595114652,0.5973571483252635
ENSMUSG00000032179,Bmp5,1.084931484519211,0.3372357809605168,0.0012947973248274448,0.007359493369440487,1.4407260450906683
ENSMUSG00000022894,Adamts5,1.7052960664872088,0.5309544438575162,0.001319264186962147,0.007478451100347999,2.1635678264512115
ENSMUSG00000086410,Gm16158,-1.932993122694667,0.6021383577593855,0.0013263608099879738,0.007511964289732425,1.0470326577866937
ENSMUSG00000006411,Nectin4,-1.2199599700330541,0.3804445848128799,0.0013428126513590527,0.0075870709472689694,7.078612778435037
ENSMUSG00000058400,Qrfpr,1.4339089936966725,0.4479549016914819,0.0013694585212154261,0.0077078635821308476,34.67975697103982
ENSMUSG00000070803,Cited4,-1.334429764925778,0.417716500843499,0.0014003332322219486,0.007853755722225929,12.176837408115109
ENSMUSG00000022949,Clic6,-1.5041085300802643,0.47096499444907886,0.001404747847053546,0.007876193056983984,1.2636787937928025
ENSMUSG00000048277,Syngr2,-1.5618307690186648,0.4890747433146522,0.001405886290616874,0.00787793248680277,0.19850381617240725
ENSMUSG00000013611,Snx31,1.1731789351972846,0.3685119097669691,0.0014547710588695883,0.008122280118015468,0.477211666499338
ENSMUSG00000048376,F2r,1.2800139808226467,0.40242600597337097,0.0014689753129745445,0.008192842671951842,0.5024070281320614
ENSMUSG00000114125,1700037F03Rik,-1.1034757672860864,0.3469589932484373,0.0014706108579521546,0.008199560656999352,1.3833363950307151
ENSMUSG00000027547,Sall4,-1.130750587491083,0.35569746664144286,0.0014780080373096968,0.008233565124972086,0.5565417027499798
ENSMUSG00000099468,Gm28271,1.4079918076464295,0.44299189354222696,0.0014810600624360416,0.008248151823121563,0.2597175554466553
ENSMUSG00000097812,Gm26812,1.1187949031487494,0.3525033810605007,0.0015042840113496496,0.008355474169902403,2.1711465244578108
ENSMUSG00000030748,Il4ra,-1.3397311936487428,0.4224103810249323,0.0015158383365566266,0.008404928159327679,0.5095392391907368
ENSMUSG00000097279,Gm5106,-1.0235171826812741,0.3228270693110116,0.001521866340467073,0.008430979982832147,1.0756954964807155
ENSMUSG00000106194,Gm43569,1.0474634863410606,0.33047563973108013,0.001526681569960112,0.008455193649758712,0.7609245738914046
ENSMUSG00000030500,Slc17a6,1.191208116482888,0.3772946681417746,0.0015927266339219183,0.00876191599625067,61.35819100754136
ENSMUSG00000018893,Mb,-1.10647400097888,0.35075241309656263,0.001607333044269221,0.008827339444046668,0.3252349642268486
ENSMUSG00000001103,Sebox,-1.6471294714852363,0.5233809262818467,0.0016490140170086992,0.009022387880233964,4.113015228178009
ENSMUSG00000087125,A230108P19Rik,1.2428752870269837,0.39503858418708226,0.0016539984879972729,0.009041858401051758,0.6787580910677729
ENSMUSG00000041754,Trem3,1.054128364185702,0.33505753935155,0.0016545693803330591,0.009041997759081662,0.47792274700191617
ENSMUSG00000087500,Gm12426,-1.241033719717099,0.3945083010101232,0.001656482914093795,0.009045365626992543,1.0903331333364712
ENSMUSG00000051048,P4ha3,-1.3619035278542952,0.4338151147677136,0.0016931502149334368,0.009215125624329999,8.335832068421812
ENSMUSG00000091712,Sec14l5,-1.2956951238411352,0.4131659864589155,0.0017125988881470423,0.009303392703629164,1.7490955032975268
ENSMUSG00000100558,1700025F24Rik,-1.181245280291499,0.37716538293788837,0.0017367742459120045,0.009399995926588836,0.3340276126687366
ENSMUSG00000028976,Slc2a5,-1.2791694183001456,0.40845451137320576,0.0017377936119540023,0.009399995926588836,0.7069948029927408
ENSMUSG00000027887,Sypl2,-1.1714369167141905,0.3740311022537195,0.0017366493326655577,0.009399995926588836,0.6172095274090258
ENSMUSG00000116380,Gm39556,1.407455712058026,0.4496417959686103,0.0017470457031644945,0.009442742437669707,2.1890167232377222
ENSMUSG00000053153,Spag16,-1.6576694763353785,0.5305562346453053,0.0017816855401808647,0.009601922299263673,3.8130215799390625
ENSMUSG00000026736,4930426L09Rik,1.0827625858072472,0.3474493070744174,0.0018312457971124026,0.009830028229194793,0.717955016279614
ENSMUSG00000017446,C1qtnf1,1.4652210588510988,0.47058473840756393,0.0018480866403459632,0.009906452591135984,0.33022281017185307
ENSMUSG00000039358,Drd5,-1.59489917492544,0.5122719216200738,0.0018495523637345774,0.009911516666953972,2.275505477034012
ENSMUSG00000047992,Dipk1c,-1.1913154905428227,0.38268308934036216,0.0018515825227707204,0.009919601777862625,0.77604298778856
ENSMUSG00000028339,Col15a1,-1.0679260048520474,0.34327545002736365,0.001864621502420637,0.009978216445021152,1.3112494812565303
ENSMUSG00000087094,Gm13093,-1.085794570915733,0.34905061063720993,0.0018663931849440475,0.009984888624965006,0.37155053299943525
ENSMUSG00000027996,Sfrp2,1.0676754280117897,0.3434081309854106,0.0018768555308879896,0.010023947113872295,3.1917325755133765
ENSMUSG00000111654,Gm47077,-1.1578031082549607,0.3724621767290654,0.0018803207421767242,0.010031189511825574,0.6193739258937262
ENSMUSG00000037003,Tns2,-1.2781096945074668,0.411204382639866,0.0018822408410518897,0.010038617818943411,4.187858760915498
ENSMUSG00000058806,Col13a1,-1.5196559195012234,0.4890163301351663,0.0018862781462659218,0.010051696205759915,1.981235597498154
ENSMUSG00000116793,Gm34256,1.4879676262936556,0.48075315432428173,0.0019676236689248655,0.010418055295749134,0.26533549963740477
ENSMUSG00000116092,Gm49422,-1.3578753776205652,0.43934088631679513,0.001996783861268294,0.010531415629822018,1.30225130459946
ENSMUSG00000030324,Rho,1.4859086460430342,0.48205938629687584,0.002053261246140081,0.010784440073597159,1.4756152470682673
ENSMUSG00000029123,Stk32b,-2.0074373669016974,0.6516956873419837,0.0020677179285452825,0.010845400020029074,9.928548170952201
ENSMUSG00000022122,Ednrb,1.6164390079044997,0.5248608612688095,0.002071760452083147,0.010860614725938217,9.24414333939267
ENSMUSG00000033063,Cntnap3,-1.2334145542979944,0.4007610572799913,0.002086183437698049,0.010918686257366798,3.8660794232920592
ENSMUSG00000032564,Cpne4,-1.4126517436879598,0.4592366294553716,0.002097367636493005,0.010964639163683135,359.3505514652426
ENSMUSG00000063704,Mapk15,-2.128348916450299,0.6919237690608888,0.0020980658784771076,0.010965276173667169,1.1562332984686639
ENSMUSG00000043719,Col6a6,1.109463711607558,0.3613731030939722,0.0021396302566100553,0.011142711744251216,2.016335480113578
ENSMUSG00000086211,Gm12462,-1.3724068727551328,0.44877502715552525,0.0022273204328073196,0.011526807375877707,0.2033999485227554
ENSMUSG00000020651,Slc26a4,-1.7807330719946093,0.582258029205639,0.0022257958875923256,0.011526807375877707,39.60522234323123
ENSMUSG00000029650,Slc46a3,-1.0828376481286774,0.354061322035497,0.002225716282800521,0.011526807375877707,7.711983457100592
ENSMUSG00000009670,Tex11,-1.171984116043633,0.38351828979405084,0.0022440447248280107,0.0116038887863898,0.4613872210085949
ENSMUSG00000045092,S1pr1,1.8307006295633175,0.5996423673020416,0.002265754041705687,0.011690725492109841,1.4717835645451893
ENSMUSG00000025885,Myo5b,-1.3985809038357053,0.458363817537707,0.0022789354520473455,0.011748813997528513,75.96007120345247
ENSMUSG00000047867,Gimap6,-1.2991825024065606,0.42596926278155267,0.0022888385097288217,0.01178426625414915,2.4634541376242196
ENSMUSG00000113581,Dio3os,-1.9093177854195174,0.6262536517052385,0.0022976269364514247,0.011819917479462387,0.9272971212915065
ENSMUSG00000058488,Kl,-1.3027828312946392,0.4276389341691073,0.002315570253490399,0.011902569171143301,2.524755291115903
ENSMUSG00000106892,Gm42791,-1.1516896759745772,0.3780608019598266,0.0023167032434715006,0.011905176257104763,0.39191382326967855
ENSMUSG00000044393,Dsg2,-1.0639747703036526,0.34953990824870745,0.0023351000570462203,0.011989998241632199,10.330291956497089
ENSMUSG00000097286,Gm26684,1.0052353549275923,0.33077045125820714,0.0023730780282990803,0.012142398173846611,1.5769824812433755
ENSMUSG00000022203,Efs,1.0041657622875528,0.33079089891773455,0.00240016912055653,0.012254647705171075,1.1649471586360385
ENSMUSG00000101595,Gm29395,1.5463002442675113,0.5095052353388186,0.0024061105937234657,0.012275100009384612,0.2221563043899532
ENSMUSG00000025013,Tll2,-1.3892131898021125,0.4577933792102278,0.0024086640335694207,0.012284832325636638,0.5132647918481612
ENSMUSG00000037544,Dlgap5,1.1326395610317472,0.3744147532906496,0.0024855644057102245,0.012609433934461683,0.9258369642478834
ENSMUSG00000051855,Mest,1.0655758207279715,0.3523304919558832,0.0024915607986911487,0.012627214224842647,151.4559197271567
ENSMUSG00000047161,Chst9,-1.536923150502062,0.5098444150356596,0.0025740793551807914,0.012975433400360194,21.93880703769466
ENSMUSG00000089708,5330439A09Rik,-1.1527369830656384,0.3827774367952299,0.002599542910985665,0.013073498844287476,9.448865810134325
ENSMUSG00000071636,Rimbp3,-1.05291837192927,0.3497938773526048,0.002611522951841302,0.013122454473277584,0.49240513962398164
ENSMUSG00000097892,Gm26801,-1.1102216972092749,0.3695906785650883,0.0026652334389985445,0.013357060311777743,2.8445579342785856
ENSMUSG00000032368,Zic1,-1.9844080887564575,0.6611910950712782,0.002688626149229616,0.013456570340158961,12.597555154865972
ENSMUSG00000016028,Celsr1,-1.1128574155874198,0.37111704849665644,0.0027116117848399713,0.013539554486822994,2.3744594001316317
ENSMUSG00000064310,Zpld1,-1.4762615576740425,0.4927087209302575,0.0027335308618662573,0.013628592650084988,0.2611385742064984
ENSMUSG00000064325,Hhip,-1.1515260847301176,0.38489294005493524,0.002773298985691719,0.013789660194406498,0.3477871620635439
ENSMUSG00000031283,Chrdl1,-1.8894794407876994,0.6316993550624186,0.002779694043701433,0.013814237065667728,1.9678236983566566
ENSMUSG00000086628,Gm16157,-1.2101206469500398,0.40468274356864237,0.0027870844764928985,0.01383650706701485,0.2707041537218634
ENSMUSG00000108242,9330118I20Rik,-1.2955055819122034,0.43337717325083025,0.0027959379166043502,0.013873219333719655,1.5329441307153506
ENSMUSG00000017493,Igfbp4,1.4200930062896981,0.4756944053380319,0.002832954654569477,0.014042243186172417,233.44424497847294
ENSMUSG00000007594,Hapln4,-1.2375050275818025,0.41464036041689106,0.002840178583694135,0.01407438327069477,51.975211965106666
ENSMUSG00000028195,Ccn1,1.607012430826203,0.5386758064505957,0.0028519138031433714,0.01412024364214771,28.751644304244195
ENSMUSG00000032656,March3,-1.0753380708757958,0.36047427460094256,0.0028532596425477987,0.01412081463054873,27.318729114827637
ENSMUSG00000046982,Tshz1,-1.7240469412535648,0.578435437580945,0.002877455582892077,0.014225757538705528,39.96740603191424
ENSMUSG00000026322,Htr4,-1.3376381272392721,0.4489208072879262,0.0028855431023695364,0.014258330384280017,27.646421574007547
ENSMUSG00000103669,2900042K21Rik,1.01579607400787,0.3417415200247042,0.002954713650944352,0.014535938064537202,2.4716472350688767
ENSMUSG00000118436,AC163685.1,1.058800010065005,0.35622921628496274,0.0029563201566090735,0.01454008134936169,1.3812534589113388
ENSMUSG00000116755,6430553K19Rik,1.385259964784999,0.4667312920620571,0.0029974121755561253,0.014698610775228755,0.7106998112293902
ENSMUSG00000023993,Treml1,1.4582432308463291,0.4917263616855914,0.003021339989275129,0.01478797977522339,0.22570877529921024
ENSMUSG00000037447,Arid5a,1.4613727220241468,0.4927951735206747,0.0030221400357984198,0.01478797977522339,19.077586939609432
ENSMUSG00000086739,Gm4409,1.17167148843759,0.3952283168629264,0.003031325057883413,0.014824660128836518,8.106977833831284
ENSMUSG00000030798,Cd37,1.0506012918387486,0.3555104016052137,0.003124751006421892,0.015222858680197201,0.3348076454425454
ENSMUSG00000112261,Gm47599,-1.0816707542627124,0.3661626471845069,0.0031361102086251654,0.015254758529502723,0.7483782588828636
ENSMUSG00000027793,Ccna1,-1.29388640381215,0.4383506159598249,0.0031601372269119076,0.015348989388601873,0.9686580613315454
ENSMUSG00000040978,Gm11992,-1.3440211251081466,0.4560794087953854,0.0032097535739310547,0.01554936388858273,0.4067461617160271
ENSMUSG00000032021,Crtam,1.511819575606042,0.5137938660107144,0.0032561241699148695,0.015745934470884716,0.25602415556256974
ENSMUSG00000117713,Gm46637,1.0612816798499287,0.36083585890695885,0.0032696895636542865,0.015803499557662384,1.4916380516873615
ENSMUSG00000073686,Gm10564,-1.0337012255189997,0.3524989499885227,0.0033625089848887766,0.01615770925196365,0.6110236142151114
ENSMUSG00000021125,Arg2,1.0592574520477545,0.3612810413039367,0.0033684246514191552,0.016177962779247164,0.7505706681180913
ENSMUSG00000043099,Hic1,-1.245674320239648,0.42536835918587224,0.0034064541519021447,0.016323522364177934,1.816602940233756
ENSMUSG00000046082,Tmem174,-1.317697969917618,0.45038617862748215,0.0034367451397482015,0.016447877860784013,0.8801724041287253
ENSMUSG00000024798,Htr7,-1.2102686876953583,0.41439834934674147,0.0034942064909799842,0.01667263212550871,8.088840759942384
ENSMUSG00000018589,Glra2,-1.0475396974215356,0.35905167576987773,0.003528293768425234,0.016810848387687503,97.62528722282693
ENSMUSG00000042655,Shisal2b,-1.1286597833288987,0.387412506028727,0.0035759853155223676,0.01701163907039198,3.5501509453376743
ENSMUSG00000028185,Dnase2b,1.396358460713102,0.47937569364764965,0.00358125130501891,0.017028174163129156,0.7327420982394488
ENSMUSG00000097766,5730420D15Rik,-1.0270959687109649,0.35355185812908196,0.003671607800396241,0.01740559850354799,0.8036602052159072
ENSMUSG00000079330,Lemd1,1.6644909139580162,0.5744778012905042,0.0037627190111088568,0.017784339494990035,14.838091147453687
ENSMUSG00000053399,Adamts18,-1.2848304783312954,0.4445073286927156,0.003846789640377282,0.018105226649811335,33.27583866137569
ENSMUSG00000043972,Opn5,1.0890568348465537,0.37738696543734523,0.0039044143840510507,0.018313012633675345,1.3235482839058264
ENSMUSG00000097593,Gm26676,-1.309853614327369,0.45459674513849746,0.003959721160830713,0.01853130021245842,0.4007576888555212
ENSMUSG00000117900,Gm50323,-1.044208047586958,0.3628375777766319,0.004003397759065597,0.018708091124653384,0.7476519554794774
ENSMUSG00000024409,Psors1c2,1.1767928317154954,0.40935660012218494,0.004043633306535112,0.018846695103720956,0.7010058756725869
ENSMUSG00000113868,Gm34719,-1.3581860854577608,0.47268111871804724,0.0040612269592262586,0.018913288047079643,0.2532428770375965
ENSMUSG00000061740,Cyp2d22,-1.486456382147201,0.5177938402380452,0.004094999569709384,0.01903794521362447,0.16364867356428706
ENSMUSG00000117671,Gm50128,-1.1466973832544118,0.39972387089993283,0.00412131511959072,0.019138396739803797,0.2915272546464154
ENSMUSG00000112950,Gm32369,1.4085867056920567,0.49181536276447874,0.004182541543802516,0.019378633786970058,0.421551703787758
ENSMUSG00000110301,Gm35363,-1.1964989822410168,0.41850893337845285,0.004250365947166733,0.019647019874972565,0.47007705577678005
ENSMUSG00000114916,4930572O13Rik,1.2622139029839348,0.44235282109465845,0.0043252796134460375,0.019947665300896342,0.3261466436215913
ENSMUSG00000098197,BC051537,-1.5582429226132888,0.5481974253131846,0.004476334666106208,0.020539746909793655,0.8104431477143006
ENSMUSG00000112874,Gm34297,1.1822137389283245,0.41672941238945727,0.0045555907789735705,0.02085346760354403,1.7454943849224969
ENSMUSG00000041703,Zic5,-1.6992303661423875,0.6006582609736354,0.004670143697281868,0.021196809986710106,7.756371435467903
ENSMUSG00000030344,Akap3,1.4001293767901803,0.4949740588629885,0.004673859225220412,0.021200643276250146,0.43386988872021437
ENSMUSG00000070291,Ddx43,1.3371089408869201,0.4733487214018795,0.004731217241985232,0.02139959030231266,1.2036373954083408
ENSMUSG00000022469,Rapgef3,-1.105220859888012,0.3915670473729884,0.004764214371411746,0.021533479259143992,2.3719843946433925
ENSMUSG00000019368,Sec14l4,-1.5451097460477317,0.5475431219838033,0.004774065626413207,0.02157287992325056,1.2801776323536613
ENSMUSG00000053749,Gm9920,1.5281078925025893,0.5429282872196581,0.004884303643606693,0.0219767527734829,0.3603010518798001
ENSMUSG00000000567,Sox9,1.0521173665425403,0.37396125172298833,0.004901460465816533,0.022038615906805416,23.884041657857956
ENSMUSG00000034640,Tiparp,1.584223801766984,0.5641056043115898,0.004979118717460006,0.022329739387307673,52.16953783129562
ENSMUSG00000036570,Fxyd1,-1.2316565291022692,0.439435227379927,0.005065840358478929,0.022665227417615983,28.10254185512419
ENSMUSG00000068888,Lce1i,1.7181214263873257,0.6130435635822282,0.00506910792337077,0.022674514256808262,0.5006011866665049
ENSMUSG00000103640,Gm31406,1.2641827453144792,0.4510948115855839,0.005071186324005558,0.02267847875596656,0.24846650010497343
ENSMUSG00000108493,Gm45715,-1.2051119402186519,0.4310741915321254,0.0051803126659187146,0.023106745171497686,0.40869095305521447
ENSMUSG00000085483,Gm14198,1.1433419784524221,0.40925135676729457,0.0052102314198938645,0.02321842176904682,0.2803680977431538
ENSMUSG00000075408,Smim41,-1.1491157031373866,0.4117901525479188,0.005262066722320371,0.023432948812130792,1.760163780695974
ENSMUSG00000066113,Adamtsl1,-1.556100456633544,0.558020511764363,0.005293509633288101,0.02354541203265673,91.39227307086057
ENSMUSG00000001493,Meox1,1.345011532310218,0.48234357697135855,0.005295394455746929,0.02354828988455577,2.55441278213504
ENSMUSG00000012819,Cdh23,-1.3776467035245645,0.49414327111538325,0.0053042739384274494,0.02356804222369309,8.733340537550198
ENSMUSG00000116588,Gm49655,1.041758559257918,0.37366896706304187,0.005304791673772804,0.02356804222369309,0.4271121895908737
ENSMUSG00000032259,Drd2,-1.537366808401744,0.5522729992884078,0.005374137926677457,0.023814954557911005,1.1872316780686745
ENSMUSG00000105917,Gm43612,1.4072762397160155,0.5057271243702383,0.005391211979618752,0.023873933123898308,0.7357371495842876
ENSMUSG00000011463,Cpb1,-1.3293888064632573,0.47818700153801663,0.005434876782586712,0.024050499165370928,0.3035666311129778
ENSMUSG00000033187,BC016579,-1.1174166107013,0.40255597289449996,0.00550653382014215,0.024333635167104357,0.7283551919056531
ENSMUSG00000039450,Dcxr,-1.4548031153642502,0.5244889966931058,0.00554136727255345,0.024430815989120933,1.520934194940947
ENSMUSG00000114595,Gm48004,-1.2632695596152552,0.4562484892010555,0.005625985226756766,0.024735091969914653,1.088103809730184
ENSMUSG00000020481,Ankrd36,-1.223798816930184,0.44202689347711965,0.0056296471010146235,0.02474547283957999,3.3092878310772127
ENSMUSG00000041644,Slc5a12,1.3357553492031966,0.48270131014411566,0.005653133187882065,0.024831495212714938,0.20948950871568753
ENSMUSG00000001918,Slc1a5,-1.044521903248961,0.3775571407262059,0.005665694851662707,0.024865133168139417,0.9641235418566826
ENSMUSG00000113441,Gm40438,1.3312526104421085,0.4815467500040524,0.005700407637825822,0.02498146853305654,1.0451008059403755
ENSMUSG00000110296,Gm45533,-1.1482701499256145,0.41554916255186136,0.00572272574277269,0.025059341989068794,0.9739893505268705
ENSMUSG00000014030,Pax5,-1.3333277009223221,0.4831564185100911,0.005786878187565242,0.02528469697754735,0.15123185615789553
ENSMUSG00000094634,Gm3468,-1.214744342300331,0.44044313771204574,0.005815532199979365,0.025374927654221887,0.6662622335504257
ENSMUSG00000056749,Nfil3,1.0038633621883457,0.364817052480265,0.005928865176199179,0.02580433107115378,44.05694515646514
ENSMUSG00000107538,Gm44127,1.360289763805265,0.49551170551083396,0.00604699284511638,0.026172966818522166,0.20499239595950552
ENSMUSG00000114860,Gm49291,1.1185623273494887,0.4081781481808003,0.006136860154551448,0.02647980529024207,0.28663304995223593
ENSMUSG00000022754,Tmem45a,1.5042981090320893,0.5492227713131601,0.006163424464129253,0.02656990414810671,0.4265805453326513
ENSMUSG00000099644,Gm28626,-1.2832276041901542,0.4694815126562706,0.006270571151441648,0.02695240523837007,0.26377739391517224
ENSMUSG00000104807,Gm42865,1.0897820412289652,0.3987790860807949,0.006279914329158021,0.026974280920727522,3.6292707360458785
ENSMUSG00000071856,Mcc,-1.7606583254127195,0.6455571238014499,0.0063845846590955095,0.027386773067560988,33.54794005741478
ENSMUSG00000035528,Npffr2,-1.4857569163073803,0.544874445056645,0.006395417901445612,0.027420876753910597,0.5079814877936574
ENSMUSG00000026586,Prrx1,-1.1014689461948672,0.4042990891506951,0.006442011999029802,0.027570941792923045,0.8500892585453699
ENSMUSG00000024042,Sik1,1.0213026090278041,0.3750017888683294,0.0064601914426106535,0.027630099371453477,28.05677578434294
ENSMUSG00000001870,Ltbp1,-1.076763943331239,0.3955611125413305,0.006486501699708194,0.027723929080037898,56.467563068628564
ENSMUSG00000116114,Gm35853,-1.0255502749079424,0.377690753515785,0.006621227847007822,0.028173168991607427,2.9084759440143584
ENSMUSG00000090919,Pabpc4l,-1.2765260555605384,0.4701106327094494,0.006620101894637227,0.028173168991607427,0.19850978972529953
ENSMUSG00000021280,Exoc3l4,1.2797951390744595,0.47185571992411385,0.006682626313347557,0.028377295309179443,0.5594126065187384
ENSMUSG00000053897,Slc39a8,-1.3767567585177585,0.5083854535895614,0.00676703866937471,0.028688673777695517,0.25300664176096305
ENSMUSG00000114841,Gm47352,-1.0933286474934834,0.4038421040143588,0.006782942771271291,0.028739132133778406,0.5615483233484655
ENSMUSG00000017688,Hnf4g,-1.0374025928519974,0.38400102878470316,0.006901460872559677,0.029156871339012947,0.2947374153217746
ENSMUSG00000046491,C1qtnf2,-1.3321498211360594,0.4931352262596557,0.006905063194931747,0.029165613281612247,0.16039430095044332
ENSMUSG00000036972,Zic4,-1.676202016379467,0.6221686290000732,0.007057302518227023,0.029729433814603825,1.086774985276697
ENSMUSG00000035775,Krt20,1.2524053323510955,0.465228605353267,0.007102040136064258,0.029891418484178423,0.25027868972772377
ENSMUSG00000062077,Trim54,1.316831589041909,0.4897254181430117,0.007168398301407427,0.030124057717246498,17.047476194992537
ENSMUSG00000022708,Zbtb20,1.2856886866604011,0.47877346646201535,0.007244738716222796,0.030397862668156698,849.0115862300069
ENSMUSG00000105876,Gm43572,-1.4367034864023394,0.5350839973897935,0.00725286084286606,0.030418523958263652,0.6004792476598659
ENSMUSG00000111836,4933407I05Rik,1.2946888518439126,0.48258463480845354,0.0073003755101566,0.030537014886811598,1.584347464667226
ENSMUSG00000020080,Hkdc1,-1.1516761552367716,0.4294029807152291,0.007317461558723449,0.03058158802573702,1.167621304986755
ENSMUSG00000061353,Cxcl12,-1.231039561347897,0.4596524949250803,0.007401984778849133,0.030853496589138017,32.39833591541421
ENSMUSG00000102778,Gm38165,-1.0194986707707814,0.3823187654900782,0.007661836492497671,0.03171426837103475,1.017638907716156
ENSMUSG00000053279,Aldh1a1,1.1324514157050463,0.4252462720334641,0.007743626906772867,0.031976287882449966,20.145191372359548
ENSMUSG00000097254,C430042M11Rik,-1.221242584693024,0.4593251647974107,0.007842515629302244,0.03231098240781423,1.029693113532757
ENSMUSG00000022132,Cldn10,-1.0903292267285398,0.4100925617286451,0.007843361898616806,0.03231098240781423,0.824919192276365
ENSMUSG00000038543,BC028528,1.4845787049577657,0.5585957195666788,0.007867636881394666,0.03238994244355164,2.091714192334771
ENSMUSG00000087689,Gm15845,1.0333454992461075,0.389484410144115,0.007975356240514986,0.03272011583341753,0.4891451868198321
ENSMUSG00000044447,Dock5,1.9602872347378162,0.7405223673627068,0.008116897846856227,0.03317917160261987,5.757191256460432
ENSMUSG00000017817,Jph2,-1.225885432668431,0.4632339269347747,0.008136229466415568,0.033243906651436804,0.9852335902290035
ENSMUSG00000104222,Gm7292,-1.310837738099128,0.4958719102670298,0.00820535978256307,0.03345394176081135,0.37843385596081064
ENSMUSG00000057977,Skint11,1.224926519529935,0.4634737867772438,0.008219320729302593,0.0334970774537816,1.1800998997057892
ENSMUSG00000100860,2010009K17Rik,1.219117952596394,0.4616596720692083,0.008272793266370294,0.033678925550915575,0.1859484454932483
ENSMUSG00000090336,Cfap97d2,-1.086087869457488,0.4121660977825432,0.008411912145174488,0.03412843178711868,1.91225489684746
ENSMUSG00000087247,Alkal1,-1.0372750054327908,0.3936540309608108,0.00841394027906362,0.03412938163516126,0.37508224231924714
ENSMUSG00000033826,Dnah8,-1.0273397113128921,0.39006904928970465,0.008445060434801668,0.03421913305892799,0.37406175706880324
ENSMUSG00000074217,2210011C24Rik,1.060217090611423,0.4029440450233086,0.008508971543240205,0.034382896057476985,0.9785407329328887
ENSMUSG00000040219,Ttc12,-1.7856387162091243,0.6799194942736492,0.008633133026332875,0.0348032894030423,0.2805686934141578
ENSMUSG00000115082,Gm49189,1.0897274150187344,0.4151909090055142,0.00867401660032966,0.034938490748395404,1.9003048837174483
ENSMUSG00000039313,Minar1,1.6859010534128047,0.6436760492478683,0.008814238102353362,0.03537596321923426,1.5186890694172965
ENSMUSG00000084860,2610204G07Rik,1.1253622778942267,0.4300767679513125,0.008879618860053446,0.0355708294785548,0.7874388826790732
ENSMUSG00000087202,Gm15813,1.004403074978617,0.3847825042105751,0.009045920590965225,0.03613050458167593,3.005267112653061
ENSMUSG00000086655,C330018A13Rik,-1.3671536164526168,0.5241337548131617,0.009096499902125367,0.03630965466597419,0.161394938831276
ENSMUSG00000021940,Ptpn20,1.4290223919116587,0.5497136109553172,0.009333896699537166,0.03709380631125862,0.5529770554233385
ENSMUSG00000085024,C230035I16Rik,1.0376858640634323,0.40009235381235614,0.009497254085013042,0.037585970816161454,0.26474942756015973
ENSMUSG00000027358,Bmp2,1.5654756348681496,0.6040551687036404,0.009552789605312379,0.03776647328584013,2.5942577436202674
ENSMUSG00000085896,5330429C05Rik,-1.3695561024984924,0.5298869356779395,0.009748651777688588,0.038421038205665566,1.6300077660463805
ENSMUSG00000116684,Gm49735,-1.0817623413638446,0.4187706873403984,0.009789269069439662,0.03856513869890663,0.25772289856788444
ENSMUSG00000021186,Fbln5,1.0873135607069575,0.42378302478935803,0.010295841823026225,0.04023658892923511,0.3687592017501629
ENSMUSG00000093598,A730085K08Rik,-1.251927272595311,0.4880030187691051,0.010305428822795759,0.040265039623098485,3.3607656132958432
ENSMUSG00000109305,Smim38,-1.0364194683298227,0.4043365583429395,0.010369455460001743,0.04048194555121551,0.3950969608130314
ENSMUSG00000036887,C1qa,1.414687120181124,0.5534317452151998,0.010581958751464605,0.041134283467074505,0.17885285687490335
ENSMUSG00000116610,Gm49678,-1.1779390473328997,0.4612224813152669,0.010650862212915911,0.04133455788219345,141.52644625535888
ENSMUSG00000102774,Gm9748,-1.1599906708386272,0.4556464768079299,0.01090236111963971,0.04211299856650271,0.8678920502584277
ENSMUSG00000071068,Treml2,1.1368761240281546,0.4477243041877341,0.011109595240146784,0.042731285856965714,0.23090472319665892
ENSMUSG00000046591,Ticrr,1.359189981727415,0.5356753197162544,0.011169867215522737,0.04290239327843823,0.9599986757663388
ENSMUSG00000058396,Gpr182,1.3089924166483506,0.516291452975673,0.011232702491389907,0.04308424120366756,0.17372693315562843
ENSMUSG00000060594,Layn,1.1916501188409594,0.47082182679966167,0.011373779679508608,0.04351866142859448,2.855809003180862
ENSMUSG00000030701,Plekhb1,-1.2469738975340177,0.4934994956829845,0.011510744931888087,0.04394189971699665,2.8279309269754864
ENSMUSG00000058385,Hist1h2bg,1.1712210127678742,0.4637563122472239,0.011553062912118271,0.04408936185358836,0.39071464237935444
ENSMUSG00000073988,Ttpa,-1.1496913250752177,0.45661862360178995,0.011807790746916404,0.04490831890630501,0.545734176259125
ENSMUSG00000028341,Nr4a3,1.3244451724931214,0.5261446316566524,0.01182700246576539,0.04494544444840607,230.35351017151638
ENSMUSG00000086379,1700026D11Rik,-1.3218330527256406,0.5256388628058378,0.011912792166974693,0.04519923378231483,0.8479999938818882
ENSMUSG00000030353,Tead4,-1.3424111861969097,0.5344994198316245,0.012020915832232857,0.04548621100432105,0.7411097705460659
ENSMUSG00000000435,Myf5,-1.2849429159142254,0.5122057679728346,0.012119489616715828,0.04577351011880126,0.14636726575120737
ENSMUSG00000042453,Reln,-1.2924193581661418,0.5168964337023282,0.01240724509002203,0.04676747188281734,194.02782743667592
ENSMUSG00000017697,Ada,-1.3119175936565364,0.5255745965545883,0.012554642455935303,0.04726687474405565,0.13751914472233698
ENSMUSG00000085540,Gm16036,-1.3055798880288312,0.5232872229057572,0.012597187356594399,0.04733337789291958,0.2053289110977281
ENSMUSG00000066510,Ankdd1a,-1.0122789650628112,0.40645734797856414,0.012756619842863932,0.04782988043068008,4.569846130172959
ENSMUSG00000093628,Gm20616,-1.1731049212280178,0.47099763270944395,0.012749848531427736,0.04782988043068008,0.34763761156403844
ENSMUSG00000114425,Gm33447,1.004645818000101,0.40342628492640575,0.012764123744222353,0.04784722957834208,0.8155161577710466
