gene_identifier,symbol,log2FoldChange,lfcSE,pvalue,padj,baseMean
ENSMUSG00000027347,Rasgrp1,-2.559471694616753,0.09682871981470646,5.726110795391887e-154,1.0850979957267626e-149,935.9088564571884
ENSMUSG00000050783,Htr1f,-2.3753198663652797,0.09731569066568571,1.3928773739395689e-131,1.3197513118077414e-127,303.9690081367539
ENSMUSG00000039706,Ldb2,-3.6971937558148995,0.15476061938409325,3.9136312545148104e-126,2.4721104091018556e-122,211.15588805917866
ENSMUSG00000052560,Cpne8,1.7711082017375317,0.07942379040780302,3.7392627861718685e-110,1.4171805959591381e-106,755.3877193460584
ENSMUSG00000008575,Nfib,-2.5825773565467216,0.11974296552456146,3.614082802007618e-103,9.796493628910457e-100,1967.9403149465775
ENSMUSG00000024064,Galnt14,-3.9342351586935305,0.1824140098325032,3.6187575410223324e-103,9.796493628910457e-100,230.35464544554378
ENSMUSG00000027419,Pcsk2,-1.7018916076522337,0.07918237460337835,1.7980967639478444e-102,4.259241709601456e-99,2359.6737125004647
ENSMUSG00000034472,Rasd2,-2.4249429888036005,0.11436194291740974,8.751394502532332e-100,1.84265473136653e-96,140.47145392174693
ENSMUSG00000016386,Mpped2,-2.0992317923523345,0.09943637422565844,6.261737811720532e-99,1.1865993153210409e-95,511.1160092030965
ENSMUSG00000059921,Unc5c,1.091777216680635,0.05245256881742412,3.194548199067322e-96,5.503335306575069e-93,2381.9258788287343
ENSMUSG00000026834,Acvr1c,-4.207211130660404,0.2095427526840077,1.1480007131045042e-89,1.8128844594441964e-86,171.32762071737443
ENSMUSG00000062257,Opcml,-1.1079232146143956,0.05573856442051084,6.419088343355691e-88,9.357055700506949e-85,8874.355491701841
ENSMUSG00000045515,Pou3f3,1.9988612388264715,0.1013068763649273,1.1740194798272327e-86,1.589119224480433e-83,255.0657954033676
ENSMUSG00000067786,Nnat,-3.5936131057262606,0.1892209040233328,2.0002826584705042e-80,2.5270237585344034e-77,1674.3834120804236
ENSMUSG00000022636,Alcam,-3.201286172278077,0.16936910255752843,1.1140186722648152e-79,1.3194158649636406e-76,2109.7983557364505
ENSMUSG00000059173,Pde1a,-2.513170505375532,0.13417862182588436,2.81721938464513e-78,3.1403710199426594e-75,2297.13489236654
ENSMUSG00000036192,Rorb,-5.3811587505130145,0.29213897093078556,9.103978047769682e-76,9.584465778068638e-73,418.20768647344823
ENSMUSG00000039057,Myo16,-2.472913315547155,0.13446780667341382,1.5689268807614205e-75,1.5647981258120483e-72,213.69517924761783
ENSMUSG00000071679,Rtl4,-3.8351463291776913,0.2139611367547226,7.593052623389124e-72,6.851826057772566e-69,300.36113325831616
ENSMUSG00000092083,Kcnb2,-1.7264334789548712,0.097670055842583,6.398756975323675e-70,5.5116565764719837e-67,1085.3863004392547
ENSMUSG00000052544,St6galnac3,-2.4139451577140285,0.1368914306983737,1.3503544819077927e-69,1.1125746709631597e-66,193.61091578918297
ENSMUSG00000022269,March11,1.0606462474307674,0.06096853021094319,8.751961975705808e-68,6.633987177585002e-65,246.73001963449224
ENSMUSG00000042942,Greb1l,-2.8081846126638648,0.16280185899545782,1.1366728291787518e-66,8.284596197283594e-64,198.24002948243228
ENSMUSG00000009075,Cabp7,-3.4093755871316396,0.19850938552797315,4.094734154634971e-66,2.8738967492715813e-63,28.68566952027517
ENSMUSG00000035258,Abi3bp,3.2924476270437326,0.19267694137663205,1.8257932089051303e-65,1.235670761026865e-62,2210.2930415846677
ENSMUSG00000061132,Blnk,-4.776831698004937,0.28066695845982376,5.87981700769166e-65,3.8421562860605847e-62,42.07520848390622
ENSMUSG00000086224,2700069I18Rik,2.695408218701506,0.1611239751560615,8.087222882871649e-63,5.108429121013925e-60,51.96937144022295
ENSMUSG00000050379,Sept6,1.1415480919123617,0.06851520039040354,2.5077738500583844e-62,1.5329778857614963e-59,251.08884617026075
ENSMUSG00000045875,Adra1a,-2.7820257624719575,0.16772811189656137,8.722979677508143e-62,5.165639527774353e-59,23.600483537144086
ENSMUSG00000021991,Cacna2d3,-2.5029648440357835,0.15237860521173818,1.2469504770676245e-60,7.160518648615602e-58,528.5703470604188
ENSMUSG00000001260,Gabrg1,3.1329337855873636,0.19081089193985784,1.3973488348414708e-60,7.78816482948408e-58,297.0084431386672
ENSMUSG00000034164,Emid1,2.115760591396026,0.12989647636814,1.1999023200852077e-59,6.496613990175625e-57,246.8150739397595
ENSMUSG00000025776,Crispld1,-1.72863809282241,0.10632265214079561,1.9470138627571438e-59,1.0248864638679967e-56,37.382076453670265
ENSMUSG00000019970,Sgk1,1.6846048099012245,0.10371539845238525,2.5212841004839503e-59,1.291306316328942e-56,782.0353914987685
ENSMUSG00000027506,Tpd52,-1.1019598680720277,0.06801402819084068,4.885323888585173e-59,2.436233886544448e-56,263.2615724044938
ENSMUSG00000031557,Plekha2,-2.5927950713264516,0.16021262037119785,6.597650822337985e-59,3.2057816175206364e-56,254.05455544456322
ENSMUSG00000087413,Gm11266,-3.532592134921123,0.21892155661368867,1.417041431952125e-58,6.713233783873192e-56,31.649706090727594
ENSMUSG00000041710,Trpc5,-4.413791820774578,0.2764497179344007,2.2053539799162688e-57,1.0193038516930072e-54,253.258808995744
ENSMUSG00000057378,Ryr3,-1.269437291067407,0.07979673003857499,5.542276217310923e-57,2.5006222456676666e-54,612.5880074280145
ENSMUSG00000039982,Dtx4,-2.13009765694141,0.13438658320560523,1.3941526637171602e-56,6.143998366846555e-54,40.51275381731093
ENSMUSG00000070576,Mn1,1.053160242190106,0.06675016028110516,4.434357844963265e-56,1.9097972991375881e-53,556.8908399204493
ENSMUSG00000032373,Car12,-3.8126040991621197,0.24185660987997695,5.512125851396672e-56,2.321217441865932e-53,106.26624953917201
ENSMUSG00000063297,Luzp2,-3.6560465372430184,0.23256771903304332,1.097114907828396e-55,4.519636413771328e-53,272.4376499060273
ENSMUSG00000022332,Khdrbs3,-1.590892876004549,0.10206150906047713,8.840744363385337e-55,3.564512886939407e-52,715.6367105053255
ENSMUSG00000060424,Pantr1,2.6041825498825393,0.16819973283032733,4.541561835445583e-54,1.7929707662852876e-51,607.3531507066832
ENSMUSG00000048483,Zdhhc22,-1.6811572293602377,0.10879683968520634,7.284207979566859e-54,2.8170559431182035e-51,222.89298698302994
ENSMUSG00000040964,Arhgef10l,-2.8806801880693245,0.18650168160397104,8.043854983727443e-54,3.048621038832701e-51,58.94103327407843
ENSMUSG00000042596,Tfap2d,3.088006860782571,0.20148169486684292,5.087567369631631e-53,1.8540269548946037e-50,267.2915122580814
ENSMUSG00000041565,L3mbtl4,2.9317537119003063,0.19206473396676554,1.320284156415114e-52,4.720638634729511e-50,129.425982178894
ENSMUSG00000029838,Ptn,1.4885641825086091,0.09788216262312566,3.1431685983345856e-52,1.1030193507118591e-49,3366.9781980529015
ENSMUSG00000022324,Matn2,-2.246853491531923,0.1480140651281623,4.7978260552319496e-52,1.6530691590299172e-49,242.15481731533322
ENSMUSG00000029309,Sparcl1,-2.146811779619464,0.142688790997299,3.7001759419773665e-51,1.2301462122889665e-48,338.21013655059687
ENSMUSG00000037940,Inpp4b,-2.1970479052101983,0.14621277612559852,4.932756224673348e-51,1.6116505251303437e-48,611.4314916112515
ENSMUSG00000090223,Pcp4,1.2324871243622684,0.08213669340724292,6.776638410941642e-51,2.1765643709719343e-48,17711.643841294135
ENSMUSG00000026315,Serpinb8,-2.3626130836120613,0.15878088216260078,4.464470164862106e-50,1.4100284937356152e-47,18.65136920895941
ENSMUSG00000032020,Ubash3b,1.6440354808646533,0.11141492952210191,2.8160850691914406e-49,8.74832984609472e-47,337.8909772218494
ENSMUSG00000047945,Marcksl1,1.9333192527811711,0.13120162197566196,3.8146105271334074e-49,1.1659172498254526e-46,1323.6023129130836
ENSMUSG00000084938,BB557941,-2.9770549904226495,0.20368224853250572,2.2150608023596255e-48,6.662762254716651e-46,17.03911920587079
ENSMUSG00000035131,Brinp3,1.5701864445123772,0.10763154574234435,3.3226182191259887e-48,9.686710038836537e-46,3021.1283731823155
ENSMUSG00000030352,Tspan9,-3.0379190137916736,0.20827739272373993,3.451968154806526e-48,9.911332808118737e-46,89.90004664490365
ENSMUSG00000000440,Pparg,-2.808235880561432,0.19264019284967748,3.8986283836264946e-48,1.1026717592495831e-45,49.24815249211314
ENSMUSG00000036885,Arhgef26,-3.947331328686502,0.27084927191577657,4.116756055856959e-48,1.1472430479189613e-45,32.059197721852705
ENSMUSG00000032649,Colgalt2,-2.118526967176822,0.14563774317622016,6.142206394286709e-48,1.6868813213294657e-45,44.09371233624542
ENSMUSG00000028883,Sema3a,2.004683366994362,0.13840882204675797,1.534154771613176e-47,4.153176131724241e-45,390.0847617449286
ENSMUSG00000050830,Vwc2,-2.162148459474373,0.14967088465504466,2.655995015399286e-47,7.088888104481194e-45,13.127233029891372
ENSMUSG00000022883,Robo1,-2.0760159629365296,0.14417313233523,5.214565436664481e-47,1.37244465312211e-44,618.3661350473249
ENSMUSG00000110148,5830408C22Rik,-3.091713703612388,0.21673140137636768,3.606303128049188e-46,9.235060037369206e-44,70.5773673394591
ENSMUSG00000052516,Robo2,1.4230089967042703,0.10023930387081971,9.682961271749227e-46,2.4465615479953045e-43,3348.6561342620244
ENSMUSG00000028370,Pappa,2.2849911027109155,0.16098050875036013,9.950180710585885e-46,2.480999006126349e-43,47.59049682882698
ENSMUSG00000089737,Gm15688,1.7187896610761524,0.12146297003649552,1.8482932431289784e-45,4.5487216827654725e-43,31.80379690465911
ENSMUSG00000033966,Cdkl4,-1.4919640592652026,0.105568710835734,2.390301196011609e-45,5.807206110823076e-43,133.97883485837394
ENSMUSG00000026335,Pam,1.963212587252435,0.13911931205610628,3.216426399066687e-45,7.715351931938446e-43,2663.1156445190672
ENSMUSG00000030137,Tuba8,-2.398766153963373,0.17054115252944047,6.178361033405942e-45,1.4634992697880324e-42,13.661121172236722
ENSMUSG00000035357,Pdzrn3,1.621251534150308,0.11537153250104908,7.4424927087175e-45,1.7411757633357607e-42,1338.4747572360284
ENSMUSG00000040838,Gm11639,-3.819545149071315,0.2734170590000111,2.3874174127146306e-44,5.5172634110905186e-42,10.8205123537385
ENSMUSG00000056268,Dennd1b,-1.5137872636411103,0.10915695034419225,9.901557238817332e-44,2.2606567430793787e-41,133.1324890661643
ENSMUSG00000089706,B230216N24Rik,2.3044772669114106,0.16618838780157238,1.0087039876149486e-43,2.2755881625361042e-41,301.41118894283744
ENSMUSG00000074505,Fat3,1.057846226047302,0.07649571264839727,1.7077494589075088e-43,3.807276734858505e-41,3162.552296505417
ENSMUSG00000031216,Stard8,-1.4955610295001414,0.10820890195237581,1.902646180366425e-43,4.1924587346446223e-41,114.80692972128796
ENSMUSG00000100303,2600014E21Rik,3.9828476963900967,0.2889012946299969,3.0864146426653073e-43,6.722707756150295e-41,129.92090903788926
ENSMUSG00000031523,Dlc1,-2.0737575570943854,0.15167745986207065,1.4892116029607018e-42,3.206881804102875e-40,147.61784414977149
ENSMUSG00000030889,Vwa3a,-1.9731314002723992,0.14505164141101937,3.8455924496344476e-42,8.097108546730308e-40,63.24114256650777
ENSMUSG00000035681,Kcnc2,-2.417910817929924,0.1798320184192791,3.276934401693273e-41,6.749772490444297e-39,227.7217437542279
ENSMUSG00000003949,Hlf,-2.372968720616579,0.1767038034665007,4.0847905600896406e-41,8.234763948265817e-39,303.6054260152888
ENSMUSG00000028004,Npy2r,2.8879722976512396,0.21609272365264523,9.748124933095507e-41,1.924239244605832e-38,47.919454763321944
ENSMUSG00000066129,Kndc1,-1.339796810337269,0.10028178043509783,1.031180418838592e-40,2.0145225708238473e-38,123.8640737346829
ENSMUSG00000116610,Gm49678,-2.7577468408166634,0.2067143616529434,1.3391028447384867e-40,2.589387643652482e-38,234.93244542196436
ENSMUSG00000027750,Postn,3.778905427438082,0.2838408197597209,1.9329904341421163e-40,3.6267493789102085e-38,17.931004845871758
ENSMUSG00000029821,Gsdme,-1.1172979322721308,0.08447010248688303,6.11704716061669e-40,1.13645140876163e-37,125.02582800122929
ENSMUSG00000036218,Pdzrn4,-2.4008102224730745,0.18239641530419357,1.4405112084673329e-39,2.6247776346592266e-37,861.6242755072838
ENSMUSG00000022438,Parvb,-1.6195876112928889,0.12386255488287876,4.5346726066618455e-39,8.031032326751586e-37,53.59142379882583
ENSMUSG00000042581,Thsd7b,-1.8055610701759537,0.1383391974656714,6.214876929008228e-39,1.0904807204139437e-36,145.0289450541205
ENSMUSG00000030043,Tacr1,-2.827964617950587,0.21798658659886375,1.7382466875209639e-38,3.021997681515804e-36,34.99635835507001
ENSMUSG00000097462,9530026P05Rik,-3.0528101112650257,0.23609443430115323,3.0299266433225907e-38,5.172712602789468e-36,48.11995360038686
ENSMUSG00000097640,Gm20033,2.333447122868258,0.1806923395675735,3.7565907865797176e-38,6.299769504927934e-36,128.70761396518958
ENSMUSG00000052387,Trpm3,-1.8274552688640997,0.14153455778801347,3.865441678241164e-38,6.425449105497373e-36,866.2411876249337
ENSMUSG00000029659,Medag,-4.2734512665569815,0.3310251804534764,3.96602977578949e-38,6.535327326192247e-36,54.55336870649632
ENSMUSG00000026031,Cflar,-2.2054784427695364,0.17115411851665513,5.402669041050866e-38,8.825911924820165e-36,85.83935248876855
ENSMUSG00000029361,Nos1,-3.3806848517367607,0.2631114909992613,8.727790495428064e-38,1.4016239821047613e-35,273.7618896065705
ENSMUSG00000109372,Gm19410,-4.090973623944689,0.3184769875216337,9.124435796852322e-38,1.4530088937004329e-35,71.80612115781275
ENSMUSG00000093436,Gm20646,2.0049111510798205,0.15625204738037174,1.0956306235803722e-37,1.7301833597373376e-35,58.50532928220614
ENSMUSG00000030772,Dkk3,-3.823996092089292,0.301168561718335,6.128686129403157e-37,9.598231582825605e-35,122.75843475688994
ENSMUSG00000017491,Rarb,-3.02232194956143,0.2383865940680581,7.806718515486799e-37,1.212600949741597e-34,87.70471548731436
ENSMUSG00000037606,Osbpl5,-1.4783442655012706,0.11672667329079464,9.241079975643215e-37,1.4237273621011293e-34,38.07675236044727
ENSMUSG00000026312,Cdh7,-3.008177885436586,0.23771343308664483,1.0545805924046868e-36,1.611637276295872e-34,154.91231324913622
ENSMUSG00000058135,Gstm1,-2.069938907260632,0.16366774320151653,1.1593130604783142e-36,1.7575185996851242e-34,37.077864897301026
ENSMUSG00000062939,Stat4,3.851819997036663,0.3045959699634567,1.1821311212187118e-36,1.7778876783408404e-34,24.23053861388042
ENSMUSG00000041468,Gpr12,-1.3404696363650137,0.10617007147810555,1.5241382678047018e-36,2.274206312984181e-34,52.04817200091509
ENSMUSG00000087143,A830082K12Rik,1.0463077668674705,0.08333075147049279,3.681134792587299e-36,5.407558474382117e-34,458.6519840465893
ENSMUSG00000053702,Nebl,-1.6626508453297846,0.1326635858376163,4.936585597298892e-36,7.196022851447231e-34,568.2099179806567
ENSMUSG00000041046,Ramp3,-2.1178349869960855,0.1697752390457844,1.0304945430379046e-35,1.4682610218472399e-33,14.188726235494148
ENSMUSG00000043969,Emx2,4.293730531814777,0.3453280123263927,1.7134912722308188e-35,2.4052340450943717e-33,67.42778624815844
ENSMUSG00000026676,Ccdc3,-1.0655118424859145,0.08599656693699659,2.954268319759943e-35,4.116425342606685e-33,117.64168945193359
ENSMUSG00000026344,Lypd1,-3.0106487354306326,0.24301056130627668,2.998980618909452e-35,4.148225016666723e-33,548.5002544238907
ENSMUSG00000085845,Gm13944,-1.534029852926687,0.12531734396121333,1.8733230150661226e-34,2.5176929883335475e-32,17.43527475592812
ENSMUSG00000050730,Arhgap42,2.0947018118072203,0.17128337796475662,2.1639412043218613e-34,2.88779477619009e-32,86.50342492149255
ENSMUSG00000044250,Pced1b,-2.3369210059357464,0.19144009859472133,2.8499841781552278e-34,3.750500012225109e-32,32.31280717091939
ENSMUSG00000087022,9130024F11Rik,-1.9978574673609741,0.1644427139014547,5.788638008940919e-34,7.565151053064166e-32,30.477727578148304
ENSMUSG00000022762,Ncam2,-1.7396389457309689,0.14333716876278435,6.750086921575187e-34,8.761242956428068e-32,1555.4722234793794
ENSMUSG00000030844,Rgs10,1.4845891569882856,0.12278006981314467,1.171988470992683e-33,1.5108286751912477e-31,90.41492386716591
ENSMUSG00000027583,Zbtb46,-1.774248259561462,0.14690538030326672,1.3889516195021524e-33,1.778421161457148e-31,31.411078557557573
ENSMUSG00000039529,Atp8b1,-3.585439151485085,0.2974121991520037,1.8152897928576202e-33,2.3087074882316714e-31,8.78557701739735
ENSMUSG00000095139,Pou3f2,2.0661847451859043,0.17169057226149986,2.3446836772647955e-33,2.9621170456111914e-31,176.2618018133173
ENSMUSG00000020486,Sept4,-1.4780798364809855,0.1234091445382801,4.685996642411621e-33,5.842081340375015e-31,59.23616344126287
ENSMUSG00000097305,Gm17276,-1.1333241561122043,0.09464232594800089,4.815220194351823e-33,5.963949194965166e-31,85.57136727989084
ENSMUSG00000029217,Tec,3.9171906500818903,0.3273316553420081,5.2882417913613164e-33,6.507284541967334e-31,8.914041974108581
ENSMUSG00000049493,Pls1,-1.8083552870493038,0.15113600854444187,5.4141693382101176e-33,6.619258642521402e-31,45.619211511310745
ENSMUSG00000019978,Epb41l2,1.7814066131749524,0.14898213962686752,5.95483500583659e-33,7.233597651320729e-31,166.81279971173208
ENSMUSG00000006403,Adamts4,-2.1134860292067827,0.17700341530708855,7.289938182067783e-33,8.74331193355598e-31,10.215173337063838
ENSMUSG00000041559,Fmod,3.630843952211633,0.30418385672399273,7.651055536413367e-33,9.118710843712787e-31,37.42981370188567
ENSMUSG00000117222,Gm49906,3.6143023782802697,0.3031694981918877,9.120407559247428e-33,1.0801982702983673e-30,38.936705108235444
ENSMUSG00000021185,Dglucy,-2.214242386942898,0.18579181704556874,9.552148551436154e-33,1.1243056835386034e-30,11.861376295638594
ENSMUSG00000097079,Gm26604,2.6318439873177573,0.2211321989788205,1.1599262780398715e-32,1.3485032496230408e-30,10.129498133167035
ENSMUSG00000085822,Gm15584,2.1876079067226653,0.1845324427902779,2.030418931985781e-32,2.3461243147030823e-30,24.87567161472814
ENSMUSG00000021903,Galnt15,-2.9289729371765802,0.24746604624782095,2.547258115427385e-32,2.925487350748421e-30,13.369574906351389
ENSMUSG00000030022,Adamts9,-3.2195019305459542,0.2722852482120636,2.933606657919676e-32,3.348906395637221e-30,23.25825400617537
ENSMUSG00000043668,Tox3,-1.7930730943519335,0.15184610840143856,3.5284544351409813e-32,3.9800125920191425e-30,244.25228644638827
ENSMUSG00000054162,Spock3,-2.352922952040623,0.20000642448581493,5.966338884917193e-32,6.650713051128283e-30,91.44399116395701
ENSMUSG00000039037,St6galnac5,-1.5220401095760547,0.12987642762097626,1.0169848024343246e-31,1.113980462782107e-29,1112.6283122146804
ENSMUSG00000039943,Plcb4,-1.7680695645377837,0.1509585800605717,1.1027025042733265e-31,1.1940692831988308e-29,48.67383061425069
ENSMUSG00000104586,4921539H07Rik,1.7127895657432102,0.1467607732610668,1.8010079510248496e-31,1.939153447268233e-29,36.550009745790355
ENSMUSG00000031997,Trpc6,-3.3528173904102587,0.2873931519296104,1.8946581106940572e-31,2.0284616495848802e-29,23.493647121668356
ENSMUSG00000089887,4930428N03Rik,2.9117006847807114,0.250136690909725,2.566934558731582e-31,2.687481209279751e-29,16.526451602098067
ENSMUSG00000038331,Satb2,-1.3691907616181644,0.1176979000914276,2.797690667911558e-31,2.912980118512309e-29,113.2191429225195
ENSMUSG00000053465,Hs6st3,1.0524622196166045,0.09052072475465982,3.013388817320151e-31,3.120421753454473e-29,2699.8836128038915
ENSMUSG00000026321,Tnfrsf11a,-1.8762520736970385,0.16198309696562907,5.024922374248286e-31,5.147150215784055e-29,18.82305332985447
ENSMUSG00000054855,Rnd1,1.021404027120263,0.08880826826382324,1.3005377096856735e-30,1.31792457746222e-28,117.05707236833973
ENSMUSG00000028289,Epha7,-1.3372627418646348,0.11631621671675574,1.369181561157489e-30,1.3728037345997046e-28,1075.0134011293874
ENSMUSG00000071424,Grid2,-1.4597709521291875,0.12721109284768906,1.757992341425329e-30,1.7533660457899995e-28,1757.1363271572914
ENSMUSG00000003824,Syce2,-1.4192093774644063,0.12373513868556021,1.8722955106467935e-30,1.8575916192019234e-28,21.52134413626935
ENSMUSG00000027016,Zfp385b,-1.4582534731944912,0.12745547142492075,2.600268621276942e-30,2.566410956937399e-28,413.40503238404455
ENSMUSG00000053783,1700016K19Rik,-1.2944525760710566,0.11319690486563427,2.7823187300108565e-30,2.731862172730867e-28,33.29651083869177
ENSMUSG00000028184,Adgrl2,-3.7813571033335154,0.3307654700124349,2.8890042584359393e-30,2.821991273059848e-28,92.22794432730831
ENSMUSG00000114704,Gm48003,-2.508709774609308,0.21985848298702784,3.703109592898083e-30,3.5986629120727523e-28,16.60148366101211
ENSMUSG00000106093,Gm42722,-1.3410124293004828,0.11759256817261082,3.99855908229044e-30,3.865953806602237e-28,30.19316612034035
ENSMUSG00000036872,Abcc12,2.3651148284882253,0.2085858610350728,8.428557514668148e-30,8.10767334532799e-28,25.41340262496412
ENSMUSG00000021478,Drd1,-1.708598395646363,0.1512915810008071,1.414348421450531e-29,1.3400951293243781e-27,16.182270653667203
ENSMUSG00000033949,Trim36,2.3986481828604806,0.2124531956972875,1.4663090124606662e-29,1.3824157107527177e-27,32.23050578308914
ENSMUSG00000086213,A330040F15Rik,-1.5622008971434502,0.1384401753614884,1.5687999326067976e-29,1.471720728856377e-27,18.280315961737806
ENSMUSG00000038370,Pcp4l1,2.1088688811451477,0.18692359574432874,1.6107309976540266e-29,1.5036134189923057e-27,678.0901416026077
ENSMUSG00000106515,Gm30382,-4.305897348371094,0.3821900222242267,1.9231901227299474e-29,1.7864927855751227e-27,80.64367362605198
ENSMUSG00000060429,Sntb1,3.300569452276611,0.2938538936185129,2.8394919215258795e-29,2.624798629898313e-27,49.00011653250172
ENSMUSG00000025255,Zfhx4,2.0351077340134136,0.1816739208113136,3.987182932905162e-29,3.667821193133632e-27,289.62168402599093
ENSMUSG00000021098,4930447C04Rik,-1.880091497843434,0.16791219429781895,4.2238083953373447e-29,3.848133129405898e-27,115.82272434892225
ENSMUSG00000086003,B230206L02Rik,-1.6928534276191896,0.15120371249882003,4.2730545463499804e-29,3.874372423604408e-27,31.924571871644773
ENSMUSG00000055109,Gm15155,1.7506458420038782,0.15741801025145744,9.915325823848418e-29,8.904996415257228e-27,283.8589452772714
ENSMUSG00000056854,Pou3f4,2.320528146041296,0.20889658865698185,1.1405695600000921e-28,1.0195185453774409e-26,38.922350937708345
ENSMUSG00000051456,Hspb3,2.6140398258207993,0.23541856073449713,1.2022583018128072e-28,1.0696147802513002e-26,24.918208115529026
ENSMUSG00000024749,Tmc1,4.39974223152869,0.3970985662343824,1.5735813165722666e-28,1.386947253443928e-26,24.11927489388129
ENSMUSG00000113919,Gm34466,3.2887923014454685,0.2975278299662067,2.1029193815156958e-28,1.8364203815540293e-26,79.47715411973329
ENSMUSG00000010311,Optc,3.1875647166364263,0.2886034265131155,2.323059209241693e-28,2.0101357084534283e-26,11.144034085970626
ENSMUSG00000027955,Gask1b,1.6308268398069075,0.1478460494896438,2.7212161511565036e-28,2.3439566392916247e-26,123.06059657998432
ENSMUSG00000022610,Mapk12,1.7606226740602824,0.15975244717076478,3.028681253189091e-28,2.596991391309198e-26,67.96242029589453
ENSMUSG00000001763,Tspan33,1.2568888158918035,0.11416135046514186,3.429244425691782e-28,2.927215399408075e-26,210.1351660830437
ENSMUSG00000020651,Slc26a4,-3.193850203733808,0.29024549930299853,3.6570640890798315e-28,3.1076845061911574e-26,53.498331174939636
ENSMUSG00000026814,Eng,2.1216804314203612,0.1928186119245969,3.6756443164107313e-28,3.1095294551778285e-26,13.318442970593766
ENSMUSG00000113429,Gm20063,-3.717972761431815,0.33816323927656594,4.056656417009482e-28,3.4166061823257636e-26,31.229496358645154
ENSMUSG00000062794,Zfp599,-1.5901003624936578,0.1451700927996958,6.402724460424031e-28,5.345005661895831e-26,16.01368983782537
ENSMUSG00000118257,9630014M24Rik,1.1374803284162576,0.10404890256786567,8.089022576963137e-28,6.723113062870678e-26,125.1260090749506
ENSMUSG00000075410,Prcd,-1.8503847630987802,0.16954387551523337,9.892040660321687e-28,8.185771638126462e-26,35.3040398270449
ENSMUSG00000026322,Htr4,-3.8669531200721936,0.3546169502580896,1.0958389150364062e-27,9.028759756495609e-26,29.35528165928986
ENSMUSG00000060548,Tnfrsf19,1.0717690075489565,0.0984072339144878,1.2701095882048961e-27,1.0419297271204669e-25,117.0323930682415
ENSMUSG00000032735,Ablim3,-1.6678613178019828,0.1531535441700254,1.2846311318072194e-27,1.0492999977477073e-25,70.58897579232122
ENSMUSG00000022525,Plaat1,-1.4548317549218333,0.13362836004608258,1.327317269098518e-27,1.0795134012625288e-25,43.57342478908784
ENSMUSG00000016382,Pls3,-1.1138758903346035,0.10238692197955232,1.4501336305013535e-27,1.1743603546154124e-25,434.24959813705277
ENSMUSG00000018849,Wwc1,1.2317281569196177,0.11326051999747204,1.5136239053467924e-27,1.2205605534604987e-25,497.1382229835877
ENSMUSG00000020422,Tns3,1.885935391931768,0.173701422164885,1.840319213900465e-27,1.4777139450599073e-25,20.153494490407535
ENSMUSG00000072568,Lratd2,2.3519572380053053,0.21694307578818608,2.191963433453322e-27,1.7526458676768125e-25,20.382183066700673
ENSMUSG00000109088,Gm44593,3.3398891768017838,0.3088694710854751,2.978573514774282e-27,2.361672305647391e-25,33.37154208248288
ENSMUSG00000012705,Retn,-1.3685234491606273,0.12706871726635705,4.77271827635618e-27,3.7373145180557693e-25,28.354931081321006
ENSMUSG00000020205,Phlda1,1.4235840329118232,0.132402997813067,5.8052137152655364e-27,4.483853809576543e-25,195.4390462912117
ENSMUSG00000079657,Rab26,-1.0618936364514064,0.09876215342253246,5.797150481639553e-27,4.483853809576543e-25,206.76542536121343
ENSMUSG00000022763,Aifm3,-1.2925229868873398,0.12021618119899792,5.820728428262952e-27,4.483853809576543e-25,156.1630203953548
ENSMUSG00000117004,Gm38593,2.3129343080152776,0.2152220689151564,6.139729027649257e-27,4.710439881536576e-25,19.958450180461995
ENSMUSG00000046417,Lrrc75a,1.0353850024290892,0.09641695200174119,6.703899053901842e-27,5.122535769009673e-25,88.52510125448956
ENSMUSG00000002771,Grin2d,1.0805313867854671,0.10142539025437157,1.6800128847669066e-26,1.2734497666533152e-24,51.620843263582856
ENSMUSG00000001103,Sebox,-4.024070110728065,0.37924732669270655,2.6582181703404466e-26,1.9910369299585558e-24,9.630348804302372
ENSMUSG00000020186,Csrp2,-1.99828592178892,0.18896758300017202,3.901953605694062e-26,2.911103182200885e-24,15.400751734456879
ENSMUSG00000051111,Sv2c,1.4576456037302576,0.13858596713499102,7.13812276250144e-26,5.2429235019148174e-24,386.125354859122
ENSMUSG00000027400,Pdyn,-3.2733251462302766,0.31135317367431353,7.508334957507095e-26,5.4935500943922566e-24,19.454018152737145
ENSMUSG00000066189,Cacng3,1.0535866850272857,0.10025654957116975,7.859976534213187e-26,5.706764571775475e-24,878.080331141423
ENSMUSG00000069171,Nr2f1,1.3511375723657082,0.12878551347677544,9.4637418738373e-26,6.844958340046444e-24,847.224604871424
ENSMUSG00000037593,Rskr,-1.7152980783100136,0.16364037556190386,1.0437715578830882e-25,7.463951329013027e-24,54.64510922914041
ENSMUSG00000102715,Gm6209,-2.88850598701959,0.2755979747276983,1.0576851804131054e-25,7.53501284542419e-24,6.377610133958116
ENSMUSG00000046480,Scn4b,-2.1608925334249918,0.206281051491358,1.1197097561922278e-25,7.947003700315624e-24,54.51690991719974
ENSMUSG00000028360,Slc44a5,-1.8232317477543936,0.17406728652775397,1.133817121171238e-25,8.017102405296627e-24,223.93659478358205
ENSMUSG00000035513,Ntng2,-1.6148743545071345,0.15419782195517812,1.1525250125895232e-25,8.119088843335117e-24,291.7260590849719
ENSMUSG00000038793,Lefty1,2.10180632779973,0.20073194019150004,1.1775399953881848e-25,8.264586263928186e-24,14.525458960347946
ENSMUSG00000049154,Fam183b,-3.3869248613380702,0.3236369558341769,1.248151597288226e-25,8.727849730115086e-24,4.669409192744457
ENSMUSG00000086939,Gm13530,-3.1281469577144665,0.2991637837055608,1.3710217473513741e-25,9.551787541289905e-24,15.025268046889725
ENSMUSG00000046719,Nxph3,-2.9038504622765555,0.27791460085303077,1.4852387621550474e-25,1.030962437466599e-23,86.11505859089507
ENSMUSG00000050541,Adra1b,2.1290660948923437,0.2045516834783555,2.268841207045744e-25,1.5521494900186592e-23,33.36495339544198
ENSMUSG00000027568,Ntsr1,-2.278227741483576,0.21961513092084903,3.2653016994336696e-25,2.217830365744374e-23,20.34953984865252
ENSMUSG00000031736,Crnde,1.8645021764846113,0.17996186204496673,3.748374896296752e-25,2.5368465816008377e-23,29.90717988973368
ENSMUSG00000023232,Serinc2,-2.189544303130881,0.21137364408299136,3.8234434165265597e-25,2.5784431581202245e-23,51.73565655637891
ENSMUSG00000054932,Afp,3.572097694831324,0.34511136975215473,4.160229997124701e-25,2.79561554771323e-23,11.443706676016031
ENSMUSG00000054555,Adam12,-3.301192783686573,0.31900255285028967,4.251649845703247e-25,2.83692833014354e-23,71.85773646527845
ENSMUSG00000027859,Ngf,2.214755039835472,0.21420422436817052,4.671845409302786e-25,3.106367386185536e-23,38.918089052386456
ENSMUSG00000044254,Pcsk9,1.8091829330386962,0.17536504659079677,5.924363508454262e-25,3.925408688293995e-23,44.332593506527274
ENSMUSG00000026167,Wnt10a,-1.999555382787724,0.19425773084142872,7.5532885405772755e-25,4.9699589529145617e-23,22.194203447550002
ENSMUSG00000085253,Gm16833,2.8302332271218433,0.2750276627586019,7.759233570368561e-25,5.0878019432001466e-23,9.915596416930656
ENSMUSG00000037348,Paqr7,-1.165156221271809,0.11325465717179842,7.9873292406649645e-25,5.219306521055209e-23,96.72967346132361
ENSMUSG00000062908,Acadm,-1.4704922012702697,0.14302071055014562,8.523489220721557e-25,5.550519612806651e-23,41.78773174260327
ENSMUSG00000097493,9930014A18Rik,2.5243736905399823,0.24580383904118475,9.633350008336742e-25,6.251780228013056e-23,4.409281656801779
ENSMUSG00000024238,Zeb1,-1.2465503019882904,0.12144233645823094,1.0179995071024588e-24,6.583989986208735e-23,222.3802951784176
ENSMUSG00000024598,Fbn2,-2.383434066111637,0.23334970001903355,1.7163802162315526e-24,1.1043105701706235e-22,5.728163595192263
ENSMUSG00000099869,1700030F04Rik,-2.4826424148323887,0.2435370625588472,2.1067576678436838e-24,1.3487519528931693e-22,18.94084407696348
ENSMUSG00000021556,Golm1,-1.6469128623403073,0.16188481075414965,2.6074865396743564e-24,1.6636993241356584e-22,25.561786324780122
ENSMUSG00000026357,Rgs18,2.6094044982748383,0.2565534821740289,2.6716205096946227e-24,1.6932176808934147e-22,11.198590903250778
ENSMUSG00000037095,Lrg1,4.020640782264673,0.39650375920306125,3.662223856837839e-24,2.305619338441098e-22,27.97369289670144
ENSMUSG00000059493,Nhs,2.2274476884527323,0.21986280426365634,4.0218191653253104e-24,2.515296144650648e-22,131.37641774198082
ENSMUSG00000021866,Anxa11,-1.190366049245289,0.11764364342653874,4.578144103322541e-24,2.8538102223013867e-22,102.16285326060819
ENSMUSG00000029869,Ephb6,-1.7505468933414694,0.17309404737438788,4.8246346155736525e-24,2.997600851315433e-22,30.358973514362685
ENSMUSG00000021130,Galnt16,-1.2575412282526182,0.12448412794283376,5.411548017998719e-24,3.351269115721429e-22,547.6418117828497
ENSMUSG00000031937,Vstm5,-1.6242624757508715,0.160819260152023,5.528442007683203e-24,3.3904199367507025e-22,53.91474018799621
ENSMUSG00000074607,Tox2,-2.2586398835242805,0.22364004416480956,5.555682658989485e-24,3.3961350447693788e-22,69.11635152456162
ENSMUSG00000087095,Emx2os,3.3315548912724013,0.33046388376634817,6.673441964046527e-24,4.066293415391694e-22,46.39619695057486
ENSMUSG00000028011,Tdo2,-4.082985903492489,0.40634878746711767,9.376647063296148e-24,5.695110956713526e-22,4.123810511331035
ENSMUSG00000021721,Htr1a,-1.9960470337326384,0.19918284295938266,1.2302579570148082e-23,7.424645950774082e-22,41.2477151682737
ENSMUSG00000037994,Slc9b2,-2.69582669748989,0.2691663490980522,1.3034480217647277e-23,7.841377781727488e-22,9.14319032611585
ENSMUSG00000027293,Ehd4,-1.0133197207606621,0.10148277201224402,1.77050360288805e-23,1.0550642539222815e-21,40.5508832160192
ENSMUSG00000008398,Elk3,-2.062203757974361,0.20684678539480741,2.0681884287779827e-23,1.2247553351669616e-21,23.923540085570668
ENSMUSG00000051920,Rspo2,-2.814250350000258,0.28275700608839,2.4495556399651694e-23,1.4460772391694692e-21,19.29831191600133
ENSMUSG00000102531,1110002O04Rik,1.382474680257271,0.13918132729765623,2.994080536885624e-23,1.7620442911174715e-21,22.44729926242732
ENSMUSG00000055044,Pdlim1,-2.6870257705721223,0.2707941643275986,3.314581119728772e-23,1.9446226693145583e-21,14.039995384975978
ENSMUSG00000038388,Mpp6,-1.8089536727377629,0.1825624544940336,3.816397461226342e-23,2.2321213546370117e-21,126.79560981933085
ENSMUSG00000041552,Ptchd1,1.0128170406254247,0.10224116099657064,3.9141117720731104e-23,2.282228248639552e-21,177.93243105112043
ENSMUSG00000039488,Cntn5,1.328968625380065,0.13421474273963668,4.088160974111817e-23,2.3764003208410715e-21,5715.496265305491
ENSMUSG00000007888,Crlf1,-1.3443051019101966,0.13621054366682953,5.654805035689391e-23,3.2670291288510354e-21,33.242703328465765
ENSMUSG00000063564,Col23a1,-3.9039751848730075,0.395967849174522,6.24687491572127e-23,3.598124001608452e-21,67.1794069708279
ENSMUSG00000076441,Ass1,-3.4649083875017026,0.35336471952643145,1.0664566584979393e-22,6.105544917986692e-21,10.980963911904324
ENSMUSG00000029212,Gabrb1,-1.6414883979939676,0.16825266915051518,1.7372210067853746e-22,9.826966590621747e-21,2084.7324416677416
ENSMUSG00000016494,Cd34,-1.7477922886441661,0.179390329795413,1.9771547768024795e-22,1.1084935804854139e-20,25.968639130846178
ENSMUSG00000097107,Platr6,2.4184595606404207,0.24850227402326153,2.19911325624852e-22,1.2256822413502782e-20,5.387934588904171
ENSMUSG00000049796,Crh,3.205981350399096,0.32974437632567655,2.414714726098642e-22,1.341901585324612e-20,89.51306298993818
ENSMUSG00000097083,D930019O06Rik,1.0586900101853105,0.10897527007183858,2.603601298145575e-22,1.442638730990019e-20,35.863636189651686
ENSMUSG00000098760,Gm2164,-4.054162768477859,0.4173678846103501,2.637376707830744e-22,1.45709296248958e-20,32.67955415809279
ENSMUSG00000051079,Rgs13,2.033457958233075,0.20937437264108527,2.6784904138445073e-22,1.4755056204172506e-20,37.61367182004573
ENSMUSG00000112238,Gm48844,2.1140328479171746,0.2180599389742185,3.1746748278384894e-22,1.7387308666918895e-20,4.754396464457235
ENSMUSG00000063415,Cyp26b1,3.360266778433738,0.34669071131544843,3.2478900321353553e-22,1.7737036342641206e-20,14.102393243859165
ENSMUSG00000071847,Apcdd1,-2.2782585618840137,0.23514779385452758,3.37038643818929e-22,1.835311005853076e-20,20.005085491189753
ENSMUSG00000028885,Smpdl3b,-2.327816148321751,0.2406732606815193,3.9615914606527534e-22,2.1510647042799335e-20,34.22497142466531
ENSMUSG00000045932,Ifit2,2.5017111014423783,0.25869192344267666,4.0193844369585366e-22,2.1762095737246935e-20,19.2350729573383
ENSMUSG00000026301,Iqca,-4.255637883175571,0.44039247292260064,4.317921807322673e-22,2.3311857050930103e-20,2.9502311928868403
ENSMUSG00000047496,Rnf152,-1.730012094016848,0.17914465222870238,4.588070668833458e-22,2.4699982719998307e-20,34.67347036773636
ENSMUSG00000110260,Gm30504,1.4059502078630863,0.14572182206937204,5.003637924370572e-22,2.678501092283117e-20,39.335024842613
ENSMUSG00000032060,Cryab,1.970199082004711,0.20423096235655297,5.065589034745974e-22,2.7040256960122876e-20,94.49875070257107
ENSMUSG00000078815,Cacng6,1.2601263564249792,0.13094612410383946,6.378776812696514e-22,3.3859333501568335e-20,55.51190113178944
ENSMUSG00000024378,Stard4,-1.0265178063016347,0.1067982775632194,7.132975583757249e-22,3.775695176318432e-20,68.22581812102311
ENSMUSG00000031343,Gabra3,-1.058756081178216,0.11016931322112661,7.236387106732738e-22,3.819764224863103e-20,446.2784059101849
ENSMUSG00000001995,Sipa1l2,1.5503710529963446,0.1614143104984146,7.621932318018313e-22,4.012100484067973e-20,129.25522561514043
ENSMUSG00000038260,Trpm4,-1.3917470233955762,0.14501231016732966,8.195419154142678e-22,4.3020275061219877e-20,48.75640900252201
ENSMUSG00000055471,Alk,1.8945522563149475,0.1975359485976877,8.729971032674127e-22,4.5448612931091953e-20,63.21932507652646
ENSMUSG00000022816,Fstl1,1.1630048075215629,0.12134002929197316,9.274872443432703e-22,4.815310487754787e-20,310.88437950911293
ENSMUSG00000028532,Cachd1,1.8950653262714583,0.19857868974212045,1.3856446450768202e-21,7.135316854403735e-20,119.79084769907804
ENSMUSG00000044674,Fzd1,1.0898652459829083,0.1142614940053181,1.4513352494567886e-21,7.453334140164266e-20,40.52067648231369
ENSMUSG00000037406,Htra4,-3.046753339764941,0.31992923758564146,1.6791046971138449e-21,8.599738921704693e-20,10.838586518967539
ENSMUSG00000005148,Klf5,1.661626528323545,0.1753980849841523,2.707275951003863e-21,1.3828269345424045e-19,140.45969108003868
ENSMUSG00000031765,Mt1,-1.8889649426958992,0.19974690469953793,3.1753539560580792e-21,1.6175526200887257e-19,551.5420372821795
ENSMUSG00000031297,Slc7a3,-1.4753774421214572,0.15618777645404425,3.5143084639435476e-21,1.7854194474994699e-19,10.80259429577567
ENSMUSG00000026475,Rgs16,-3.539764393028696,0.3749536164219661,3.708652253716306e-21,1.8791165830995723e-19,3.680600614614426
ENSMUSG00000045333,Zfp423,-1.2254085591658619,0.12991761028038337,4.015858118129631e-21,2.0293469690281734e-19,86.62099827871356
ENSMUSG00000027776,Il12a,-1.5059668852628862,0.15975041288288255,4.2199200434361584e-21,2.1267948091254043e-19,23.150957493530335
ENSMUSG00000032849,Abcc4,-1.6178306601441796,0.17164762050155266,4.2886962556373485e-21,2.1557239799556436e-19,53.88837978061239
ENSMUSG00000112928,Gm47710,-2.6260759105074074,0.27885921988472945,4.632318527177211e-21,2.3040009472443085e-19,5.097351830383712
ENSMUSG00000050410,Tcf19,1.380211803668358,0.14656259451813222,4.632007743303274e-21,2.3040009472443085e-19,22.147354218276675
ENSMUSG00000056752,Dnah9,-1.5690148433899527,0.16663875922017043,4.7009412785280854e-21,2.3320114457619693e-19,31.763604339157105
ENSMUSG00000039239,Tgfb2,-1.5990607335733162,0.16985583245882244,4.76592941132372e-21,2.3580773458116053e-19,35.12665664480903
ENSMUSG00000028601,Echdc2,-2.2701781271043373,0.24136020707878109,5.165157077180486e-21,2.54233056136546e-19,10.499200505409952
ENSMUSG00000086873,Gm15672,-1.0503807766994933,0.11179546523785643,5.691533733563826e-21,2.77261090619626e-19,25.967120298496603
ENSMUSG00000050022,Amz1,-2.022655917434816,0.21631648816995894,8.727785300875775e-21,4.1977546053704553e-19,46.16796354553664
ENSMUSG00000106583,4930447N08Rik,1.5140373391825017,0.16193009328209437,8.76939644391745e-21,4.207090192714827e-19,34.819324661536996
ENSMUSG00000046470,Sox18,2.5428047560863054,0.27204729985128806,9.02358743107096e-21,4.307228761178708e-19,6.832899225737525
ENSMUSG00000112441,Gm48898,2.198839156340182,0.23527647941771707,9.12258505600061e-21,4.343542382191245e-19,5.566138256781128
ENSMUSG00000039683,Sdk1,-1.897204622420199,0.20306794097188932,9.390050625169223e-21,4.448536483673919e-19,135.88188303398118
ENSMUSG00000061013,Mkx,-3.3404573097836425,0.3577530275428811,9.879596073118231e-21,4.668786672957369e-19,69.2948136931727
ENSMUSG00000106981,Gm45495,-1.0437184353343583,0.11190789166809845,1.0933724998267423e-20,5.154081808884768e-19,42.70303904576027
ENSMUSG00000021959,Lats2,-1.749464534678541,0.1877308565787365,1.1743790735343219e-20,5.522204328405806e-19,38.22788268482426
ENSMUSG00000036834,Plch1,-1.1934208935926411,0.128218726015021,1.306355651548597e-20,6.127584058625227e-19,28.784322284774667
ENSMUSG00000024601,Isoc1,-1.8594195228017598,0.20009704770234005,1.5058085386967865e-20,7.011074154374472e-19,9.909758188932859
ENSMUSG00000025213,Kazald1,-1.7648048226787225,0.19028891008318913,1.787152671542944e-20,8.300623315132056e-19,11.484474078194319
ENSMUSG00000043833,2900005J15Rik,-1.478365580763142,0.15945803231995523,1.840819858781463e-20,8.528981986285751e-19,30.702319777032514
ENSMUSG00000033377,Palmd,-1.110228189276887,0.1198464009315732,1.973587292062306e-20,9.077543491403083e-19,109.88129237787228
ENSMUSG00000020275,Rel,1.0713254365482674,0.11573170936339108,2.1030761018672666e-20,9.630451472192557e-19,47.85616002325268
ENSMUSG00000046607,Hrk,-1.364660082215517,0.14752833375856514,2.2416553967922064e-20,1.0235992715472846e-18,578.4301404472285
ENSMUSG00000105797,Gm5149,-2.711180103034856,0.29403877287939917,2.957593164688101e-20,1.3376226842682463e-18,4.857205830787006
ENSMUSG00000106112,Gm43434,2.1424573793105353,0.2327879810060765,3.4657067240505357e-20,1.5489420382254163e-18,11.605911888530834
ENSMUSG00000021647,Cartpt,3.478840939202515,0.37895488805964106,4.3072113687114035e-20,1.8981780334204905e-18,169.25692376920273
ENSMUSG00000028864,Hgf,-3.3672057569493012,0.367149786063005,4.67762922899164e-20,2.056637445229503e-18,24.603209162301745
ENSMUSG00000006800,Sulf2,-1.0420616495228314,0.11363655064613423,4.724602261283342e-20,2.0724817789657252e-18,114.48457396101345
ENSMUSG00000086289,Gm16933,-1.9134828793027057,0.20880543059319606,5.00308681484989e-20,2.189572636060171e-18,16.815880752223272
ENSMUSG00000029470,P2rx4,-1.1852543054980218,0.12934976702689976,5.039328525484024e-20,2.2003519713806974e-18,54.127705096431114
ENSMUSG00000066026,Dhrs3,-2.9972515599264167,0.3271916816848361,5.1639620200706924e-20,2.2495880524216006e-18,32.99114601898368
ENSMUSG00000062542,Syt9,1.239524924170203,0.13540285674492977,5.46868406623013e-20,2.3768707122720405e-18,229.4991944440269
ENSMUSG00000032289,Thsd4,-1.135393373717908,0.12421344023055912,6.206979474564893e-20,2.6915849208925566e-18,44.75220444337518
ENSMUSG00000021803,Cdhr1,-2.1681972826147855,0.23732829532686792,6.489096773843993e-20,2.807497348500997e-18,94.8902034714531
ENSMUSG00000085247,4930545L23Rik,1.0298299842880412,0.11296038050151375,7.742078448868261e-20,3.3343724228648534e-18,41.12338335639478
ENSMUSG00000031552,Adam18,-3.3311774654468653,0.36568583691375317,8.284111189362282e-20,3.559725783184019e-18,11.123029096947459
ENSMUSG00000097801,Gm26777,-1.2452334735844999,0.13682352023995592,8.948812710956503e-20,3.8366516034530714e-18,22.96216383092566
ENSMUSG00000034987,Hrh2,1.1450551445194739,0.12593874320328755,9.709109774917745e-20,4.153219644123956e-18,31.448119958583536
ENSMUSG00000085338,2410004I01Rik,2.2261379592585366,0.2449687554834183,1.014017878543641e-19,4.327846576216666e-18,24.16905512542171
ENSMUSG00000027230,Creb3l1,-1.8303209609063529,0.2014786526640067,1.0423277450440727e-19,4.4386765772101525e-18,6.976596048326973
ENSMUSG00000044548,Dact1,1.6135682182858684,0.17765067966839437,1.058025726692611e-19,4.495423210947305e-18,46.54347660357594
ENSMUSG00000023886,Smoc2,-3.8140787010974284,0.41997882313200596,1.0699261329525729e-19,4.5358166039040844e-18,39.91927880240504
ENSMUSG00000032198,Dock6,-1.6495324057208725,0.1817263699307083,1.1159650605041412e-19,4.720432566194973e-18,9.14776347928598
ENSMUSG00000066952,Myo1h,-2.1444473308713063,0.23634660080044212,1.1544915176036165e-19,4.872519879418382e-18,21.459578872983165
ENSMUSG00000105337,1700094M23Rik,-2.6569681453698673,0.2933620491824735,1.3413760350734662e-19,5.648683525476041e-18,3.031160904598976
ENSMUSG00000049107,Ntf3,-3.7210145324381005,0.4111609052328706,1.4294178458779957e-19,6.006090505407543e-18,42.740402691344045
ENSMUSG00000045776,Lrtm1,-2.689771845225572,0.2975616794177464,1.575689707435513e-19,6.591461358918979e-18,10.188872905434511
ENSMUSG00000027560,Dok5,1.2062651014493406,0.13384812134355462,2.0197650364713833e-19,8.39354110551156e-18,271.47192823932346
ENSMUSG00000087231,E230016M11Rik,-1.5902233681300215,0.17666888510825032,2.2336284433701236e-19,9.261982276119002e-18,29.39236566149925
ENSMUSG00000086715,B230112J18Rik,-2.22911654415037,0.2478697767171589,2.403634942926208e-19,9.923503740403407e-18,3.9003801561698666
ENSMUSG00000063594,Gng8,4.303154819322088,0.479425706747725,2.816970970305957e-19,1.1579522752125355e-17,63.583327241738154
ENSMUSG00000028033,Kcnq5,-1.3498376713954887,0.1505126658721122,3.0121801832015785e-19,1.2301899670618515e-17,3278.537705468523
ENSMUSG00000036256,Igfbp7,-1.671619848047753,0.18643251394542365,3.064927982200471e-19,1.2490405432838477e-17,28.97619893048404
ENSMUSG00000034098,Fstl5,-2.3040546285338133,0.25704479566831023,3.141597645861591e-19,1.2775380984780506e-17,185.43780612489576
ENSMUSG00000031027,Stk33,1.8712544769344266,0.20881667983445865,3.2107402864686204e-19,1.3000753937730844e-17,31.47397089364624
ENSMUSG00000024256,Adcyap1,2.745786058990767,0.3065387774648331,3.32467109062724e-19,1.343337253035953e-17,425.5652181845736
ENSMUSG00000041308,Sntb2,-1.3248736896569198,0.14804518212594342,3.583364570423568e-19,1.4447820980750344e-17,324.3617890565332
ENSMUSG00000041272,Tox,-3.9890310342714703,0.44594454911231335,3.7151922536617984e-19,1.494753571271573e-17,444.4225963448382
ENSMUSG00000102215,Gm2464,-1.0594771753416574,0.11847614149680752,3.8033942888398013e-19,1.5269983426592e-17,70.81487191980011
ENSMUSG00000101299,Gm28175,3.031915996421858,0.3398495103062983,4.606436493054387e-19,1.8338649483903495e-17,68.28950167950538
ENSMUSG00000032802,Srxn1,-1.3619779274486934,0.15272810412013021,4.762263859461871e-19,1.8919266276059216e-17,312.47420703019617
ENSMUSG00000022206,Npr3,-1.9640372945811864,0.22029290190819956,4.853032339287512e-19,1.9239531972698402e-17,36.73272890054158
ENSMUSG00000073077,Cfap47,-1.4880014426221544,0.16707816410616283,5.289747088878997e-19,2.0840063894855922e-17,9.449815629558048
ENSMUSG00000025946,Pth2r,-1.5252183873472576,0.17133435575220649,5.484940641665231e-19,2.156423758497015e-17,24.821239993981404
ENSMUSG00000074899,Sptbn5,-1.3490841660590729,0.1517646555780012,6.148555894925681e-19,2.4073374836537533e-17,19.827498729663773
ENSMUSG00000050875,Minar2,-1.508862135727175,0.17029008598083178,7.962771185721533e-19,3.0984499788382556e-17,74.28015779681542
ENSMUSG00000031119,Gpc4,-1.4498851038063867,0.16385195914549153,8.850459557796512e-19,3.436807553693522e-17,121.19327840476826
ENSMUSG00000001025,S100a6,-3.796926868662829,0.4299365774328518,1.0340589285252457e-18,3.999064631745593e-17,12.160446903715739
ENSMUSG00000053519,Kcnip1,-1.740305862634444,0.197066974519563,1.0370911131175705e-18,4.0026225241502977e-17,20.417908258729263
ENSMUSG00000026479,Lamc2,-1.723060102507436,0.19533512455831697,1.1339550562162539e-18,4.367570795792279e-17,91.7416856880001
ENSMUSG00000097063,Pantr2,2.9816343640120175,0.3382848034177374,1.207832058345728e-18,4.6426810356291165e-17,6.953021349637337
ENSMUSG00000089787,Gm15825,2.009380267579893,0.2286505458994977,1.5225029553793554e-18,5.828571920088643e-17,68.1302513429298
ENSMUSG00000004415,Col26a1,2.8462896226095884,0.32460419519335165,1.8107338467282607e-18,6.904105914587634e-17,30.9883262751044
ENSMUSG00000057615,Ldoc1,1.5607692181109039,0.1780299945663991,1.836705448858969e-18,6.98906993089909e-17,17.794854326655244
ENSMUSG00000047990,C2cd4a,1.8467454891052066,0.21065976963225563,1.843323758055336e-18,7.000197437905534e-17,7.15358229207258
ENSMUSG00000070509,Rgma,-2.147385612104136,0.245648431455687,2.2962263047560457e-18,8.668025592654795e-17,134.36021499789652
ENSMUSG00000005268,Prlr,-3.631724512780207,0.41559642386603013,2.360490854622378e-18,8.892902921489874e-17,2.703611017528011
ENSMUSG00000020591,Ntsr2,-2.3014187204661773,0.26344765538244974,2.4199708816296286e-18,9.098898453746321e-17,6.266520843150829
ENSMUSG00000114504,Gm48321,2.1132296393280328,0.24197784163054456,2.476685677338043e-18,9.293701700110082e-17,16.96907111195084
ENSMUSG00000024517,Grp,2.864833577773264,0.32847507385480246,2.742581978439986e-18,1.0271132112932359e-16,30.908141013193347
ENSMUSG00000054204,Alkal2,1.398720760422867,0.16042431967649434,2.809614575205734e-18,1.0501419368865613e-16,33.73372748529146
ENSMUSG00000113252,Gm33489,1.856310836069089,0.2130159021534008,2.9224133709119115e-18,1.0901522318657623e-16,5.91352044496953
ENSMUSG00000026749,Nek6,-1.512407996949821,0.17375870533755727,3.20188369772747e-18,1.1920568972875354e-16,58.73766476613643
ENSMUSG00000029999,Tgfa,-1.8236144378609156,0.2095521215006349,3.248278424999701e-18,1.2069583559557712e-16,11.08647119734295
ENSMUSG00000032193,Ldlr,-1.1304628698631096,0.13031877587657992,4.150173452357058e-18,1.5271026586828396e-16,94.35735706581549
ENSMUSG00000031654,Cbln1,-2.7425166291879064,0.31694766704181593,5.020679132516065e-18,1.8377422275427891e-16,2.8902552322991024
ENSMUSG00000045730,Adrb2,-2.8036513005057873,0.32498370686814,6.2953621738023066e-18,2.294175253722187e-16,4.232731881395818
ENSMUSG00000046818,Ddit4l,-3.809175890949571,0.44206301340451987,6.884129584936257e-18,2.503920453638044e-16,8.983575946449308
ENSMUSG00000045532,C1ql1,3.6759838989737443,0.4270522046240829,7.4470067479062e-18,2.6982940319851335e-16,129.45446760752264
ENSMUSG00000042567,Nek10,-2.7610328705638043,0.32124308058121365,8.338091220768106e-18,3.0153974930067866e-16,32.73533376715903
ENSMUSG00000018819,Lsp1,-3.78185459401118,0.44008852447597085,8.443653679163871e-18,3.047756899431531e-16,7.824524086492319
ENSMUSG00000086220,Gm16599,1.6660196816195894,0.19426758780038378,9.831373076836344e-18,3.541911022928683e-16,105.53670418415811
ENSMUSG00000006235,Epor,-1.2818621022461023,0.14950664322144414,9.999707040481037e-18,3.595720083816237e-16,36.035885758559154
ENSMUSG00000038115,Ano2,-2.2702474903352106,0.2649356438077333,1.0433979311416978e-17,3.7447709839271164e-16,2.6006826335243955
ENSMUSG00000032625,Thsd7a,1.9373084900379738,0.22616293155186432,1.0715496907719562e-17,3.838538117226573e-16,235.35826529679548
ENSMUSG00000014599,Csf1,-1.1151394481960997,0.13021897601304866,1.0942442197926458e-17,3.905071179862644e-16,25.587080990579874
ENSMUSG00000006369,Fbln1,-1.7940546704616427,0.20951756576619318,1.1016961451423753e-17,3.9169121858251427e-16,4.876006221631453
ENSMUSG00000038175,Mylip,1.1577605941037643,0.13531178204985556,1.166045822408689e-17,4.130199688718627e-16,136.31058025751975
ENSMUSG00000046834,Krt1,-1.030886830661718,0.12068939495649283,1.3231622144998903e-17,4.669259583756597e-16,31.005229456318084
ENSMUSG00000026734,4921504E06Rik,1.585431930763669,0.1859710781711689,1.52607711006968e-17,5.355400228855637e-16,5.723452785142551
ENSMUSG00000064090,Vrk2,-1.272361913393297,0.14940609474154556,1.6497184535406547e-17,5.778588668132238e-16,32.051767273883925
ENSMUSG00000097183,Gm17501,2.472874000456037,0.2906813609625031,1.782393824814585e-17,6.222677432383553e-16,95.98393663015294
ENSMUSG00000036617,Etl4,-1.0160300384329808,0.11978188002963425,2.2071890191780448e-17,7.660482035425632e-16,2513.862245526384
ENSMUSG00000020140,Lgr5,1.2099262819049355,0.14276231701374828,2.3485834463738065e-17,8.136317423909256e-16,28.225771540318895
ENSMUSG00000104411,Gm30340,1.7532081321644895,0.2073687690795946,2.8018302703139295e-17,9.671162772759374e-16,11.849300877497608
ENSMUSG00000038156,Spon1,-1.3305376730565595,0.15740499474239045,2.840159751735179e-17,9.785641326433026e-16,530.7039357315211
ENSMUSG00000074071,Fam169b,-3.1167777141957096,0.36915950019686433,3.0955295812480404e-17,1.0646149830245075e-15,10.046177590322184
ENSMUSG00000085665,Gm12059,-1.0552539047043428,0.1250011743281771,3.1208170965581663e-17,1.0694300900502217e-15,22.24443243869438
ENSMUSG00000087651,1500009L16Rik,1.6741026670020915,0.19856462714122414,3.426603938908151e-17,1.1678802993221126e-15,330.28560757573393
ENSMUSG00000111061,Gm46102,1.7715645686371,0.21014451278577578,3.450146474417939e-17,1.1737931003630152e-15,52.63496419395912
ENSMUSG00000036528,Ppfibp2,2.0260307595844376,0.24049898811926673,3.629760404840621e-17,1.2326874493141535e-15,97.30255035455153
ENSMUSG00000020096,Tbata,-1.738824045079202,0.20666337399381596,3.96941399005981e-17,1.3432213412791679e-15,17.29408845193429
ENSMUSG00000069072,Slc7a14,-1.2244166932944014,0.14568432940116127,4.293680855704789e-17,1.4452087427283438e-15,415.7780181672523
ENSMUSG00000107008,Gm2762,-1.6513984110936424,0.1965714754395441,4.4266466861988236e-17,1.4873218919054558e-15,33.73399389916235
ENSMUSG00000001313,Rnd2,1.5918926069684796,0.18962890719396053,4.667747438453768e-17,1.5627882324858465e-15,28.66281790600376
ENSMUSG00000038530,Rgs4,1.4120404688865666,0.1684084627201162,5.089115631927738e-17,1.6948812166086227e-15,1930.848625882493
ENSMUSG00000066687,Zbtb16,-1.4785333637708038,0.1763944012461985,5.20471359885176e-17,1.727308628690733e-15,83.45910319161398
ENSMUSG00000022076,Klhl1,-4.010251204280792,0.4788382842619859,5.524289899359207e-17,1.830162475399597e-15,109.08408135662208
ENSMUSG00000116760,Gm1604a,-1.1799628151316408,0.14103545418943678,5.939174711985342e-17,1.9573454050803867e-15,63.34221617860175
ENSMUSG00000048747,E130114P18Rik,1.4161083200290612,0.16940072563230169,6.297531697615902e-17,2.0718441956566204e-15,159.54992522870543
ENSMUSG00000029094,Afap1,1.9565287900370847,0.23414492209782664,6.48482703656368e-17,2.126080836382037e-15,39.39995971146071
ENSMUSG00000097668,Gm26761,3.56077415291186,0.4261603394533371,6.516722762376525e-17,2.1328479507259957e-15,2.5493318155385065
ENSMUSG00000107419,Gm38839,2.727280926859927,0.32652131206956153,6.68128426711692e-17,2.1829368424459588e-15,9.01258280314358
ENSMUSG00000100301,6030407O03Rik,2.590840512732334,0.3102682700622088,6.80760918175874e-17,2.2203819964600364e-15,2.5984957984101755
ENSMUSG00000020902,Ntn1,-2.6127167652856467,0.31320808760536795,7.317298942150889e-17,2.3622285341355934e-15,3.7899848359909143
ENSMUSG00000109588,Lnp1,2.6134029285610496,0.3132984545916065,7.33067728431933e-17,2.362522696221961e-15,63.25411536135319
ENSMUSG00000055214,Pld5,3.435134107044159,0.4120625716516102,7.656189093655864e-17,2.4632391056838477e-15,189.78149126820142
ENSMUSG00000055653,Gpc3,-2.0763145599365918,0.24977861332962487,9.361234257633224e-17,3.0016140301548155e-15,4.449136272472804
ENSMUSG00000051048,P4ha3,-2.002924650037782,0.24101058739119682,9.527912791117187e-17,3.0498977599944375e-15,8.7817291587473
ENSMUSG00000031565,Fgfr1,-1.3302020002985462,0.16042740953416107,1.1172288875434726e-16,3.558233179655261e-15,66.21092488849129
ENSMUSG00000030088,Aldh1l1,2.271629361752002,0.2741541145598922,1.1716254781222922e-16,3.725218592351919e-15,6.398665766634156
ENSMUSG00000087266,Gm15991,2.321187779457819,0.280348377613606,1.2353289418194932e-16,3.9211865071154764e-15,23.58408566311536
ENSMUSG00000068762,Gstm6,-1.070604506649292,0.12940908982125657,1.3060339008860163e-16,4.138686023710703e-15,26.318517225025353
ENSMUSG00000117994,Gm5820,1.5789482358583098,0.19103593753622491,1.394729434048058e-16,4.412374419901619e-15,47.76317368499291
ENSMUSG00000028906,Epb41,-1.653874206894105,0.20014608847375007,1.4165779164084416e-16,4.466580951071542e-15,79.14665216203771
ENSMUSG00000020363,Gfpt2,1.498610161933468,0.18147597074839966,1.482594367071421e-16,4.659231054063587e-15,29.41210894901986
ENSMUSG00000047250,Ptgs1,-2.4427272877371013,0.2962620760741821,1.649437050638671e-16,5.157893087393204e-15,3.8116505810191654
ENSMUSG00000118267,G630055G22Rik,3.514947040059467,0.4265044215594902,1.7036235217431246e-16,5.318561076941056e-15,2.574510580428195
ENSMUSG00000046768,Rhoj,2.4019931828613323,0.2925927981467755,2.2241128019818727e-16,6.886754509404655e-15,19.830133054399017
ENSMUSG00000032456,Nmnat3,-1.1677561804641108,0.14240947917855457,2.4040877965961605e-16,7.419782368973491e-15,15.092783279157995
ENSMUSG00000045838,Ccdc9b,-2.11175159521349,0.2575839062716445,2.4379881764811677e-16,7.512174950295631e-15,11.135501220840979
ENSMUSG00000021090,Lrrc9,-2.058509305463287,0.25186199588004593,3.0040609856699e-16,9.226410968953745e-15,12.672354972507213
ENSMUSG00000085271,E130006D01Rik,1.2984668722045989,0.15923235096440147,3.5050598739992297e-16,1.0713045905207323e-14,24.95255563058017
ENSMUSG00000118396,Iqcf3,2.4980008557548072,0.3064661700009526,3.6097480926940007e-16,1.1015253841634672e-14,2.925147769541764
ENSMUSG00000025207,Sema4g,-1.4482557835249423,0.17779958002647964,3.779056800583075e-16,1.1494883847680461e-14,9.596873191374497
ENSMUSG00000028957,Per3,-1.007417144745779,0.12378188972832635,3.9971847781913673e-16,1.213888646582154e-14,131.000203074445
ENSMUSG00000034480,Diaph2,-1.0218651299092618,0.12566956685579217,4.2448274039805053e-16,1.2829263047118114e-14,498.9538365270439
ENSMUSG00000030170,Wnt5b,-1.5383350409715755,0.18923828004620993,4.325245151800152e-16,1.30514961188874e-14,11.382349957225603
ENSMUSG00000100832,Gm29260,2.970204591929538,0.3656394625933323,4.536193532147658e-16,1.3622958388937897e-14,2.1726306639506703
ENSMUSG00000087597,Gm15345,-1.625629100758116,0.20035100013953824,4.901822794619014e-16,1.469771233513138e-14,5.862102692777544
ENSMUSG00000050248,Evc2,-1.490927173974208,0.18380856718076402,5.007937216815933e-16,1.4992165917640115e-14,19.04698353697875
ENSMUSG00000087485,Gm13383,1.9570765540169093,0.24170092062467124,5.628474716991043e-16,1.6796786753855158e-14,7.177410876482817
ENSMUSG00000030970,Ctbp2,-3.1133982558336926,0.38482048775913025,5.941003230529138e-16,1.770157409096339e-14,24.176649940160697
ENSMUSG00000109590,Gm32710,1.6290348292284695,0.2014293851309615,6.09647035587067e-16,1.813628151393237e-14,6.733367627258421
ENSMUSG00000039358,Drd5,-4.384466980594554,0.5422152017367038,6.154909884523681e-16,1.8281432964220024e-14,3.6009206511112377
ENSMUSG00000086527,Gm15856,-2.233619371726754,0.27631402383667,6.286866694860449e-16,1.8644150840000862e-14,3.7279553327850876
ENSMUSG00000005958,Ephb3,1.0750847848292682,0.13301408614748883,6.345846838699424e-16,1.8789655873961576e-14,52.100367097725666
ENSMUSG00000004952,Rasa4,-1.4407547947165489,0.17828278731785707,6.408553830814431e-16,1.8945724663640168e-14,11.355149499260397
ENSMUSG00000026556,Vangl2,1.084209117847538,0.13426565935790374,6.741934453352209e-16,1.9900258238477315e-14,73.48014113993213
ENSMUSG00000045917,Tmem268,-1.7073776718070621,0.21157640929068477,7.041787400726375e-16,2.0753012635111167e-14,18.280115979836875
ENSMUSG00000035431,Sstr1,-1.1337258526541028,0.14072196514216162,7.85130039901665e-16,2.3066998846723336e-14,25.52394808835659
ENSMUSG00000029798,Herc6,-1.540785040659946,0.19128789520988507,7.961124454279385e-16,2.3353453314023892e-14,11.467798522148803
ENSMUSG00000021743,Fezf2,-3.660591062893931,0.4547479959248111,8.298810029546769e-16,2.4306406500759086e-14,25.263530760784384
ENSMUSG00000027878,Notch2,-1.242782958673441,0.15441390872588545,8.389203570995958e-16,2.4495440319009768e-14,13.088865677871777
ENSMUSG00000045201,Lrrc3b,-1.4310003051186893,0.17795680144575268,8.89055134382204e-16,2.5919376610065793e-14,88.09710312230536
ENSMUSG00000097823,Gm16701,-1.0998585195452604,0.1369614098310373,9.713448319333603e-16,2.827493788807554e-14,19.16952152738356
ENSMUSG00000070564,Ntn5,1.4271643939995564,0.17776492899770446,9.876818357046072e-16,2.8706396911966723e-14,9.830196595700773
ENSMUSG00000020218,Wif1,3.0457999878491173,0.37963994218899,1.0330690489251281e-15,2.993372855830456e-14,5.192353795431774
ENSMUSG00000030450,Oca2,2.074995668297168,0.2586292978698875,1.031517280390075e-15,2.993372855830456e-14,14.11202232932253
ENSMUSG00000019890,Nts,-1.9908044676643317,0.2481896656858994,1.046294247757466e-15,3.0234936439496185e-14,16.696013203949143
ENSMUSG00000051000,Fam160a1,-3.032397452000477,0.37813682722328723,1.0633850233912916e-15,3.067145539309737e-14,3.151832734159994
ENSMUSG00000090125,Pou3f1,-4.451115219336699,0.5571989218626822,1.3672645439197716e-15,3.9197674897548673e-14,89.4305045141115
ENSMUSG00000027849,Syt6,-1.9169313220297952,0.2400310450769656,1.3918351982597952e-15,3.973150847711769e-14,9.184245952405622
ENSMUSG00000017754,Pltp,1.2851241827151174,0.16091910075511112,1.3921752838420129e-15,3.973150847711769e-14,18.422133840748714
ENSMUSG00000020810,Cygb,-1.5643352228078198,0.19608929646318393,1.4912436621031305e-15,4.2494838190758384e-14,157.67586072659998
ENSMUSG00000097927,Gm6999,-3.6047943602949815,0.452260796027661,1.5789323150082659e-15,4.472461490195312e-14,7.3634707559697326
ENSMUSG00000030047,Arhgap25,-2.545617510628486,0.3196861325374178,1.681008568214252e-15,4.754494383232847e-14,7.01351620622148
ENSMUSG00000053442,4930597O21Rik,-2.3925256539023296,0.3009062737159623,1.849133357653779e-15,5.222217157606425e-14,4.685628174749887
ENSMUSG00000050074,Spink8,-2.006711468047938,0.2524382883783251,1.875456476762074e-15,5.28081727112055e-14,6.272779259567429
ENSMUSG00000049676,Catsperg1,-1.972594004338871,0.24827648903924798,1.9395557808067123e-15,5.453202084018872e-14,6.57386844972374
ENSMUSG00000031837,Necab2,-1.3102260147535019,0.16504412330654755,2.0440875506504755e-15,5.730097497755402e-14,181.97265832698344
ENSMUSG00000054944,5330416C01Rik,-2.0296075290453315,0.255726289512433,2.0773166366542833e-15,5.806069360560276e-14,3.8996350226250587
ENSMUSG00000068744,Psrc1,-1.1771980410151843,0.14843679562107126,2.1802821924870075e-15,6.075933462886587e-14,19.134239659125996
ENSMUSG00000038068,Rnf144b,1.0007413846985787,0.12627055826180744,2.274608995670333e-15,6.32949199235724e-14,98.54478463320987
ENSMUSG00000117356,Gm46633,-2.801500642692959,0.3539370252865822,2.4675337306186237e-15,6.846231946591936e-14,2.0486278269094753
ENSMUSG00000085282,Gm15663,1.4184341095522073,0.17945375225357044,2.6971090892905525e-15,7.47225398275672e-14,18.710184052691105
ENSMUSG00000028222,Calb1,-1.678843443723111,0.2128345544604976,3.0701601079029156e-15,8.468636687738028e-14,423.9175946514616
ENSMUSG00000036492,Rnf39,-1.9845633627414385,0.25226218646254434,3.630540673489324e-15,9.913363942741023e-14,3.66381395879085
ENSMUSG00000110455,Gm45904,2.4778485809434736,0.3151700737869099,3.782256523689524e-15,1.0312771384736183e-13,26.474831445504755
ENSMUSG00000030544,Mesp1,1.7359875262880493,0.22095182976628605,3.938836263306074e-15,1.0724274021501452e-13,4.998145888368603
ENSMUSG00000024043,Arhgap28,2.9946447188846315,0.38165206183388756,4.2770320354755865e-15,1.1628372607211242e-13,9.243850681087185
ENSMUSG00000032259,Drd2,-3.066182803597845,0.3907795574206424,4.2841116241138345e-15,1.1630933420767503e-13,2.9215187963884293
ENSMUSG00000011148,Adssl1,1.5799727369579544,0.2014762349857284,4.434947060623861e-15,1.1971830028322247e-13,41.41912415118275
ENSMUSG00000047642,D930020B18Rik,-2.027682384503513,0.2585944311158163,4.463746697159296e-15,1.2032432419796394e-13,7.464817991143695
ENSMUSG00000040675,Mthfd1l,-1.2867637929941662,0.16434909304480683,4.89990165507321e-15,1.3170657640232246e-13,68.4022489496382
ENSMUSG00000020847,Rph3al,-1.5971409493521216,0.20431306124289086,5.404298949063893e-15,1.4464896198412538e-13,13.444755389227861
ENSMUSG00000062209,Erbb4,2.387978324770624,0.30552888029485264,5.457856722526143e-15,1.458764243890979e-13,615.844587667937
ENSMUSG00000037681,Esyt3,-2.9373828842944665,0.3766044780780106,6.207941442098882e-15,1.6545779230347936e-13,4.12944293020006
ENSMUSG00000031620,Iqcm,-1.603351627052043,0.20567781020290024,6.417800897835478e-15,1.7081085254772797e-13,11.811110073580437
ENSMUSG00000000247,Lhx2,-2.1268004672239536,0.273057947498111,6.763540346913768e-15,1.7900710834359762e-13,49.558379727445356
ENSMUSG00000111758,Gm30373,2.6912734677951664,0.3456276191088802,6.882155611706778e-15,1.8163906523933627e-13,3.5501323664200077
ENSMUSG00000026728,Vim,2.6168445602809753,0.3365445999397944,7.507588180975011e-15,1.970481939466433e-13,1.8213989222013451
ENSMUSG00000078612,Fyb2,1.0723053293752232,0.13791035499501106,7.522162961060093e-15,1.971576599060702e-13,33.075780641898874
ENSMUSG00000002324,Rec8,-2.1255003938921297,0.273497686470997,7.753269707892384e-15,2.0293433834884074e-13,3.2323152879456347
ENSMUSG00000085335,Gm13684,1.480079077704292,0.19046903511107127,7.804920708419747e-15,2.0400447920628167e-13,25.58026764865068
ENSMUSG00000020961,Ston2,-1.6318989214501423,0.21011285976798333,8.05108362956417e-15,2.0985974522729164e-13,8.090045450043082
ENSMUSG00000089759,3632454L22Rik,-2.2047831384365115,0.28392536746917474,8.141263672129156e-15,2.119188826742411e-13,5.103234868993824
ENSMUSG00000004035,Gstm7,-2.0093276266882594,0.25879338380806144,8.215205294847486e-15,2.135502610937721e-13,17.969770892185593
ENSMUSG00000031932,Gpr83,-2.626419559873278,0.3383973356846908,8.40312414666479e-15,2.1783748642858795e-13,128.55149229424995
ENSMUSG00000113121,Gm35161,1.824262438405844,0.23504217439557704,8.397972899210416e-15,2.1783748642858795e-13,71.07196750736287
ENSMUSG00000047986,Palm3,1.1602408548497793,0.14954020940874305,8.578972987567843e-15,2.214871091476984e-13,14.61778294490496
ENSMUSG00000041617,Ccdc74a,-2.0857456376151644,0.26888298296148616,8.691009765135775e-15,2.2407433340043937e-13,85.19690074097366
ENSMUSG00000024867,Pip5k1b,1.2599915262142098,0.1627680182257533,9.861741682087326e-15,2.535685276466144e-13,648.9786213374381
ENSMUSG00000026831,1700007K13Rik,-1.7734547746638492,0.22910930332444543,9.89103570446651e-15,2.5397713631387587e-13,7.9020820998647405
ENSMUSG00000041957,Pkp2,-3.4399382257766957,0.44460092275175006,1.0168051904851439e-14,2.607369196169618e-13,17.8155572377158
ENSMUSG00000036437,Npy1r,1.3819077970254723,0.17866330291202936,1.0364381005339065e-14,2.65412189258345e-13,168.2449594907687
ENSMUSG00000074665,Bpifb4,-3.0743606378127732,0.39849316909557414,1.2101594847704311e-14,3.0823282575806004e-13,2.3131466760695183
ENSMUSG00000056296,Synpr,2.3695718696129604,0.30724790131565344,1.2362105975603577e-14,3.144455144130037e-13,152.92929432641662
ENSMUSG00000046922,Gpr6,-2.675948440854348,0.34722665099613054,1.291803870257806e-14,3.2770660430234835e-13,2.02490194491811
ENSMUSG00000037973,Itprid1,-2.3933917252757557,0.31077364825765513,1.3458499953051774e-14,3.4005143214710814e-13,4.416268206372862
ENSMUSG00000028294,Cfap206,2.2595636512078,0.2934209576295613,1.3526193022688007e-14,3.413067347269477e-13,33.608375528806484
ENSMUSG00000033053,1700028P14Rik,1.3141423241065333,0.17093644238708197,1.495693047325802e-14,3.7690669211202054e-13,15.170994290684149
ENSMUSG00000096606,Tpbgl,-1.6443023663411218,0.21400555980838173,1.5485280660285987e-14,3.8867028942042315e-13,21.16268993334546
ENSMUSG00000019647,Sema6a,2.3711901371374413,0.3086672014653803,1.565893898007414e-14,3.9250911861429225e-13,375.21263039459495
ENSMUSG00000032377,Plscr4,-2.6603528348957197,0.3466979633833381,1.6749355101604436e-14,4.1818218600184994e-13,3.7060975032853616
ENSMUSG00000026141,Col19a1,3.3237349726013377,0.43337545442695075,1.727864059668723e-14,4.3082926224634613e-13,85.74796903179296
ENSMUSG00000027803,Wwtr1,2.0941108722988098,0.27343666287725515,1.8813764961413536e-14,4.678751260089062e-13,4.184501769742647
ENSMUSG00000061186,Sfmbt2,-1.2356832489054823,0.16139142899390255,1.9116301344191014e-14,4.741543330790835e-13,21.233837241363865
ENSMUSG00000026668,Ucma,-1.7437718013960894,0.22778606821023364,1.928541459486933e-14,4.771000085806446e-13,6.76034654095698
ENSMUSG00000020892,Aloxe3,-1.1092664057419679,0.14495502059979914,1.9712909574050454e-14,4.864057765992918e-13,16.07094245992257
ENSMUSG00000022419,Deptor,2.250744656697561,0.2942646745446281,2.0300817214331003e-14,5.002607102881307e-13,98.93974678711339
ENSMUSG00000108676,1700123J17Rik,2.7165024554792874,0.35572847917032835,2.2329432422019925e-14,5.474032915876813e-13,2.690951894547331
ENSMUSG00000009734,Pou6f2,1.953289683467929,0.2557962365004329,2.238729808435633e-14,5.481127890162177e-13,58.47798865728768
ENSMUSG00000052684,Jun,-1.5411951850586025,0.20211608179751267,2.4347286529261913e-14,5.937980434099269e-13,230.27467844782865
ENSMUSG00000053846,Lipg,-1.477235284274781,0.19376360576773044,2.4611490367951445e-14,5.994701060060153e-13,33.550390558570996
ENSMUSG00000116056,Gm4544,-2.752936174708541,0.3613314074989924,2.55910667911165e-14,6.217316867841765e-13,5.374392283145459
ENSMUSG00000022103,Gfra2,-1.181382574708809,0.15507585259751736,2.5744683640542094e-14,6.246629385253171e-13,269.8257793731872
ENSMUSG00000085816,Gm13052,-1.14636994711086,0.15052670512927868,2.622160314333289e-14,6.35421201491251e-13,117.10342732851677
ENSMUSG00000031762,Mt2,-2.075891109609572,0.2727195100127346,2.7026823865236093e-14,6.540974613617164e-13,25.46185915081308
ENSMUSG00000112481,Gm29684,1.5420678758759996,0.20266751339406433,2.765331612102102e-14,6.675545738768769e-13,13.413193873187327
ENSMUSG00000049090,Zadh2,-3.2367718004198625,0.425725946993938,2.894621182541387e-14,6.978762265796348e-13,23.61385235584556
ENSMUSG00000059187,Tafa1,1.0501097324683564,0.13824286263216323,3.051354682370351e-14,7.336325689793439e-13,9617.231533773607
ENSMUSG00000097636,Mirt1,-1.874284183033188,0.2467519451573575,3.0584154590695604e-14,7.336325689793439e-13,8.856545048613258
ENSMUSG00000044726,Erich5,-2.4481503489274763,0.32252740668006274,3.186271136758658e-14,7.633354998935092e-13,1.851943543967121
ENSMUSG00000117254,Gm34567,-3.8364846428985024,0.5057168743736502,3.293469937196101e-14,7.870271791912499e-13,10.308923680592734
ENSMUSG00000091387,Gcnt4,-2.124503013160317,0.28075696639602477,3.8178440294049724e-14,9.077558890492375e-13,8.901308963493872
ENSMUSG00000037206,Islr,-1.2934206155687575,0.1710500644183584,3.9798996242319424e-14,9.439186217671503e-13,15.376441615410162
ENSMUSG00000102761,Gm37184,-1.4346442705644775,0.1897543326813711,4.014149009112964e-14,9.508515465336332e-13,5.02226054811951
ENSMUSG00000015217,Hmgb3,1.0365039144196246,0.13718000574747397,4.1631113537555225e-14,9.849058695838596e-13,153.25651919426218
ENSMUSG00000090291,Lrrc10b,-1.5104021051424465,0.20037514088729902,4.777034691660474e-14,1.12313656832464e-12,15.987407402999933
ENSMUSG00000032062,2310030G06Rik,-2.1243383332802797,0.2818389048107924,4.7935875544621314e-14,1.1256317739412316e-12,4.244715729130657
ENSMUSG00000053111,Fank1,-1.3696318084115124,0.18185534908272052,5.0185550171446635e-14,1.1755453346710923e-12,29.09959144662927
ENSMUSG00000115704,Gm49171,-1.87230251833717,0.24908005860895024,5.610298322918311e-14,1.309299916493867e-12,18.239345661206222
ENSMUSG00000091002,Tcerg1l,-2.92496198239945,0.3893595877823158,5.812488642140395e-14,1.3548174633279272e-12,12.619214210015798
ENSMUSG00000085213,Gm13091,-1.1962456056573516,0.1597407672537673,6.957597666239203e-14,1.6098470790626727e-12,15.041197260675194
ENSMUSG00000009545,Kcnq1,2.73214760860481,0.3652545670989111,7.425537045344756e-14,1.716023500113209e-12,50.597142488152215
ENSMUSG00000024526,Cidea,-1.7505210703220135,0.23416367905235347,7.683474356027192e-14,1.7713119105439815e-12,34.59582612451145
ENSMUSG00000048120,Entpd1,1.24878587762985,0.1671607812979783,7.984977903525687e-14,1.8341252275371124e-12,8.322303437770344
ENSMUSG00000050271,Prag1,-1.6684249042020953,0.22340895537563094,8.140394673831794e-14,1.8675602792870763e-12,16.092847937182324
ENSMUSG00000028163,Nfkb1,-1.351519517332851,0.18100107664149764,8.209723249426537e-14,1.878916130152571e-12,71.14403666460794
ENSMUSG00000021760,Gpx8,2.5975539431497072,0.3481398606978847,8.571403780382928e-14,1.954610128017527e-12,5.127132980385349
ENSMUSG00000031827,Cotl1,-1.067316271786704,0.14310917182312474,8.780809923068589e-14,1.9999561062758384e-12,204.22418399218083
ENSMUSG00000019718,L3hypdh,1.6426640563657058,0.22031972761252336,8.931114557383492e-14,2.0317481496088496e-12,16.55080374612563
ENSMUSG00000095407,Tmem200c,1.638522736540287,0.22005542744636591,9.62458556098897e-14,2.1868812515676377e-12,56.356142386121135
ENSMUSG00000030075,Cntn3,-1.1500375442452684,0.15460707399621781,1.0187075343317991e-13,2.3119170988727657e-12,1010.1547787077391
ENSMUSG00000021620,Acot12,-1.8752105797396992,0.2521321116352471,1.026763605266001e-13,2.327412717678316e-12,2.680972799691812
ENSMUSG00000063531,Sema3e,-2.6837827657154385,0.3609964132115636,1.0506340124702005e-13,2.378675571841135e-12,143.96902244704938
ENSMUSG00000021209,Ppp4r4,-1.1512202666356657,0.15506973977351435,1.1373197232200768e-13,2.571862619930842e-12,203.73042117388712
ENSMUSG00000031283,Chrdl1,-2.780014973388608,0.37493036727306306,1.2185436492851274e-13,2.7489764468991865e-12,4.118537923909537
ENSMUSG00000047220,Ccdc36,1.6617966266633393,0.2243072701187899,1.276663134379477e-13,2.8732501658540483e-12,6.166472946198089
ENSMUSG00000030739,Myh14,-1.9494241829292642,0.2631827084703145,1.2907802411724802e-13,2.9015759869772836e-12,12.65646491546124
ENSMUSG00000026589,Sec16b,1.3137935069845312,0.1775185568186927,1.3528511647344906e-13,3.0339088250554555e-12,24.105621749734194
ENSMUSG00000110020,Gm45441,1.3796866136245332,0.1865087235341611,1.3883761017463478e-13,3.1098968236516892e-12,106.50485913309046
ENSMUSG00000053508,Gtsf2,1.377126409511154,0.1862767774982125,1.436557569433644e-13,3.2102318326376833e-12,7.721550317768302
ENSMUSG00000003411,Rab3b,-1.2208438971483069,0.1651361038217809,1.436003495123866e-13,3.2102318326376833e-12,30.370808782767774
ENSMUSG00000048965,Mrgpre,-2.0086630801336565,0.2720579989699535,1.5451058253889534e-13,3.4446771048377256e-12,32.83858815098871
ENSMUSG00000023999,Kif6,-1.1572730908818214,0.15674317687730846,1.54478760937698e-13,3.4446771048377256e-12,12.707169524645309
ENSMUSG00000024306,Ccdc178,2.234557212856705,0.3035502622273717,1.8198093717189592e-13,4.028666775008677e-12,3.1780692245002484
ENSMUSG00000041301,Cftr,1.1447988186898281,0.15559732569523274,1.8746312856590653e-13,4.145188198744375e-12,50.63524574993451
ENSMUSG00000047507,Baiap3,-1.7750180352283285,0.2414343470855207,1.9530690065411943e-13,4.3135964654959946e-12,36.85427277222082
ENSMUSG00000036390,Gadd45a,-2.487709632028277,0.33870157018949437,2.060017834624987e-13,4.52869349955261e-12,21.50740187573969
ENSMUSG00000036198,Arhgap36,-5.005876625092764,0.6823586440887935,2.1984667377881582e-13,4.82186859734787e-12,53.14328281926534
ENSMUSG00000022425,Enpp2,1.463145056194054,0.1996539947082762,2.329103813553383e-13,5.076156711479792e-12,113.45334569169901
ENSMUSG00000021732,Fgf10,-2.143341630017307,0.29299575186155136,2.5687355186671786e-13,5.5758921052397526e-12,54.760940595029474
ENSMUSG00000040836,Gpr161,-2.1253115040901696,0.290661359094791,2.6322445922680246e-13,5.694182080305829e-12,15.491932642105969
ENSMUSG00000097603,A430010J10Rik,-1.8203061814739923,0.24916889001482617,2.7621403693490705e-13,5.954784982840146e-12,9.35423025929516
ENSMUSG00000059852,Kcng2,-2.7225451571753894,0.3728939648628079,2.8537312901676034e-13,6.138275590088091e-12,16.119894754753844
ENSMUSG00000026880,Stom,1.8054439000269098,0.24741402360730658,2.936918642117743e-13,6.3100462889037675e-12,3.8012467033327044
ENSMUSG00000019789,Hey2,1.0926750298928238,0.14990140463160975,3.1158930514343473e-13,6.664353648383847e-12,24.220752061136224
ENSMUSG00000053004,Hrh1,-1.8179301933866092,0.24978565577990083,3.3890394924900756e-13,7.224105554857922e-12,5.762665101884615
ENSMUSG00000110447,Gm31518,1.3400386206850914,0.1841556896468165,3.421823629874716e-13,7.285793009677064e-12,11.554428458796252
ENSMUSG00000067594,Krt77,-2.044243483938734,0.28117969685458694,3.5885310150751844e-13,7.623616898618246e-12,28.66481486486578
ENSMUSG00000040312,Cchcr1,1.06850414799883,0.1470255011857721,3.6626920816422423e-13,7.772454081424468e-12,13.195945079652107
ENSMUSG00000040856,Dlk1,-7.229799049645547,0.9977250222724846,4.2836085470493546e-13,9.039463470666512e-12,324.63008204796927
ENSMUSG00000030560,Ctsc,-2.598791413637179,0.35969658746691513,5.012703042633537e-13,1.0554524739767281e-11,2.173770263446472
ENSMUSG00000030270,Cpne9,-1.803537360673919,0.2503669444360459,5.865348110656182e-13,1.2308787009627314e-11,33.378933071236915
ENSMUSG00000097250,Gm26771,2.783526062208755,0.38668599654304925,6.091675023657185e-13,1.2769606382555713e-11,2.0466589238679087
ENSMUSG00000102692,Dchs2,2.7648221460539983,0.3842031176254745,6.189056242548647e-13,1.2945101081268969e-11,36.29801074453421
ENSMUSG00000061143,Maml3,1.0319021269123563,0.14340855342575742,6.221358479179038e-13,1.2998317880974948e-11,615.7364123639372
ENSMUSG00000043168,4930426D05Rik,2.9399984453132166,0.4086967906939579,6.310804965882403e-13,1.3141731220161709e-11,94.92826759468093
ENSMUSG00000045010,Gm4779,-1.9988382639183901,0.27802970395343796,6.512551687771792e-13,1.3546965365891927e-11,2.9562629929562263
ENSMUSG00000063428,Ddo,-1.9003815981452965,0.2644396628489747,6.649913001243935e-13,1.3817527562891729e-11,5.01602443910763
ENSMUSG00000047161,Chst9,-3.995167143890127,0.5562292797280919,6.840274889380186e-13,1.4181970366931566e-11,31.06083354557949
ENSMUSG00000112161,Gm34045,1.3061534997487831,0.1819144559430676,6.968982266464321e-13,1.4433028846939769e-11,8.274211842384428
ENSMUSG00000025197,Cyp2c23,1.1523936484154933,0.16058439740064842,7.164992072856854e-13,1.482277290181631e-11,9.284227901259275
ENSMUSG00000086122,Gm14507,-4.190609938316049,0.5841203997215191,7.271905766563737e-13,1.5027547903640437e-11,5.3218452788354025
ENSMUSG00000022528,Hes1,-1.2056105306061302,0.16824023791719536,7.721747036998123e-13,1.5819146632552913e-11,129.7001035890933
ENSMUSG00000062252,Lhfpl5,-1.7187835421977955,0.23987258529500322,7.755852894018476e-13,1.587185878419548e-11,3.5184507886757737
ENSMUSG00000033083,Tbc1d4,-2.0119452254669095,0.2812653904340543,8.478313996470414e-13,1.725714825275127e-11,24.174732057562416
ENSMUSG00000027971,Ndst4,1.517724166762023,0.212569640216688,9.34046194843456e-13,1.8950937250838858e-11,3812.088585325708
ENSMUSG00000021294,Kif26a,-2.125631162031596,0.29794644894225786,9.730038772249202e-13,1.9678146716555215e-11,5.6836557456970205
ENSMUSG00000115970,8430426J06Rik,-1.5559093313661,0.21814622199419403,9.862316183360777e-13,1.9924402097514577e-11,4.477435151856227
ENSMUSG00000079499,6530402F18Rik,-1.2888812786239237,0.18092277716930358,1.0489199962476803e-12,2.114578077541866e-11,12.42459301865413
ENSMUSG00000057606,Colq,2.3448272890949298,0.32934978709368273,1.0826804731624506e-12,2.180318274859558e-11,3.9736961749745
ENSMUSG00000033174,Mgll,-1.6878234806346428,0.23727368760278622,1.1321565242150402e-12,2.27511835990191e-11,114.47383628623876
ENSMUSG00000031380,Vegfd,-1.4177777374272869,0.19951500972326058,1.193500609448547e-12,2.3933160369365043e-11,11.16956300665722
ENSMUSG00000098739,Gm27151,-2.0271276234794002,0.28533779781006635,1.209268310478228e-12,2.422371509890319e-11,13.315580134989402
ENSMUSG00000034751,Mast4,1.016967024611558,0.14318384880016105,1.2249687791894463e-12,2.44864539721941e-11,1221.428060202768
ENSMUSG00000106121,Gm42679,2.070021377069726,0.2922339676449411,1.4062067713091052e-12,2.7991195710407086e-11,5.912575601772115
ENSMUSG00000039131,Gipc2,1.8623469815144407,0.26300723137971554,1.431462754294658e-12,2.8464028535030185e-11,38.231900855172086
ENSMUSG00000039481,Nrtn,1.7137055834179904,0.24230527874700822,1.5216019647351436e-12,3.0129944860742914e-11,11.586959092555112
ENSMUSG00000118170,Gm30094,2.2435520472083543,0.31752098553699964,1.5964884983063525e-12,3.148122481051549e-11,3.3168530693555724
ENSMUSG00000086109,Gm13391,-2.2512327850233484,0.31940290932026943,1.811768980551641e-12,3.565215179797881e-11,1.697378316023743
ENSMUSG00000043067,Dpy19l1,-1.119206259175444,0.1589067834543555,1.879251758955688e-12,3.6941722854989923e-11,481.7923061686897
ENSMUSG00000074517,Gm10710,3.1191761048550255,0.4431404871799182,1.9390608001949207e-12,3.807792970330958e-11,7.761596444413941
ENSMUSG00000060402,Chst8,-1.4445993393125618,0.20531494891617041,1.9781372356990795e-12,3.880507310196434e-11,67.96765189630415
ENSMUSG00000041633,Kctd12b,-3.32847972707839,0.4737606858142452,2.1306241425758682e-12,4.171004907212056e-11,0.9884833788038991
ENSMUSG00000042501,Cpa6,-1.9030391844155239,0.27102604881025877,2.193262133177886e-12,4.2891968445532447e-11,95.66605290845052
ENSMUSG00000097834,Gm26911,2.0251843789662844,0.28862079949969977,2.2706372480942265e-12,4.4313672349521723e-11,5.997198977767283
ENSMUSG00000035910,Dcdc2a,-1.929034874884532,0.27566004376811865,2.5987145182761664e-12,5.0353415256987064e-11,13.35719442649384
ENSMUSG00000009376,Met,-1.9998991166516182,0.2858644228572244,2.6342865496430894e-12,5.0951678048899566e-11,2.793451623886585
ENSMUSG00000089983,2010320O07Rik,1.050213508738272,0.15011768949999124,2.6349680468560195e-12,5.0951678048899566e-11,22.569586994735346
ENSMUSG00000032128,Robo3,-2.0387355040983177,0.2917188107551725,2.7744325625195116e-12,5.35392027084977e-11,24.64797352391677
ENSMUSG00000104658,Gm30275,2.0864855912990685,0.2987423213699005,2.8641903383513675e-12,5.521506298246024e-11,6.690198624525341
ENSMUSG00000052767,Gm12703,-1.7532834291766324,0.251150607662813,2.9307769828618033e-12,5.638398357891489e-11,6.465796026240849
ENSMUSG00000028753,Vwa5b1,-1.9903215168637123,0.28530407819828524,3.0339794164056823e-12,5.825117521873118e-11,3.066825996085159
ENSMUSG00000031910,Has3,1.5909609009252628,0.22841874751976315,3.2815543090807536e-12,6.256081907150934e-11,7.684558890916247
ENSMUSG00000021097,Clmn,-1.2092106205605424,0.1736190606112251,3.290242076176951e-12,6.266340436538012e-11,66.99083571423387
ENSMUSG00000089907,Gm16169,-3.1869333485754052,0.45810689076710465,3.482215832625724e-12,6.618654967728934e-11,1.6965656787508863
ENSMUSG00000111874,Gm36539,-1.9802506476103474,0.28473444604073944,3.532427090686666e-12,6.698075441088756e-11,4.550904907734519
ENSMUSG00000085565,Gm15721,-1.4689654838717485,0.21122516673346595,3.5381390588547996e-12,6.698075441088756e-11,15.646865080370148
ENSMUSG00000037279,Ovol2,-2.3837493616623875,0.3427571896427566,3.5348907209008654e-12,6.698075441088756e-11,8.135505738157907
ENSMUSG00000096963,B230364G03Rik,1.2339112560176277,0.17744594599865107,3.5575136466742993e-12,6.728032295856085e-11,10.808617491423298
ENSMUSG00000055639,Dach1,-2.842718866568793,0.4091709323418462,3.717915066854263e-12,7.003428480804005e-11,45.35711576569588
ENSMUSG00000058183,Mmel1,1.0157739362388616,0.14679976105400463,4.533932900751908e-12,8.473178350024522e-11,174.1537346571034
ENSMUSG00000114133,Gm20075,1.2234184447557312,0.17683670804243384,4.569305069544147e-12,8.522473530301339e-11,11.352197408216355
ENSMUSG00000026547,Tagln2,-2.0676828857851888,0.2990514228273805,4.707159007065404e-12,8.753745160342434e-11,9.925984699777452
ENSMUSG00000047591,Mafa,1.3032944429599889,0.18934167690482218,5.848411815207155e-12,1.0718317591699767e-10,15.480872256892685
ENSMUSG00000042589,Cux2,1.796274888477849,0.26108109419108827,5.979311009081252e-12,1.0937060195182406e-10,140.5782120304804
ENSMUSG00000028214,Gem,2.0730662394542847,0.30139136099678565,6.056249078429782e-12,1.1067108971672552e-10,3.8551828534211388
ENSMUSG00000052921,Arhgef15,-1.7014452608912463,0.24754666808373932,6.276411206694261e-12,1.1436345419890023e-10,45.90287855554824
ENSMUSG00000038168,P3h2,-1.3136750874734253,0.1911963124135349,6.3834740679125214e-12,1.1620252986257663e-10,15.522306660079547
ENSMUSG00000019768,Esr1,-3.4539866040546325,0.504747146001006,7.754963042574192e-12,1.4009203971094465e-10,115.96964246326249
ENSMUSG00000105076,A930003O13Rik,1.4042833431356567,0.2052477647980622,7.815319675871949e-12,1.410479122454985e-10,8.578816940142069
ENSMUSG00000040852,Plekhh2,1.9476801138299211,0.284783117801669,7.965339977988573e-12,1.4361864184860462e-10,64.04823568396819
ENSMUSG00000096883,Shisa8,-2.5835701836719167,0.3786268894158688,8.883304739600017e-12,1.597140652897726e-10,9.35897159796138
ENSMUSG00000022372,Sla,1.5561489720806663,0.2280774596141722,8.922274670210014e-12,1.6026265876822726e-10,157.07143681079438
ENSMUSG00000099784,Dalir,1.9033406575754463,0.27902650484586117,9.01816880833417e-12,1.618317224601634e-10,5.20820330913455
ENSMUSG00000031613,Hpgd,1.9578881405559354,0.28722782704921085,9.328600109962233e-12,1.670859849563179e-10,49.914601464782166
ENSMUSG00000005107,Slc2a9,-2.0382822105500202,0.2993413335582035,9.812655131237972e-12,1.7542435352543358e-10,2.561281291352902
ENSMUSG00000107677,Olfr316,2.1004292729289786,0.308803397378811,1.0329599101520829e-11,1.8414478172513613e-10,17.948001362530178
ENSMUSG00000085517,Gm12963,-1.5007367579540432,0.22085263837856545,1.0816607542671814e-11,1.9233274788567328e-10,10.238242155889198
ENSMUSG00000002900,Lamb1,-1.8743198304717816,0.27602366027465775,1.1179844644822326e-11,1.985548791184471e-10,22.819273393287226
ENSMUSG00000087518,Gm13561,-1.6742705604673764,0.24663402106232754,1.1331968064783073e-11,2.0106815995097306e-10,3.454577610726729
ENSMUSG00000028600,Podn,-1.4807463370997564,0.21830092620620326,1.1766399628082276e-11,2.0799745611208872e-10,4.548718570448046
ENSMUSG00000075324,Fign,3.42131304068086,0.5044982263053472,1.1883933164434304e-11,2.096839231527282e-10,245.9770837075154
ENSMUSG00000113186,A330076C08Rik,1.5149682857959954,0.22351404353688337,1.2188820693885048e-11,2.1486339734802012e-10,6.86437557516383
ENSMUSG00000026452,Syt2,2.262593233970654,0.3339576713520114,1.2432895689309349e-11,2.187589352947188e-10,1.6820071537372294
ENSMUSG00000040430,Pitpnc1,-2.0749872118118926,0.3063140783002569,1.2522542977984527e-11,2.2013190114360553e-10,134.25953152869147
ENSMUSG00000024593,Megf10,2.517021014775865,0.37188259997816075,1.302849521794705e-11,2.2881370192780036e-10,3.819754173512139
ENSMUSG00000035407,Kank4,-2.224576723799388,0.3287795273651009,1.3224019040923973e-11,2.318179101068541e-10,13.450426883312481
ENSMUSG00000058571,Gpc6,-3.852667827872962,0.5700750903628828,1.3973966550651499e-11,2.429418955365559e-10,117.38418682746082
ENSMUSG00000084967,Gm12296,-1.5493268862689904,0.22924838659808072,1.3963065021485977e-11,2.429418955365559e-10,6.315204426481289
ENSMUSG00000041605,Inava,-1.4637533747555496,0.21676969741293972,1.4524516020102747e-11,2.518202914738766e-10,4.399043221292587
ENSMUSG00000005125,Ndrg1,-3.217748636293545,0.47666805531262396,1.473345415443608e-11,2.549762157320217e-10,33.111728318386135
ENSMUSG00000090116,Gm15680,2.101850307764225,0.31155602546418476,1.5166323456109653e-11,2.613715916411174e-10,29.241293366287636
ENSMUSG00000034584,Exph5,-2.118292858288853,0.3143101892987915,1.5893490088036052e-11,2.7330457093310633e-10,8.256621712444456
ENSMUSG00000115149,9330188P03Rik,2.19954876839445,0.32699311933891306,1.7368479262290072e-11,2.9731949595338473e-10,33.85634121974294
ENSMUSG00000040848,Sft2d2,-1.821285810108469,0.27095048088711593,1.7944380397378442e-11,3.06347755432722e-10,5.69697283851921
ENSMUSG00000051022,Hs3st1,1.7201537314659634,0.2559139134520322,1.7972645622234378e-11,3.065541264998573e-10,176.03133334600025
ENSMUSG00000107427,Gm43948,1.6840157863482332,0.2506644927300244,1.8397504575773628e-11,3.135186256393078e-10,3.323453263850892
ENSMUSG00000042453,Reln,-2.822570393155251,0.420146688480234,1.8416067611457696e-11,3.13552993025268e-10,157.62371402065153
ENSMUSG00000056025,Clca3a1,-2.0985062361718643,0.3124638382746227,1.8678448965492746e-11,3.177348365314969e-10,1.6999192308539715
ENSMUSG00000086804,Gm43154,-2.2792036694126425,0.3395509636350422,1.9144212161982908e-11,3.2507421189030114e-10,7.1250019447895045
ENSMUSG00000078184,Rbm8a2,3.2023000740857963,0.47727074213764675,1.951465827136361e-11,3.307717122024512e-10,4.229284046410936
ENSMUSG00000019865,Nmbr,1.199180511426641,0.1787327911211914,1.954958113655285e-11,3.3106752684332124e-10,17.580587409147373
ENSMUSG00000114965,Gm47906,2.6747439184150954,0.3986913197657459,1.9621928425037433e-11,3.31996021120053e-10,1.4117599135331194
ENSMUSG00000040562,Gstm2,-2.870705894817934,0.42853809996745607,2.1008807015642224e-11,3.545119260431168e-10,1.3554487747651325
ENSMUSG00000086843,E030013I19Rik,-1.4171802142834864,0.21176601223603922,2.198421957431462e-11,3.6998309141497517e-10,11.790615652916353
ENSMUSG00000036402,Gng12,-1.7135133747446907,0.2561653134466757,2.245593770381429e-11,3.775586668887535e-10,166.8008528725626
ENSMUSG00000028164,Manba,-1.8779255871435434,0.28089752995726075,2.3022061791866804e-11,3.850556672161306e-10,9.781822935830549
ENSMUSG00000001741,Il16,-3.6000359255471706,0.5385463814747595,2.313543851235254e-11,3.866107229356972e-10,1.8366322890303126
ENSMUSG00000054556,Gm4876,-1.280183418003265,0.19192300097387222,2.5528626192261657e-11,4.2361424373323854e-10,13.796440532739481
ENSMUSG00000117220,Gm49932,1.2464462568427987,0.1869596708024535,2.6121703199168535e-11,4.323198913748854e-10,16.445344273792184
ENSMUSG00000086320,Gm12840,-1.2453612545687591,0.18695366332915536,2.7134862455083766e-11,4.479143236270361e-10,9.421863127780686
ENSMUSG00000020722,Cacng1,2.6592936013277964,0.39923447116147315,2.720040736334926e-11,4.4860550003086896e-10,1.6940925322800688
ENSMUSG00000032374,Plod2,-1.3129557805193888,0.19714864768324997,2.74340389339688e-11,4.5206525025974677e-10,7.590799671531601
ENSMUSG00000021765,Fst,2.6755993688764566,0.40177563470039523,2.748792359202538e-11,4.525596455854743e-10,4.13147623479819
ENSMUSG00000026840,Lamc3,-2.279856719138398,0.34248090439520806,2.7968783437842625e-11,4.6007677616937307e-10,1.3390686018314462
ENSMUSG00000020905,Usp43,1.5007271852724975,0.22557059442180766,2.871260990818927e-11,4.714938975391566e-10,9.572158780124568
ENSMUSG00000026414,Tnnt2,-2.096278528070714,0.3153142211685135,2.9665728662528394e-11,4.863023859471567e-10,7.434037742987108
ENSMUSG00000086353,Gm13481,-1.3039501973795222,0.19671676371807695,3.389618612467713e-11,5.527820370590634e-10,19.266493364078933
ENSMUSG00000014846,Tppp3,-1.1065678366867462,0.16697680000442006,3.4240285882726094e-11,5.579135145981595e-10,35.26212763845422
ENSMUSG00000097697,4833412C05Rik,-1.459411296051153,0.22028868828501988,3.472616661865404e-11,5.653443792298058e-10,5.030686998816851
ENSMUSG00000042514,Klhl14,2.9704910460683673,0.4484217405031084,3.4884008872861164e-11,5.674265820950378e-10,180.1844521298923
ENSMUSG00000109714,Gm35021,-1.6334467931837278,0.24691634794268896,3.705850829837166e-11,6.012489146011497e-10,13.316030900459019
ENSMUSG00000041886,Macc1,1.3939292834029482,0.21083892325594372,3.808385947252101e-11,6.168283222258745e-10,14.855316079446235
ENSMUSG00000085235,Gm12576,-1.4727761056736899,0.2229198906161575,3.928471993269858e-11,6.35192357273582e-10,17.518436983776088
ENSMUSG00000117998,Gm32081,1.9839677575269379,0.30033211550179945,3.9507547348894734e-11,6.382506583644972e-10,2.3738907270461715
ENSMUSG00000040690,Col16a1,-1.9059068865061495,0.28898015589453585,4.2443576322144967e-11,6.833523970302863e-10,15.791469505510005
ENSMUSG00000032012,Nectin1,1.4063036862269223,0.21384908064617048,4.82784695460173e-11,7.733533371910633e-10,880.7991146889933
ENSMUSG00000028133,Rwdd3,-2.187289806930346,0.3341201585999027,5.89339717755823e-11,9.392756645477581e-10,48.238964343450164
ENSMUSG00000022847,Thpo,-1.7549082644967187,0.26882044281268547,6.657361971575877e-11,1.0539432695184869e-09,28.512218686379597
ENSMUSG00000026241,Nppc,1.4704060732366888,0.22532757228196187,6.771287099114356e-11,1.0710842281153341e-09,81.94500845540139
ENSMUSG00000030553,Pgpep1l,-1.0280823334723734,0.1576807075276635,7.029514399252696e-11,1.1110033183139165e-09,10.235366414051088
ENSMUSG00000114851,Gm46409,-1.8475099046699777,0.2834582426842432,7.13699048339135e-11,1.1261113210679942e-09,3.5613200903701205
ENSMUSG00000020904,Cfap52,2.060479041737915,0.3161916210972539,7.194202773809405e-11,1.1341941977012331e-09,8.61409406368275
ENSMUSG00000033208,S100b,-1.5402075168031122,0.236624438868005,7.561220608420871e-11,1.1881022431971436e-09,110.4732253513244
ENSMUSG00000023829,Slc22a1,-1.694745526416889,0.2603643030939071,7.558645729658597e-11,1.1881022431971436e-09,2.2431022538889023
ENSMUSG00000052613,Pcdh15,-1.5619465826540908,0.24014133131012808,7.806610298084932e-11,1.2256442845792003e-09,391.79993230573035
ENSMUSG00000103502,9330121J05Rik,-3.078659718162032,0.47362956729623873,8.024392115268544e-11,1.2561286213175388e-09,0.8701565197244516
ENSMUSG00000015568,Lpl,-3.1494908584017764,0.4846582386660804,8.119235267236394e-11,1.2684213381214317e-09,112.49168018374135
ENSMUSG00000048540,Nhlh2,-2.366630652343108,0.36435530586881687,8.281731039316018e-11,1.2916773925517575e-09,4.751089872469539
ENSMUSG00000022887,Masp1,-2.6530100572126427,0.4086087429442758,8.426206946768248e-11,1.3131301121814005e-09,4.363823753490597
ENSMUSG00000002885,Adgre5,1.6960792460316663,0.2616491637958373,9.035568772613349e-11,1.4044794669274815e-09,5.055470346823454
ENSMUSG00000018008,Cyth4,-1.3878087684275,0.21432320187180662,9.461866133244952e-11,1.4684878233005067e-09,6.027173047344821
ENSMUSG00000039385,Cdh6,2.0307517908007378,0.31363370244044714,9.486487592027693e-11,1.4699013889527782e-09,759.9540996574718
ENSMUSG00000030562,Nox4,-2.748528335163488,0.4244833826552071,9.481426005499151e-11,1.4699013889527782e-09,0.9752299016958129
ENSMUSG00000087379,Gm13849,-2.286311740636226,0.35331219131126473,9.730437583275356e-11,1.506468890547941e-09,3.1094918016196806
ENSMUSG00000086336,Gm12979,1.1547034770526425,0.1784551598886352,9.764523278919389e-11,1.5105119684532443e-09,5.6614893990433615
ENSMUSG00000034993,Vat1,1.0231783632048468,0.15814834646084436,9.817300298916292e-11,1.5174375258112865e-09,27.746916551960346
ENSMUSG00000022321,Cdh10,1.393955379451857,0.2154853095543168,9.871143777266335e-11,1.5245165002379548e-09,1426.84866276087
ENSMUSG00000059060,Rad51b,-2.069137141700639,0.3200301311092572,1.0100128017628169e-10,1.5586109603750309e-09,8.476699547857907
ENSMUSG00000087366,Junos,-1.8544420039981446,0.2873037101563377,1.0847649563450896e-10,1.6698859401088096e-09,15.38487815020199
ENSMUSG00000020251,Glt8d2,-1.1670410220145107,0.18083236201532202,1.0913900562485396e-10,1.6787209063238494e-09,40.2367810981941
ENSMUSG00000091472,Gm3739,-1.9745280076688279,0.3060277690565411,1.102959035190824e-10,1.6951397986103905e-09,2.080822987378464
ENSMUSG00000026787,Gad2,1.9366085812200209,0.30032734725059845,1.1309245165743332e-10,1.735305229885313e-09,48.31569565136158
ENSMUSG00000069170,Adgrv1,-1.84149978143565,0.2864089214789411,1.2792553548088955e-10,1.9471396765966723e-09,1.7862071812748979
ENSMUSG00000097439,Gm16754,-1.1126790254075916,0.17307836550519753,1.286502687983765e-10,1.9550301473369963e-09,10.09377899663334
ENSMUSG00000034401,Spata6,-1.0612398208520366,0.1654682344519153,1.4216367341099818e-10,2.148326643651049e-09,9.89422513364601
ENSMUSG00000092164,Rergl,2.7160502240313615,0.4235676669103189,1.433242595881692e-10,2.1624161777036672e-09,4.343421763879071
ENSMUSG00000034664,Itga2b,-1.0329398874050901,0.16118243859036355,1.469449490027767e-10,2.2135189058844343e-09,21.252303329099274
ENSMUSG00000041594,Tmtc4,-1.1763116954814123,0.18366061127786115,1.5055473369124356e-10,2.2607069757916524e-09,23.09810724075156
ENSMUSG00000002055,Spag5,-1.5755976707617014,0.24614572554859165,1.5428502934091087e-10,2.3094007156479156e-09,10.451262271046872
ENSMUSG00000058743,Kcnj14,1.356775636730661,0.21245626304881818,1.7012423164619235e-10,2.5384678659018466e-09,4.199012309689648
ENSMUSG00000114961,A930002C04Rik,2.0546326126608134,0.3220126430945242,1.7639999575866003e-10,2.627971634926578e-09,14.645981084742012
ENSMUSG00000039087,Rreb1,-2.034570843334828,0.31887801175431096,1.7662032615757793e-10,2.629187101874393e-09,11.497196445778025
ENSMUSG00000029552,Tes,-1.4007188402686805,0.21968116606438626,1.8160169201424609e-10,2.6990996577803634e-09,11.85887970534594
ENSMUSG00000098197,BC051537,-3.2689961490701744,0.5134437897927246,1.9300712627417643e-10,2.8663675884762094e-09,1.9408996282618518
ENSMUSG00000059974,Ntm,1.312635893088993,0.2062261608800466,1.9525038297410415e-10,2.8906209041869326e-09,6745.691681917022
ENSMUSG00000028602,Tnfrsf8,-3.091404089348974,0.4858175491658949,1.9746108129450412e-10,2.921067517978808e-09,2.6691370814464817
ENSMUSG00000110483,Gm45702,1.553378915755071,0.24440391567047498,2.073639301959373e-10,3.065168858980508e-09,10.61588201803692
ENSMUSG00000097580,Gm5432,1.255936416329561,0.19859248806742538,2.545660952573927e-10,3.739556205525265e-09,8.40316529844944
ENSMUSG00000112113,Gm47698,1.2364094185322054,0.19579042887123244,2.702251880775315e-10,3.963442193552029e-09,19.577940283508298
ENSMUSG00000061718,Ppp1r1b,-1.3703913260886342,0.21706855428987143,2.733716862597651e-10,4.003395250867503e-09,318.5061857395382
ENSMUSG00000086363,A330102I10Rik,1.1564750318689956,0.18323748573330542,2.766203472640453e-10,4.047842147222902e-09,498.65173200713866
ENSMUSG00000031780,Ccl17,1.3711356041220486,0.21802115662504618,3.1951227804535214e-10,4.643219071287901e-09,9.252832959171046
ENSMUSG00000086441,Gm15046,1.2243580733339756,0.19472730182365003,3.225106037962884e-10,4.683199955509322e-09,5.106855922286737
ENSMUSG00000031559,4930555F03Rik,1.3211546978966417,0.21040519592222995,3.405444288002955e-10,4.933728536518042e-09,137.35095214920554
ENSMUSG00000109473,B930025P03Rik,-2.4403571322400945,0.38874755023419083,3.440922139216982e-10,4.981319674420306e-09,2.302045446351095
ENSMUSG00000106423,Gm42825,-1.4651720507548365,0.23345510314953946,3.473193551746439e-10,5.020367490892068e-09,12.691746171233973
ENSMUSG00000015890,Amdhd1,-1.8884325848436951,0.30102835287459007,3.5353964281316945e-10,5.102495225673695e-09,5.153352004827594
ENSMUSG00000074782,4833422C13Rik,-1.9493768274617047,0.3110674853879398,3.687019074533701e-10,5.309195399879456e-09,141.49651532737687
ENSMUSG00000020811,Wscd1,1.1871081108152362,0.18956308665007723,3.7924791791896697e-10,5.4569081583632685e-09,48.52865941889227
ENSMUSG00000086644,Gm13470,2.9797471392391346,0.47668010767765356,4.077244872647329e-10,5.848886475145108e-09,3.314297600772104
ENSMUSG00000117950,Gm50376,-1.2215660120362786,0.19552381247085518,4.1665135413439813e-10,5.972422965844815e-09,6.470415547209602
ENSMUSG00000059361,Nrsn2,-1.4132771083681515,0.22633059929575766,4.2569084727571557e-10,6.097385907690711e-09,128.0825957777097
ENSMUSG00000022054,Nefm,1.2363825014440106,0.19822879178441338,4.4561763583172185e-10,6.353991120399645e-09,370.21441261528946
ENSMUSG00000020542,Myocd,2.3511374374122966,0.3770690314895639,4.509214717509881e-10,6.424783375700169e-09,20.64883087567842
ENSMUSG00000104507,A430027H14Rik,1.2997601721110028,0.20874056030423616,4.764300815533267e-10,6.783133016856154e-09,12.098995651806613
ENSMUSG00000020216,Jsrp1,-1.16244197151237,0.1867166034433954,4.79403875070991e-10,6.815231382292033e-09,199.35111692212922
ENSMUSG00000028661,Epha8,-2.9497164307366663,0.47379292855444255,4.79257081373217e-10,6.815231382292033e-09,0.8950209900423277
ENSMUSG00000036545,Adamts2,-1.9654491544925667,0.3160821725667857,5.030222309058371e-10,7.129597064820953e-09,93.60387731818608
ENSMUSG00000021200,Asb2,-1.7612052514054712,0.28328332438362175,5.063758479847591e-10,7.1717655600233075e-09,2.808845405813762
ENSMUSG00000054702,Ap1s3,1.1296998912150842,0.18179493043485873,5.160516054348292e-10,7.297893972380608e-09,83.01097052159359
ENSMUSG00000010136,Pifo,-1.1247511176885818,0.18109507890953905,5.270478518791119e-10,7.447842500454266e-09,17.257945442351
ENSMUSG00000007279,Scube2,-2.1004474073224713,0.33839960291285026,5.400451016866279e-10,7.625823157199402e-09,1.9198016099002226
ENSMUSG00000039543,Cfap70,-1.3794131544973065,0.22234663308506616,5.508571097054093e-10,7.772704563602015e-09,8.057522811528028
ENSMUSG00000071984,Fndc1,-1.1200818145989466,0.18076300981509644,5.776534653406873e-10,8.114553868203131e-09,17.266342835076266
ENSMUSG00000032440,Tgfbr2,-1.978160945172964,0.3193182039267911,5.830279614930702e-10,8.177927365132258e-09,3.65895794865521
ENSMUSG00000097756,A730056A06Rik,-1.4929044237456703,0.24153204392448357,6.370540432758323e-10,8.896222638229198e-09,37.681344225238526
ENSMUSG00000015396,Cd83,1.3488132877644439,0.21842149498484417,6.604746700661432e-10,9.189423640053902e-09,63.705401072323944
ENSMUSG00000022893,Adamts1,2.6000007559542366,0.42116718335245557,6.686970903988471e-10,9.296999165853377e-09,7.596219582937514
ENSMUSG00000046844,Vat1l,-1.152599515251128,0.18679421235696142,6.810705046254569e-10,9.45515462465378e-09,95.0711562943381
ENSMUSG00000097354,2310001H17Rik,2.083895471941302,0.33804462808970803,7.068061039291287e-10,9.798080226376729e-09,4.3229704251508565
ENSMUSG00000073209,Klf14,-1.877313233067322,0.30471152871989815,7.230871284742017e-10,1.000182560918695e-08,2.739617787930767
ENSMUSG00000050534,Htr5b,2.1076764287762395,0.3422937377516619,7.389851128556978e-10,1.0199393946551692e-08,11.005407135702193
ENSMUSG00000107499,Ccdc142,-1.1396309618804898,0.18514826671499154,7.496658118528332e-10,1.0318948011516536e-08,9.192522647346994
ENSMUSG00000004328,Hif3a,1.05609367179047,0.17163151575060118,7.59052866938546e-10,1.0438354011963314e-08,5.945727184688516
ENSMUSG00000111556,Gm19299,-1.5870575949068138,0.25814587700668445,7.851060321978713e-10,1.0773178356371949e-08,4.608060663061397
ENSMUSG00000037833,Sh2d4b,-1.0218184027999078,0.16636658446615865,8.150477192000072e-10,1.1151735941400821e-08,25.720020037819733
ENSMUSG00000116736,Gm49692,-1.5550213946248101,0.25395390085620384,9.168981069238885e-10,1.2482197648137705e-08,5.858993650581733
ENSMUSG00000054196,Cthrc1,-1.1840068602818812,0.1937403362908872,9.881786161428728e-10,1.3375703411362457e-08,49.982808993427426
ENSMUSG00000022766,Serpind1,-2.9149498505061233,0.47717562151823295,1.004101599251668e-09,1.3581531267536837e-08,6.0170612071844065
ENSMUSG00000005057,Sh2b2,1.0533087613129966,0.17246398003995078,1.0125894712355488e-09,1.3686569529182347e-08,25.51425823500779
ENSMUSG00000097729,2310015A10Rik,-1.0215293002829076,0.16733516164359963,1.0300035001026118e-09,1.3892218026295012e-08,7.834668665796656
ENSMUSG00000074281,Gm12522,-1.367946811014328,0.2252438725888654,1.2540096074093551e-09,1.6782120099157683e-08,7.570824042603201
ENSMUSG00000046314,Stxbp6,-3.47471873080787,0.572341565167985,1.2707042872469765e-09,1.6934484670494056e-08,90.7902787546391
ENSMUSG00000084873,C030047K22Rik,1.399192526543038,0.23058555975165781,1.2951517841872183e-09,1.7223246533577394e-08,55.687285027832196
ENSMUSG00000102539,Gm37229,1.3128850274963042,0.21687861601686417,1.4169017014550823e-09,1.873711601017014e-08,5.798817967581581
ENSMUSG00000031980,Agt,2.8426277505249984,0.469631448152066,1.4226954321348539e-09,1.878751110728605e-08,3.45525224628998
ENSMUSG00000022383,Ppara,-2.0376146839533713,0.3366442914866903,1.4241754295791787e-09,1.8793958489223843e-08,4.183069539832093
ENSMUSG00000026355,Mcm6,-1.3623166143724423,0.22546421079797818,1.5195680215875023e-09,1.9955519063813698e-08,9.737082052574346
ENSMUSG00000021700,Rab3c,1.2263460037920328,0.20301624451187436,1.535137031937566e-09,2.014601575846044e-08,1817.289543273408
ENSMUSG00000027966,Col11a1,1.939495838711881,0.32113671095152335,1.5462034018267913e-09,2.0277200321534737e-08,17.197478727190063
ENSMUSG00000113331,3110009F21Rik,-2.7178880847884295,0.45007735502931406,1.5534803120217697e-09,2.0358542125043246e-08,1.3284526715788563
ENSMUSG00000021998,Lcp1,-4.009667055985801,0.6648950969246136,1.6342704667037885e-09,2.140250542089619e-08,35.5579739719648
ENSMUSG00000043659,Npsr1,-1.935943834858051,0.3213191886740533,1.6912354162267194e-09,2.2102697336204366e-08,161.26462765266032
ENSMUSG00000005716,Pvalb,2.576905247576728,0.42771567716848996,1.6930947906342463e-09,2.211174795487179e-08,1.2440673090095788
ENSMUSG00000026185,Igfbp5,-3.001875717269881,0.4992111309932498,1.8185289839915509e-09,2.3635887686309935e-08,288.3935873798937
ENSMUSG00000112117,Rmst,-3.359149734892052,0.5587141025577659,1.829236951167172e-09,2.375876643222612e-08,523.2276994746062
ENSMUSG00000011267,Zfp296,-1.9069331107019443,0.31749793264269116,1.900066231139191e-09,2.4644938453174313e-08,2.904978062711901
ENSMUSG00000063409,Lrrc43,-1.7251914178761476,0.2872652992472706,1.9066270419392146e-09,2.4696228602015116e-08,2.504118868430706
ENSMUSG00000118198,Gm50370,1.2099563458639055,0.20152112242850573,1.9237624689465346e-09,2.4901160373317507e-08,7.812797308191572
ENSMUSG00000084898,Gm12371,2.0016084804741197,0.33341585860513634,1.933002451515947e-09,2.5003683587868392e-08,121.20918187160302
ENSMUSG00000040350,Trim7,1.6327302196412048,0.2720548497884799,1.9553376051110142e-09,2.525811016827111e-08,7.457574940884855
ENSMUSG00000071637,Cebpd,-2.4182347428732123,0.403748471228185,2.1054074838094844e-09,2.714113729128553e-08,22.125673093643268
ENSMUSG00000007594,Hapln4,-1.5168014472970075,0.2533620714374035,2.1414780494312957e-09,2.758736168370024e-08,88.31684299079828
ENSMUSG00000051043,Gprc5c,-2.723645251914247,0.45506188880226206,2.1609834821800625e-09,2.7819726214206647e-08,6.205557346901727
ENSMUSG00000072949,Acot1,-1.162489917554244,0.19423215495071908,2.163182076082929e-09,2.782912446827665e-08,11.023351690048994
ENSMUSG00000109887,Gm28756,1.0465460880368402,0.17488100372865029,2.17278949286141e-09,2.793375908393739e-08,45.846224867484096
ENSMUSG00000015843,Rxrg,-1.8824328021385013,0.31469147496068145,2.2063632718723243e-09,2.8346158645410537e-08,56.38986640282976
ENSMUSG00000034573,Ptpn13,-1.102765076771917,0.18460566576998466,2.320384049996252e-09,2.977066875249084e-08,25.085593641471927
ENSMUSG00000031727,Pmfbp1,1.9147119696466781,0.3206448991378275,2.351676813314065e-09,3.0151742633492244e-08,10.336908094151614
ENSMUSG00000006930,Hap1,-1.2678205062672558,0.21244941229249004,2.407173967871929e-09,3.084242507854838e-08,321.544955221495
ENSMUSG00000027381,Bcl2l11,-2.5576582774347014,0.4287033489531574,2.4309131296086695e-09,3.1125543112219114e-08,11.20089934770144
ENSMUSG00000113772,Gm47448,2.507920625247393,0.4204911810656362,2.457383971747245e-09,3.1422015023353774e-08,1.568008573071445
ENSMUSG00000038893,Fam117a,-1.4583812548346984,0.24454192062658145,2.465485323400778e-09,3.150434718708344e-08,12.46328240164983
ENSMUSG00000046807,Lrrc75b,1.4092349861153124,0.2364791273191509,2.5341952367495426e-09,3.2338720361214705e-08,3.5899629224319227
ENSMUSG00000086537,Gnasas1,-2.6070293378380187,0.43761883951868497,2.5642983545861977e-09,3.2656891007666966e-08,7.124737184310035
ENSMUSG00000024451,Arap3,-1.700249905077698,0.2858126419713417,2.7007122373820055e-09,3.437105231590934e-08,2.63001011067651
ENSMUSG00000085564,Gm12198,-2.9423440009972435,0.49468665165782966,2.716136014329622e-09,3.45209775127742e-08,5.776015613137403
ENSMUSG00000020105,Lrig3,1.507500135730509,0.25347432578885976,2.7252089870014295e-09,3.461307661104363e-08,10.749116580402083
ENSMUSG00000027978,Prss12,-1.7580567556465119,0.29564753188973464,2.7400043500853264e-09,3.4777684148772226e-08,253.61792332221307
ENSMUSG00000041592,Sdk2,-1.2618977162227247,0.21242224388337372,2.841265065086443e-09,3.603880387107637e-08,145.48571426398178
ENSMUSG00000049387,Cox7b2,-1.2411353893057215,0.2089647777699622,2.859837191666959e-09,3.622815926247992e-08,11.313560385750176
ENSMUSG00000032511,Scn5a,-2.680509575209695,0.4513133572150928,2.8614822411189797e-09,3.622815926247992e-08,63.37195092805132
ENSMUSG00000109764,Klkb1,1.6172352641730272,0.2724810419190061,2.93449539355052e-09,3.712195441106966e-08,35.305164149935365
ENSMUSG00000034361,Cpne2,-1.209131585073286,0.2037463896922981,2.9475436273651222e-09,3.726214258743767e-08,22.697950936210564
ENSMUSG00000029705,Cux1,1.1247105546164378,0.1897242925090204,3.064010933797478e-09,3.86828828750581e-08,679.8595969119588
ENSMUSG00000112384,Gm34921,1.12526574896036,0.189975682792092,3.15718413510826e-09,3.97796804257324e-08,61.634107455026616
ENSMUSG00000071317,Bves,-2.4839492123800553,0.4193668100352802,3.1593931864622947e-09,3.978106370994052e-08,16.956705542404563
ENSMUSG00000027947,Il6ra,-1.3061254041602923,0.22057807967719564,3.192620024240235e-09,4.017274200488211e-08,4.079766663439011
ENSMUSG00000022758,P2rx6,-1.5148255031640678,0.2558510680512574,3.2051258086098293e-09,4.030334045995771e-08,5.099132126305275
ENSMUSG00000045534,Kcna5,-1.4996082397601054,0.2533804896353229,3.2507959606938827e-09,4.085051953259223e-08,39.22514244766697
ENSMUSG00000020908,Myh3,-2.0990712324455707,0.35479187048592137,3.291736887650238e-09,4.133758384424918e-08,3.8297672224306667
ENSMUSG00000114469,C730002L08Rik,1.410728763885119,0.23853790994615445,3.337655642782596e-09,4.183307777549596e-08,339.4087816759013
ENSMUSG00000037892,Pcdh18,-1.4322819928302755,0.2424567395627787,3.4760962736397127e-09,4.347988408282017e-08,2.095417799531858
ENSMUSG00000024998,Plce1,-1.045617930725788,0.1770372360360842,3.5008164003343456e-09,4.376020500417932e-08,8.492989880638765
ENSMUSG00000053930,Shisa6,-1.3719284824587212,0.23234885154024498,3.5348998032518528e-09,4.412803114072636e-08,56.08042337000224
ENSMUSG00000045087,S1pr5,1.7379569357924225,0.2943651011129276,3.5460669348659777e-09,4.423829388789353e-08,1.7525716034515857
ENSMUSG00000105489,Gm38562,-1.343397153891122,0.22787909677779275,3.7418504219554265e-09,4.655815200003633e-08,7.779706172766107
ENSMUSG00000025905,Oprk1,-2.7033156758837937,0.4587557538831303,3.799075130258889e-09,4.7239155983206e-08,11.394823400524388
ENSMUSG00000105224,Gm3364,-3.620897653503261,0.614577189116582,3.822681515019411e-09,4.750151784237235e-08,4.4151026379127885
ENSMUSG00000109436,Gm45075,1.3359045391148003,0.22680722797411232,3.8609294277859535e-09,4.785128362102277e-08,10.338603078444072
ENSMUSG00000030785,Cox6a2,1.84104401866595,0.31281079782013815,3.968825506933485e-09,4.909219540234304e-08,2.6681386821793094
ENSMUSG00000100475,Gm29543,1.0349548111226778,0.17590055371590818,4.010745101517328e-09,4.957835595156775e-08,13.192924886807607
ENSMUSG00000000739,Sult5a1,-1.2882405687999328,0.21907833316171604,4.0958854683741065e-09,5.056484014702887e-08,7.93602883842102
ENSMUSG00000027544,Nfatc2,-2.491705111846249,0.4238352387398571,4.128833169158559e-09,5.093840400752259e-08,21.07912716205162
ENSMUSG00000003657,Calb2,-3.2374088786201187,0.5512700458278988,4.289169343503672e-09,5.27790643242822e-08,89.6288033109853
ENSMUSG00000113063,Gm34667,-2.193591513800348,0.37355473015353113,4.3002566569285926e-09,5.2881157461905796e-08,4.140134141924139
ENSMUSG00000015112,Slc25a13,-1.6277745377073098,0.2772886970660914,4.349438724112439e-09,5.341663241862004e-08,4.959396957701916
ENSMUSG00000027867,Spag17,-1.83410846589766,0.31255405911719764,4.407324075032778e-09,5.402250402449622e-08,6.335464499593964
ENSMUSG00000036242,Armh4,1.2439050722601306,0.21230181737814427,4.652835064486143e-09,5.698893995098142e-08,121.29709513274365
ENSMUSG00000098630,Gm27198,-1.8138279678161067,0.31022345877385277,5.009888730495579e-09,6.113161071660737e-08,8.646010132689689
ENSMUSG00000115858,4930588J15Rik,-1.8411912208345633,0.3150020262668593,5.065259808568225e-09,6.172776422660312e-08,6.1790251189793235
ENSMUSG00000079414,Gm11110,1.069106512294892,0.18291645244044327,5.072366899257453e-09,6.177464829108531e-08,8.000292040727043
ENSMUSG00000028871,Rspo1,4.039190755050244,0.6917846298901148,5.2578751804067835e-09,6.386970171071061e-08,7.022611659752966
ENSMUSG00000047992,Dipk1c,-2.90321888270714,0.49757945871476517,5.389262165240804e-09,6.534006271997008e-08,1.9446549721281994
ENSMUSG00000041482,Piezo2,2.954732055153723,0.50653341077431,5.436057842408536e-09,6.578115971496919e-08,10.01181534834869
ENSMUSG00000042436,Mfap4,1.2024596808538608,0.20617244111101254,5.466827070844172e-09,6.606911542888844e-08,6.386533618815165
ENSMUSG00000022805,Maats1,-1.1587060439481736,0.19878504073206166,5.578060579110735e-09,6.7279676615607e-08,8.265981194037373
ENSMUSG00000032937,Fshr,1.472781245339752,0.2528553432164879,5.724953258090494e-09,6.896876302658287e-08,15.016140909930442
ENSMUSG00000044997,E130304I02Rik,-1.1710335542773953,0.20118481493095092,5.86067236827786e-09,7.051412151039076e-08,12.686504114991873
ENSMUSG00000033170,Card10,1.2544339097746982,0.21568177229281482,6.0224494505156795e-09,7.241460475080718e-08,6.399432477089559
ENSMUSG00000020672,Sntg2,1.7868694906860059,0.30725316541059516,6.040739897486986e-09,7.258847245236422e-08,191.9281759391701
ENSMUSG00000026393,Nek7,-1.9889464758403832,0.342357440816905,6.26368258979673e-09,7.507703040901203e-08,30.337635938188278
ENSMUSG00000113689,Gm29676,1.8927947741144637,0.32583566435727573,6.282935250648425e-09,7.526019152957501e-08,9.229562753305695
ENSMUSG00000007805,Twist2,-1.200568058689673,0.2067008441880322,6.31330704748636e-09,7.557622776365541e-08,8.573338512455322
ENSMUSG00000072066,6720489N17Rik,1.0311250101260199,0.17788072828219195,6.76239235228695e-09,8.074816324879502e-08,10.10347439160809
ENSMUSG00000115088,Gm49165,-2.4453664695078157,0.42200826167564626,6.848672551474023e-09,8.17269174121113e-08,0.9946651891303324
ENSMUSG00000017493,Igfbp4,2.2286327176665086,0.3861732858572561,7.877016231572159e-09,9.341017370982002e-08,563.6210405023857
ENSMUSG00000040373,Cacng5,1.1396994434175431,0.1975132982556756,7.9157976105493e-09,9.381136004997451e-08,98.90002463285045
ENSMUSG00000073551,Spink13,-2.025974504162601,0.3511966538452148,7.984979190802137e-09,9.457209729106281e-08,5.534100227213521
ENSMUSG00000086541,Has2os,-1.7430450663496482,0.3023503368939953,8.166524925270467e-09,9.66015276740795e-08,3.302035845135681
ENSMUSG00000046997,Spsb4,2.485269996995731,0.4313720254013723,8.346125138130752e-09,9.860291232392628e-08,4.339074848433115
ENSMUSG00000052479,A330008L17Rik,1.8682505239169005,0.3247098063996866,8.736244114361165e-09,1.0308332874666506e-07,101.87164529003985
ENSMUSG00000005413,Hmox1,-1.3152306401027913,0.22872359486781538,8.908211504257013e-09,1.049817213965612e-07,5.672455336017628
ENSMUSG00000051243,Islr2,-1.1314560554284812,0.19689161416326498,9.105932793947816e-09,1.0724513762915545e-07,241.20606143595958
ENSMUSG00000055435,Maf,1.248038488463132,0.21742595153832858,9.464177661521556e-09,1.1111906238279645e-07,18.449505297794644
ENSMUSG00000040420,Cdh18,-1.166007817027172,0.20317729374018134,9.531106019704301e-09,1.1183557837362013e-07,429.30515189347443
ENSMUSG00000032000,Birc3,-1.9409151636555708,0.33838175379447455,9.70106627270089e-09,1.1375940957158533e-07,2.9428793221727645
ENSMUSG00000114493,Gm47071,-1.019358743854786,0.1778643711011399,9.978059992841108e-09,1.1693521141888621e-07,15.293383472435384
ENSMUSG00000113581,Dio3os,-2.9049005738906963,0.507027116412973,1.0085749828994384e-08,1.1812420226170802e-07,2.049360576820187
ENSMUSG00000050511,Oprd1,-1.7017961770541168,0.2979329729897474,1.1164940237683062e-08,1.3020038000251938e-07,11.314382997080372
ENSMUSG00000024331,Dsc2,-2.2388774606476445,0.39225220712121384,1.144795285506579e-08,1.3333663589643312e-07,5.796526118118015
ENSMUSG00000029994,Anxa4,-1.8693680112845033,0.32752102139001693,1.145617518751584e-08,1.3335044213969604e-07,3.8580998021944684
ENSMUSG00000063704,Mapk15,-2.3320771958074906,0.4086519693073073,1.1514947124607998e-08,1.3393999248186086e-07,2.6055798506808707
ENSMUSG00000058470,Gm8369,-2.51038949412114,0.4399226308456114,1.1536755600861933e-08,1.3404139707929715e-07,8.330288046176774
ENSMUSG00000024076,Vit,-1.296933202794981,0.22735021118561438,1.1664315241747331e-08,1.354404251416127e-07,6.382980331888403
ENSMUSG00000074737,C530025M09Rik,1.6817424727088994,0.29508342882197325,1.2036377872898846e-08,1.3950419614154932e-07,5.043279326437693
ENSMUSG00000057967,Fgf18,-2.560224135461239,0.4493457843937289,1.2145562969582696e-08,1.405976898433672e-07,8.536929920986568
ENSMUSG00000117423,Gm33508,-1.2154864281000568,0.21348405506586837,1.2441011824396725e-08,1.4384208302154847e-07,8.028614707507119
ENSMUSG00000024677,Ms4a6b,-2.0329590725418547,0.3570789059736236,1.2460360782301612e-08,1.4397794928330215e-07,4.143157209040659
ENSMUSG00000028044,Cks1b,1.015868950605637,0.17860030361473964,1.285761765657396e-08,1.4827856156920148e-07,17.857152048351963
ENSMUSG00000084927,Gm5724,1.2230487198639417,0.21502778633820005,1.2863849879671095e-08,1.4827856156920148e-07,3.2638609222563515
ENSMUSG00000004085,Map3k20,1.0167811098125785,0.1787743352602762,1.2890383184229922e-08,1.4849407984264863e-07,39.87758302258392
ENSMUSG00000032368,Zic1,-3.8506455540961957,0.6779920840113942,1.3510126619838693e-08,1.5525585169553866e-07,31.50607864060859
ENSMUSG00000024940,Ltbp3,-1.656690323112881,0.2919924859983437,1.3971068416803468e-08,1.602613477593376e-07,19.18895070981116
ENSMUSG00000091443,Gm17023,1.3553182779379973,0.23894579061092838,1.410787609698505e-08,1.6173275985351887e-07,5.680538975110428
ENSMUSG00000030500,Slc17a6,1.9235942651121896,0.3392489998127483,1.4266874882598915e-08,1.6345663786290776e-07,137.4367089070229
ENSMUSG00000021217,Tshz3,-1.4883893761424873,0.2626456358141436,1.4539502872217854e-08,1.6617827468548149e-07,99.08307783162559
ENSMUSG00000099032,Tcf24,2.0087157623706977,0.3548046320662072,1.5008179134154794e-08,1.7071128126784713e-07,1.6948002221160654
ENSMUSG00000033849,B3galt2,-1.308182437692403,0.2315515461516419,1.607859700745838e-08,1.8190412733811122e-07,394.92452550056686
ENSMUSG00000023034,Nr4a1,1.2736576133603315,0.2254936980665362,1.6203570907690237e-08,1.8320863287633054e-07,537.5635232898321
ENSMUSG00000043587,Pxylp1,-1.180182567503645,0.209175731518187,1.6802500064220246e-08,1.8941545283579637e-07,58.357435826324185
ENSMUSG00000031925,Maml2,1.5046526080933884,0.26669257567891774,1.6818463709958625e-08,1.8948269161933172e-07,120.82407350507421
ENSMUSG00000042401,Crtac1,1.5215023521899045,0.2699132981694352,1.730340550458455e-08,1.9436842579245834e-07,966.2148980424465
ENSMUSG00000045573,Penk,-1.9203136526894813,0.34082712530098586,1.7579660522636507e-08,1.9735460124642287e-07,163.01671926680288
ENSMUSG00000098659,1110015O18Rik,1.6945995750434644,0.3008793349864323,1.779698203388443e-08,1.9967602696394905e-07,4.896277176559844
ENSMUSG00000018102,Hist1h2bc,1.1634068608422368,0.20667219768072784,1.8100814161936065e-08,2.027248394613998e-07,146.06603204564811
ENSMUSG00000045008,9030612E09Rik,-1.181506485499723,0.2099048852563363,1.8149839776373917e-08,2.0315384746738674e-07,10.758407216787457
ENSMUSG00000099964,Gm29514,1.0226847545515563,0.18175967752850197,1.838211422810122e-08,2.0538977866893758e-07,164.46736120474966
ENSMUSG00000102752,Gm7694,-1.3221797185192599,0.235695683823605,2.0268936899506593e-08,2.255410183474163e-07,5.200264211440949
ENSMUSG00000063087,Gm10125,-1.0500571592913932,0.18746280178261238,2.12607667503033e-08,2.3588497067813087e-07,100.4111694467758
ENSMUSG00000074736,Syndig1,1.293457042907331,0.2312136067475411,2.2163093769907472e-08,2.4575226854285935e-07,349.9627950022169
ENSMUSG00000032322,Pstpip1,-1.6174746108828777,0.28932866082460945,2.2649452440509223e-08,2.507050956469917e-07,8.917476841178646
ENSMUSG00000106741,4930513D17Rik,1.4280048611729983,0.2557638695087032,2.3600537256323762e-08,2.607756157477174e-07,5.6566416413247165
ENSMUSG00000045648,Vwc2l,-1.7496006884327016,0.31362737190818957,2.4246637712379615e-08,2.6729132324001964e-07,20.856386831682624
ENSMUSG00000085573,Gm15418,-1.5551920770753118,0.27880046042831974,2.430835388715294e-08,2.678158756753187e-07,9.308485912060899
ENSMUSG00000085007,Gm11549,-1.2203283692496956,0.21904994907093056,2.5327400751461635e-08,2.78557309483574e-07,203.04640559249012
ENSMUSG00000026970,Rbms1,1.7613534355807983,0.31658406394381866,2.6423498330850766e-08,2.8977158181112383e-07,140.71489397997564
ENSMUSG00000114028,9630002D21Rik,4.068333626458636,0.7331520949532122,2.8714539751375777e-08,3.1348698964155103e-07,38.51337450899601
ENSMUSG00000012123,Crybg2,-1.1196863890566007,0.20178321319896053,2.8737871379061277e-08,3.13519091901676e-07,6.668915880137704
ENSMUSG00000067597,Dgat2l6,-1.279878488489565,0.23067542030255245,2.8830294389900987e-08,3.143464204192311e-07,9.267035903981807
ENSMUSG00000114437,4930415C11Rik,1.0213914191106406,0.18426915473076944,2.9744816918470403e-08,3.2375892050833664e-07,121.68251279904177
ENSMUSG00000042655,Shisal2b,-1.9539963272888796,0.3525755020127351,2.98925403474564e-08,3.251800456855906e-07,1.133008074353452
ENSMUSG00000022708,Zbtb20,2.281699840332877,0.41177845524044243,3.006015054116123e-08,3.266283559375031e-07,2080.217229022398
ENSMUSG00000026399,Cd55,-1.0350777508417772,0.18682487194136635,3.0184398337135414e-08,3.276027196384399e-07,13.878004211023637
ENSMUSG00000042269,Fam92b,-1.4101315256563953,0.25453132608958123,3.022818431432377e-08,3.2789015040437064e-07,3.2573602088631874
ENSMUSG00000087203,Gm13986,-1.8819895610110953,0.33974440558304053,3.034617465505142e-08,3.2898169892060897e-07,30.00169538723714
ENSMUSG00000098150,4921515E04Rik,1.467459810344657,0.2650553898627466,3.0870446310208004e-08,3.339012314945443e-07,4.040649021514174
ENSMUSG00000087579,Hectd2os,1.115159219895473,0.20152044489893653,3.1349597114977046e-08,3.3850419676855555e-07,20.310267905104276
ENSMUSG00000094447,9430069I07Rik,-2.0522307160395465,0.37119661031171125,3.226322205003357e-08,3.4785354361351064e-07,2.7949415440115475
ENSMUSG00000075270,Pde11a,-2.249823130766107,0.40703617529493286,3.2514163061167715e-08,3.498826746218786e-07,25.26989918665694
ENSMUSG00000039137,Whrn,-2.9578371680655566,0.5357080583609756,3.3638533873644725e-08,3.611615959804915e-07,12.284613976913974
ENSMUSG00000048776,Pthlh,-2.0997796203668107,0.38050512939796793,3.4209946449811774e-08,3.668808631714392e-07,1.906560189270674
ENSMUSG00000116505,Gm10865,1.1446975574338583,0.20759071399192722,3.503619095261674e-08,3.753170257501906e-07,7.394277354500427
ENSMUSG00000032737,Inppl1,-1.6025307748843798,0.29099245515667566,3.647487524756899e-08,3.894078230655957e-07,4.5707873234313725
ENSMUSG00000091415,Ak9,-1.1627994804511868,0.21140472094718818,3.790429360062268e-08,4.035316650178651e-07,5.200445470047343
ENSMUSG00000000889,Dbh,1.2379344773898822,0.22528817511683996,3.909467806877382e-08,4.1503873916149236e-07,6.546175818255663
ENSMUSG00000032816,Igdcc4,-1.1252642383668263,0.20529807247248913,4.2263158785720014e-08,4.469234704181888e-07,44.88644307934104
ENSMUSG00000055134,9130017K11Rik,1.5275681125810472,0.2787108927829572,4.233257468001397e-08,4.474078584418654e-07,9.334506172224433
ENSMUSG00000023927,Satb1,-1.0524167985055188,0.19216874975759005,4.3376160517632034e-08,4.574169403500985e-07,146.0394908958486
ENSMUSG00000060260,Pwwp2b,-1.6954145084305434,0.3095733497269585,4.3353543902858773e-08,4.574169403500985e-07,27.407229994977353
ENSMUSG00000105484,Gm42775,1.782716194798906,0.32564242865377213,4.388496919459649e-08,4.6252512026563036e-07,2.959193590178719
ENSMUSG00000062300,Nectin2,1.0867159645729434,0.1986568673163637,4.492322884606043e-08,4.7241686272632915e-07,12.905481679858571
ENSMUSG00000085352,Gm4128,-2.30978654563489,0.4223343400714132,4.523397593077584e-08,4.748940963369541e-07,11.543458422620496
ENSMUSG00000042684,Npl,-1.3003864939108296,0.23802633469665427,4.676159189628634e-08,4.90117348691718e-07,11.146170583718458
ENSMUSG00000086596,Susd5,1.8633575347197575,0.34124133243504795,4.7472308402987626e-08,4.97291456183867e-07,4.08368458908865
ENSMUSG00000033491,Prss35,-1.4007274927779847,0.2566341465843698,4.8133414183171515e-08,5.036599661905578e-07,6.411198468987219
ENSMUSG00000024070,Prkd3,2.6417334808972592,0.4840152969714986,4.816509660065399e-08,5.037133446922699e-07,0.9644966767862294
ENSMUSG00000081058,Hist2h3c2,1.1333952624317247,0.20801769402043535,5.078149077992152e-08,5.296143369727643e-07,9.32198584308803
ENSMUSG00000056306,Sertm1,-1.8705073112232393,0.3437523360185742,5.285193970731372e-08,5.499968464874217e-07,43.53664764984029
ENSMUSG00000028179,Cth,-1.4960866870780283,0.2751085777440561,5.383117935925963e-08,5.595725994832529e-07,5.528422753651924
ENSMUSG00000039552,Rsph4a,-1.2250647806870718,0.22531714577006584,5.416428527588566e-08,5.627265383651498e-07,4.058340169485585
ENSMUSG00000061353,Cxcl12,-1.9675995621244349,0.36193812749222215,5.4402281732719604e-08,5.648894459370063e-07,64.95745316499523
ENSMUSG00000026830,Ermn,-2.1478603414307966,0.3951264066185942,5.452617169498442e-08,5.658658015443345e-07,3.5003728833088217
ENSMUSG00000044320,1700001O22Rik,-2.720634994239154,0.500794699514667,5.552780159290551e-08,5.746072896997145e-07,21.056551525540737
ENSMUSG00000048772,Tmem53,-1.4719524689227592,0.2710058346557363,5.590048933118286e-08,5.77597749632451e-07,3.2938124891058838
ENSMUSG00000031548,Sfrp1,1.558652219583269,0.286988932738872,5.602236522907989e-08,5.785415918752392e-07,3.790439777181934
ENSMUSG00000029925,Tbxas1,1.131920040349776,0.20842438178336484,5.608854561221839e-08,5.789095530237138e-07,6.374551103837651
ENSMUSG00000100546,Gm29483,-2.4124943655119275,0.4442732542486769,5.6289695997621775e-08,5.806694279558698e-07,0.8628260736281197
ENSMUSG00000097487,Ptges3l,1.1054970939475564,0.20359036037457298,5.6351822998882393e-08,5.809940401680203e-07,35.86522336830659
ENSMUSG00000073535,Gm5532,-2.330261367928511,0.42951258997035513,5.7837137642860557e-08,5.950128981173765e-07,0.9467394928305621
ENSMUSG00000028310,Ppp3r2,-2.504180940835714,0.4617233922249983,5.842612758927494e-08,6.00420345887614e-07,0.7862273775225267
ENSMUSG00000024691,Fam111a,-1.3207889821721537,0.24388521781394668,6.10776462450918e-08,6.266493753895451e-07,6.205041330996949
ENSMUSG00000069581,Tspear,-2.4411148632234085,0.4508075266387702,6.129470380754519e-08,6.28536059065466e-07,2.5771320085013363
ENSMUSG00000052504,Epha3,1.0438586827864962,0.19286523749415868,6.219482236616369e-08,6.370766939669199e-07,314.06697827194785
ENSMUSG00000058159,T2,-1.0301118438528252,0.19037671933389239,6.270427161459473e-08,6.419481075616261e-07,14.321905138843588
ENSMUSG00000043110,Lrrn4,-2.24668922819282,0.41549159210909686,6.398059972173931e-08,6.543078061127685e-07,0.7963669234199714
ENSMUSG00000031786,Drc7,-1.5050611552900361,0.2784284050925863,6.46065994210692e-08,6.603533220222553e-07,2.639211451750342
ENSMUSG00000033327,Tnxb,-1.31952803907217,0.24482534728772362,7.05868437121064e-08,7.172494423810759e-07,6.8841006939027825
ENSMUSG00000021508,Cxcl14,-2.821283371226721,0.5246667854361833,7.561699812354295e-08,7.65460531218557e-07,141.39334808622095
ENSMUSG00000067006,Serpinb5,-1.7910259094656222,0.3333225668140003,7.732944504374216e-08,7.815429245754208e-07,1.2765100791252595
ENSMUSG00000068600,Gml2,1.1426099335007618,0.2132621248145461,8.425426684637649e-08,8.483625699993807e-07,7.784253309808134
ENSMUSG00000037946,Fgd3,-1.6538838359348085,0.30877066765469624,8.491982975323862e-08,8.537033282885261e-07,1.8889908030289677
ENSMUSG00000044788,Fads6,-1.1722266387368854,0.21944073313721482,9.198621346544898e-08,9.193769753007691e-07,15.314313617178295
ENSMUSG00000052957,Gas1,1.0239740175977432,0.19182166153603888,9.389648113367591e-08,9.379748642504789e-07,38.16387999939744
ENSMUSG00000021835,Bmp4,-1.1555234298694903,0.21665992148716492,9.641663078863261e-08,9.616290281287305e-07,8.04376501188607
ENSMUSG00000035528,Npffr2,-2.0732292701624497,0.3888393579422914,9.722254509827196e-08,9.69156880385194e-07,1.2576763319301238
ENSMUSG00000039405,Prss23,1.4681702489734727,0.27573317889821974,1.0117267597341442e-07,1.0043070768445277e-06,225.25727722436528
ENSMUSG00000117728,Gm34299,1.3016746755143895,0.2445037299572065,1.0165428993572816e-07,1.0085595781581407e-06,10.296687808242176
ENSMUSG00000046312,Myorg,-1.7362589469061718,0.3262593944094442,1.0279450817060091e-07,1.0182728331588537e-06,2.043900105015395
ENSMUSG00000021680,Crhbp,1.8937573545814235,0.35592221925102346,1.0336554266647144e-07,1.023394479378074e-06,11.016802907187456
ENSMUSG00000086709,Gm16263,-2.159055637745735,0.4062224944993146,1.0668172727485032e-07,1.0540243648896839e-06,15.841428312910637
ENSMUSG00000061462,Obscn,-1.2861253321196056,0.24247157531926866,1.1314873900518214e-07,1.112697770704827e-06,3.6302828337609387
ENSMUSG00000110007,Gm45352,2.247503891116597,0.42448345324453507,1.1922524602142305e-07,1.1661368840666426e-06,2.481334650201681
ENSMUSG00000036334,Igsf10,1.3365488226988582,0.25243083549204515,1.1920348345302116e-07,1.1661368840666426e-06,4.309859618895736
ENSMUSG00000044172,Ptx4,-1.9965718050445946,0.3771349962029705,1.1963621588150657e-07,1.1686114901827576e-06,1.5932640854247628
ENSMUSG00000020673,Tpo,1.3050732454653633,0.2466789399622037,1.2193291380731654e-07,1.1885950188521855e-06,6.000494299638927
ENSMUSG00000066510,Ankdd1a,-1.694596643453959,0.3206307131737109,1.2556921019513595e-07,1.2196496838533197e-06,4.467135949331526
ENSMUSG00000107785,Gm45083,-2.1360193633482436,0.404222123675734,1.262061087680233e-07,1.2252078694436689e-06,1.1504707336198923
ENSMUSG00000018919,Tm4sf5,-1.5532963695111999,0.29403174462498644,1.2725859562148062e-07,1.234160894077307e-06,4.378452803154202
ENSMUSG00000074465,Gm10701,-1.1576990024603813,0.21930508557576672,1.2993135392141187e-07,1.2581497990857206e-06,13.796509897734802
ENSMUSG00000028028,Alpk1,-1.3029769971688683,0.2470248538499639,1.329881062748579e-07,1.2857778642390598e-06,2.6802967967567133
ENSMUSG00000037523,Mavs,-1.4662167625163303,0.2784449411106245,1.3963096883467538e-07,1.34794032573464e-06,3.0692310672964815
ENSMUSG00000116380,Gm39556,1.7401104717628741,0.3304885482141701,1.3998570085998232e-07,1.3506766961795646e-06,5.56173639396836
ENSMUSG00000066438,Plekhd1,-1.1141016655200024,0.211718225902224,1.4234905628596191e-07,1.372082714455228e-06,6.866858529565208
ENSMUSG00000005973,Rcn1,-1.1097072205127618,0.2109014606639785,1.427037308191973e-07,1.3748020838961814e-06,20.24093174576261
ENSMUSG00000052430,Bmpr1b,1.1876854814063011,0.22576500845687902,1.4349590791790214e-07,1.3810296876811811e-06,875.4603186113857
ENSMUSG00000042671,Rgs8,-1.9383730062855276,0.36845974041904384,1.4347232254442225e-07,1.3810296876811811e-06,36.17428601877212
ENSMUSG00000056724,Nbeal2,-1.134449050548186,0.21578696013244578,1.4621422280253198e-07,1.405050467600396e-06,10.91158045345562
ENSMUSG00000024727,Trpm6,-1.2036614073705776,0.22901071172408918,1.472883101959311e-07,1.4146545758808387e-06,5.23834397396872
ENSMUSG00000068196,Col8a1,-2.4782469186155454,0.4717767174553894,1.4963495224108266e-07,1.433560336182263e-06,1.3220162288319128
ENSMUSG00000086587,Gm11837,-1.9802031942034948,0.3770241171971788,1.5029935699953962e-07,1.4391979864281332e-06,4.237940162530059
ENSMUSG00000114595,Gm48004,-2.654668623610443,0.5056610862760751,1.521842736990981e-07,1.4557758640070213e-06,1.5110245617690783
ENSMUSG00000094083,Gm1604b,-1.4738412151694924,0.28083028391937187,1.5362895890303457e-07,1.4644209110726886e-06,12.685906287444832
ENSMUSG00000034402,Kcnh5,1.796199211519312,0.3422496462755617,1.53581257416065e-07,1.4644209110726886e-06,301.6771018632158
ENSMUSG00000111182,Gm35430,1.6431239636982133,0.3132374052923663,1.5575881219451184e-07,1.4832309000432157e-06,5.286379446287308
ENSMUSG00000041731,Pgm5,3.6067819041938476,0.6877420437242165,1.5680713371481607e-07,1.4924636785011374e-06,20.064095810928823
ENSMUSG00000068748,Ptprz1,-1.4560894237555944,0.27825303561693737,1.6680900207326957e-07,1.5825833237626982e-06,94.51803217557551
ENSMUSG00000113041,Gm48302,-1.9749609596263296,0.377408597560179,1.668243489068322e-07,1.5825833237626982e-06,1.0333927352928847
ENSMUSG00000057060,Slc35f3,-1.035212863674197,0.19802898689836942,1.7174078633044036e-07,1.6239959585637946e-06,719.0095461660519
ENSMUSG00000057228,Aadat,1.7061446958742446,0.3266130919654865,1.753367529222419e-07,1.6546969461536276e-06,3.676592560134096
ENSMUSG00000020990,Cdkl1,-1.211045124060172,0.2319903960737924,1.786931618727808e-07,1.6855328110946721e-06,69.28898883341489
ENSMUSG00000027748,Trpc4,1.4347571402862354,0.2751180782239445,1.837582675030565e-07,1.7290065388197222e-06,336.0468311194028
ENSMUSG00000108532,Gm32647,-1.9648384704161665,0.37728089466920806,1.909971673842766e-07,1.7917803573921e-06,281.5881485448018
ENSMUSG00000026003,Acadl,1.5108141547406029,0.29013403129614107,1.916109768040642e-07,1.795760638198327e-06,2.6618357702990787
ENSMUSG00000085811,Cep112it,-1.1010358497690915,0.2114981562123365,1.9307040449754504e-07,1.808543828585506e-06,14.643751929352442
ENSMUSG00000011463,Cpb1,-2.3723535662072868,0.45572360447629134,1.9328219930282416e-07,1.809156258430194e-06,0.7605380815528346
ENSMUSG00000021411,Pxdc1,-2.043840502121922,0.39266996648353697,1.940143613049246e-07,1.8146950378718267e-06,1.1004367942825621
ENSMUSG00000037624,Kcnk2,1.0310184701060343,0.1982363294928851,1.9826580972381872e-07,1.853545680447146e-06,442.18910434580044
ENSMUSG00000107214,4930500F04Rik,1.9549236027550498,0.3761580773292079,2.0244330804479607e-07,1.8864435806821001e-06,1.2917798674397971
ENSMUSG00000028655,Mfsd2a,-1.3841550864155403,0.26642856485247896,2.0447756198573635e-07,1.9041030956411322e-06,3.2442856396350557
ENSMUSG00000031230,Fgf16,-1.5184241326728147,0.2924138595572554,2.072405675972593e-07,1.9269915387478233e-06,2.8114422975175843
ENSMUSG00000054612,Mgmt,-1.3976150614482359,0.26923205956737206,2.0903646239608142e-07,1.9417847854930112e-06,2.051149434906193
ENSMUSG00000051354,Samd3,1.6985152793930065,0.3273989032746853,2.1266999953025367e-07,1.973602591135312e-06,17.9890758450495
ENSMUSG00000021055,Esr2,-1.8343402912600089,0.3536122974845372,2.132119799085914e-07,1.976696193379553e-06,3.178074733917352
ENSMUSG00000042613,Pbxip1,-1.3827090446495727,0.26661969896181364,2.1477541754683607e-07,1.989244458706033e-06,2.6464295481785474
ENSMUSG00000113608,Gm48715,1.0876317020090391,0.2097261151172352,2.1490241661899649e-07,1.9894483609819166e-06,29.304515907965005
ENSMUSG00000026932,Nacc2,1.6635285807142823,0.3210485783479964,2.200520840974047e-07,2.033272042325866e-06,324.3048676075022
ENSMUSG00000000792,Slc5a5,-1.0952658704427578,0.21137858732082815,2.200654859530528e-07,2.033272042325866e-06,61.88299852436399
ENSMUSG00000022512,Cldn1,-1.9103881343486715,0.36873191649695264,2.207377654491883e-07,2.038489598080954e-06,12.541113894092305
ENSMUSG00000106053,Gm20752,1.221523739128513,0.2358793865994597,2.2356359073968753e-07,2.0635801483278513e-06,3.92841084117183
ENSMUSG00000032327,Stra6,-1.372535064399638,0.2651059947399539,2.2511188567719582e-07,2.076859899504801e-06,1.7767776797875032
ENSMUSG00000108493,Gm45715,-2.2968625534420872,0.4448783364716142,2.431524976506497e-07,2.233514217392056e-06,1.0057256094822506
ENSMUSG00000034906,Ncaph,1.8846156941837986,0.3652053640181072,2.463869603405749e-07,2.261032880607213e-06,1.1317747454438014
ENSMUSG00000070687,Htr1d,1.4959321234260057,0.2900774418959375,2.509250776566616e-07,2.2993376313315947e-06,18.85557277287213
ENSMUSG00000110161,Gm45494,-1.956853620227295,0.37972062193357087,2.558005982706572e-07,2.341749438274857e-06,0.8486374813903419
ENSMUSG00000039462,Col10a1,2.3386026252644223,0.4544345770260076,2.658428080626124e-07,2.428988048595229e-06,7.6760085407464205
ENSMUSG00000001870,Ltbp1,-1.6148422804987632,0.3138312231080169,2.667017822069906e-07,2.4356620591915526e-06,124.5143306760373
ENSMUSG00000085996,A830012C17Rik,-1.7352348483367324,0.33723871031567865,2.669227528038844e-07,2.436505860131796e-06,3.6973387688237667
ENSMUSG00000098284,A330093E20Rik,1.3304723693774307,0.2586825299624279,2.700067463687591e-07,2.4634703147270028e-06,45.301369448530224
ENSMUSG00000026288,Inpp5d,1.401404343527329,0.27267920940903156,2.756342563253235e-07,2.5087748114144475e-06,14.38392389046017
ENSMUSG00000049791,Fzd4,-1.4757048508490604,0.28728819783758064,2.7964843126017937e-07,2.5404303798563753e-06,9.961072743728288
ENSMUSG00000027111,Itga6,-1.5480765359549642,0.30156025283792126,2.8431792719668327e-07,2.5791406033399465e-06,32.402858201884285
ENSMUSG00000017724,Etv4,1.523494618732577,0.2969835163214513,2.899019553920908e-07,2.6247692568944673e-06,34.29234723896665
ENSMUSG00000000805,Car4,1.1310218731927726,0.22051139880370219,2.9115270706364265e-07,2.6335769922940467e-06,24.827064267894094
ENSMUSG00000099013,Gm27153,1.3991926784826878,0.2728172588001503,2.917793550039055e-07,2.6372341017230937e-06,7.478030738498143
ENSMUSG00000036273,Lrrk2,1.17817932624416,0.2297471397404641,2.925929117101679e-07,2.6415605892842697e-06,306.0268033301294
ENSMUSG00000022026,Olfm4,-3.8325151286037533,0.7476580808369053,2.959209873880723e-07,2.670334624287605e-06,7.181911036453197
ENSMUSG00000118094,AC142100.1,-1.506426644532592,0.2941870422609375,3.0449656837771804e-07,2.7424952332498844e-06,5.232600846715289
ENSMUSG00000026786,Apbb1ip,2.2958569887815785,0.44863801915883256,3.0978795564722075e-07,2.7848731187131106e-06,6.090000336332302
ENSMUSG00000068735,Trp53i11,-1.1649496770760768,0.22811286636180872,3.2748633757384087e-07,2.9383835686668015e-06,340.7396077853533
ENSMUSG00000029410,Ppef2,-1.216815473040203,0.2385050920864978,3.3636219625640873e-07,3.016594235238498e-06,14.073658812126915
ENSMUSG00000044393,Dsg2,-1.3205118329981014,0.25897939587739865,3.416204819664688e-07,3.059408380559822e-06,23.847080928047973
ENSMUSG00000086052,Gm11802,-2.1838147900035323,0.42841807575094504,3.443651087238984e-07,3.082531322776511e-06,2.1868611633242043
ENSMUSG00000018589,Glra2,-1.4788900140175192,0.29033218859159815,3.509830767267006e-07,3.1388057121146657e-06,194.57812652606535
ENSMUSG00000073805,Insyn2a,-1.2139367264884675,0.23849793307591743,3.5820409782320406e-07,3.197346987164257e-06,15.387541379186764
ENSMUSG00000035456,Prdm8,-1.1616676517375746,0.22830813717528958,3.615599516581375e-07,3.2242640394925673e-06,122.24013432610913
ENSMUSG00000020679,Hnf1b,-2.277750567593884,0.4479912439169608,3.6885988991495753e-07,3.284725053519006e-06,1.1368987299813753
ENSMUSG00000116114,Gm35853,-1.9476220573994374,0.38343128972383955,3.7851877486013695e-07,3.364414063602061e-06,3.899170495218792
ENSMUSG00000026567,Adcy10,-1.4083624605694771,0.27733857424114555,3.8115971505925925e-07,3.3847125587502167e-06,34.05315021034889
ENSMUSG00000106060,Gm42488,2.1298544374069692,0.4194823484560388,3.827559203872807e-07,3.397294937395302e-06,1.1466234436425349
ENSMUSG00000027210,Meis2,1.4113197798383412,0.27831993039200964,3.960341581989557e-07,3.508577511860781e-06,2582.3738507081507
ENSMUSG00000101028,Gm28723,-1.2588282594015905,0.24835593304467188,4.0065599535000684e-07,3.5445523398144865e-06,4.396672236320444
ENSMUSG00000031329,Tsx,-1.3253598386508216,0.2615348962662393,4.0281758173605915e-07,3.562012680307196e-06,2.4392948894140742
ENSMUSG00000068117,Mei1,-1.8931391866898568,0.37365860788140204,4.0520899419263294e-07,3.579818386923261e-06,12.485356037401083
ENSMUSG00000106492,Gm29707,-1.2770015307795364,0.25218950102913235,4.112859538049939e-07,3.626742124059858e-06,2.692372297302705
ENSMUSG00000110874,D030045P18Rik,1.6816439187358396,0.33235080152468094,4.195949294803912e-07,3.6948531197274224e-06,1.1344575422902163
ENSMUSG00000097887,Gm26542,-1.0959031582726153,0.21662256008070777,4.2136266524111903e-07,3.7086960085086883e-06,49.010410798000194
ENSMUSG00000052539,Magi3,-1.055695712054385,0.20874476057134642,4.251183358216255e-07,3.736545669675233e-06,308.0388227166567
ENSMUSG00000054474,Thnsl2,-1.2658801484594797,0.2506324186167186,4.400928839684966e-07,3.861000070001395e-06,3.1481646930753664
ENSMUSG00000026630,Batf3,-1.3887673562336285,0.2753979212208269,4.5884952324493273e-07,4.018113893480349e-06,14.494504455148686
ENSMUSG00000043003,Rasef,2.6761880546870565,0.53096661472926,4.649992635823784e-07,4.0700859329727805e-06,52.731585079141304
ENSMUSG00000096934,Gm26658,1.004783342101549,0.1995975652180663,4.802341371207954e-07,4.193749722782983e-06,5.660137001594562
ENSMUSG00000042846,Lrrtm3,-1.1755764932317385,0.23383168816980682,4.9705198001037e-07,4.334421351597452e-06,399.9009525044295
ENSMUSG00000097182,A830009L08Rik,1.7822480685314492,0.3547884328201837,5.076178887732006e-07,4.418630680869155e-06,14.23579674091189
ENSMUSG00000100393,Gm29491,-1.3828249180039358,0.27529870887419217,5.087102269876401e-07,4.424074713820918e-06,3.339278656801421
ENSMUSG00000045027,Prss22,-1.1623153221077516,0.23162787576259306,5.22043869039221e-07,4.529638882002398e-06,27.638787830057773
ENSMUSG00000002980,Bcam,-1.367432736746616,0.2731276384957269,5.540841641074715e-07,4.792284303896204e-06,6.843400067691416
ENSMUSG00000046523,Kctd4,-1.1545981763241464,0.23069240307046524,5.588378391108408e-07,4.831193910196366e-06,102.57945667748973
ENSMUSG00000057722,Lepr,-1.5064616637651649,0.3011524076012925,5.664353348892387e-07,4.8879551895041324e-06,6.52889078302496
ENSMUSG00000086534,Gm16758,-1.7321016928384732,0.34674558302071584,5.874131891036558e-07,5.0597636061428535e-06,5.874553969460845
ENSMUSG00000089997,1810020O05Rik,-1.5959825652556792,0.3199906260155392,6.113662854544185e-07,5.261303864378397e-06,2.2281544058420133
ENSMUSG00000048582,Gja3,1.6498671978167831,0.330872923057178,6.151236176364083e-07,5.291235839405328e-06,1.149323797308628
ENSMUSG00000001020,S100a4,-2.15876521064447,0.43331165662513005,6.292552746843458e-07,5.402984800755937e-06,1.0696397434992808
ENSMUSG00000028778,Hcrtr1,-1.4634158591572932,0.2944880295352693,6.717563370888104e-07,5.749675965597542e-06,1.3948176569849404
ENSMUSG00000097248,Gm2694,-2.321827986269273,0.4674073455035809,6.783502570852133e-07,5.80087426523682e-06,13.856574717208364
ENSMUSG00000031714,Gab1,1.629092023721434,0.32804005301723743,6.829952202747376e-07,5.837960949123264e-06,6.974204183064408
ENSMUSG00000035606,Ky,-2.06145367992456,0.4159964937698978,7.215963919453827e-07,6.131951402405831e-06,6.6837989831047375
ENSMUSG00000101799,9330175M20Rik,1.0877049446021272,0.21966842598463263,7.361479287930382e-07,6.247202530509662e-06,10.44324236794319
ENSMUSG00000105963,Gm43647,1.6237652029968819,0.32797350802754677,7.386971168646991e-07,6.260425028884638e-06,4.028087541813349
ENSMUSG00000105274,1700048F04Rik,-1.1704009637262485,0.2366523131851255,7.588781749601355e-07,6.4228411860181196e-06,5.92020887102459
ENSMUSG00000097174,Gm4890,-1.1430056540577238,0.2311537440583744,7.622779781761585e-07,6.445857959142438e-06,3.6162770492104586
ENSMUSG00000001901,Kcnh6,-1.181488451154873,0.23915257013189412,7.799743152677422e-07,6.574961420962507e-06,7.131844402675554
ENSMUSG00000114069,E130119H09Rik,-2.400145030612716,0.48632018938110533,8.002006331202598e-07,6.733482236957781e-06,1.163896088003791
ENSMUSG00000031074,Fgf3,2.2573043069837833,0.45739739911592775,8.010754744601872e-07,6.737851860195537e-06,1.0189277409132544
ENSMUSG00000027716,Trpc3,-2.2224700428795856,0.4504392423640737,8.055985472466813e-07,6.76688496025027e-06,17.731816529780122
ENSMUSG00000086745,Tspan2os,-1.2890489231774067,0.2613081670085705,8.095118442427083e-07,6.793733148095359e-06,3.8608673628621952
ENSMUSG00000024534,Sncaip,-1.1416416852829292,0.23151093761974076,8.169898981746405e-07,6.847394325700768e-06,32.06677813157982
ENSMUSG00000034842,Art3,1.1693157261703249,0.23717865155262646,8.21853071357372e-07,6.88510862167206e-06,7.362767167706764
ENSMUSG00000111058,Gm36033,-1.6529515756805382,0.3353168007643849,8.243101616947157e-07,6.896546385922676e-06,1.2016074924273397
ENSMUSG00000021638,Ocln,-1.2236577203918024,0.24828721731655537,8.290746052623627e-07,6.933346765102283e-06,6.750307205495414
ENSMUSG00000049866,Arl4c,1.4664503672521592,0.29769079985526026,8.389325004799796e-07,7.003423296958419e-06,16.34437658835739
ENSMUSG00000043760,Pkhd1,1.133210993349943,0.23004218201928842,8.388670395688581e-07,7.003423296958419e-06,3.011300090544905
ENSMUSG00000086365,4930593C16Rik,-2.285265573815029,0.4642327110057324,8.537027999287381e-07,7.114189999406152e-06,0.6097013560080242
ENSMUSG00000051323,Pcdh19,-1.1237550701300756,0.22841933428679156,8.667604709222707e-07,7.213487450143623e-06,385.29985388983823
ENSMUSG00000053897,Slc39a8,-2.2830240001822855,0.46526514352230186,9.251251575092878e-07,7.658856153255135e-06,0.6252638550870528
ENSMUSG00000111669,Gm31698,-1.8076112496259487,0.3685050354006725,9.330593411310331e-07,7.721167910232786e-06,19.573216954007528
ENSMUSG00000026012,Cd28,-1.7679465455147094,0.3607481706134706,9.545808102798275e-07,7.885486641152019e-06,3.465257528719721
ENSMUSG00000109017,Gm38979,-2.0445719588711078,0.4175006386141945,9.722629869866407e-07,8.028053857689255e-06,0.6687389196934951
ENSMUSG00000037752,Xkr8,-1.6889392525768754,0.34493847266656874,9.76334523278404e-07,8.05465355512658e-06,9.740375521787453
ENSMUSG00000102124,Gm29296,1.4827137162334654,0.3029170576562392,9.841351432105566e-07,8.115474744926044e-06,2.1657005316006623
ENSMUSG00000079330,Lemd1,2.3861632730538322,0.4878186128148224,1.000719277145013e-06,8.248643019529358e-06,28.254650340404233
ENSMUSG00000040998,Npnt,1.3738902297175133,0.28132630745780185,1.041567496911052e-06,8.5592819021962e-06,63.50827036017236
ENSMUSG00000022715,Tmem114,-2.150809567165439,0.4404298895696001,1.0425493300029415e-06,8.563636672542585e-06,0.9208001818461721
ENSMUSG00000044167,Foxo1,-1.2938418921514205,0.2650093580132461,1.0488225900529826e-06,8.607703803163282e-06,63.39354000213015
ENSMUSG00000038560,Sp6,1.6244597300801622,0.33276301364347566,1.051583044879143e-06,8.623541083280457e-06,2.1777380742444423
ENSMUSG00000050936,Gm42743,-1.1901994679279644,0.24391872878128068,1.0635947671571003e-06,8.713843855437547e-06,4.6351090084120745
ENSMUSG00000031394,Opn1mw,-1.2985226109012726,0.26615264414988643,1.0669848644599118e-06,8.734066169121094e-06,2.3864227132367835
ENSMUSG00000087524,Gm14285,-2.469863993771211,0.5066095737119883,1.086537156046595e-06,8.890275952971924e-06,1.1149445964500213
ENSMUSG00000019487,Trip10,-1.0718980823859348,0.22011482064726778,1.1175511314017367e-06,9.136149240751903e-06,8.660495068464957
ENSMUSG00000116537,Gm49698,-1.4036832420622676,0.28836180299237785,1.128560446790842e-06,9.2142268275254e-06,3.2239004596597054
ENSMUSG00000020354,Sgcd,-1.2345838599242307,0.2536759384722351,1.134337184662109e-06,9.257402949761827e-06,263.597439852051
ENSMUSG00000115580,Gm41230,1.992898829138765,0.40957322663600065,1.1399837755175952e-06,9.299480217846935e-06,6.46093113081549
ENSMUSG00000027358,Bmp2,1.713755170016159,0.35260033561029225,1.171882577503275e-06,9.547366656787214e-06,2.113482164867568
ENSMUSG00000034957,Cebpa,-1.2403328955543411,0.25526696847384384,1.1800185297343122e-06,9.605391382502242e-06,8.931617192353784
ENSMUSG00000025279,Dnase1l3,-1.5034501791428956,0.3096144003614091,1.1985365231816878e-06,9.743572335604025e-06,58.725954199715574
ENSMUSG00000045053,Kcng3,-1.2687436292034144,0.26208625733876106,1.2922692853789305e-06,1.0442858404234852e-05,7.275205142311313
ENSMUSG00000037716,Ccdc33,-1.9562630639246867,0.40410302024835076,1.2918682089976743e-06,1.0442858404234852e-05,2.452929039357822
ENSMUSG00000087694,A530058N18Rik,2.129983318743534,0.4400334832120993,1.2951101480380986e-06,1.0456897019736672e-05,13.129625637571065
ENSMUSG00000057604,Lmcd1,1.4477425403065314,0.2992255500720322,1.3095534426784795e-06,1.0560016059045612e-05,8.250422378547581
ENSMUSG00000020182,Ddc,-2.3459035796469685,0.4852210111062048,1.3333890306850479e-06,1.0743079137534718e-05,1.1859321972503185
ENSMUSG00000100166,B230110G15Rik,-2.697557750944908,0.5594594207150926,1.4232426535150083e-06,1.1428156052588731e-05,4.080788679974162
ENSMUSG00000027887,Sypl2,-1.9125426295110082,0.39705095779757626,1.4582802801862582e-06,1.1694630262179262e-05,1.5081177468107478
ENSMUSG00000078521,Aunip,-1.6360945960856645,0.3396720481312118,1.4595995822505377e-06,1.1700258918632694e-05,3.57578921985072
ENSMUSG00000097098,9330111N05Rik,-1.3090524119538547,0.2720615362905021,1.4972369095575194e-06,1.1996887710830864e-05,5.3608872002614785
ENSMUSG00000105784,Gm35065,-1.1620279639351638,0.2418836674760032,1.5546635263923842e-06,1.2415033217503447e-05,4.142557747100831
ENSMUSG00000070803,Cited4,-1.876223672318,0.39140830163554113,1.6387979929892388e-06,1.3059386865915086e-05,22.097431676173457
ENSMUSG00000028909,Ptpru,-1.0473663195347882,0.21850397819151154,1.6401807404408614e-06,1.3064911740796268e-05,115.22152866789268
ENSMUSG00000089812,Gm15867,-1.4343905459444555,0.2993042873499399,1.6478507409789341e-06,1.3120492244349077e-05,4.120166528393
ENSMUSG00000048612,Myof,1.0696826883371244,0.22331482661681548,1.6676393669769456e-06,1.3250216353967765e-05,3.5825747897333193
ENSMUSG00000045004,Spata21,1.4217611155431364,0.2971792528371732,1.7168080341914304e-06,1.3606655059777334e-05,2.105892115289874
ENSMUSG00000017144,Rnd3,-2.1752591272400186,0.4550642681840534,1.7519573169990528e-06,1.3873627729683264e-05,44.20552534103409
ENSMUSG00000045761,Togaram2,-1.1226981292088403,0.2348874645305247,1.755327390117189e-06,1.3894508789774742e-05,28.30825339834835
ENSMUSG00000074818,Pdzd7,-1.2914387834441612,0.2703636900201801,1.782197393707966e-06,1.4083669979468706e-05,11.87085741922096
ENSMUSG00000022306,Zfpm2,-2.840170273871665,0.5947056200072515,1.7903136378555707e-06,1.4135805149495835e-05,263.5236824056547
ENSMUSG00000029163,Emilin1,1.6530702835038213,0.34659717929665657,1.8474978148293736e-06,1.4569323175620736e-05,2.4074180423920937
ENSMUSG00000027204,Fbn1,-1.4207824899459276,0.2982820706206978,1.9052993055415974e-06,1.49628768503992e-05,27.031334505500233
ENSMUSG00000036585,Fgf1,1.1393480045412243,0.23934311080577597,1.9329342556054062e-06,1.5161053039620218e-05,14.519902049130941
ENSMUSG00000054003,Tdrd9,1.1456626381018655,0.24071998675247916,1.9424950030631495e-06,1.5229739473747075e-05,7.190590877038193
ENSMUSG00000085936,2610307P16Rik,2.472551083121814,0.5195570682275629,1.9459340249564044e-06,1.5250392792772483e-05,7.728072234854169
ENSMUSG00000110246,C130073E24Rik,1.329965041599252,0.27956013245371797,1.9615214119374394e-06,1.5359847419923336e-05,632.290865346191
ENSMUSG00000115289,Gm49164,-2.3933895382993913,0.5048525247108896,2.129078612449697e-06,1.6610143971149345e-05,21.482431270420904
ENSMUSG00000063260,Syt10,-1.8213251839347893,0.3844625087233894,2.1655402624157716e-06,1.687833887382604e-05,48.770519387607095
ENSMUSG00000097134,1110002J07Rik,1.0218991843438212,0.21585345798835237,2.1989194370880155e-06,1.7098696484537505e-05,8.501192137977736
ENSMUSG00000040752,Myh6,1.1538758668079705,0.2438894770251787,2.2325973805376294e-06,1.735345379868256e-05,4.041613059621067
ENSMUSG00000085471,4933423P22Rik,1.2128689610457037,0.2563895666252215,2.2388958122479345e-06,1.739527496600999e-05,2.4292349345271083
ENSMUSG00000099343,Gm28836,-1.9838220668751179,0.4197037994442852,2.2817629544452513e-06,1.772106884702357e-05,1.3582654817769086
ENSMUSG00000110454,Gm45911,1.4687288144106523,0.31085159415353614,2.3027922302665843e-06,1.786242847464256e-05,1.3701063981263357
ENSMUSG00000028464,Tpm2,-1.2143878955560161,0.2574662010871353,2.3971415536755936e-06,1.852603280675061e-05,12.613184211894385
ENSMUSG00000114018,Gm36495,-1.102748453321576,0.234125871178881,2.476358198331643e-06,1.909153289600677e-05,16.410997241531344
ENSMUSG00000033740,St18,-4.4962418592359175,0.9555056799475523,2.5310178002277284e-06,1.9489145597040005e-05,173.4913601908823
ENSMUSG00000109089,4833411C07Rik,-1.1156766184532827,0.2372554657418516,2.5708656201313973e-06,1.9771876421059245e-05,5.585391318356882
ENSMUSG00000085733,Arhgap27os1,-1.3077631144299524,0.27825574050351615,2.603394928618998e-06,1.9997703241722744e-05,2.739285308387953
ENSMUSG00000034463,Scara3,-1.854481714882235,0.3947401818180243,2.6274638581455256e-06,2.01499150594325e-05,6.838849827976006
ENSMUSG00000110301,Gm35363,-2.282415288132861,0.48623039520755856,2.6777981930926223e-06,2.051931894828354e-05,1.25135622537756
ENSMUSG00000015879,Fam184b,-1.5367866801341015,0.32739864371665434,2.6800431438061696e-06,2.0528220523495116e-05,41.40735572337532
ENSMUSG00000031264,Btk,1.4003301301709725,0.2983543222384414,2.685518591000259e-06,2.0561849413921174e-05,294.99152786752353
ENSMUSG00000087689,Gm15845,2.123992980741974,0.45326028848057287,2.785504355698644e-06,2.127581924243825e-05,1.1551127047834293
ENSMUSG00000032491,Nradd,-1.2685271744474,0.2707284483435694,2.791311115889395e-06,2.1311581646294937e-05,3.390795599739668
ENSMUSG00000050212,Eva1b,1.8764348654802911,0.40066762069389034,2.823334729157175e-06,2.1547399564046904e-05,4.234836292214881
ENSMUSG00000085386,Gm13630,1.227903023563272,0.2624794443124458,2.895564454616149e-06,2.2054238912771713e-05,45.461053809336235
ENSMUSG00000030218,Mgp,-2.452513549016372,0.5246791085302445,2.949415008130554e-06,2.242833643823194e-05,5.901191400318642
ENSMUSG00000097773,Gm10614,-1.0909387127879913,0.23375866517616262,3.0571188881617145e-06,2.3191514383772815e-05,2.192638099413908
ENSMUSG00000016024,Lbp,-1.4607848249870647,0.31302336739640574,3.0608200717147434e-06,2.3210300263703237e-05,2.558791854192715
ENSMUSG00000103695,A830029E22Rik,-1.040674632732542,0.22311316640599316,3.096160923730813e-06,2.3468899801879564e-05,6.858526869923528
ENSMUSG00000076587,Igkv6-20,2.1527107866213995,0.4628891051804857,3.3097517155637084e-06,2.5017867973646696e-05,1.6315651529643822
ENSMUSG00000016262,Sertad4,-1.5149797867723214,0.3259848295803697,3.361555020774021e-06,2.5358864507829497e-05,41.53177515416526
ENSMUSG00000117478,BC051408,-1.5634568346071598,0.3367013630510421,3.4263455433041562e-06,2.5827067639464503e-05,1.3710343827232236
ENSMUSG00000094634,Gm3468,-1.9095957305521298,0.4120234501114787,3.57494721155457e-06,2.6872371939293576e-05,1.59986222977434
ENSMUSG00000017400,Stac2,-1.4685540096776581,0.3170928225938288,3.633657199917548e-06,2.7259621511653813e-05,124.96191973428913
ENSMUSG00000112276,5033421B08Rik,-3.096723357227114,0.6689536166124461,3.670724275442456e-06,2.7515911795741513e-05,2.9389206097230223
ENSMUSG00000038668,Lpar1,-1.1037318737685897,0.23853471685866906,3.7076233008859885e-06,2.7748602508605642e-05,4.401597343918986
ENSMUSG00000022231,Sema5a,-2.59301397980571,0.5610728271395937,3.809232559390985e-06,2.8464099763588e-05,215.48232515230887
ENSMUSG00000091412,Gm2895,-2.1819629697457614,0.4722035055136235,3.82243591246749e-06,2.8551501987094574e-05,0.5647942169159492
ENSMUSG00000097497,Gm26652,-1.1338057948359317,0.2453973101487506,3.832111379634397e-06,2.860756536194245e-05,36.22669211977575
ENSMUSG00000021940,Ptpn20,2.09140389106109,0.4526612933358183,3.832960868283477e-06,2.860756536194245e-05,1.3431666357015195
ENSMUSG00000035211,Xrra1,-1.2907987287975147,0.2796248996346305,3.90868907758923e-06,2.9149806383437978e-05,6.737565665437199
ENSMUSG00000039081,Zfp503,2.1983236929299426,0.4769366927642701,4.041109425657286e-06,3.0066361843818438e-05,6.367345356311882
ENSMUSG00000030877,Mfsd13b,-2.1419718835641004,0.4652738632558978,4.1509051567938494e-06,3.084692263578174e-05,2.8605623495532946
ENSMUSG00000048376,F2r,1.7371930115315863,0.37751683182408197,4.191961463090399e-06,3.1103237950494544e-05,1.2161588183629228
ENSMUSG00000027643,Ghrh,-1.910935587100918,0.415268504585977,4.190831058748283e-06,3.1103237950494544e-05,0.899946508036836
ENSMUSG00000085162,Gm12295,1.1019768552807538,0.23991925312324208,4.366770823565597e-06,3.228650296783772e-05,4.333272034805731
ENSMUSG00000097543,Gm805,-1.3636260833963267,0.296913068828165,4.375942394518831e-06,3.2341695934528796e-05,2.068992281852239
ENSMUSG00000020330,Hmmr,-1.0938784805016837,0.2382833991527326,4.418429398939384e-06,3.2623514375000136e-05,2.366542845227189
ENSMUSG00000034768,Asb16,-1.38435154053623,0.30180153782110575,4.497471032913269e-06,3.313649925105227e-05,2.805635134487826
ENSMUSG00000059824,Dbp,-1.174351526812781,0.2562294979654845,4.579094722045548e-06,3.36854988287124e-05,104.68008001524441
ENSMUSG00000073530,Pappa2,1.5567788273023906,0.33970140980314356,4.588217782372631e-06,3.3726426290132414e-05,14.802002965387441
ENSMUSG00000019787,Trdn,1.1326260490447033,0.2475744527588366,4.764687811829733e-06,3.495580101981163e-05,30.19481035174203
ENSMUSG00000032179,Bmp5,1.5676131729403253,0.3431471513718496,4.915999706915577e-06,3.596841484403482e-05,2.861931795661394
ENSMUSG00000086179,Gm14317,1.1182078619873517,0.24488425649512532,4.964770117796736e-06,3.629721980410808e-05,5.328938544564932
ENSMUSG00000086386,Gm12108,-1.8865265311464963,0.41332599448619484,5.0126372618805065e-06,3.660480775053395e-05,0.9294775262077744
ENSMUSG00000019960,Dusp6,1.0704214246346266,0.23461972159657096,5.057998074369426e-06,3.687920873770705e-05,345.3472651999771
ENSMUSG00000085287,4833418N02Rik,1.0772903823783375,0.2361359741271026,5.062974737788427e-06,3.6901296646573345e-05,4.240931140221083
ENSMUSG00000020411,Nipal4,-1.8452792136948724,0.4046700388003651,5.116335126250655e-06,3.7261549055514956e-05,1.6368553544730569
ENSMUSG00000087094,Gm13093,-1.699371369016023,0.3729953322429294,5.2133853284074975e-06,3.7939190465945496e-05,0.9172143216574771
ENSMUSG00000020799,Tekt1,-1.0344338168567278,0.2273395504127242,5.360235077322484e-06,3.8903276413351616e-05,3.613428167931482
ENSMUSG00000069833,Ahnak,-1.1604445963756111,0.255168163172331,5.421887547183486e-06,3.932061577463722e-05,8.932212355964108
ENSMUSG00000031841,Cdh13,-1.112316629872945,0.24483008423462652,5.54017064418398e-06,4.013235233458961e-05,990.8456297966258
ENSMUSG00000035594,Chrna5,-1.9720920871565115,0.43423761446636083,5.585418928027518e-06,4.044466514563297e-05,0.5808215178070832
ENSMUSG00000107422,Gm44129,2.080437387031753,0.45840853731726633,5.668496181017448e-06,4.096796438988582e-05,1.16798886576407
ENSMUSG00000025196,Cpn1,1.1557405842866788,0.25511880823240746,5.892638982244442e-06,4.248773263917275e-05,5.082836186947473
ENSMUSG00000044337,Ackr3,-1.3994751079612766,0.3089528692022605,5.905727643749271e-06,4.253650279325302e-05,27.652889395935546
ENSMUSG00000026205,Slc23a3,-1.4238046961892221,0.3147733228796497,6.08915118714434e-06,4.379104933449155e-05,3.7405061423001627
ENSMUSG00000117990,Gm32027,1.4689443258597341,0.3249527255495655,6.169775427468768e-06,4.433721818374409e-05,1.3373534307908788
ENSMUSG00000047907,Tshz2,-1.7531897620572294,0.38843583454614106,6.377835879615932e-06,4.5711040060030986e-05,71.68679763240756
ENSMUSG00000102082,Gm28675,-1.4780585799418775,0.3279285319470546,6.56706870519688e-06,4.701395994086924e-05,1.4752413016339125
ENSMUSG00000114125,1700037F03Rik,-1.603990436049439,0.35603263397216084,6.631728889081669e-06,4.74231179049425e-05,1.457502625215736
ENSMUSG00000087029,Gm14133,1.6483478498384632,0.3665510381238623,6.894742967978507e-06,4.914217716881408e-05,1.3536113538493555
ENSMUSG00000111482,Gm47153,-2.2328833823555234,0.49694451579300425,7.01526880081084e-06,4.995841554880324e-05,0.6263183401224179
ENSMUSG00000085861,Armh2,-1.1327509434865686,0.25213925479389027,7.037180363437733e-06,5.0076818583231336e-05,3.572762585625427
ENSMUSG00000034903,Cobll1,-2.0474896341160265,0.4558188688839808,7.059285533988609e-06,5.019642058877454e-05,4.898689644191894
ENSMUSG00000087098,Gm11884,1.6533761718075684,0.3685452642771412,7.249692734812365e-06,5.147309004297277e-05,1.7865841571973167
ENSMUSG00000060268,Armh1,-1.40040390696574,0.31236019682336963,7.349810858381267e-06,5.2086355933554605e-05,3.5212976074737616
ENSMUSG00000040254,Sema3d,1.8058545146979188,0.4030121728489139,7.433129386698873e-06,5.2637444647961006e-05,4.090154617732366
ENSMUSG00000027827,Kcnab1,-1.3942344542642857,0.31117537384717825,7.445358912525664e-06,5.2704352406560085e-05,404.20892297166665
ENSMUSG00000116903,Gm19522,1.7825495809804817,0.3983956382910052,7.665486194381954e-06,5.4201852008782846e-05,11.976465171678782
ENSMUSG00000073877,Gm13306,-1.649060295189326,0.3691294494242119,7.916458342362596e-06,5.5913859704722774e-05,4.215059831479429
ENSMUSG00000111752,Gm38575,-1.382593435623701,0.3097309248754079,8.049866001698775e-06,5.679261382434541e-05,1.3080682105429116
ENSMUSG00000112400,Gm47725,-1.5257429847032162,0.3419096240609374,8.104069248315961e-06,5.7111235498544984e-05,2.642506068755133
ENSMUSG00000029826,Zc3hav1,1.1491509160105529,0.25768782719757377,8.216289756863723e-06,5.779461428825818e-05,5.464258624361618
ENSMUSG00000001542,Ell2,-1.3510871537740223,0.3038192212672321,8.707373437357888e-06,6.095483067526117e-05,66.60892206897765
ENSMUSG00000070942,Il1rl2,1.4034503659161008,0.31585327274689473,8.856405243254084e-06,6.192947577847412e-05,4.790588611508289
ENSMUSG00000021338,Carmil1,-1.0855101838416155,0.24438593578838838,8.921500121285866e-06,6.233865313361621e-05,122.4114401293783
ENSMUSG00000046982,Tshz1,-2.7016674345766116,0.608805745474988,9.094591307985686e-06,6.343117603471798e-05,38.51641908803043
ENSMUSG00000117652,Gm2350,-3.0206104975740233,0.6820534502967588,9.480253581374461e-06,6.587854982289917e-05,4.673136548069037
ENSMUSG00000109907,Gm45321,1.1090202942227991,0.2508679042294013,9.836616352039673e-06,6.810518080787425e-05,27.36133373425836
ENSMUSG00000097929,Tunar,1.1750628424275946,0.2659514707710724,9.946390958832248e-06,6.881493562244289e-05,271.3844877294389
ENSMUSG00000025572,Tmc6,-1.3826785966289723,0.3135430146045683,1.034408232413424e-05,7.128013092448868e-05,1.4101274551235272
ENSMUSG00000097702,Gm26739,-1.127020550352804,0.25569961844870986,1.0452439979554201e-05,7.200063162942643e-05,2.410389882331338
ENSMUSG00000075334,Rprm,1.3319698939435336,0.3027305949101831,1.083245992309083e-05,7.424873839948236e-05,657.0872253230515
ENSMUSG00000115777,Gm32815,-1.243131370484102,0.2827608391467774,1.1005813206967387e-05,7.537410924178966e-05,1.8962033424230618
ENSMUSG00000103603,Gm37020,-1.616269681870279,0.3677491012555968,1.1075558572323772e-05,7.581998329478678e-05,5.440567946307078
ENSMUSG00000044938,Klhl31,-1.3675970925965357,0.3111789614603131,1.1082921040979387e-05,7.581998329478678e-05,2.1190104432117636
ENSMUSG00000038257,Glra3,-1.1645960664925494,0.26500996126667264,1.110091223871244e-05,7.591565749678843e-05,131.58094927833346
ENSMUSG00000010066,Cacna2d2,1.0195813488415382,0.23274757008034933,1.1833582358667562e-05,8.028871668340505e-05,167.98888292131022
ENSMUSG00000021898,Asb14,1.5051928218950477,0.34362575840875603,1.1850192136716575e-05,8.034387870868662e-05,1.90767345481757
ENSMUSG00000036377,C530008M17Rik,1.1429184615427457,0.26099831031654036,1.192107537586738e-05,8.079555735789945e-05,304.44741462810345
ENSMUSG00000026616,Cr2,1.657469726470114,0.3785800786810382,1.1970640416057191e-05,8.110247975841393e-05,3.070505803230662
ENSMUSG00000118347,C330008A17Rik,1.766368569268602,0.40361342440224723,1.2066266506361561e-05,8.172114020570107e-05,0.9758800210032432
ENSMUSG00000020644,Id2,1.2341640009816006,0.2820337611160971,1.2090794489069502e-05,8.185800484739802e-05,1358.4481805409075
ENSMUSG00000089699,Gm1992,1.2313025166034515,0.28167340824178755,1.2346166564249554e-05,8.340814844653441e-05,104.78934346555897
ENSMUSG00000107638,Gm30524,1.9961209945975271,0.45712072454894515,1.261227280835389e-05,8.511487525580707e-05,0.8838125225033557
ENSMUSG00000044534,Ackr2,2.274048891574707,0.5210120728889058,1.2731131160359086e-05,8.585584892840024e-05,8.03901713477525
ENSMUSG00000039208,Metrnl,-2.003810793797119,0.45930441076332207,1.2846265157133453e-05,8.660146735242936e-05,4.188912110576634
ENSMUSG00000034825,Nrip3,-1.2063133179652894,0.2766035736033058,1.2937283920127538e-05,8.712207899304081e-05,153.6571528776119
ENSMUSG00000097286,Gm26684,1.5385361916535853,0.3531610648565975,1.3217576143326843e-05,8.882023684966088e-05,3.6828319120451116
ENSMUSG00000029650,Slc46a3,-1.503430175061264,0.3451320545373202,1.3239954934254077e-05,8.89390804693778e-05,9.557827654268653
ENSMUSG00000052085,Dock8,-1.6557675890337604,0.3803177838864068,1.3389411767618075e-05,8.987933156087939e-05,1.1754237260329448
ENSMUSG00000042638,Gucy2c,-1.3707839801835244,0.3151708247975107,1.3655003033306452e-05,9.150010872742478e-05,1.5982327519547712
ENSMUSG00000025795,Rassf3,-2.2412501024074887,0.5158968513260044,1.3967185994199988e-05,9.339385130207825e-05,84.13282235433816
ENSMUSG00000090336,Cfap97d2,-1.399424377252626,0.32217128760865615,1.400850743142097e-05,9.36040958481761e-05,4.4079230469322255
ENSMUSG00000010797,Wnt2,-1.0172409605938368,0.23462320905127812,1.4533891735944209e-05,9.680746868054226e-05,5.40177130173913
ENSMUSG00000113680,Gm47405,1.1291074277259567,0.2605184696399339,1.4637212155699235e-05,9.742717609782244e-05,18.11064969322021
ENSMUSG00000058488,Kl,-1.8564551979629464,0.4283570901297423,1.4649321661536938e-05,9.747354125215062e-05,2.2859625372127974
ENSMUSG00000028976,Slc2a5,-1.5948126941385374,0.3682156685050633,1.48304405965498e-05,9.847009806938052e-05,1.7286429864794035
ENSMUSG00000021223,Papln,-1.5867067560732664,0.3664551047043639,1.4919038243855716e-05,9.889411045791655e-05,2.3332461930395008
ENSMUSG00000035818,Plekhs1,1.8084933797032774,0.41806415196804886,1.5192737182342386e-05,0.00010045442065784655,2.679305035653286
ENSMUSG00000107875,Gm44696,-1.046743288721618,0.24198740722400405,1.5210993868721041e-05,0.00010054005364920256,7.1100090482661304
ENSMUSG00000020937,Plcd3,1.0524327034815875,0.24373073491052638,1.5743951083322648e-05,0.0001037731732274658,27.83484050148672
ENSMUSG00000053279,Aldh1a1,1.307652222613551,0.30302642288518794,1.5938082270834987e-05,0.00010497972159621933,50.273818981421115
ENSMUSG00000086771,1700080G11Rik,-1.6820558488608282,0.3898324626731815,1.5973496231962474e-05,0.00010513989357266025,1.4266826871691172
ENSMUSG00000110281,Gm2516,1.549694749118932,0.35936779652453404,1.615792465860377e-05,0.0001062799973205628,92.99603639457074
ENSMUSG00000027737,Slc7a11,-1.2398421115782756,0.287534632979553,1.6180282763777414e-05,0.00010635322871091988,2.571853720492212
ENSMUSG00000028475,Spaar,1.4341020410125636,0.33283287679582935,1.6416112917635664e-05,0.00010775384128479246,39.422194522634925
ENSMUSG00000036019,Tmtc2,1.0379651085844155,0.24104502654790363,1.6615447841163875e-05,0.00010894904380278736,261.3200720384553
ENSMUSG00000041607,Mbp,-1.7526096565225366,0.40705737973079403,1.6656441864248513e-05,0.00010918006687219278,92.87821446152168
ENSMUSG00000105279,Gm6260,-2.249378893163603,0.5225762523391853,1.674364808144789e-05,0.00010963791677382085,1.624193512021292
ENSMUSG00000110924,Gm40518,-2.089930041938221,0.4857152304254653,1.686616270235331e-05,0.00011040199765443704,14.10969395932933
ENSMUSG00000034324,Tmem132c,2.393580730707348,0.5583628497914433,1.8127869491810102e-05,0.0001180491844913407,2.9083797577465074
ENSMUSG00000086909,Gm4926,1.2333117289342155,0.28780125092048836,1.8250123487118053e-05,0.00011876368134645849,12.592509817636843
ENSMUSG00000045930,Clec14a,-1.6448941677688373,0.38437286392546677,1.873782435871547e-05,0.00012177015486888139,2.1145653493000953
ENSMUSG00000098040,Gm20757,-1.589502762445016,0.37160983510816,1.8913718036799784e-05,0.00012261886992725142,0.8129454559706196
ENSMUSG00000112345,Gm40652,-3.0301943272066767,0.7095639462960692,1.9503337898231682e-05,0.00012609629927379405,2.7184153762585996
ENSMUSG00000000365,Rnf17,-1.2032607881822934,0.2817809342917513,1.952982459710476e-05,0.00012622448025754953,9.258915556024427
ENSMUSG00000026894,Morn5,-1.5344869559008676,0.3597732552129238,1.9976780499126975e-05,0.00012884955427449156,1.1172130328647238
ENSMUSG00000032584,Mst1r,-1.3595714425007892,0.3189270446859731,2.0174171597033773e-05,0.00013003420128020069,2.953878495496106
ENSMUSG00000073154,9330158H04Rik,-1.2536078011960188,0.29419809497623683,2.034222556052405e-05,0.00013102827137047272,10.7125463770102
ENSMUSG00000108242,9330118I20Rik,-1.8423919750175883,0.43308668701985564,2.098960406020208e-05,0.00013492299760543738,3.2000426943000218
ENSMUSG00000028064,Sema4a,-1.5279904941616862,0.35925812213976666,2.1075332101741148e-05,0.0001354281259165801,79.84964525233481
ENSMUSG00000031661,Nkd1,1.5045463517395312,0.35383958123998677,2.118151705021781e-05,0.0001360643213903822,11.095700185506677
ENSMUSG00000029307,Dmp1,-1.9966587700542004,0.4702449371768211,2.1762317515374534e-05,0.00013941714567827838,0.6463608536678155
ENSMUSG00000032841,Prr5l,-1.237577619088304,0.292931842539269,2.3915607919039687e-05,0.00015249016489428066,2.8375414231489344
ENSMUSG00000069996,Gm7125,-1.383903427643242,0.3277513051642315,2.4169397652313562e-05,0.00015397443959979843,2.2795143351897784
ENSMUSG00000029122,Evc,-2.016823283613619,0.47766666230604843,2.4188635770068972e-05,0.0001540237391944916,1.4156470551413816
ENSMUSG00000029314,Gpat3,-1.1754902180161273,0.27895821938404836,2.5104557947522902e-05,0.0001593739943402208,5.626784856591466
ENSMUSG00000045915,Ccdc42,1.2387803846566416,0.294307240132594,2.5634449296793525e-05,0.00016241150590913986,1.7321772180753414
ENSMUSG00000116851,Gm35576,2.069704082365738,0.492064377278074,2.597403471041872e-05,0.00016417877176865735,0.5337693124070797
ENSMUSG00000110179,Gm39168,-1.6874131883985957,0.40134651500227103,2.61798995669247e-05,0.00016525952591379847,1.1906422796859748
ENSMUSG00000026156,B3gat2,-2.3042037762681633,0.5481614812317894,2.628043395943072e-05,0.00016583890227479591,57.05654836896518
ENSMUSG00000036570,Fxyd1,-1.8241771272859677,0.43442922508412635,2.680723111162351e-05,0.0001688258655916469,28.75362086624085
ENSMUSG00000036902,Neto2,1.0986160382111352,0.2621170098287341,2.7733723128858195e-05,0.00017437095331515024,608.6258355868781
ENSMUSG00000052551,Adarb2,-1.2442276428636014,0.2968880508823263,2.7785212801011495e-05,0.0001746367438073525,736.5971501862521
ENSMUSG00000104544,Gm32754,2.0076330800021247,0.4791045598763528,2.784802007469637e-05,0.00017497346830752528,0.5218870270449528
ENSMUSG00000113727,Gm47781,1.7842757238435045,0.42594769529883314,2.8024197090489136e-05,0.00017590544381078805,0.6970417783906554
ENSMUSG00000036510,Cdh8,1.3029617847008736,0.3114339004005979,2.8673860845630136e-05,0.00017956697390108758,474.04462115909365
ENSMUSG00000075463,4930594M22Rik,-1.0121799869678014,0.24231901435289097,2.953069086083634e-05,0.00018450596498939946,4.697639189396224
ENSMUSG00000084766,Gm12714,1.739684052245014,0.4166220469340134,2.9708561808117145e-05,0.00018555611280943307,0.7523635560573743
ENSMUSG00000110862,Gm35835,1.3118027921529603,0.31427817327915825,2.9927392867639764e-05,0.0001867997677344445,93.54904932271445
ENSMUSG00000020080,Hkdc1,-1.7906795604664185,0.4292369862121478,3.0223775945424445e-05,0.0001884246401340028,1.7375378124530847
ENSMUSG00000117670,Gm50270,1.5835018470698599,0.3796319194365744,3.0306569233100456e-05,0.00018873134635795385,1.6107548083825844
ENSMUSG00000008845,Cd163,1.9502980088461925,0.46763184771988514,3.0381973305936165e-05,0.00018913876286054217,0.6270526982443008
ENSMUSG00000029177,Cenpa,-1.3750875195573493,0.32985838789871064,3.063139467615237e-05,0.0001905037509396414,14.110558612553898
ENSMUSG00000032548,Slco2a1,-1.2359831788895972,0.2969148509476625,3.1443347838191515e-05,0.00019516915870741212,5.183378236198328
ENSMUSG00000042485,Mustn1,1.0329392619740798,0.24817141285628233,3.151949412366624e-05,0.00019557773858659962,2.9063416275212943
ENSMUSG00000034282,Evpl,-1.0701300795411235,0.2571535086415793,3.162407231823552e-05,0.00019609822330843036,5.845963735788227
ENSMUSG00000091956,C2cd4b,1.1123060580773727,0.26737872740752394,3.181926084479097e-05,0.0001971150679989503,23.90117059154127
ENSMUSG00000074852,Hpse2,1.0124992052526902,0.24351935042402728,3.2135919907816144e-05,0.00019894664562336358,15.077151851471536
ENSMUSG00000110876,4933411E02Rik,1.0208343370270936,0.24554525312968456,3.218642790144305e-05,0.0001991942549746394,2.369140962214735
ENSMUSG00000039518,Cdsn,1.0434288707935124,0.2510655199388567,3.2386460631501466e-05,0.00020023602902673827,4.612651155699785
ENSMUSG00000068463,B630019A10Rik,-2.063530549176252,0.49659127471585446,3.247327717388579e-05,0.00020044579884206376,10.503170487318833
ENSMUSG00000050732,Vamp8,-1.0447954216614908,0.25154366453623966,3.2737807198856335e-05,0.00020194708542263268,2.21950401613035
ENSMUSG00000093985,Gm10406,-1.1307940123392608,0.2723560327820559,3.297316350019919e-05,0.00020293648857706224,2.5391013176943122
ENSMUSG00000032564,Cpne4,-1.9915608910868985,0.479666779240457,3.296290430508705e-05,0.00020293648857706224,559.5605770742741
ENSMUSG00000046179,E2f8,1.7130941517050833,0.4127939110890971,3.324773130625179e-05,0.0002044935112799323,2.652216554049211
ENSMUSG00000022132,Cldn10,-1.2811653592658494,0.30874621243196443,3.330941067215985e-05,0.00020480640241318272,2.0399703659570116
ENSMUSG00000032656,March3,-1.5951099433465703,0.38514432258483783,3.449062158556077e-05,0.00021131499484202282,50.39885559659042
ENSMUSG00000115271,4930529K09Rik,-1.549104217546555,0.3740542101412056,3.452080133369874e-05,0.00021136322625964172,0.7432595670199256
ENSMUSG00000033182,Kbtbd12,-1.3642141252527253,0.3294436441055208,3.4584990694509914e-05,0.0002116878467897167,2.7718689561801986
ENSMUSG00000059049,Frem1,-1.1872071206052943,0.28673878631719096,3.467331476644859e-05,0.00021202301220529226,1.409520581102472
ENSMUSG00000031825,Crispld2,-1.6605970044961638,0.40206965263606803,3.62569654022194e-05,0.00022078068585220363,1.581845328955703
ENSMUSG00000034311,Kif4,1.5003823059185575,0.3635921034673653,3.682401962666312e-05,0.00022416163569716227,1.1228930698063624
ENSMUSG00000113860,Gm45949,-2.095240880713633,0.5083352369834226,3.759726338129075e-05,0.0002285016488375432,2.215185676765886
ENSMUSG00000031461,Myom2,-1.9272898212266527,0.4680035875651904,3.819938945395122e-05,0.0002317894428922112,0.5297827916862097
ENSMUSG00000037035,Inhbb,-1.954868641840559,0.4748629739244829,3.8433498899096544e-05,0.0002329116738528556,0.9968305570768883
ENSMUSG00000095677,Dynlt1f,-1.237655236673106,0.3012230822059049,3.977784176771756e-05,0.00024075059134405868,6.682331849538423
ENSMUSG00000021585,Cast,-1.071003245623609,0.26069844780499196,3.987422684779471e-05,0.00024117989108385246,24.734761450085035
ENSMUSG00000021997,Lrrc63,-3.3385591161837653,0.8132150472860636,4.036457902258824e-05,0.00024360151989746723,1.2998679735181715
ENSMUSG00000071042,Rasgrp3,-1.5483633753766817,0.3773471812067817,4.0732335465587555e-05,0.0002455863051456838,2.882242552498862
ENSMUSG00000039328,Rnf122,-1.3819581717692764,0.3372239687940417,4.166587074196269e-05,0.00025089553560857735,1.0720299865447704
ENSMUSG00000030342,Cd9,1.4553185129783497,0.3557267331278292,4.293065697266844e-05,0.00025769273032374626,1.18731474875013
ENSMUSG00000104222,Gm7292,-2.0880143281474086,0.5105880847365689,4.324341901019446e-05,0.0002593527649873586,0.9533640730482269
ENSMUSG00000039579,Grin3a,-1.474469330590618,0.36064272629631056,4.3426732062165764e-05,0.0002601759635087073,561.7946040482676
ENSMUSG00000047867,Gimap6,-1.7595014752828597,0.43075139429626685,4.412883349398489e-05,0.000264215290587998,2.1707760499927424
ENSMUSG00000039620,Trmt9b,-1.2716224845800461,0.3114029538073815,4.4357202370086254e-05,0.00026549873181084475,49.569766909308605
ENSMUSG00000025504,Eps8l2,-1.7311538237993012,0.4241986641450341,4.4842775641718844e-05,0.00026805917139878646,1.1530772673161072
ENSMUSG00000106598,Gm43532,1.167368039966047,0.2860747384088387,4.4911855543035245e-05,0.00026826227536519366,2.9755285684992194
ENSMUSG00000098145,Gm26936,1.270706013947414,0.31216580632903307,4.688970264459556e-05,0.0002791579846418743,2.019740075254299
ENSMUSG00000097146,Gm4211,-1.176612235887636,0.2892398389921058,4.742923520003275e-05,0.00028210420811067814,7.5088729382587065
ENSMUSG00000039899,Fgl2,1.5657240793803395,0.3849272964755723,4.7503104559139574e-05,0.0002823663210149608,6.106962524959871
ENSMUSG00000002459,Rgs20,-1.9250366203476406,0.47330462005591095,4.757619965060027e-05,0.0002827121302536454,112.11143467587587
ENSMUSG00000010021,Kif19a,-1.8128814199428633,0.44620328320866565,4.8465818495923156e-05,0.0002875585512246161,2.511390830591717
ENSMUSG00000027954,Efna1,-1.103124770221743,0.27186682584156135,4.9581200109696986e-05,0.0002933386644017352,4.145024872000136
ENSMUSG00000027356,Fermt1,-2.0032822895206173,0.49392213297863136,4.994875926329903e-05,0.00029542103247175925,0.4539249141205961
ENSMUSG00000038760,Trhr,-2.2650512419198394,0.5585658223713805,5.0108646806588035e-05,0.000296274214347845,12.429192117348846
ENSMUSG00000105900,Gm43240,-1.1520068752927262,0.284783802826674,5.2278915560313134e-05,0.00030774902587923865,2.2277979810634916
ENSMUSG00000029563,Foxp2,-1.3191771575732363,0.32615945369277227,5.241758777229654e-05,0.00030838661542533977,6.7932272588995755
ENSMUSG00000002007,Srpk3,1.6742429733837763,0.41416375214747675,5.289193663657716e-05,0.0003108877789277721,3.5000996807190314
ENSMUSG00000106892,Gm42791,-1.5473291602102341,0.383169005969873,5.385328816960643e-05,0.0003157548919597902,0.9804105879267153
ENSMUSG00000045441,Gprin3,-1.1563633277299237,0.2863885866199775,5.396807697140465e-05,0.0003163300521522172,51.764620894806896
ENSMUSG00000114425,Gm33447,1.4447040945432958,0.3582075728199554,5.503463391391998e-05,0.0003220834813677528,1.976984539762522
ENSMUSG00000101009,1700108F19Rik,-1.9230092280424125,0.4769813744008699,5.539292006035627e-05,0.000323980196032022,0.5387203115113317
ENSMUSG00000017756,Slc12a7,-1.2485404510019686,0.3098749219808077,5.5972815553044604e-05,0.0003270409021318564,8.046292103217866
ENSMUSG00000101360,4933417O13Rik,1.4455519121293705,0.3587751135478092,5.5983429709230874e-05,0.0003270409021318564,10.237607240726657
ENSMUSG00000022487,Gtsf1,-2.0875489907241938,0.5191551809768621,5.79392803753555e-05,0.00033720803535411143,1.889640149945381
ENSMUSG00000075707,Dio3,-1.816913356335703,0.451877557202352,5.7998612860769874e-05,0.000337346136805276,24.22661567910973
ENSMUSG00000110864,Gm31374,-1.9315317603494397,0.480574403388955,5.839241467865182e-05,0.00033922018950351075,1.9243843742392248
ENSMUSG00000087075,Lbhd2,-1.4556371425513495,0.3622129513859838,5.8511928508427184e-05,0.0003398103111353648,2.4416693894866484
ENSMUSG00000026058,Khdrbs2,-1.0944804282073468,0.2724681929307662,5.896602939450132e-05,0.00034202823906513626,917.2461233283
ENSMUSG00000010651,Acaa1b,-1.0832046014019205,0.26978753775897285,5.943866017461067e-05,0.00034455876730158226,3.127541656523511
ENSMUSG00000018470,Kcnab3,1.2591580622774219,0.31375598256050397,5.990714435422312e-05,0.00034706217838964483,33.01669793505691
ENSMUSG00000024810,Il33,1.1709698612686186,0.29187479239836694,6.023430439815999e-05,0.0003486718529427212,2.4379504224203465
ENSMUSG00000053153,Spag16,-1.8245460651481933,0.45529452863890235,6.139154244779469e-05,0.00035490229694499977,9.234922548504006
ENSMUSG00000029414,Kntc1,-1.71571678558968,0.4283494111372685,6.190892023760663e-05,0.0003576965651294468,15.959127672228682
ENSMUSG00000025013,Tll2,-2.093272387689885,0.5229250541900826,6.254258481103572e-05,0.0003606761966430697,1.4448100229799785
ENSMUSG00000030228,Pik3c2g,-1.26491460365421,0.31620098228700555,6.3248864537851e-05,0.0003646382668062904,3.540602269814379
ENSMUSG00000025064,Col17a1,1.3060727422757348,0.3266584558882844,6.380381041954706e-05,0.0003675021907144124,4.833318335647545
ENSMUSG00000031831,Dnaaf1,-1.6822541349750422,0.42076564836703956,6.38587470983939e-05,0.0003677068543040305,1.9618939432389695
ENSMUSG00000022510,Trp63,-1.4131209739137147,0.35358473479870184,6.427085162038454e-05,0.00036972086679865085,2.5620622986798867
ENSMUSG00000068079,Tcf15,-1.5975293015923036,0.40030334255412137,6.585168105944685e-05,0.00037826291484586777,11.328371415456335
ENSMUSG00000100980,Gm29100,-1.2730958306637792,0.3192452022572402,6.668020860791734e-05,0.00038290604640001016,2.0319936346136185
ENSMUSG00000080907,4930455H04Rik,-1.2592365064395559,0.3158958252982425,6.712867320203608e-05,0.00038536454322283663,1.6190078032738124
ENSMUSG00000041075,Fzd7,-1.564252980909981,0.39248131485083126,6.732466521173384e-05,0.0003863726243980485,8.300397754220928
ENSMUSG00000114491,A230103O09Rik,-1.3172461974010172,0.33076283001783446,6.820868142000347e-05,0.00039085410127277467,1.654898831390549
ENSMUSG00000085576,Dpy19l2,-1.7999809157061173,0.45197077080360265,6.818947577968108e-05,0.00039085410127277467,1.6270034840408951
ENSMUSG00000046561,Arsj,-1.1015612446380338,0.2767588421232563,6.885134544650455e-05,0.00039417915293391584,66.44580251901458
ENSMUSG00000028664,Ephb2,-1.8781965232441027,0.4723495666690965,7.000021075977388e-05,0.0004003935991239708,27.925351445593872
ENSMUSG00000068417,Pnp2,-2.0237782018613717,0.5093943712780444,7.099975789751934e-05,0.00040537674364507124,0.5725593152497471
ENSMUSG00000103669,2900042K21Rik,1.384937718713888,0.3491992195318921,7.307691453802044e-05,0.00041610803199984596,4.796810734059494
ENSMUSG00000029816,Gpnmb,-2.159760024759073,0.5455674287493275,7.534596018726254e-05,0.00042799938415726175,5.196117158298947
ENSMUSG00000050105,Grrp1,1.0426363882671204,0.2636141279053106,7.648304270832487e-05,0.0004338083386180055,4.389910359331968
ENSMUSG00000009145,Dqx1,-1.2843153362552389,0.3255236007946861,7.96724709562138e-05,0.00045081914739332685,2.158716770792819
ENSMUSG00000085245,Gm11713,-1.19543708590044,0.303251071697544,8.078124241301114e-05,0.0004568202159733098,1.3577577059448904
ENSMUSG00000038216,Pnmt,4.067288786102661,1.0322877300905604,8.145689296359299e-05,0.00045995474423721314,25.33743248404986
ENSMUSG00000030310,Slc6a1,1.2234066066427611,0.31061017654439727,8.191735944992133e-05,0.000462279321493749,38.17438794658758
ENSMUSG00000028747,Htr6,-1.1409238544262674,0.2897970782293199,8.251519680666452e-05,0.0004650990420839657,5.309340565550897
ENSMUSG00000041380,Htr2c,1.1201476732233424,0.28462116555637607,8.299806719049455e-05,0.00046763812666891796,1316.6015797646055
ENSMUSG00000105698,Gm31881,-1.068201869067211,0.27167550531737816,8.427589848199336e-05,0.0004743178723593033,3.9315806909409226
ENSMUSG00000036169,Sostdc1,-1.9520355073843623,0.49717967530935286,8.629215739122792e-05,0.00048451448372259823,2.6747510386173916
ENSMUSG00000112137,Gm47865,-1.6351906836127263,0.4166001462540085,8.669937911151196e-05,0.0004866567636739193,0.7172514442772211
ENSMUSG00000028172,Tacr3,-1.1872396793246136,0.30261866893981326,8.737321978951209e-05,0.0004897138464984484,11.152290967611876
ENSMUSG00000031286,Glt28d2,-1.8240666132904233,0.4654448114553843,8.892631039744948e-05,0.0004975357490497985,0.6138910927077098
ENSMUSG00000064023,Klk8,1.0532450250409944,0.26909220690336916,9.075429850113488e-05,0.000507164245531261,7.48550000626788
ENSMUSG00000032890,Rims3,-1.42741221583009,0.3647321533671003,9.093387424286733e-05,0.0005078937675314745,25.62541631197667
ENSMUSG00000057098,Ebf1,-2.0235765048955745,0.517244041465168,9.144859718513843e-05,0.0005105924916494912,142.42270775082173
ENSMUSG00000023802,Nox3,1.8438202072368304,0.47192776245421114,9.345043213539364e-05,0.0005206955862880651,0.7997000970554105
ENSMUSG00000045613,Chrm2,-1.4339956349992127,0.3672400517120264,9.430686637015177e-05,0.0005248502548353528,145.50893437800255
ENSMUSG00000020061,Mybpc1,-1.5766023250196235,0.40392046329062076,9.49097955188234e-05,0.0005278956927154986,2.0421951114320067
ENSMUSG00000116597,Gm536,1.0588476907294753,0.2715126585643786,9.626833727657358e-05,0.0005349809358918093,4.071984356621859
ENSMUSG00000027071,P2rx3,-1.1009009072673057,0.28249503793324215,9.736637223396642e-05,0.0005402907039044403,4.513742983893483
ENSMUSG00000097683,Gm26644,4.33684394438935,1.1147510045477664,0.00010007295874762219,0.0005541737487631328,11.761006820353279
ENSMUSG00000026971,Itgb6,1.7504127413465413,0.45055036102597645,0.00010230690387477397,0.0005645648888837993,12.558376878190268
ENSMUSG00000032725,Folr2,-1.755600364730479,0.4518955008120925,0.00010234261744391675,0.0005645975547488274,0.6084073990149896
ENSMUSG00000087125,A230108P19Rik,1.5796726978392048,0.40725367302528553,0.00010495484459353968,0.0005781669491417374,1.6732515662313836
ENSMUSG00000026979,Psd4,-2.0382311536807425,0.5258646891715364,0.00010620458996689003,0.0005840327858016733,0.4601621130898352
ENSMUSG00000097381,A230087F16Rik,-1.0552467629192388,0.2723532926730452,0.00010682140610770247,0.0005867436654321629,5.846995617471887
ENSMUSG00000102191,Gm36569,1.6901951243415791,0.43636543605359657,0.00010735043481835653,0.0005894786264293991,2.362690923646588
ENSMUSG00000021101,4930408O17Rik,-1.345695613268145,0.3474417163153788,0.00010743546102173945,0.0005897746194559566,2.709744984636465
ENSMUSG00000021791,Dydc2,-1.8386692121255392,0.4750501131167587,0.00010862384788177574,0.0005954359031992046,0.47118412932398845
ENSMUSG00000047996,Prrg1,-1.5354393286305579,0.3969364758804291,0.000109630789963602,0.0006007738122119257,15.0774877828188
ENSMUSG00000029700,Slc13a1,-1.5516073952388683,0.4015380885762197,0.00011147216766444014,0.0006096385504303436,2.0007111165701073
ENSMUSG00000000682,Cd52,-1.0667519641748167,0.2761852926800117,0.00011225541153101577,0.0006134857213462225,3.32865550548697
ENSMUSG00000006649,Nphs1,-1.2907365387114098,0.33528406210991374,0.00011827196662283488,0.0006431144239606086,1.6617765359334364
ENSMUSG00000032300,1700017B05Rik,-1.236603633664801,0.3213751343793144,0.00011915848295213262,0.0006473776525065692,4.235375473303407
ENSMUSG00000097009,Gm26861,1.0933905694735482,0.2845052498996678,0.00012147524034958336,0.000659050031934423,3.5167611339151517
ENSMUSG00000020169,Best3,1.2983423529278173,0.3378356382421476,0.00012148083174390182,0.000659050031934423,3.1394952902762947
ENSMUSG00000051747,Ttn,1.1880600531487213,0.3092290507457197,0.00012203255519092313,0.0006614750917814627,2.339424984337217
ENSMUSG00000040978,Gm11992,-1.7772391529597529,0.462868152934901,0.0001232234408203831,0.0006673575888957587,0.9697507703950926
ENSMUSG00000105933,Gm43260,-1.0157062790078908,0.2647826746034588,0.00012505452398779674,0.0006766942403108932,19.659977078199997
ENSMUSG00000041741,Pde3a,1.5276750044530232,0.39857624472366454,0.00012667747651729042,0.000684889637661242,27.27471423214029
ENSMUSG00000004098,Col5a3,-1.0549174876514575,0.2752902414132907,0.00012709582330672225,0.000686759581312343,5.8067523899638305
ENSMUSG00000116975,4930470H14Rik,1.7761133581056372,0.4639861577544169,0.0001292177731461773,0.0006972314353986503,2.213919079586304
ENSMUSG00000005672,Kit,-1.2636887138480346,0.3308741949470167,0.00013386223680242877,0.0007201815929069132,12.310861281696289
ENSMUSG00000039956,Mrap,-1.4593476723992982,0.38218416821048534,0.00013429772935484547,0.0007221742256737576,0.8921617675132205
ENSMUSG00000032332,Col12a1,2.0866657903854566,0.5475290195269518,0.00013837233193605484,0.0007421895528412791,16.887657748735528
ENSMUSG00000035459,Stab2,-1.3025664156831178,0.34271896058616574,0.00014429731537012245,0.0007712642301556751,1.4106111932776253
ENSMUSG00000064267,Hvcn1,1.2771622253764334,0.3363557174975326,0.00014642343841773134,0.0007811723417837863,5.18463736653759
ENSMUSG00000091243,Vgll3,1.1416878024302481,0.3008811057802666,0.00014795228684440158,0.0007884408986786866,3.3198095970744355
ENSMUSG00000017390,Aldoc,-1.9495351019499343,0.5141457133343128,0.0001495624016715009,0.0007961257055266693,8.177643346463345
ENSMUSG00000062778,Chia1,-1.1510248477762375,0.30363534934821856,0.0001501549404282291,0.0007990553555503908,2.7053198919366275
ENSMUSG00000097325,Gm16897,-1.1016474601184119,0.2906529417680307,0.0001504954292981822,0.000800642443908072,6.037596200661025
ENSMUSG00000005892,Trh,-1.3158873423298594,0.3472254642208733,0.0001508170908324612,0.0008020295694636411,1.2842511857821597
ENSMUSG00000024459,H2-M5,-1.0957621525137768,0.28920331105040015,0.00015131637779543754,0.0008043324990809372,3.7495346957647726
ENSMUSG00000021186,Fbln5,1.8461382738122616,0.48762244302330976,0.00015309204684541897,0.0008130869640472785,0.9194801397949233
ENSMUSG00000074968,Ano3,1.495573994396541,0.3954092645100796,0.00015535824433003396,0.0008237377532328325,1591.153140573605
ENSMUSG00000110727,Gm48784,1.2487839038321984,0.33039368599559527,0.0001570271833959732,0.0008316559880809649,23.51768694999415
ENSMUSG00000086628,Gm16157,-1.5787981209252167,0.41810755779026915,0.00015933031440981771,0.0008424412550407495,0.6654088334583288
ENSMUSG00000075020,Mir670hg,1.068416453383631,0.2829789700880643,0.00015962058411406725,0.0008430351362769159,276.75764907415623
ENSMUSG00000087536,Gm14246,1.0754911380598067,0.28492936943656383,0.00016027196571685164,0.0008457682401376605,6.6013136926630285
ENSMUSG00000032807,Alox12b,-2.12878483597897,0.5654910956043245,0.00016689021857319917,0.0008775165488241188,1.7229713964745579
ENSMUSG00000045231,BC106179,-1.1071203336311544,0.2944683722753821,0.00017009969702419249,0.0008924112011651294,1.2690492119480048
ENSMUSG00000087406,E130215H24Rik,1.0261958615699642,0.27302354663618195,0.00017084284284619826,0.000895318548654717,2.72579552436292
ENSMUSG00000030491,Tdrd12,-1.1617368621759157,0.30910861226330977,0.00017104082001678894,0.0008961082497423694,2.3628054482033805
ENSMUSG00000085456,Gm15398,-1.3962466347530158,0.37156389188915145,0.00017144358254914468,0.0008977489354472718,24.092883349028206
ENSMUSG00000068154,Insm1,-1.2436676664888806,0.3311025729763013,0.0001725540894944945,0.000903287291690793,8.498113302503633
ENSMUSG00000040212,Emp3,-1.9579723250139103,0.5219369041066462,0.00017587916113218316,0.000920185009236574,0.4709927245144384
ENSMUSG00000111836,4933407I05Rik,1.6764600685731808,0.4470062729921671,0.0001765405097979703,0.0009233901906352572,0.5734549453770645
ENSMUSG00000117671,Gm50128,-1.4223817603197835,0.37958801118643143,0.00017883909818576301,0.0009333519445387522,0.7155064562484272
ENSMUSG00000035305,Ror1,-1.3622368128893652,0.3645499101977978,0.00018640406636205397,0.0009701612352543044,4.012790889730733
ENSMUSG00000085324,Gm11680,-1.8460621099380894,0.4943847258209628,0.00018841775675020977,0.0009787600028553934,2.4760746582568913
ENSMUSG00000066800,Rnasel,-1.0376477729412608,0.2780240606788965,0.00018979741642862494,0.0009848469445023118,16.12757487030637
ENSMUSG00000020963,Tshr,-2.503867190674603,0.6719739489836156,0.00019443652581841063,0.0010067137060816615,11.650674776040486
ENSMUSG00000031952,Chst5,-1.1558137222820566,0.3102577214975589,0.00019505657178954584,0.0010090969247643718,1.7799301427586505
ENSMUSG00000018983,E2f2,-1.0389513486669504,0.27921826413498146,0.00019849120826513655,0.0010251862623669495,3.5626585690809662
ENSMUSG00000085348,Myhas,-1.8537121337688531,0.499007751283116,0.00020336747370552756,0.001048086382028759,3.136735211989275
ENSMUSG00000085393,Gm11280,-1.2823613655228838,0.3474324734952714,0.00022340420728754465,0.001139878763623848,2.573184148106529
ENSMUSG00000082361,Btc,-1.6289961376026916,0.4413806081468657,0.0002236522596038739,0.0011408372327034752,1.2346532535743633
ENSMUSG00000044583,Tlr7,-1.85266978501027,0.5022325195115502,0.00022525348531359402,0.0011483867491774568,0.9318307338614884
ENSMUSG00000022754,Tmem45a,1.7694974810749051,0.480904400595453,0.00023367313327993998,0.0011846190143538957,1.0323915107174864
ENSMUSG00000053615,Gm9913,-1.4330017911899773,0.3895767423158935,0.0002347425310711158,0.0011890860635652618,1.3239952234058912
ENSMUSG00000028273,Pdlim5,-1.345299362679079,0.36652589596437085,0.00024216418403832747,0.0012224324154305555,30.846068569146475
ENSMUSG00000059022,Kcp,1.0336775145572537,0.2820753538484619,0.0002477797487176389,0.0012494481740817607,1.691200972342605
ENSMUSG00000052014,A330070K13Rik,-1.5704152939403382,0.42909559043336537,0.00025238634964526235,0.0012699737986664157,8.663793775946733
ENSMUSG00000086308,G630016G05Rik,1.3139611666887783,0.3591874898278084,0.0002540438752379425,0.0012769579405196316,98.19007463231617
ENSMUSG00000055370,Gm9968,1.891249325146258,0.5170137121752081,0.00025416579855623854,0.0012772320028217239,0.5483898412852856
ENSMUSG00000115787,Gm36146,1.5909763611700725,0.43511883284629577,0.0002557641097059249,0.0012832221019134966,0.563930145643779
ENSMUSG00000096039,D830030K20Rik,-1.0886895007052202,0.29805891060689044,0.0002596000650349131,0.0012993716937167467,11.014095844392628
ENSMUSG00000036867,Smad6,-1.471813265295766,0.4031587644788339,0.0002615226201726602,0.0013079582085700479,1.133975978869514
ENSMUSG00000022676,Snai2,-1.7151038644119565,0.47158830209144664,0.0002759744922594164,0.0013693942467441584,2.5114700820526643
ENSMUSG00000113644,4930448C13Rik,1.849280148177665,0.5095715507187923,0.00028442395799030206,0.0014069000271250912,0.4415724472838352
ENSMUSG00000116092,Gm49422,-1.466998334415339,0.404820019212532,0.0002902740861945172,0.0014339660931663456,3.1978842012844186
ENSMUSG00000062151,Unc13c,-1.3339530567382603,0.3686151884648606,0.0002959461620032469,0.001460083251747339,178.03586685119262
ENSMUSG00000101969,Gm20125,1.832157356929699,0.5064973509926227,0.00029768200494102693,0.0014678829023243457,2.49028837916502
ENSMUSG00000009621,Vav2,-1.1108186783926894,0.3071449772011441,0.000298504959934302,0.0014711752901833612,7.383453886592478
ENSMUSG00000103115,Gm37584,-1.1151702224834015,0.30838603868323233,0.0002990169653935512,0.0014725497646070154,1.5709823864021648
ENSMUSG00000114926,Gm2379,1.4394104703441537,0.3991563046103505,0.0003107946436241401,0.001526187742077599,0.8398718544815331
ENSMUSG00000037280,Galnt6,1.423817352205021,0.3951521826482648,0.00031430815440957997,0.0015398499291782678,1.5017798155791549
ENSMUSG00000104178,Gm9916,-1.0765816460474078,0.2988133475601248,0.000314739162319402,0.0015415629687135352,2.1508770170444356
ENSMUSG00000042351,Grap2,1.0571769494052063,0.29360153784388987,0.0003173370991831568,0.001552682166155647,3.612873605441176
ENSMUSG00000106194,Gm43569,1.187780034216211,0.33045675099618793,0.0003251918095737484,0.0015870164283859213,1.8857398038098443
ENSMUSG00000042010,Acacb,-1.1346699862304532,0.3157867466260963,0.00032670106101110544,0.0015935611598868592,2.000350692047376
ENSMUSG00000040605,Bace2,-1.0933732054571148,0.3043649728734374,0.00032776015393607604,0.00159768421757445,22.70230244646892
ENSMUSG00000013974,Mcemp1,-1.173374027293882,0.327110265396008,0.0003343886762481169,0.0016256196549260685,2.1428535044079045
ENSMUSG00000034552,Zswim2,-1.2069793136681533,0.33681227257738383,0.00033897244114760233,0.0016453708400991454,1.0560333788571277
ENSMUSG00000027270,Lamp5,-1.088596805525612,0.30395698891139694,0.0003417353701454762,0.001657932735344796,222.21162402733285
ENSMUSG00000022014,Epsti1,-1.0706126798796418,0.29897054739053663,0.00034228538070803395,0.0016597512703217102,3.0348643678650573
ENSMUSG00000087641,Gm12811,-1.132659288689162,0.3168868401732585,0.00035112099094323677,0.0016991171548453362,4.48518328213639
ENSMUSG00000094747,Olfr1307,1.041417585498938,0.2914439569627179,0.00035250637438884224,0.0017036459563041471,2.2130208973173326
ENSMUSG00000059479,B3gnt8,1.5562569523820076,0.43560385487477016,0.0003533967320324937,0.0017075135318755116,0.9050771342639933
ENSMUSG00000087242,C78197,-1.3047054472575403,0.36625357604057146,0.0003676186742501594,0.0017707642834811346,2.7391244421619145
ENSMUSG00000074813,Morrbid,1.0877871773811778,0.3054721060141203,0.00036944044062366745,0.0017786830157059193,2.1654345189626576
ENSMUSG00000044447,Dock5,2.0268306088851182,0.5695925056469776,0.00037313915526899604,0.00179330129149061,4.008230843470252
ENSMUSG00000035165,Kcne3,-1.6611596446826222,0.4668423543832827,0.00037327960258398983,0.0017935214170807826,0.6140946127305017
ENSMUSG00000049538,Adamts16,-1.9547742757544952,0.5515659946903188,0.00039403914947750963,0.001884664786117821,11.24539109455591
ENSMUSG00000104414,Gm37799,1.7949014073988698,0.5069948360185053,0.00039970950830084395,0.0019103392641364421,0.701833574530941
ENSMUSG00000022369,Mtbp,1.0228877490199149,0.28912052099002916,0.0004032791513554703,0.0019259425197041737,3.968700462577208
ENSMUSG00000009772,Nuak2,1.6436959626806402,0.4646723284366389,0.00040420551222673405,0.001929394069696879,6.790760879418366
ENSMUSG00000037003,Tns2,-1.3480837711361326,0.3812399869430362,0.0004061573481335072,0.0019372468530405138,5.011581748315391
ENSMUSG00000029123,Stk32b,-2.244822338901646,0.6349672542462096,0.0004072575708004567,0.0019415172243191585,12.67009086526961
ENSMUSG00000032360,Hcrtr2,1.3102046028997214,0.3706273432023368,0.0004076213581394082,0.0019426091306817379,19.26497591159557
ENSMUSG00000034773,BC030867,-1.9059871105708133,0.5405899687331052,0.0004222794150127135,0.002005060113878958,0.47328753895223086
ENSMUSG00000022947,Cbr3,-1.8078280130384305,0.5131674511492453,0.00042688251441999164,0.0020238738174277815,0.5688198294453092
ENSMUSG00000068009,Bpifb6,-1.2218906476701845,0.3472230464220252,0.00043311676875369643,0.00205137784750876,1.1253302005943018
ENSMUSG00000046082,Tmem174,-1.453612918983199,0.4131229120808976,0.00043383565975531075,0.002054269303439065,1.0897552551959286
ENSMUSG00000038583,Pln,-1.1281996218233092,0.32076484440406294,0.00043609680575135026,0.0020639446725744474,1.9041224047553311
ENSMUSG00000021763,BC067074,-1.1295108493322519,0.32167921682397077,0.00044592808171520974,0.0021067906129402206,2.646990915891048
ENSMUSG00000084964,Gm15503,1.8055038209838523,0.5145861288729878,0.00045038323125970887,0.002125719111425027,0.9089195908236885
ENSMUSG00000027765,P2ry1,-1.1479243385921092,0.3272876874578377,0.00045253175878447535,0.0021347963228692574,1.7715474611725481
ENSMUSG00000035873,Pawr,1.24683646222765,0.35602034408569333,0.0004615206130244607,0.0021734134236614145,47.89494391614744
ENSMUSG00000003283,Hck,1.3638897550369622,0.38973228458200304,0.0004660345991861763,0.0021919472957503206,2.0695857939436255
ENSMUSG00000022203,Efs,1.1586536387354356,0.3312180552547167,0.0004684805933510215,0.00220056824522388,1.742633035864484
ENSMUSG00000074802,Gas2l3,1.1175843213529055,0.31958207351002266,0.00047048976620923667,0.002208516489884824,21.04038997549374
ENSMUSG00000085434,Gm11725,-1.1355307043956548,0.3249020512983419,0.0004740724969752052,0.0022203840379832274,2.596380398029079
ENSMUSG00000022053,Ebf2,-2.5031248376556574,0.7163228178599439,0.0004751127072071303,0.0022236345583148357,121.16489256998162
ENSMUSG00000026683,Nuf2,-1.1071494445138503,0.3168429788358979,0.0004752783571872215,0.002223833300913049,1.5606289887197209
ENSMUSG00000026873,Phf19,-1.1625344814674698,0.33285813416137716,0.0004783738682936783,0.0022355572883268073,1.2188082695343718
ENSMUSG00000045005,Fzd5,-1.417688053601523,0.4064569525793465,0.00048679944270738697,0.0022715709035471517,3.402894366537084
ENSMUSG00000021125,Arg2,1.200600977986444,0.3449594444708979,0.0005006433241856804,0.002329288237986409,1.8800111765946306
ENSMUSG00000048277,Syngr2,-1.703610481679189,0.4897535137832458,0.0005042173594249151,0.0023424660360632857,0.4853013994442559
ENSMUSG00000006411,Nectin4,-1.4029664479487858,0.40343624884772605,0.0005060340070590955,0.0023491779602571924,10.660107062872468
ENSMUSG00000032232,Cgnl1,-1.40980877341219,0.4058095817065703,0.0005126372615892261,0.0023775027183347616,1.092646660636257
ENSMUSG00000012819,Cdh23,-1.608488780764965,0.4637818145181278,0.0005239542731456995,0.002425832757417788,13.436669979879454
ENSMUSG00000078771,Evi2a,1.9984039450472095,0.576428200217458,0.0005265486343548722,0.0024348698440763367,1.4719258655404592
ENSMUSG00000002699,Lcp2,-1.7066045933243263,0.49282846235540295,0.0005344316498115117,0.002468357783389942,4.037368409211756
ENSMUSG00000040714,Klc3,-1.456297134881262,0.42099538531327363,0.0005418307163841726,0.002498221916175199,2.1280134124285577
ENSMUSG00000056617,4931429L15Rik,1.0468237969613636,0.30287977580119907,0.000547776757123954,0.0025207308274645284,15.367721734821284
ENSMUSG00000039004,Bmp6,1.6283835012836254,0.47117465801935066,0.0005482385582677786,0.0025216312328093216,7.323280036219616
ENSMUSG00000030513,Pcsk6,-1.5367609035688925,0.44469888361483273,0.0005487972881832439,0.0025235885976880547,1.092674328966342
ENSMUSG00000022639,Dubr,-1.046887346045473,0.3030464000123648,0.0005512227573213804,0.0025322839396945836,38.248782766617325
ENSMUSG00000033453,Adamts15,-1.0771307490414195,0.31242069215259144,0.0005653955197656829,0.0025948765075223274,3.1268056488213967
ENSMUSG00000112858,Rnf212b,-1.6459504871594297,0.478878196604691,0.0005879864669792781,0.00268943846228755,2.866776456021774
ENSMUSG00000115654,Gm19303,-1.486035238413099,0.43258278442131354,0.0005919810071098022,0.0027057501410349136,1.3176541233456611
ENSMUSG00000109634,Gm45474,-1.0634597201578757,0.30962077610643235,0.000593173102805565,0.0027092384425561476,1.5793709790401997
ENSMUSG00000104093,A330015K06Rik,-1.2380669901689398,0.36087124146472216,0.0006018659964660097,0.002742903316846495,6.805899553966093
ENSMUSG00000113587,Gm36287,1.7002198586939503,0.4962078024578055,0.0006115779159643549,0.0027812338630968385,2.607278900299368
ENSMUSG00000112201,4930532I03Rik,1.0486639248603746,0.3069823158376047,0.0006353887145476615,0.002879152592223382,10.046162840570409
ENSMUSG00000034997,Htr2a,-1.054008451518091,0.3086567941858947,0.0006382337117819685,0.002890661768228562,221.97046047004943
ENSMUSG00000115304,4930434J06Rik,-1.9088979655850484,0.5594985083178626,0.0006453504019683082,0.00291801243552838,0.3860985767225694
ENSMUSG00000023885,Thbs2,-1.7213591464985514,0.504823090535159,0.0006500422087302628,0.002938525728873683,0.9973973295297738
ENSMUSG00000059203,Il1rapl2,1.4076704192592047,0.4128879361094166,0.0006512311885692554,0.002943198431525731,80.95019705205252
ENSMUSG00000110923,Gm47499,1.5044381289902156,0.4413943186276143,0.0006535060155981327,0.0029513677301202606,0.8927465958307467
ENSMUSG00000057977,Skint11,1.604596075777693,0.4713145867048995,0.0006628243454247063,0.0029891769028553513,1.7092328181588892
ENSMUSG00000019987,Arg1,1.4398604615967356,0.4231083115750209,0.0006663709191110558,0.003002558793484864,0.6023361916783164
ENSMUSG00000058806,Col13a1,-1.67557070327201,0.4934970604073668,0.0006855337100710793,0.0030775820572602,0.5935319317011507
ENSMUSG00000105003,Gm40055,1.2495961587866733,0.36874896679836966,0.0007021331353769266,0.003145490050920274,2.7118756709634777
ENSMUSG00000114916,4930572O13Rik,1.5516554325479561,0.4579263948636875,0.0007029178675110624,0.003147517388784176,0.8126666314928905
ENSMUSG00000068428,Gmnc,-1.5469453667937254,0.4567343071372007,0.0007066913158128483,0.00316291932797673,0.5958897047378356
ENSMUSG00000070291,Ddx43,1.3773158276660273,0.406884918810726,0.0007117164118874146,0.0031824034934559947,3.2517244442074147
ENSMUSG00000024409,Psors1c2,1.3300947523524302,0.3932499906279312,0.0007187806518127307,0.0032094470668829513,1.7384142977759998
ENSMUSG00000023993,Treml1,1.7431615537182978,0.5155002040727086,0.0007209244753881073,0.003216745657783055,0.5525488204011664
ENSMUSG00000001493,Meox1,1.5040703732699892,0.4448781890228724,0.0007225964555083265,0.0032222769376883537,5.337161798360819
ENSMUSG00000092274,Neat1,-1.038499240086943,0.3075289943631072,0.0007330372834373326,0.0032661783496678704,4.937570008233996
ENSMUSG00000112261,Gm47599,-1.0853560828649897,0.3214146954998332,0.0007333191405573966,0.0032666661291872747,1.8254111146079106
ENSMUSG00000032946,Rasgrp2,1.5848259795807789,0.4695521759523266,0.0007376578889508848,0.00328290676271002,89.5454082472363
ENSMUSG00000084960,B430010I23Rik,-1.2812587144234069,0.37989355742761244,0.0007444090222445545,0.003309843024761687,1.4536009282915896
ENSMUSG00000117545,Gm30794,1.2896705008337026,0.3834314267505539,0.0007696163838533172,0.003412314102484876,1.900890077407396
ENSMUSG00000035095,Fam167a,-1.1580059465324661,0.34441600125233107,0.0007731558605483955,0.0034240017661584703,0.8801891276121572
ENSMUSG00000022469,Rapgef3,-1.2778253096719854,0.38048633459918935,0.000783950779166817,0.003463713514854554,5.731372088288079
ENSMUSG00000074217,2210011C24Rik,1.333799532293447,0.3971524069808697,0.0007839301752897404,0.003463713514854554,2.349273361717377
ENSMUSG00000026285,Pdcd1,1.6505484559358035,0.4922717129165438,0.000799633556004421,0.003523966485182274,0.4807922114179038
ENSMUSG00000076617,Ighm,-1.4558554334267442,0.4344519788612508,0.0008051571642435116,0.003543364668465988,8.63012783811493
ENSMUSG00000097593,Gm26676,-1.5014377525565195,0.44866869220941963,0.0008185975236926845,0.003600005354833226,0.9929128551350408
ENSMUSG00000097825,9630001P10Rik,-1.0587373236762299,0.31676014271343184,0.0008305895552931444,0.003641756611014597,2.6214016751121343
ENSMUSG00000097892,Gm26801,-1.316276304186008,0.39394051910302624,0.0008338489778392039,0.003652667159050604,5.9332387365097095
ENSMUSG00000097232,Gm26854,1.0878963497440546,0.32591294359773765,0.0008438473337368574,0.0036896416645854748,4.548686324195172
ENSMUSG00000021280,Exoc3l4,1.3149018824174312,0.3939595941774168,0.0008448806379328092,0.0036933075176070894,1.3425169796460907
ENSMUSG00000009670,Tex11,-1.0513174856437832,0.3152175420585111,0.000852342395637108,0.0037231986683845023,1.118403898209053
ENSMUSG00000018893,Mb,-1.1669944597291881,0.35016121191907756,0.0008599686921243739,0.0037463003944268702,0.798861445509683
ENSMUSG00000071633,Gm4952,-1.7289813725265417,0.5190510995595622,0.0008652133162737255,0.0037665500444261655,0.6998883150536215
ENSMUSG00000001155,Ftcd,-1.7609603333784065,0.5291221687278056,0.0008744709156276731,0.003803356403751298,0.6735952515734637
ENSMUSG00000023031,Cela1,-1.7577986952927558,0.528870869414454,0.0008883736954814938,0.0038567426184133577,1.4768224915704824
ENSMUSG00000087085,Gm12068,1.4737894253940953,0.4437383844120503,0.0008959835534560912,0.003885329139128817,10.021822678230343
ENSMUSG00000085896,5330429C05Rik,-1.406004767141676,0.4236327967100264,0.0009036524064579539,0.003915000709277144,0.6893572379240605
ENSMUSG00000026826,Nr4a2,-1.3350726725400506,0.4028661095528158,0.0009199242285805418,0.00397731328578628,236.65086838867552
ENSMUSG00000100975,Gm28875,-1.4453347362649194,0.43645707977112597,0.0009279183223083751,0.004009131830310923,2.2918681042394877
ENSMUSG00000042115,Klhdc8a,1.0556679012145807,0.31901272024177285,0.0009357239660456327,0.004039172928602446,138.6318979138291
ENSMUSG00000027635,Dsn1,1.0150795791321177,0.30692611952896964,0.0009421877234096993,0.004066148339470235,1.6336723831875721
ENSMUSG00000032207,Lipc,-1.167512339627191,0.3541987572516722,0.0009799986066939264,0.004211105124002246,4.0190912246369965
ENSMUSG00000030701,Plekhb1,-1.3000856023119116,0.39450671749478783,0.0009825670640330234,0.0042202279835507235,5.59857565904226
ENSMUSG00000043099,Hic1,-1.430871114300902,0.43469041981505074,0.0009958324266792675,0.004270428713639312,1.561297914472111
ENSMUSG00000112950,Gm32369,1.716789240504856,0.5216582380056909,0.0009982376409621127,0.004279774501409963,1.0471291960173552
ENSMUSG00000118012,Gm46620,-1.1708997099150154,0.35665864263668284,0.001027195086831854,0.004388040328102713,1.365026819662468
ENSMUSG00000031373,Car5b,-1.1213491622145375,0.3417208388815526,0.0010326485063060712,0.004406370005516786,4.449737314724403
ENSMUSG00000025172,Ankrd2,-1.0959443763750183,0.3342884992649685,0.0010438300686464823,0.004448072813323777,4.682789825077572
ENSMUSG00000097254,C430042M11Rik,-1.4607593992098507,0.4460246176392809,0.0010563784500042636,0.004492453237787432,1.5314774706322378
ENSMUSG00000071068,Treml2,1.477147932837236,0.45238636542796123,0.0010937317530569685,0.004621276094092699,0.5659032870401193
ENSMUSG00000104807,Gm42865,1.1346652964823518,0.3480135483639646,0.0011125302279543976,0.004695422677001299,7.366564005398849
ENSMUSG00000090799,Klhl33,-1.107574343887322,0.33998191445476617,0.0011230131486592442,0.004738610368980779,23.803590959153226
ENSMUSG00000085025,Gm13715,1.5730914677005565,0.48294509392548624,0.0011248207381519316,0.004745180985747797,2.3759755106337823
ENSMUSG00000066842,Hmcn1,-1.0506510776153468,0.3227809290296265,0.0011339341277904749,0.004778308143568935,1.9633124067440493
ENSMUSG00000118454,AC150683.1,-1.0060765400735285,0.30959837857553674,0.0011556002390017272,0.004855570849020561,3.6018566523340168
ENSMUSG00000086704,Gm14582,-1.4041631381173256,0.43323008040954397,0.0011904904111224872,0.0049911047103475955,1.3363383178401405
ENSMUSG00000097434,Gm16630,-1.123871669367042,0.3473462211288876,0.0012138951677682125,0.005075753183849874,0.8539290379954549
ENSMUSG00000085591,Gm13479,1.3644588086272185,0.42180628956205785,0.0012172814408799922,0.005085807059730324,0.606614442483615
ENSMUSG00000043557,Mdga1,-1.476253485623037,0.4563600263534585,0.001217092159857319,0.005085807059730324,97.167681679727
ENSMUSG00000050296,Abca12,-1.7300642129220114,0.5354476953113252,0.0012333157813974244,0.005145604151801231,0.5524990989867707
ENSMUSG00000015314,Slamf6,1.6502390895359387,0.5107957293009417,0.0012347789750991893,0.005150574857611631,1.0616875089314695
ENSMUSG00000024386,Proc,1.4563466693189597,0.4521979323272378,0.001279245206206366,0.005304528809105172,0.7126075629350145
ENSMUSG00000084850,Gm12092,1.113958660610877,0.34598650610772597,0.001283430452462703,0.0053137441717649595,1.3499158877400954
ENSMUSG00000086211,Gm12462,-1.404034218534234,0.4363546437661033,0.0012924780213801129,0.00534536414342059,0.49308372233763664
ENSMUSG00000028262,Clca3a2,-1.2392479669076084,0.3853679737169626,0.0013010305283021042,0.005374042934543951,0.7020093922503907
ENSMUSG00000114621,Gm31107,-1.3790148735313237,0.429146947945372,0.0013117977763635181,0.00541345118947924,1.523450794844463
ENSMUSG00000032556,Bfsp2,1.0016675207481225,0.3117863236934158,0.0013150589696707732,0.005424941325942767,2.1965882930051444
ENSMUSG00000092545,Gm20319,-1.0049171304045936,0.3128471547804009,0.0013173803091726403,0.0054329394687315635,3.484431166878591
ENSMUSG00000024168,Tmem204,-1.3164281069758115,0.40991052319822585,0.0013204345292035936,0.0054443503760679066,2.0499044172503287
ENSMUSG00000070867,Trabd2b,-1.9721832105225268,0.6141780783685745,0.001322309219684606,0.005450893998917399,20.3157292561918
ENSMUSG00000039997,Ifi203,-1.6638908190004222,0.51912291057995,0.0013497040903423403,0.005548132865940856,0.4493843910769322
ENSMUSG00000041754,Trem3,1.0967995717795767,0.34272605149798324,0.0013732160232072946,0.005626474300492591,1.1681843882699423
ENSMUSG00000058400,Qrfpr,1.4113601234592597,0.44101087310324033,0.0013729214383612115,0.005626474300492591,84.48068190492141
ENSMUSG00000117900,Gm50323,-1.1698935844159115,0.36577939408764615,0.0013821240790930194,0.005660525459004262,0.85622895550803
ENSMUSG00000085024,C230035I16Rik,1.3109153278561594,0.41017691340764195,0.001393589894979854,0.005698862431995734,0.6466495419473623
ENSMUSG00000061740,Cyp2d22,-1.656300520467387,0.5198799623517729,0.001442901258891733,0.005875910819994457,0.4028963208629881
ENSMUSG00000021846,Peli2,-1.0977187540360276,0.3454438302783767,0.0014844545772376057,0.0060250764700105815,28.703692547668645
ENSMUSG00000097035,Gm26692,-1.0327626974164055,0.32509742138682723,0.0014892041359008763,0.006040329275539728,3.3945934061014924
ENSMUSG00000047810,Ccdc88b,-1.6075415068066718,0.5066233317299408,0.0015084619079206417,0.006111899327580961,4.384449123551148
ENSMUSG00000030344,Akap3,1.7061707430546529,0.5388224196210325,0.0015429563320384218,0.006240986657871524,1.0305881500676377
ENSMUSG00000114968,A630019I02Rik,-1.531110855445545,0.48355638036518295,0.0015436261990757249,0.006241031890865156,0.9763933829532794
ENSMUSG00000026841,Fibcd1,-2.0171656647247787,0.6372394773916281,0.0015482994121587199,0.006257256101601139,108.38170829834611
ENSMUSG00000031220,Awat2,-1.3016340849790395,0.41196306477570843,0.001579916838320274,0.006368552981803522,1.1769239704035002
ENSMUSG00000004558,Ndrg2,-1.9720942791193379,0.625799799689546,0.0016253532891457275,0.00653141307192543,14.798622833525027
ENSMUSG00000027547,Sall4,-1.1181754308517657,0.3548591877619342,0.0016269030859833652,0.006535894314052315,1.3636001722442075
ENSMUSG00000068888,Lce1i,2.473060771144013,0.784980808263416,0.0016300637289144054,0.006547203828513773,1.1906557116521328
ENSMUSG00000009350,Mpo,-1.8032320848006655,0.5726815845481761,0.0016396947783358217,0.00658170219221856,2.388243537714167
ENSMUSG00000027793,Ccna1,-1.4406888917593967,0.4581206699319389,0.0016621155822853968,0.00666182112612273,2.181476048103456
ENSMUSG00000000730,Dnmt3l,-1.0391924164837705,0.3305568735919472,0.001667905523544987,0.006683613802321316,1.71821078552626
ENSMUSG00000030717,Nupr1,1.8427367912264754,0.5863299650284942,0.001673216340934602,0.006700644476058899,0.6363500584801551
ENSMUSG00000048218,Amigo2,-1.4966893534999826,0.4766702634061391,0.0016901472047934725,0.006757023107771373,1.0359168502417604
ENSMUSG00000100558,1700025F24Rik,-1.1432613965459366,0.3644794131885254,0.0017086274277295635,0.0068237070085300795,0.8207985833051088
ENSMUSG00000046415,B430212C06Rik,-1.108065265810685,0.35356478934001184,0.0017245213206982814,0.006881381138604429,6.505396740121959
ENSMUSG00000047654,Tssk6,-1.0625115559416969,0.3396732981838813,0.0017597642031046586,0.006989631450185135,1.684698419834584
ENSMUSG00000032776,Mctp2,-1.141924697418959,0.3650748869793241,0.0017604865483159284,0.00699103522434762,56.13362911069254
ENSMUSG00000086701,Gm13595,1.5197005050809276,0.48599275229509664,0.0017659848292946325,0.007008463353954614,0.42976154914023806
ENSMUSG00000039450,Dcxr,-1.5869862605592389,0.5079617784662798,0.001782748251292865,0.007066111558669691,0.8217425403012695
ENSMUSG00000061039,Olfr920,1.0986059581842187,0.3517141319963638,0.00178667480767221,0.007077460788606271,1.514892698197181
ENSMUSG00000078500,Zfp986,-1.679082055189105,0.5375527647519619,0.0017867320534402324,0.007077460788606271,0.7438170823670502
ENSMUSG00000068551,Zfp467,1.006522216289369,0.3227196675891447,0.0018154312744834873,0.007179136613410284,78.2115062210799
ENSMUSG00000112874,Gm34297,1.1448401524818754,0.36711114153952784,0.0018176732429413924,0.007186502806955849,0.9877348952334398
ENSMUSG00000017165,Gast,-1.5417193466533137,0.49467727447459225,0.001829393935460533,0.0072268115649316445,0.4279104189516836
ENSMUSG00000031991,Spata19,-1.1844674837546774,0.3805081602972775,0.0018528578161828818,0.007298203204461777,9.199235045212493
ENSMUSG00000049985,Ankrd55,-1.2487913610476646,0.4020281205120162,0.0018948998029852506,0.007443688073501347,0.6616037783803801
ENSMUSG00000114860,Gm49291,1.253489154443885,0.40398933695186595,0.0019171350953253758,0.007521679100707219,0.7031271390493843
ENSMUSG00000035458,Tnni3,1.1798041010286664,0.38031484246690606,0.0019210281388169314,0.0075353929270504764,0.8716605929777944
ENSMUSG00000053368,Rxfp2,1.6529767837837765,0.5329306370298111,0.0019243013163050286,0.007544956235613516,3.7423458162062024
ENSMUSG00000037544,Dlgap5,1.1188142310368654,0.3608101788347742,0.0019297326055066728,0.0075585847197915355,2.0452787137188224
ENSMUSG00000107859,Gm30731,1.1675082238188381,0.37669919882951924,0.0019397085128133337,0.007591382965264906,0.6931730912805812
ENSMUSG00000047369,Dnah14,-1.4091706960422543,0.4547087354022221,0.0019413419791263686,0.007596207000711271,2.188690949415782
ENSMUSG00000044786,Zfp36,1.2842651352970065,0.41528422395122677,0.001984803709532764,0.007747360837309768,1.1033225231416743
ENSMUSG00000031344,Gabrq,-1.7291920312003235,0.5596088555413565,0.0020015569140282127,0.007804424592764327,6.760946762219407
ENSMUSG00000020357,Flt4,-1.3437121449731784,0.4352615180636928,0.002020941077635029,0.00786544124485188,1.3162075061441096
ENSMUSG00000062077,Trim54,1.5792085198766421,0.5118051306565471,0.0020316511540220093,0.007902255617552766,42.05054486305385
ENSMUSG00000074604,Mgst2,1.4438593474940555,0.46837094903784166,0.0020511384996505268,0.007968239968917074,3.1280695357939905
ENSMUSG00000089708,5330439A09Rik,-1.12150401692788,0.36491570573167686,0.0021168886407684365,0.00818173357996367,17.605486491603124
ENSMUSG00000028031,Dkk2,1.6066694355188265,0.5234480196041849,0.0021449182681397816,0.008273193808517985,26.09339549167394
ENSMUSG00000046491,C1qtnf2,-1.510783050156191,0.4936004127281636,0.0022078994932372598,0.008485032528259192,0.3989515622510861
ENSMUSG00000087516,Tbx3os1,1.4853427811758535,0.485671562195573,0.002225760490589851,0.008545008366425785,1.3305002159688528
ENSMUSG00000049314,Fbxw13,1.3512770664660216,0.44197338782062784,0.0022328697184654384,0.008570565356475605,0.6794936458093807
ENSMUSG00000073988,Ttpa,-1.3352212305069082,0.4368119802730188,0.00223757283605416,0.008585023248745388,1.3242521784473786
ENSMUSG00000037868,Egr2,1.117067064505067,0.3656778828683866,0.002252224206059883,0.008627379968634483,53.652900467782516
ENSMUSG00000045989,4930451I11Rik,-1.607929385242463,0.5263596290087212,0.002252021046995853,0.008627379968634483,1.301712831601975
ENSMUSG00000115009,G930009F23Rik,1.193230523243732,0.39128517536228086,0.0022921018866678675,0.008758889040604172,0.7553480519034532
ENSMUSG00000071818,4930417O22Rik,1.523961890847156,0.49999563314230144,0.0023040795303096587,0.008795791115908145,0.45365924884726155
ENSMUSG00000033063,Cntnap3,-1.0836570459391017,0.35563179540731904,0.002310361810039222,0.0088144466076592,8.371274473452145
ENSMUSG00000038543,BC028528,1.4559844067826135,0.47788978193254916,0.002313723532326584,0.00882266056931273,5.204593462809494
ENSMUSG00000051590,Map3k19,-1.0029732414046815,0.32923148394448387,0.002315937738180331,0.008827426289983684,25.112418088557767
ENSMUSG00000100666,1700007F19Rik,1.0514558672117185,0.3458438880835098,0.002363727981756506,0.008994507079173852,1.4452304662058417
ENSMUSG00000060187,Lrrc10,1.0215065262022913,0.3386400354708777,0.0025571405926133202,0.009637592328962295,1.2763687778115396
ENSMUSG00000113441,Gm40438,1.456091557491052,0.4841279450956593,0.0026326874668758478,0.009881594808915761,1.6244752464614929
ENSMUSG00000007655,Cav1,-1.2017114474148374,0.39961154845948393,0.0026366710005354906,0.009894042665375751,3.608359504295458
ENSMUSG00000014030,Pax5,-1.4466365918034783,0.4812094761823687,0.00264490352104552,0.009921005883573359,0.37222414538793797
ENSMUSG00000111232,A730043L09Rik,-1.3958688587017447,0.46585803834604544,0.0027324200295405893,0.010208864266520932,0.5804924518421516
ENSMUSG00000050195,Scd4,-1.1358808841790173,0.379237162293035,0.0027428928367645823,0.010245972650638445,2.0923409245662468
ENSMUSG00000017446,C1qtnf1,1.3685951944689903,0.457024327967889,0.0027482439076698586,0.010261915674944595,0.7985566651373605
ENSMUSG00000024620,Pdgfrb,1.8047019573577872,0.603024366658609,0.0027647494569514415,0.010317448249159082,1.8650317294662306
ENSMUSG00000024411,Aqp4,-1.666799571283747,0.5572897636439429,0.0027815392278283664,0.010378060320407077,0.9605754152130619
ENSMUSG00000027253,Lrp4,-1.1569796762841287,0.38695920466431644,0.0027904435709366947,0.010405136888872563,4.2033838603662
ENSMUSG00000064325,Hhip,-1.1252209207540136,0.37719642943506004,0.0028532929376587418,0.010614428969107411,0.8542985137815243
ENSMUSG00000074971,Fibin,-1.1864714619705874,0.39789937769583816,0.002865236231742222,0.010652585166081047,2.102776572551592
ENSMUSG00000050765,Gm5084,1.5068069588004633,0.5056602432494668,0.0028836111200975013,0.01070410004424048,0.8699620965292139
ENSMUSG00000032021,Crtam,1.5284029820473326,0.5136196975352353,0.0029227456285085196,0.010819697140112609,0.6421800620887257
ENSMUSG00000043648,Pld6,-1.2940625537729284,0.435390013844699,0.0029568207238357858,0.010930892063341423,0.5472290135358413
ENSMUSG00000033826,Dnah8,-1.2487990984742383,0.4201954251496018,0.002959164656338473,0.010933158556758445,0.9102459681006294
ENSMUSG00000085636,Gm11769,-1.018509929703185,0.34322635270976803,0.0030027289502042773,0.011072526484991449,2.0366470528494007
ENSMUSG00000094651,Gal3st2,-1.5417427571809557,0.5197910137804347,0.0030162008230750046,0.011113553489650268,0.5330326095716054
ENSMUSG00000017688,Hnf4g,-1.105399586505468,0.37325184093799385,0.0030610651534272865,0.011252606141114856,0.7156638789751287
ENSMUSG00000032908,Sgpp2,-2.0323230286690364,0.6881542708069643,0.003144006698802671,0.011523970395031068,52.812413772414274
ENSMUSG00000068615,Gjd2,1.1555034297238638,0.39132441439295473,0.003149040936895223,0.011537959349219735,1.161012767911049
ENSMUSG00000110996,Gm36251,-1.2813397718469581,0.43464938078674964,0.003198527817710617,0.011694405198845495,17.924656451622194
ENSMUSG00000086904,Gm13404,1.2498101874461434,0.42418618949869275,0.0032152576537312024,0.011752558188752918,2.374986025023884
ENSMUSG00000046337,Fam178b,1.9728119429053854,0.6715182101134337,0.003305093167363401,0.012023711945006038,1.2798198695047094
ENSMUSG00000079410,Gm2897,-1.5875145018026013,0.5404742916506143,0.003311244174073329,0.012043776794374201,0.3622226125036995
ENSMUSG00000026586,Prrx1,-1.2677206880128584,0.431619839388388,0.003312723608407556,0.012046845591887007,2.0568226827514313
ENSMUSG00000026736,4930426L09Rik,1.0012921870880254,0.3411001134882286,0.003330332564305487,0.012101591964254838,1.7545167177593692
ENSMUSG00000086055,Gm13837,-3.0902745866714953,1.0528548582079453,0.003333990863614306,0.012112562665930042,1.7162288675254063
ENSMUSG00000020303,Stc2,-1.4756718076376925,0.5040494163764073,0.0034155272059352773,0.012370841084188362,2.2839849023079015
ENSMUSG00000041644,Slc5a12,1.384281443590655,0.4736984566643535,0.0034747448845163192,0.01255891961884117,0.518052898666287
ENSMUSG00000019899,Lama2,-1.5658879362115645,0.5369411820650054,0.0035419627186502787,0.012770204246275263,40.695891868726875
ENSMUSG00000027860,Vangl1,-1.2247170851056566,0.4207173887733139,0.0036024999225514314,0.012959516005654875,7.643757746654314
ENSMUSG00000031383,Dusp9,1.063244568237715,0.3657068742554517,0.0036448380186176123,0.013093369952485176,1.4063935898850757
ENSMUSG00000043972,Opn5,1.1730429962742637,0.4036346174594277,0.0036584732135061518,0.013127829463348149,3.032218788553311
ENSMUSG00000001918,Slc1a5,-1.1841524252054725,0.4081758715594399,0.003718743664743526,0.013296262725828267,1.2272473882378447
ENSMUSG00000103640,Gm31406,1.2763076335083126,0.44022579460306466,0.0037410259153459777,0.013363325371499769,0.6097859105623291
ENSMUSG00000022488,Nckap1l,-1.5218926360762042,0.5249643462659714,0.003743071437825579,0.013365593319539234,0.7504747517281176
ENSMUSG00000053399,Adamts18,-1.8050577062679425,0.6231567484783554,0.003771882048965825,0.013453258954997625,47.90359905398796
ENSMUSG00000041577,Prelp,1.4921101905980647,0.5158618421055218,0.003822367970788578,0.013605160226604724,0.48685261953816505
ENSMUSG00000109232,Gm44577,-1.492908572701101,0.5169963316537163,0.0038812167053961367,0.013788724515796174,0.39250028434475537
ENSMUSG00000075408,Smim41,-1.1464255830826802,0.3970890699107956,0.0038884259883080704,0.013811747418638788,2.998997973691514
ENSMUSG00000090958,Lrrc32,1.1490020108195105,0.39807605615363184,0.0038969123306596114,0.013836703890949903,6.314051374699618
ENSMUSG00000100860,2010009K17Rik,1.3065997013609134,0.45290444190943596,0.003914949635141113,0.013890338061397509,0.4561765433618069
ENSMUSG00000086655,C330018A13Rik,-1.4402963483194542,0.49952678127750955,0.0039350549489753335,0.013953834446684613,0.3926055118029713
ENSMUSG00000058385,Hist1h2bg,1.417109103412599,0.4915053993782184,0.003936555439551123,0.013955340797073579,0.9642926727364893
ENSMUSG00000042745,Id1,1.1540752256583537,0.4004640590684848,0.003953545401657378,0.014011536443128353,1.8457001762504524
ENSMUSG00000026946,Nmi,-1.5994885527368816,0.555111834557725,0.003959370305370642,0.01402693349911641,2.4480653670672887
ENSMUSG00000097926,Gm26575,-1.0666927733856986,0.3702697015407377,0.003965999085995595,0.014047791155068507,1.2986904919842308
ENSMUSG00000046167,Gldn,-1.483253584617788,0.5148877673330017,0.003967530421303862,0.014050588952290822,4.064340315609789
ENSMUSG00000054061,Gm9934,1.2505993780331013,0.4343906959200721,0.003989716365982143,0.014123879158483394,1.1143787932756837
ENSMUSG00000078498,Zfp988,-1.21434503228088,0.421998351043399,0.004007051260784832,0.01416936394698126,1.3224930448114403
ENSMUSG00000097766,5730420D15Rik,-1.0309759398002272,0.3588188377867625,0.004062735063720091,0.01433970387946641,1.0100349797098378
ENSMUSG00000097619,4833422M21Rik,1.0038862647786984,0.3495799065268835,0.0040827903934158825,0.014396888342990504,1.0107644085770726
ENSMUSG00000040985,Sun3,-1.4031541604057682,0.48873535615280084,0.004091888924220041,0.014420921538770648,0.9808581266323764
ENSMUSG00000042826,Fgf11,1.2829221911722446,0.4469102202461349,0.004096306316897551,0.014431121900949728,127.37977737142307
ENSMUSG00000013611,Snx31,1.280693784701266,0.4461663214465565,0.004099006052115227,0.01443794882668839,1.1886928823563687
ENSMUSG00000025885,Myo5b,-1.058617394297887,0.3689242553457985,0.004111592371093426,0.014479590305188705,118.88089017840147
ENSMUSG00000118001,Gm34808,-1.391147257301358,0.4850547094262215,0.0041304767369147,0.0145406899804075,0.9435659747666789
ENSMUSG00000093502,Gm20700,1.4092905032839345,0.4924452011277337,0.004212134135531501,0.014773263347829343,0.7932975117563277
ENSMUSG00000038094,Atp13a4,-1.4705194220713118,0.5138827722457775,0.0042152796541500654,0.014781559853098397,0.7902882197367398
ENSMUSG00000085639,Gm15410,-1.2459171477401818,0.4376043810590635,0.004411515749074819,0.015385399204882228,0.5317023518159903
ENSMUSG00000006179,Prss16,-1.0040003259025365,0.35276970647039435,0.00442652033554282,0.015433773755020504,3.304128842111937
ENSMUSG00000006342,Susd2,-1.251466994488435,0.4399065296994273,0.004443268916692306,0.01548932045094172,7.624172744902189
ENSMUSG00000028177,1810013D15Rik,-1.3490786913257553,0.47549518701448085,0.0045509970555312924,0.015812503520777045,0.4014998270756744
ENSMUSG00000021221,Dpf3,-1.2544897374946333,0.4422955622869557,0.004563734504204052,0.015845139035299886,16.100854477902622
ENSMUSG00000053398,Phgdh,-1.366728420961259,0.4821699163375828,0.004589215736194863,0.01591320003675986,1.7504352624191335
ENSMUSG00000030353,Tead4,-1.523912221613745,0.537646100381473,0.004590965598263465,0.015916355303163675,1.9062390542946033
ENSMUSG00000048038,Ccdc187,1.307053461267533,0.46163898680893023,0.004635450713199094,0.016047093718509833,1.4411073397172496
ENSMUSG00000021750,Fam107a,-1.1208372495932144,0.39644008789925034,0.00469489149046065,0.01621436007731535,0.7924713030997209
ENSMUSG00000102778,Gm38165,-1.0929810816076924,0.38806847399800054,0.004855540834077749,0.016696152931550235,2.41678752087061
ENSMUSG00000097676,Gm26612,-1.308438210600609,0.46519249553678516,0.004913032586741035,0.016866298463540326,3.1033701770614215
ENSMUSG00000033187,BC016579,-1.2121842503050608,0.4315084578484359,0.004966811111714097,0.017020085093486823,1.8176394412884598
ENSMUSG00000111489,1700019J19Rik,1.1163070758593825,0.3975299656829434,0.004983351162108363,0.017067504883779772,0.6892286020816807
ENSMUSG00000056671,Prelid2,-1.5429518928513897,0.5496989017722052,0.005002018934566189,0.017125250010845396,0.3510855046103999
ENSMUSG00000114590,5930438M14Rik,1.2577484961921215,0.4481410397435178,0.005006880735943879,0.0171383372309383,0.9887760050165648
ENSMUSG00000030292,Smco2,-1.4485653196463788,0.5163230582491244,0.005023224757414847,0.01718233017202371,1.5148949815730708
ENSMUSG00000055110,A630012P03Rik,-1.409304099022556,0.5038883583472074,0.005160223480159633,0.017581128182133234,0.9651033010266619
ENSMUSG00000113771,Gm36529,-1.261572320531885,0.45134721211727885,0.005187949337222004,0.017653374024125867,4.475076292872293
ENSMUSG00000017697,Ada,-1.4635145451419713,0.5254494000561345,0.005348439397757467,0.018127870968968698,0.335856595815729
ENSMUSG00000039313,Minar1,1.8102769735418054,0.6503138247629211,0.005374313016013197,0.018205797578378636,3.7530264840634926
ENSMUSG00000019214,Chtf18,-1.1098248469877305,0.3993060360724193,0.0054462084887519175,0.01841060369078256,6.428393519280096
ENSMUSG00000086136,Gm12718,-1.1812154460186803,0.42567237943698416,0.0055211839543091,0.0186304068909986,1.5274581501209152
ENSMUSG00000054453,Sytl5,1.2093351525746334,0.4372244154615522,0.005675951314230541,0.019080943304003683,1.0938281699892984
ENSMUSG00000045903,Npas4,1.0623496901405147,0.38432539077580835,0.005706371463706421,0.019171816326148183,169.27084264773322
ENSMUSG00000027376,Prom2,-1.3763801191809963,0.49798647266767065,0.005711668963064959,0.019180600186085587,1.3956132132369183
ENSMUSG00000091275,Gm3248,-1.4906741361743243,0.539536260385455,0.005729376345965734,0.01921962856364855,0.6323986777735777
ENSMUSG00000087247,Alkal1,-1.016128641079068,0.3678884900490039,0.00574386114773718,0.01926139953098913,0.9267558387255075
ENSMUSG00000024420,Zfp521,-1.4770513277699566,0.535288987080897,0.0057915918561250845,0.01939743119009727,1.1028003707225067
ENSMUSG00000091712,Sec14l5,-1.1417955633296764,0.4140285228819332,0.005819707652827678,0.0194812683308752,1.9915515560285764
ENSMUSG00000109831,Gm36431,-1.4753707936664537,0.5372803502415113,0.006032712233068938,0.02006668366098936,0.30450601141531586
ENSMUSG00000020481,Ankrd36,-1.3257735990262018,0.48324652938538376,0.006079312657036155,0.020200416421328273,6.427838519669592
ENSMUSG00000033278,Ptprm,1.1062772349077867,0.40329591294519446,0.006086388692541041,0.02022038319138372,32.950613826468114
ENSMUSG00000056411,Gm12500,-1.2061809093058735,0.43988893758907516,0.006106404150472319,0.020279768428224754,0.5971145421693822
ENSMUSG00000090990,Gm17197,-1.1903984432447738,0.43462657005299027,0.00616452368158404,0.02045451395619811,1.1637656375999996
ENSMUSG00000045288,Ush1g,-1.4401657496251237,0.5265677912557788,0.006237925377246926,0.02066224189806489,0.33990124756823004
ENSMUSG00000084848,4933408N05Rik,-1.2268828350806082,0.4489056066675997,0.0062750225484214306,0.020768274965436217,0.6192246931333054
ENSMUSG00000092182,Gm20407,1.1790834784605506,0.4317468507737837,0.006315009186538517,0.02087014720699423,0.4950053394667301
ENSMUSG00000043740,B430306N03Rik,1.3837545034732113,0.5070843018884141,0.006355655375992275,0.020971560051376216,0.7995537343266761
ENSMUSG00000111221,Gm47133,1.0363292387523964,0.38013369892062526,0.006406369670691361,0.021124187447294464,1.563046033054485
ENSMUSG00000106538,Gm30301,-1.511310818983115,0.5550787923206865,0.006475160707956928,0.021317632977029845,0.2911549196902531
ENSMUSG00000016028,Celsr1,-1.015278369335625,0.3736959297186761,0.006590509359530626,0.021652245555323402,3.3225574133873392
ENSMUSG00000104764,Gm43066,-1.7307012670175659,0.6376399448560681,0.006643009006977612,0.021798271979606192,0.46903413456764176
ENSMUSG00000118259,Gm5095,1.3700333083225755,0.5053834913828524,0.0067105183713718096,0.022000747947663633,3.2657774122323513
ENSMUSG00000097346,Gm26619,-1.1992278810140757,0.4440247277253246,0.006917015941656566,0.02258398554348586,3.174717929569992
ENSMUSG00000102674,8030442B05Rik,1.3113983593611496,0.48579945060256724,0.006945117000023057,0.022671828966483537,0.7541063912366648
ENSMUSG00000036887,C1qa,1.428480446067581,0.5303338703359464,0.0070695681065192926,0.023026523825806222,0.4307293921521614
ENSMUSG00000029092,D5Ertd615e,-1.0911404309044055,0.4051406033522388,0.007076154640321987,0.023043992634359398,2.0666848724654017
ENSMUSG00000101595,Gm29395,1.3832459266621435,0.5139503201826532,0.007115281165254923,0.023147567052631896,0.5555829839308994
ENSMUSG00000086379,1700026D11Rik,-1.558209831825654,0.5826226943534182,0.007484635593100554,0.024170730144726565,1.8741015380765074
ENSMUSG00000114461,Gm48155,-1.1701654627078466,0.43766890880282266,0.007503481012258259,0.02422746041613461,0.8971129692032731
ENSMUSG00000040274,Cdk6,-1.0362286510040215,0.38861731001283356,0.007665699371978656,0.024662988641595166,9.242815494811666
ENSMUSG00000025081,Tdrd1,-1.0417363483804194,0.3907169173646335,0.007671000822022809,0.024675855640355158,1.8277974361182796
ENSMUSG00000092455,Gm20456,1.119411478257069,0.4202750590573528,0.007732756726977504,0.02485341587113699,1.4890221520396465
ENSMUSG00000117391,4930500A05Rik,1.4190589654881955,0.533601315502247,0.00782801266685527,0.025125481036061544,0.4859538839561432
ENSMUSG00000087467,Gm13601,-1.272913100178923,0.480458721040308,0.008064190185661145,0.025800507178503917,2.765101325345801
ENSMUSG00000010825,Grid2ip,-1.077413118792913,0.4070720427875835,0.008127224899302987,0.02596710703790113,1.0465884233031104
ENSMUSG00000110006,Gm45490,1.3463164774310898,0.5091910042646471,0.008192530606548516,0.026131704257548287,0.36887379779021084
ENSMUSG00000030208,Emp1,1.1884568433829668,0.4497227933455041,0.008226169205943214,0.026221346754015794,0.46224251660143306
ENSMUSG00000038843,Gcnt1,-1.3124606038404507,0.49670764373832615,0.008234018874407754,0.026241953863105776,0.8044355445815632
ENSMUSG00000024985,Tcf7l2,-1.2239939241552764,0.464826122429578,0.008457714069090797,0.02687802810821241,0.8946110349451892
ENSMUSG00000099468,Gm28271,1.189615095003764,0.4519125728608074,0.008478373582957619,0.026934648683494867,0.6395970509261879
ENSMUSG00000097313,Gm26569,-1.3776906947507215,0.5234141002684157,0.00848529447703151,0.026943084842450928,1.514238321765598
ENSMUSG00000101414,Gm29101,-1.3321377302467134,0.5077244301648433,0.00869697280834837,0.027500022479259405,0.5256698604434207
ENSMUSG00000086282,Sox5os4,-1.0083370507657348,0.3845691173099417,0.008741754851843725,0.02760034644229679,19.167079788712183
ENSMUSG00000084860,2610204G07Rik,1.0940849061821887,0.4187338206495221,0.00897930584492923,0.02826542288395497,0.9379991952099425
ENSMUSG00000067279,Ppp1r3c,1.0044815794312443,0.3856854857344278,0.00920336723030246,0.028879584205039183,1.9478675961700875
ENSMUSG00000117445,Gm50026,-1.3125655876257096,0.5048447964918867,0.009324038022137182,0.029200218231614544,2.0712521748560153
ENSMUSG00000085540,Gm16036,-1.2279159693017447,0.4726746019328683,0.009382203164663771,0.029343323873614473,0.4959480956818435
ENSMUSG00000061802,Armc4,-1.1368336353842476,0.4380613755634719,0.009455048911111553,0.029522685263727786,1.4639654059514118
ENSMUSG00000034652,Cd300a,-1.5538320573345838,0.598832748629151,0.009465478530608315,0.029550381903628926,2.613158348358102
ENSMUSG00000024818,Slc25a45,1.2732655954709964,0.490896767509827,0.009493430686670915,0.029627883977670265,0.7462851214615809
ENSMUSG00000093598,A730085K08Rik,-1.0502024144764484,0.4062227103575443,0.009729788463290022,0.030275778551616735,6.566166126728767
ENSMUSG00000054986,Sec14l3,-2.2053744999875295,0.8538485611748151,0.009798400938164592,0.030447844347352013,0.5544709083659094
ENSMUSG00000027276,Jag1,-1.300779207372575,0.5037544777943039,0.009818148677239154,0.030495642916518927,0.7067476905478238
ENSMUSG00000087127,Gm12756,-1.2552852114796875,0.4862950821727976,0.009842213595907938,0.030560371561929447,1.6025453155114526
ENSMUSG00000036422,Pcdh8,-1.1584117949469332,0.4492879433154671,0.009927964027777434,0.030765223103593295,124.99446354909648
ENSMUSG00000023964,Calcr,-1.3890334582426174,0.53917145459528,0.00998821541156713,0.030927562426339397,0.45474583813228653
ENSMUSG00000055172,C1ra,-1.3839042208780228,0.5390451262885578,0.010248640058540119,0.0315916032693975,0.3475776711605219
ENSMUSG00000022894,Adamts5,1.7872873775731815,0.6981999387359257,0.01047172366936718,0.03215151709891576,5.2979409768695565
ENSMUSG00000076609,Igkc,-1.1649800700225112,0.45590393077237573,0.010609045821372507,0.03253582808202715,0.7432530102530732
ENSMUSG00000030924,Rexo5,-1.348782690742024,0.5285720156472304,0.0107183949888134,0.032834397839963454,0.29551294142345974
ENSMUSG00000041498,Kif14,-1.3999508804611975,0.5486902917571015,0.010727850081331314,0.03285805059661038,0.6085601474341937
ENSMUSG00000075555,Gm10863,-1.1760562634845422,0.4611530390462976,0.01076452110618103,0.03294374595641643,0.5699574284077715
ENSMUSG00000114789,Gm31577,-1.4084692753572619,0.5528090609469011,0.01083920382987783,0.03314019241306629,0.3989856905429004
ENSMUSG00000035775,Krt20,1.1580139231420283,0.4547926893788326,0.010888852104313416,0.03326515353486043,0.6212116309784155
ENSMUSG00000100315,1700031P21Rik,-1.1868769733276545,0.4674301494740011,0.011112100718639172,0.0338326331327462,1.6961190064971063
ENSMUSG00000062391,4932435O22Rik,-1.1101708585182661,0.43788120938411845,0.011234327790374326,0.034155384506272014,0.8065746258907429
ENSMUSG00000035683,Melk,-1.1272280127054721,0.4452072706312953,0.0113440727101045,0.03442276667037314,1.7385443537905347
ENSMUSG00000022122,Ednrb,1.3697395737355686,0.543931222944652,0.01179489517742992,0.035512116875166345,23.705208941253254
ENSMUSG00000069743,Zfp820,-1.0428905064956293,0.41481895110741157,0.011934133715490671,0.035845908053344144,2.290361779691671
ENSMUSG00000097407,4933408J17Rik,-1.1122645708440897,0.44515491082511116,0.01246845550997722,0.03719729721569086,1.0094625255671204
ENSMUSG00000057981,Vmn1r12,1.047578896606216,0.41981344304081886,0.012583512283961007,0.037487432444750994,1.9634379888145812
ENSMUSG00000094707,A830019P07Rik,-1.4793218632935694,0.5935098806708808,0.012684824188483783,0.03776550170805462,0.6991345348655861
ENSMUSG00000022747,St3gal6,1.2370638422778204,0.4969960280767913,0.0128073440967928,0.038082405560053906,6.0297677293852265
ENSMUSG00000108888,Gm45231,-1.173388374706135,0.47535720321048713,0.013570528222206793,0.039987795025784284,0.4699205544375689
ENSMUSG00000115664,Gm32913,-1.1332733757317783,0.45920937771871084,0.013591609243295572,0.04003123953379719,2.4066013655419027
ENSMUSG00000015766,Eps8,-1.2083099762198732,0.49015320503015425,0.013694903914577838,0.04030347834950037,12.306239049246031
ENSMUSG00000085587,Gm14493,1.3043784502159326,0.5300192096133177,0.01385495097084166,0.04069932117461625,0.7908691176330257
ENSMUSG00000112607,Gm33979,1.185909344124817,0.48324813176765125,0.014126199979685167,0.04132799303035372,0.47411706042417257
ENSMUSG00000051980,Casr,-1.1583430338332283,0.47318686695353773,0.014366717357393331,0.04189739826448194,0.4734973485647498
ENSMUSG00000116573,Gm36903,-1.2644843668016177,0.5187949534067787,0.01479539159986346,0.042876562137083525,0.40210712025861356
ENSMUSG00000074491,Clec4g,-1.3194655209126445,0.5445134195187251,0.015384407354674499,0.04433310817686766,0.7523671205551477
ENSMUSG00000087264,Gad1os,1.0329003023503707,0.4273286263265351,0.015644287967510936,0.04495212387935288,0.5254332627069895
ENSMUSG00000006764,Tph2,-1.1249300659387578,0.46555011300439225,0.015677164361968098,0.04503976116726735,2.038556803610181
ENSMUSG00000114708,Gm30177,1.0228094580285363,0.4236269956540254,0.015760695356517224,0.0452591569943933,0.8133488219028706
ENSMUSG00000100341,Gm29478,-1.005692606909381,0.41713356752702385,0.015910566014395687,0.04564111807036002,1.2858349864207277
ENSMUSG00000046591,Ticrr,1.2541844451691904,0.5207161397838093,0.01601488743269639,0.045874962834551274,2.6761681507347204
ENSMUSG00000101288,Gm28342,1.0924174699413005,0.453879314838683,0.016090967485606993,0.04606796099898059,0.6578626808486674
ENSMUSG00000113573,AU017674,-1.1081510630924227,0.4604687178772416,0.01610303523745815,0.04608858446606735,0.43386998248062303
ENSMUSG00000045731,Pnoc,1.2600973137966458,0.5241397006368598,0.016211232743033283,0.04635624875214738,3.9057669172465763
ENSMUSG00000058396,Gpr182,1.2089816999484482,0.5029534037322824,0.016227208832903905,0.0463949317114558,0.42681671788445685
ENSMUSG00000074796,Slc4a11,-1.251108149756669,0.5212174783590772,0.016379078094233886,0.04674450751291147,0.5709046011308949
ENSMUSG00000085515,C630028M04Rik,-1.015910519937408,0.42334213833273754,0.016406778134651388,0.04680626358524695,0.5431591937177467
ENSMUSG00000102009,4933400F21Rik,1.1039461668273782,0.4612048914907504,0.016683327304587357,0.047484087176619165,0.5039678274540357
ENSMUSG00000022408,Fam83f,1.2321542576898732,0.5159308532645213,0.016930393399706124,0.048064562535495285,0.4687485592736456
ENSMUSG00000032254,Kif23,-1.042829725219565,0.43897548131895253,0.017520490538457754,0.049517270052762775,0.800348684837756
