Gene_set,Term,Overlap,P-value,Adjusted P-value,Old P-value,Old Adjusted P-value,Odds Ratio,Combined Score,Genes,direction
GO_Biological_Process_2021,muscle cell development (GO:0055001),7/33,9.512780058536073e-05,0.1275700474935412,0,0,7.790335601430054,72.14076142196505,MEGF10;HEY2;MYOF;LRRC10;MYH6;TTN;ENG,posterior_up
GO_Biological_Process_2021,cardiac muscle cell differentiation (GO:0055007),6/24,0.00011466970561217196,0.1275700474935412,0,0,9.634730538922156,87.42029096808446,MESP1;MYOCD;BMP2;LRRC10;MYH6;TTN,posterior_up
GO_Biological_Process_2021,cardiac atrium morphogenesis (GO:0003209),5/19,0.0003360223157727276,0.2492165508647729,0,0,10.309630578688877,82.45985831261173,MESP1;BMP2;HEY2;MYH6;ENG,posterior_up
GO_Biological_Process_2021,cardiac muscle cell development (GO:0055013),5/24,0.0010683232847715,0.5211740778253411,0,0,7.594603099677444,51.959729328540135,PDGFRB;HEY2;LRRC10;MYH6;TTN,posterior_up
GO_Biological_Process_2021,regulation of aldosterone biosynthetic process (GO:0032347),3/7,0.0012047954126124,0.5211740778253411,0,0,21.596870342771982,145.16218716348016,BMP2;BMP6;BMP5,posterior_up
GO_Biological_Process_2021,elastic fiber assembly (GO:0048251),3/8,0.0018794944517462,0.5211740778253411,0,0,17.276602086438153,108.44095442100294,MFAP4;EMILIN1;FBLN5,posterior_up
GO_Biological_Process_2021,vascular associated smooth muscle cell differentiation (GO:0035886),3/8,0.0018794944517462,0.5211740778253411,0,0,17.276602086438153,108.44095442100294,MESP1;HEY2;ENG,posterior_up
GO_Biological_Process_2021,positive regulation of transcription of Notch receptor target (GO:0007221),4/17,0.0021428781401376,0.5211740778253411,0,0,8.869345579793341,54.50749834022401,MAML2;WWC1;MAML3;DLGAP5,posterior_up
GO_Biological_Process_2021,positive regulation of glial cell differentiation (GO:0045687),4/18,0.0026823827851536,0.5211740778253411,0,0,8.23539445628998,48.76218053804124,EGR2;BMP2;ID2;PTN,posterior_up
GO_Biological_Process_2021,cardiac ventricle morphogenesis (GO:0003208),6/44,0.0033976306949569,0.5211740778253411,0,0,4.559092341632525,25.916967123238315,MESP1;NPY2R;HEY2;TNNI3;MYH6;ENG,posterior_up
GO_Biological_Process_2021,regulation of epithelial cell apoptotic process (GO:1904035),3/10,0.0038291922938508,0.5211740778253411,0,0,12.33915265062806,68.66863553490458,PKHD1;ZFP36;NUPR1,posterior_up
GO_Biological_Process_2021,regulation of organ growth (GO:0046620),3/10,0.0038291922938508,0.5211740778253411,0,0,12.33915265062806,68.66863553490458,WWC1;DUSP9;DUSP6,posterior_up
GO_Biological_Process_2021,Notch signaling pathway (GO:0007219),7/60,0.0039247453800823,0.5211740778253411,0,0,3.816327685213997,21.14418723004883,BMP2;MAML2;WWC1;HEY2;MAML3;SUSD5;DLGAP5,posterior_up
GO_Biological_Process_2021,cardiac muscle tissue morphogenesis (GO:0055008),5/32,0.0040541451536021,0.5211740778253411,0,0,5.342135857830925,29.424566715715933,BMP2;TNNI3;MYH6;TTN;ENG,posterior_up
GO_Biological_Process_2021,vasculogenesis (GO:0001570),5/33,0.0046479101434695,0.5211740778253411,0,0,5.151078368567158,27.66818088000772,PDGFRB;SOX18;HEY2;TNNI3;ENG,posterior_up
GO_Biological_Process_2021,negative regulation of bone remodeling (GO:0046851),3/11,0.005134230400743,0.5211740778253411,0,0,10.796199701937407,56.91567894960273,SFRP1;UBASH3B;CARTPT,posterior_up
GO_Biological_Process_2021,positive regulation of dendrite development (GO:1900006),3/11,0.005134230400743,0.5211740778253411,0,0,10.796199701937407,56.91567894960273,ALK;PTN;BMP5,posterior_up
GO_Biological_Process_2021,negative regulation of cell cycle (GO:0045786),8/80,0.0054814969978671,0.5211740778253411,0,0,3.2122122122122123,16.723987910985798,NPPC;NR4A1;MYOCD;BMP2;HPGD;GAS1;NUPR1;BRINP3,posterior_up
GO_Biological_Process_2021,cardiocyte differentiation (GO:0035051),3/12,0.0066757353532168,0.5211740778253411,0,0,9.59612518628912,48.0696387776824,MESP1;BMP2;MYOCD,posterior_up
GO_Biological_Process_2021,smooth muscle cell differentiation (GO:0051145),3/12,0.0066757353532168,0.5211740778253411,0,0,9.59612518628912,48.0696387776824,MYOCD;EDNRB;HEY2,posterior_up
GO_Biological_Process_2021,regulation of calcium ion transmembrane transport (GO:1903169),4/23,0.0067935682383814,0.5211740778253411,0,0,6.066614296936371,30.28319761615134,CACNG6;UBASH3B;CACNG1;TRDN,posterior_up
GO_Biological_Process_2021,neural crest cell migration (GO:0001755),5/37,0.0076454417109284,0.5211740778253411,0,0,4.506259342301943,21.961911302289693,SEMA6A;SEMA3D;ERBB4;SEMA3A;NRTN,posterior_up
GO_Biological_Process_2021,enzyme linked receptor protein signaling pathway (GO:0007167),11/140,0.0078648295155428,0.5211740778253411,0,0,2.469009786383247,11.963227479135442,PDGFRB;ALK;NPPC;HCK;EFS;ERBB4;SLA;PTN;NGF;EPHA3;EPHB3,posterior_up
GO_Biological_Process_2021,extracellular matrix assembly (GO:0085029),4/24,0.0079386205174018,0.5211740778253411,0,0,5.762985074626866,27.869886629287773,MFAP4;HAS3;EMILIN1;FBLN5,posterior_up
GO_Biological_Process_2021,neuromuscular junction development (GO:0007528),4/24,0.0079386205174018,0.5211740778253411,0,0,5.762985074626866,27.869886629287773,PPFIBP2;LRRK2;F2R;PDZRN3,posterior_up
GO_Biological_Process_2021,supramolecular fiber organization (GO:0097435),21/351,0.0083098270515984,0.5211740778253411,0,0,1.851204232214952,8.867854145892679,COL17A1;COL26A1;MARCKSL1;COL11A1;COL12A1;FIGN;KRT20;RND2;TSPAN33;COL19A1;FBLN5;RND1;TRDN;MFAP4;BFSP2;OPTC;COL10A1;EMILIN1;PGM5;VIM;MYH6,posterior_up
GO_Biological_Process_2021,cardiac cell development (GO:0055006),3/13,0.0084634446560882,0.5211740778253411,0,0,8.636065573770491,41.2112964416025,LRRC10;MYH6;TTN,posterior_up
GO_Biological_Process_2021,muscle tissue development (GO:0060537),3/13,0.0084634446560882,0.5211740778253411,0,0,8.636065573770491,41.2112964416025,SRPK3;PGM5;ENG,posterior_up
GO_Biological_Process_2021,cardiac muscle tissue development (GO:0048738),6/53,0.00856882526952,0.5211740778253411,0,0,3.684354694865588,17.536145353192214,MESP1;MYOCD;BMP2;HEY2;TTN;BMP5,posterior_up
GO_Biological_Process_2021,heart morphogenesis (GO:0003007),6/53,0.00856882526952,0.5211740778253411,0,0,3.684354694865588,17.536145353192214,MESP1;LEFTY1;BMP2;HEY2;ENG;TTN,posterior_up
GO_Biological_Process_2021,cellular response to BMP stimulus (GO:0071773),7/71,0.0098528236994825,0.5211740778253411,0,0,3.158592578710645,14.592688853417991,LEFTY1;SFRP1;BMP2;BMPR1B;BMP6;ENG;BMP5,posterior_up
GO_Biological_Process_2021,endothelial cell differentiation (GO:0045446),3/14,0.0105052648032763,0.5211740778253411,0,0,7.850562254437068,35.76620965356173,MESP1;SOX18;FSTL1,posterior_up
GO_Biological_Process_2021,atrial cardiac muscle tissue morphogenesis (GO:0055009),2/5,0.0105973472427334,0.5211740778253411,0,0,19.169642857142858,87.16727160085217,MYH6;ENG,posterior_up
GO_Biological_Process_2021,catechol-containing compound biosynthetic process (GO:0009713),2/5,0.0105973472427334,0.5211740778253411,0,0,19.169642857142858,87.16727160085217,PNMT;DBH,posterior_up
GO_Biological_Process_2021,regulation of heart growth (GO:0060420),2/5,0.0105973472427334,0.5211740778253411,0,0,19.169642857142858,87.16727160085217,DUSP9;DUSP6,posterior_up
GO_Biological_Process_2021,cellular response to vitamin (GO:0071295),2/5,0.0105973472427334,0.5211740778253411,0,0,19.169642857142858,87.16727160085217,POSTN;SFRP1,posterior_up
GO_Biological_Process_2021,gamma-aminobutyric acid metabolic process (GO:0009448),2/5,0.0105973472427334,0.5211740778253411,0,0,19.169642857142858,87.16727160085217,ALDH1A1;GAD2,posterior_up
GO_Biological_Process_2021,short-term memory (GO:0007614),2/5,0.0105973472427334,0.5211740778253411,0,0,19.169642857142858,87.16727160085217,NPAS4;CUX2,posterior_up
GO_Biological_Process_2021,negative regulation of B cell differentiation (GO:0045578),2/5,0.0105973472427334,0.5211740778253411,0,0,19.169642857142858,87.16727160085217,SFRP1;ID2,posterior_up
GO_Biological_Process_2021,negative regulation of insulin-like growth factor receptor signaling pathway (GO:0043569),2/5,0.0105973472427334,0.5211740778253411,0,0,19.169642857142858,87.16727160085217,BMP2;BMP5,posterior_up
GO_Biological_Process_2021,positive regulation of myoblast proliferation (GO:2000288),2/5,0.0105973472427334,0.5211740778253411,0,0,19.169642857142858,87.16727160085217,MEGF10;MEIS2,posterior_up
GO_Biological_Process_2021,positive regulation of smooth muscle cell differentiation (GO:0051152),2/5,0.0105973472427334,0.5211740778253411,0,0,19.169642857142858,87.16727160085217,MYOCD;ENG,posterior_up
GO_Biological_Process_2021,peptidyl-tyrosine modification (GO:0018212),6/56,0.0111382797630537,0.5211740778253411,0,0,3.462754491017964,15.573279426110153,PDGFRB;HCK;TEC;ERBB4;BTK;EPHA3,posterior_up
GO_Biological_Process_2021,heart contraction (GO:0060047),5/41,0.0117772089395399,0.5211740778253411,0,0,4.004733432984554,17.78738020800052,KCNQ1;TNNI3;MYH6;TTN;TRDN,posterior_up
GO_Biological_Process_2021,detection of mechanical stimulus involved in sensory perception (GO:0050974),3/15,0.0128074136094012,0.5211740778253411,0,0,7.1959761549925485,31.358128995425176,TMC1;COL11A1;PIEZO2,posterior_up
GO_Biological_Process_2021,regulation of pathway-restricted SMAD protein phosphorylation (GO:0060393),6/58,0.0131271139031,0.5211740778253411,0,0,3.3292261630584985,14.42578806871678,LEFTY1;BMP2;EMILIN1;BMP6;ENG;BMP5,posterior_up
GO_Biological_Process_2021,regulation of epithelial cell proliferation (GO:0050678),8/93,0.0132002510472525,0.5211740778253411,0,0,2.71909556615439,11.766938896842422,PKHD1;NR4A1;ZFP36;SFRP1;NUPR1;FGF1;BMP6;BMP5,posterior_up
GO_Biological_Process_2021,regulation of multicellular organismal development (GO:2000026),4/28,0.0137597873879738,0.5211740778253411,0,0,4.8014925373134325,20.579220532884083,SPAAR;PTN;DUSP9;DUSP6,posterior_up
GO_Biological_Process_2021,regulation of ERK1 and ERK2 cascade (GO:0070372),15/238,0.0153238881822751,0.5211740778253411,0,0,1.9498560803500344,8.1471662351226,PDGFRB;SEMA6A;F2R;HTR2C;NPNT;DUSP9;DUSP6;PKHD1;ADCYAP1;BMP2;ERBB4;FSHR;ALKAL2;EMILIN1;CCL17,posterior_up
GO_Biological_Process_2021,mesenchyme development (GO:0060485),3/16,0.0153745540252828,0.5211740778253411,0,0,6.642095609308724,27.73102463115435,MESP1;BMP2;MEOX1,posterior_up
GO_Biological_Process_2021,regulation of digestive system process (GO:0044058),2/6,0.0155429717902013,0.5211740778253411,0,0,14.376488095238097,59.86580571002909,KCNQ1;SGK1,posterior_up
GO_Biological_Process_2021,regulation of epinephrine secretion (GO:0014060),2/6,0.0155429717902013,0.5211740778253411,0,0,14.376488095238097,59.86580571002909,CRH;CARTPT,posterior_up
GO_Biological_Process_2021,regulation of type B pancreatic cell proliferation (GO:0061469),2/6,0.0155429717902013,0.5211740778253411,0,0,14.376488095238097,59.86580571002909,NR4A1;NUPR1,posterior_up
GO_Biological_Process_2021,retinal ganglion cell axon guidance (GO:0031290),2/6,0.0155429717902013,0.5211740778253411,0,0,14.376488095238097,59.86580571002909,ROBO2;PTPRM,posterior_up
GO_Biological_Process_2021,positive regulation of natural killer cell mediated cytotoxicity directed against tumor cell target (GO:0002860),2/6,0.0155429717902013,0.5211740778253411,0,0,14.376488095238097,59.86580571002909,CRTAM;NECTIN2,posterior_up
GO_Biological_Process_2021,positive regulation of natural killer cell mediated immune response to tumor cell (GO:0002857),2/6,0.0155429717902013,0.5211740778253411,0,0,14.376488095238097,59.86580571002909,CRTAM;NECTIN2,posterior_up
GO_Biological_Process_2021,positive regulation of osteoblast differentiation (GO:0045669),5/44,0.0157224907568106,0.5211740778253411,0,0,3.696102104173853,15.348666671930214,WWTR1;BMP2;NPNT;BMPR1B;BMP6,posterior_up
GO_Biological_Process_2021,regulation of neuron differentiation (GO:0045664),7/79,0.0170905055782075,0.5211740778253411,0,0,2.806471764117941,11.420185268175164,ALK;PCP4;BMP2;LRRK2;ID2;NGF;BRINP3,posterior_up
GO_Biological_Process_2021,neural crest cell development (GO:0014032),5/45,0.0172114542677067,0.5211740778253411,0,0,3.603512705530642,14.638117858386758,SEMA6A;SEMA3D;ERBB4;SEMA3A;NRTN,posterior_up
GO_Biological_Process_2021,artery morphogenesis (GO:0048844),4/30,0.0174708754889585,0.5211740778253411,0,0,4.431687715269804,17.936015342197102,PDGFRB;HPGD;HEY2;ENG,posterior_up
GO_Biological_Process_2021,aorta morphogenesis (GO:0035909),3/17,0.0182099199134863,0.5211740778253411,0,0,6.167340855865446,24.705064822558253,PDGFRB;HEY2;ENG,posterior_up
GO_Biological_Process_2021,regulation of cellular response to growth factor stimulus (GO:0090287),3/17,0.0182099199134863,0.5211740778253411,0,0,6.167340855865446,24.705064822558253,DOK5;FST;FSTL1,posterior_up
GO_Biological_Process_2021,regulation of neuroblast proliferation (GO:1902692),3/17,0.0182099199134863,0.5211740778253411,0,0,6.167340855865446,24.705064822558253,LRRK2;TAFA1;PTN,posterior_up
GO_Biological_Process_2021,regulation of osteoblast proliferation (GO:0033688),3/17,0.0182099199134863,0.5211740778253411,0,0,6.167340855865446,24.705064822558253,MN1;BMP2;SFRP1,posterior_up
GO_Biological_Process_2021,muscle tissue morphogenesis (GO:0060415),3/17,0.0182099199134863,0.5211740778253411,0,0,6.167340855865446,24.705064822558253,BMP2;HEY2;TTN,posterior_up
GO_Biological_Process_2021,positive regulation of smooth muscle cell migration (GO:0014911),3/17,0.0182099199134863,0.5211740778253411,0,0,6.167340855865446,24.705064822558253,PDGFRB;DOCK5;ADAMTS1,posterior_up
GO_Biological_Process_2021,regulation of synapse assembly (GO:0051963),5/47,0.0204627611932747,0.5211740778253411,0,0,3.431560965193252,13.34585042710504,ROBO2;CUX2;IL1RAPL2;SYNDIG1;EPHB3,posterior_up
GO_Biological_Process_2021,positive regulation of pathway-restricted SMAD protein phosphorylation (GO:0010862),5/47,0.0204627611932747,0.5211740778253411,0,0,3.431560965193252,13.34585042710504,LEFTY1;BMP2;BMP6;BMP5;ENG,posterior_up
GO_Biological_Process_2021,cell-cell junction organization (GO:0045216),7/82,0.0205810020126761,0.5211740778253411,0,0,2.693793103448276,10.461040744449846,CDH6;PKHD1;CDH10;F2R;CDH8;NECTIN2;NECTIN1,posterior_up
GO_Biological_Process_2021,arginine catabolic process (GO:0006527),2/7,0.0212782592227328,0.5211740778253411,0,0,11.500595238095238,44.27809005291335,ARG2;ARG1,posterior_up
GO_Biological_Process_2021,regulation of cortisol biosynthetic process (GO:2000064),2/7,0.0212782592227328,0.5211740778253411,0,0,11.500595238095238,44.27809005291335,BMP2;BMP5,posterior_up
GO_Biological_Process_2021,cellular amino acid biosynthetic process (GO:0008652),2/7,0.0212782592227328,0.5211740778253411,0,0,11.500595238095238,44.27809005291335,ALDH1A1;GAD2,posterior_up
GO_Biological_Process_2021,regulation of extracellular matrix assembly (GO:1901201),2/7,0.0212782592227328,0.5211740778253411,0,0,11.500595238095238,44.27809005291335,EMILIN1;AGT,posterior_up
GO_Biological_Process_2021,dendrite arborization (GO:0140059),2/7,0.0212782592227328,0.5211740778253411,0,0,11.500595238095238,44.27809005291335,SEMA3A;PTN,posterior_up
GO_Biological_Process_2021,regulation of natural killer cell mediated cytotoxicity directed against tumor cell target (GO:0002858),2/7,0.0212782592227328,0.5211740778253411,0,0,11.500595238095238,44.27809005291335,CRTAM;NECTIN2,posterior_up
GO_Biological_Process_2021,regulation of neurotrophin TRK receptor signaling pathway (GO:0051386),2/7,0.0212782592227328,0.5211740778253411,0,0,11.500595238095238,44.27809005291335,DOK5;AGT,posterior_up
GO_Biological_Process_2021,dorsal aorta development (GO:0035907),2/7,0.0212782592227328,0.5211740778253411,0,0,11.500595238095238,44.27809005291335,HEY2;ENG,posterior_up
GO_Biological_Process_2021,dorsal aorta morphogenesis (GO:0035912),2/7,0.0212782592227328,0.5211740778253411,0,0,11.500595238095238,44.27809005291335,HEY2;ENG,posterior_up
GO_Biological_Process_2021,regulation of transforming growth factor beta activation (GO:1901388),2/7,0.0212782592227328,0.5211740778253411,0,0,11.500595238095238,44.27809005291335,ITGB6;LRRC32,posterior_up
GO_Biological_Process_2021,glandular epithelial cell development (GO:0002068),2/7,0.0212782592227328,0.5211740778253411,0,0,11.500595238095238,44.27809005291335,BMP6;BMP5,posterior_up
GO_Biological_Process_2021,"synaptic transmission, dopaminergic (GO:0001963)",2/7,0.0212782592227328,0.5211740778253411,0,0,11.500595238095238,44.27809005291335,CRHBP;CRH,posterior_up
GO_Biological_Process_2021,type B pancreatic cell development (GO:0003323),2/7,0.0212782592227328,0.5211740778253411,0,0,11.500595238095238,44.27809005291335,BMP6;BMP5,posterior_up
GO_Biological_Process_2021,vascular associated smooth muscle cell development (GO:0097084),2/7,0.0212782592227328,0.5211740778253411,0,0,11.500595238095238,44.27809005291335,HEY2;ENG,posterior_up
GO_Biological_Process_2021,negative regulation of cardiocyte differentiation (GO:1905208),2/7,0.0212782592227328,0.5211740778253411,0,0,11.500595238095238,44.27809005291335,BMP2;HEY2,posterior_up
GO_Biological_Process_2021,negative regulation of lymphocyte differentiation (GO:0045620),2/7,0.0212782592227328,0.5211740778253411,0,0,11.500595238095238,44.27809005291335,SFRP1;ID2,posterior_up
GO_Biological_Process_2021,negative regulation of steroid metabolic process (GO:0045939),2/7,0.0212782592227328,0.5211740778253411,0,0,11.500595238095238,44.27809005291335,BMP2;BMP5,posterior_up
GO_Biological_Process_2021,positive regulation of vascular associated smooth muscle cell differentiation (GO:1905065),2/7,0.0212782592227328,0.5211740778253411,0,0,11.500595238095238,44.27809005291335,MYOCD;ENG,posterior_up
GO_Biological_Process_2021,protein localization to endoplasmic reticulum exit site (GO:0070973),2/7,0.0212782592227328,0.5211740778253411,0,0,11.500595238095238,44.27809005291335,SEC16B;LRRK2,posterior_up
GO_Biological_Process_2021,regulation of B cell differentiation (GO:0045577),3/18,0.0213154341942049,0.5211740778253411,0,0,5.755886736214605,22.150516254450512,SFRP1;ID2;BTK,posterior_up
GO_Biological_Process_2021,intermediate filament organization (GO:0045109),3/18,0.0213154341942049,0.5211740778253411,0,0,5.755886736214605,22.150516254450512,BFSP2;VIM;KRT20,posterior_up
GO_Biological_Process_2021,negative regulation of peptide hormone secretion (GO:0090278),3/18,0.0213154341942049,0.5211740778253411,0,0,5.755886736214605,22.150516254450512,CRHBP;SFRP1;CRH,posterior_up
GO_Biological_Process_2021,negative regulation of chemotaxis (GO:0050922),4/32,0.0217501901137846,0.5260236195996839,0,0,4.1147121535181235,15.751664477706395,ROBO2;SEMA6A;SEMA3D;SEMA3A,posterior_up
GO_Biological_Process_2021,BMP signaling pathway (GO:0030509),6/65,0.0220263658391466,0.5269748816354972,0,0,2.9331675631787273,11.19154511627256,LEFTY1;BMP2;BMPR1B;BMP6;ENG;BMP5,posterior_up
GO_Biological_Process_2021,adherens junction organization (GO:0034332),5/49,0.0240909539778441,0.5428081541935911,0,0,3.2752412012501697,12.203282971187251,CDH6;CDH10;CDH8;NECTIN2;NECTIN1,posterior_up
GO_Biological_Process_2021,negative chemotaxis (GO:0050919),4/33,0.0241091294229314,0.5428081541935911,0,0,3.972619660319094,14.798662509208537,SEMA6A;SEMA3D;SEMA3A;UNC5C,posterior_up
GO_Biological_Process_2021,branching involved in ureteric bud morphogenesis (GO:0001658),3/19,0.024691819756795,0.5428081541935911,0,0,5.395864381520119,19.97162258483276,BMP2;FGF1;NPNT,posterior_up
GO_Biological_Process_2021,regulation of collagen biosynthetic process (GO:0032965),3/19,0.024691819756795,0.5428081541935911,0,0,5.395864381520119,19.97162258483276,F2R;EMILIN1;VIM,posterior_up
GO_Biological_Process_2021,regulation of insulin-like growth factor receptor signaling pathway (GO:0043567),3/19,0.024691819756795,0.5428081541935911,0,0,5.395864381520119,19.97162258483276,BMP2;IGFBP4;BMP5,posterior_up
GO_Biological_Process_2021,excitatory postsynaptic potential (GO:0060079),3/19,0.024691819756795,0.5428081541935911,0,0,5.395864381520119,19.97162258483276,NPAS4;LRRK2;GRIN2D,posterior_up
GO_Biological_Process_2021,striated muscle cell differentiation (GO:0051146),3/19,0.024691819756795,0.5428081541935911,0,0,5.395864381520119,19.97162258483276,MESP1;MYOCD;BMP2,posterior_up
GO_Biological_Process_2021,ureteric bud development (GO:0001657),3/19,0.024691819756795,0.5428081541935911,0,0,5.395864381520119,19.97162258483276,ROBO2;BMP2;NPNT,posterior_up
GO_Biological_Process_2021,cardiac muscle contraction (GO:0060048),4/34,0.0266168927436374,0.5428081541935911,0,0,3.84,13.924643324977897,KCNQ1;TNNI3;MYH6;TTN,posterior_up
GO_Biological_Process_2021,cellular response to vascular endothelial growth factor stimulus (GO:0035924),4/34,0.0266168927436374,0.5428081541935911,0,0,3.84,13.924643324977897,NR4A1;SEMA6A;GAB1;GAS1,posterior_up
GO_Biological_Process_2021,sequestering of BMP from receptor via BMP binding (GO:0038098),2/8,0.0277445304743319,0.5428081541935911,0,0,9.583333333333334,34.3535336831384,BMP2;FSTL1,posterior_up
GO_Biological_Process_2021,mammary gland epithelial cell differentiation (GO:0060644),2/8,0.0277445304743319,0.5428081541935911,0,0,9.583333333333334,34.3535336831384,ERBB4;ID2,posterior_up
GO_Biological_Process_2021,negative regulation of osteoblast proliferation (GO:0033689),2/8,0.0277445304743319,0.5428081541935911,0,0,9.583333333333334,34.3535336831384,MN1;SFRP1,posterior_up
GO_Biological_Process_2021,neurotransmitter receptor diffusion trapping (GO:0099628),2/8,0.0277445304743319,0.5428081541935911,0,0,9.583333333333334,34.3535336831384,CACNG3;CACNG5,posterior_up
GO_Biological_Process_2021,positive regulation of astrocyte differentiation (GO:0048711),2/8,0.0277445304743319,0.5428081541935911,0,0,9.583333333333334,34.3535336831384,BMP2;ID2,posterior_up
GO_Biological_Process_2021,positive regulation of muscle contraction (GO:0045933),2/8,0.0277445304743319,0.5428081541935911,0,0,9.583333333333334,34.3535336831384,MYOCD;F2R,posterior_up
GO_Biological_Process_2021,positive regulation of vascular associated smooth muscle cell migration (GO:1904754),2/8,0.0277445304743319,0.5428081541935911,0,0,9.583333333333334,34.3535336831384,DOCK5;ADAMTS1,posterior_up
GO_Biological_Process_2021,postsynaptic neurotransmitter receptor diffusion trapping (GO:0098970),2/8,0.0277445304743319,0.5428081541935911,0,0,9.583333333333334,34.3535336831384,CACNG3;CACNG5,posterior_up
GO_Biological_Process_2021,regulation of acute inflammatory response (GO:0002673),3/20,0.028338703515341,0.5428081541935911,0,0,5.078197597966161,18.096293201942924,C2CD4A;C2CD4B;KLKB1,posterior_up
GO_Biological_Process_2021,cardiac epithelial to mesenchymal transition (GO:0060317),3/20,0.028338703515341,0.5428081541935911,0,0,5.078197597966161,18.096293201942924,BMP2;HEY2;ENG,posterior_up
GO_Biological_Process_2021,mesoderm development (GO:0007498),3/20,0.028338703515341,0.5428081541935911,0,0,5.078197597966161,18.096293201942924,MESP1;HCK;BTK,posterior_up
GO_Biological_Process_2021,negative regulation of axon extension involved in axon guidance (GO:0048843),3/20,0.028338703515341,0.5428081541935911,0,0,5.078197597966161,18.096293201942924,SEMA6A;SEMA3D;SEMA3A,posterior_up
GO_Biological_Process_2021,positive regulation of natural killer cell mediated cytotoxicity (GO:0045954),3/20,0.028338703515341,0.5428081541935911,0,0,5.078197597966161,18.096293201942924,CRTAM;SLAMF6;NECTIN2,posterior_up
GO_Biological_Process_2021,peptidyl-tyrosine phosphorylation (GO:0018108),6/69,0.0285991978242573,0.5428081541935911,0,0,2.7463644140290846,9.761613434807185,PDGFRB;HCK;TEC;ERBB4;BTK;EPHA3,posterior_up
GO_Biological_Process_2021,positive regulation of neuron projection development (GO:0010976),7/88,0.0289903950099176,0.5428081541935911,0,0,2.493475484479982,8.82887483208487,ALK;FZD1;CUX2;ALKAL2;PTN;EPHA3;BMP5,posterior_up
GO_Biological_Process_2021,regulation of muscle cell differentiation (GO:0051147),4/35,0.029275046518306,0.5428081541935911,0,0,3.7159364467982665,13.121045096682128,MYOCD;MEGF10;ID2;MAPK12,posterior_up
GO_Biological_Process_2021,regulation of postsynaptic membrane potential (GO:0060078),4/35,0.029275046518306,0.5428081541935911,0,0,3.7159364467982665,13.121045096682128,NPAS4;LRRK2;GABRG1;GRIN2D,posterior_up
GO_Biological_Process_2021,ameboidal-type cell migration (GO:0001667),5/52,0.0302679949718021,0.5565808992748744,0,0,3.0657061985179532,10.72281141998798,SEMA6A;SEMA3D;ERBB4;SEMA3A;NRTN,posterior_up
GO_Biological_Process_2021,collagen fibril organization (GO:0030199),7/89,0.0305876851471167,0.5578491758388088,0,0,2.462939262076279,8.588657851778455,COL17A1;COL26A1;OPTC;COL11A1;COL12A1;COL10A1;COL19A1,posterior_up
GO_Biological_Process_2021,activation of adenylate cyclase activity (GO:0007190),4/36,0.0320848356901808,0.5665817057875845,0,0,3.5996268656716417,12.38045502026336,ADCYAP1;FSHR;LGR5;RXFP2,posterior_up
GO_Biological_Process_2021,aortic valve development (GO:0003176),4/36,0.0320848356901808,0.5665817057875845,0,0,3.5996268656716417,12.38045502026336,ROBO2;BMP2;HEY2;EMILIN1,posterior_up
GO_Biological_Process_2021,positive regulation of bone mineralization (GO:0030501),4/36,0.0320848356901808,0.5665817057875845,0,0,3.5996268656716417,12.38045502026336,BMP2;PTN;BMPR1B;BMP6,posterior_up
GO_Biological_Process_2021,regulation of ER to Golgi vesicle-mediated transport (GO:0060628),2/9,0.0348861544687186,0.5665817057875845,0,0,8.213860544217686,27.56296638493022,LRRK2;GAS1,posterior_up
GO_Biological_Process_2021,cellular response to muramyl dipeptide (GO:0071225),2/9,0.0348861544687186,0.5665817057875845,0,0,8.213860544217686,27.56296638493022,LDOC1;VIM,posterior_up
GO_Biological_Process_2021,detection of mechanical stimulus involved in sensory perception of sound (GO:0050910),2/9,0.0348861544687186,0.5665817057875845,0,0,8.213860544217686,27.56296638493022,TMC1;COL11A1,posterior_up
GO_Biological_Process_2021,epithelial to mesenchymal transition involved in endocardial cushion formation (GO:0003198),2/9,0.0348861544687186,0.5665817057875845,0,0,8.213860544217686,27.56296638493022,HEY2;ENG,posterior_up
GO_Biological_Process_2021,"regulation of Wnt signaling pathway, planar cell polarity pathway (GO:2000095)",2/9,0.0348861544687186,0.5665817057875845,0,0,8.213860544217686,27.56296638493022,NKD1;DACT1,posterior_up
GO_Biological_Process_2021,type B pancreatic cell differentiation (GO:0003309),2/9,0.0348861544687186,0.5665817057875845,0,0,8.213860544217686,27.56296638493022,BMP6;BMP5,posterior_up
GO_Biological_Process_2021,negative regulation of bone resorption (GO:0045779),2/9,0.0348861544687186,0.5665817057875845,0,0,8.213860544217686,27.56296638493022,UBASH3B;CARTPT,posterior_up
GO_Biological_Process_2021,negative regulation of platelet aggregation (GO:0090331),2/9,0.0348861544687186,0.5665817057875845,0,0,8.213860544217686,27.56296638493022,C1QTNF1;CD9,posterior_up
GO_Biological_Process_2021,ornithine metabolic process (GO:0006591),2/9,0.0348861544687186,0.5665817057875845,0,0,8.213860544217686,27.56296638493022,ARG2;ARG1,posterior_up
GO_Biological_Process_2021,pericardium development (GO:0060039),2/9,0.0348861544687186,0.5665817057875845,0,0,8.213860544217686,27.56296638493022,BMP2;BMP5,posterior_up
GO_Biological_Process_2021,positive regulation of blood pressure (GO:0045777),2/9,0.0348861544687186,0.5665817057875845,0,0,8.213860544217686,27.56296638493022,ID2;CARTPT,posterior_up
GO_Biological_Process_2021,positive regulation of smooth muscle contraction (GO:0045987),2/9,0.0348861544687186,0.5665817057875845,0,0,8.213860544217686,27.56296638493022,MYOCD;F2R,posterior_up
GO_Biological_Process_2021,transmembrane receptor protein serine/threonine kinase signaling pathway (GO:0007178),9/133,0.0361908424296094,0.5832633062442292,0,0,2.0957797720106717,6.955786521636964,BMP2;LEFTY1;HPGD;ID1;BMPR1B;LRRC32;BMP6;BMP5;ENG,posterior_up
GO_Biological_Process_2021,negative regulation of lipid biosynthetic process (GO:0051055),3/22,0.0364375728395271,0.5832633062442292,0,0,4.543179857243706,15.0477150434286,BMP2;ACADL;BMP5,posterior_up
GO_Biological_Process_2021,actin-myosin filament sliding (GO:0033275),4/38,0.0381627351564902,0.5944299121174973,0,0,3.3875329236172083,11.063329408585584,TNNI3;VIM;MYH6;TTN,posterior_up
GO_Biological_Process_2021,muscle filament sliding (GO:0030049),4/38,0.0381627351564902,0.5944299121174973,0,0,3.3875329236172083,11.063329408585584,TNNI3;VIM;MYH6;TTN,posterior_up
GO_Biological_Process_2021,blood vessel morphogenesis (GO:0048514),5/56,0.0399279833364745,0.5944299121174973,0,0,2.824672469884815,9.097360097243971,SOX18;HEY2;ID1;TNNI3;ENG,posterior_up
GO_Biological_Process_2021,integrin-mediated signaling pathway (GO:0007229),6/75,0.040679550411149,0.5944299121174973,0,0,2.506769070554543,8.026749164618284,HCK;FYB2;TEC;ADAMTS1;ITGB6;PTN,posterior_up
GO_Biological_Process_2021,blood vessel endothelial cell migration (GO:0043534),3/23,0.0408841802880324,0.5944299121174973,0,0,4.315797317436662,13.797656162041168,NR4A1;SOX18;ID1,posterior_up
GO_Biological_Process_2021,regulation of neural precursor cell proliferation (GO:2000177),3/23,0.0408841802880324,0.5944299121174973,0,0,4.315797317436662,13.797656162041168,LRRK2;ID2;TAFA1,posterior_up
GO_Biological_Process_2021,positive regulation of natural killer cell mediated immunity (GO:0002717),3/23,0.0408841802880324,0.5944299121174973,0,0,4.315797317436662,13.797656162041168,CRTAM;SLAMF6;NECTIN2,posterior_up
GO_Biological_Process_2021,regulation of intracellular transport (GO:0032386),4/39,0.0414317943909236,0.5944299121174973,0,0,3.2905756929637526,10.476227921480175,LRRK2;WWC1;GAS1;CRYAB,posterior_up
GO_Biological_Process_2021,endothelial cell migration (GO:0043542),4/39,0.0414317943909236,0.5944299121174973,0,0,3.2905756929637526,10.476227921480175,NR4A1;SOX18;ID1;FSTL1,posterior_up
GO_Biological_Process_2021,positive regulation of cell junction assembly (GO:1901890),5/57,0.0426033696635553,0.5944299121174973,0,0,2.77020811774175,8.742283525175107,SFRP1;CUX2;SYNDIG1;AGT;EPHB3,posterior_up
GO_Biological_Process_2021,regulation of cell activation (GO:0050865),2/10,0.0426504099103873,0.5944299121174973,0,0,7.1867559523809526,22.672191196608058,TEC;EMILIN1,posterior_up
GO_Biological_Process_2021,endothelium development (GO:0003158),2/10,0.0426504099103873,0.5944299121174973,0,0,7.1867559523809526,22.672191196608058,MESP1;FSTL1,posterior_up
GO_Biological_Process_2021,G protein-coupled serotonin receptor signaling pathway (GO:0098664),2/10,0.0426504099103873,0.5944299121174973,0,0,7.1867559523809526,22.672191196608058,HTR1D;HTR2C,posterior_up
GO_Biological_Process_2021,hematopoietic stem cell differentiation (GO:0060218),2/10,0.0426504099103873,0.5944299121174973,0,0,7.1867559523809526,22.672191196608058,SFRP1;MEOX1,posterior_up
GO_Biological_Process_2021,low-density lipoprotein particle receptor catabolic process (GO:0032802),2/10,0.0426504099103873,0.5944299121174973,0,0,7.1867559523809526,22.672191196608058,MYLIP;PCSK9,posterior_up
GO_Biological_Process_2021,low-density lipoprotein receptor particle metabolic process (GO:0032799),2/10,0.0426504099103873,0.5944299121174973,0,0,7.1867559523809526,22.672191196608058,MYLIP;PCSK9,posterior_up
GO_Biological_Process_2021,membrane lipid catabolic process (GO:0046466),2/10,0.0426504099103873,0.5944299121174973,0,0,7.1867559523809526,22.672191196608058,ENPP2;MGST2,posterior_up
GO_Biological_Process_2021,urea cycle (GO:0000050),2/10,0.0426504099103873,0.5944299121174973,0,0,7.1867559523809526,22.672191196608058,ARG2;ARG1,posterior_up
GO_Biological_Process_2021,negative regulation of leukocyte migration (GO:0002686),2/10,0.0426504099103873,0.5944299121174973,0,0,7.1867559523809526,22.672191196608058,EMILIN1;BMP5,posterior_up
GO_Biological_Process_2021,neuron remodeling (GO:0016322),2/10,0.0426504099103873,0.5944299121174973,0,0,7.1867559523809526,22.672191196608058,C1QA;RND1,posterior_up
GO_Biological_Process_2021,axon guidance (GO:0007411),12/203,0.0427455217702469,0.5944299121174973,0,0,1.8160105028392464,5.724956480990358,ROBO2;SEMA6A;DOK5;SEMA3D;SEMA3A;GAB1;PTPRM;NTN5;UNC5C;NRTN;EPHA3;EPHB3,posterior_up
GO_Biological_Process_2021,positive regulation of cell projection organization (GO:0031346),8/117,0.0443417686673021,0.6127977346878719,0,0,2.117750778301237,6.598547567726222,FZD1;ROBO2;CUX2;CUX1;ALKAL2;PTN;NGF;EPHA3,posterior_up
GO_Biological_Process_2021,positive regulation of ossification (GO:0045778),4/40,0.0448544044211494,0.6160558631917127,0,0,3.199004975124378,9.93077828512565,BMP2;PTN;BMPR1B;BMP6,posterior_up
GO_Biological_Process_2021,regulation of axon extension involved in axon guidance (GO:0048841),3/24,0.0455906954817051,0.6223269782011902,0,0,4.110070257611241,12.692109157345609,SEMA6A;SEMA3D;SEMA3A,posterior_up
GO_Biological_Process_2021,extracellular matrix organization (GO:0030198),16/300,0.0483063619266104,0.6302603329713699,0,0,1.6303780127573957,4.940358427684641,COL17A1;POSTN;COL26A1;COL11A1;COL12A1;NPNT;COL19A1;COLQ;FBLN5;ADAMTS5;OPTC;ADAMTS1;HAS3;COL10A1;ITGB6;KLKB1,posterior_up
GO_Biological_Process_2021,positive regulation of biomineral tissue development (GO:0070169),4/41,0.0484303215769458,0.6302603329713699,0,0,3.1123840258168616,9.42314470387491,BMP2;PTN;BMPR1B;BMP6,posterior_up
GO_Biological_Process_2021,nervous system development (GO:0007399),22/447,0.0499602404288859,0.6302603329713699,0,0,1.500620714543486,4.496651660336837,ROBO2;MESP1;MYLIP;WWTR1;EMX2;MARCKSL1;EGR2;SEMA6A;POU6F2;NTN5;PCSK9;PTN;NGF;POU3F2;POU3F3;SNTG2;EDNRB;ERBB4;IL1RAPL2;NRTN;FGF11;DACT1,posterior_up
GO_Biological_Process_2021,cellular polysaccharide biosynthetic process (GO:0033692),3/25,0.05055261131327,0.6302603329713699,0,0,3.9230456577699497,11.70927395177896,B3GNT8;NDST4;HAS3,posterior_up
GO_Biological_Process_2021,"chemical synaptic transmission, postsynaptic (GO:0099565)",3/25,0.05055261131327,0.6302603329713699,0,0,3.9230456577699497,11.70927395177896,NPAS4;LRRK2;GRIN2D,posterior_up
GO_Biological_Process_2021,ventricular cardiac muscle tissue development (GO:0003229),3/25,0.05055261131327,0.6302603329713699,0,0,3.9230456577699497,11.70927395177896,ID2;TNNI3;MYH6,posterior_up
GO_Biological_Process_2021,regulation of calcium ion transmembrane transport via high voltage-gated calcium channel (GO:1902514),2/11,0.0509873527797063,0.6302603329713699,0,0,6.387896825396825,19.01151583713567,CACNG6;CACNG1,posterior_up
GO_Biological_Process_2021,regulation of cardiac muscle cell apoptotic process (GO:0010665),2/11,0.0509873527797063,0.6302603329713699,0,0,6.387896825396825,19.01151583713567,NUPR1;ENG,posterior_up
GO_Biological_Process_2021,regulation of cardiac muscle cell differentiation (GO:2000725),2/11,0.0509873527797063,0.6302603329713699,0,0,6.387896825396825,19.01151583713567,BMP2;MYOCD,posterior_up
GO_Biological_Process_2021,regulation of coagulation (GO:0050818),2/11,0.0509873527797063,0.6302603329713699,0,0,6.387896825396825,19.01151583713567,PROC;F2R,posterior_up
GO_Biological_Process_2021,skeletal muscle cell differentiation (GO:0035914),2/11,0.0509873527797063,0.6302603329713699,0,0,6.387896825396825,19.01151583713567,EGR2;MEGF10,posterior_up
GO_Biological_Process_2021,negative regulation of homotypic cell-cell adhesion (GO:0034111),2/11,0.0509873527797063,0.6302603329713699,0,0,6.387896825396825,19.01151583713567,C1QTNF1;CD9,posterior_up
GO_Biological_Process_2021,negative regulation of protein maturation (GO:1903318),2/11,0.0509873527797063,0.6302603329713699,0,0,6.387896825396825,19.01151583713567,LRRK2;GAS1,posterior_up
GO_Biological_Process_2021,negative regulation of steroid biosynthetic process (GO:0010894),2/11,0.0509873527797063,0.6302603329713699,0,0,6.387896825396825,19.01151583713567,BMP2;BMP5,posterior_up
GO_Biological_Process_2021,positive regulation of alcohol biosynthetic process (GO:1902932),2/11,0.0509873527797063,0.6302603329713699,0,0,6.387896825396825,19.01151583713567,FGF1;BMP6,posterior_up
GO_Biological_Process_2021,positive regulation of non-canonical Wnt signaling pathway (GO:2000052),2/11,0.0509873527797063,0.6302603329713699,0,0,6.387896825396825,19.01151583713567,SFRP1;NKD1,posterior_up
GO_Biological_Process_2021,protein kinase C-activating G protein-coupled receptor signaling pathway (GO:0007205),2/11,0.0509873527797063,0.6302603329713699,0,0,6.387896825396825,19.01151583713567,PRKD3;F2R,posterior_up
GO_Biological_Process_2021,heart development (GO:0007507),10/164,0.0513209211839331,0.6308787272610566,0,0,1.8749022062275071,5.567816066544455,MESP1;BMP2;LEFTY1;MYOCD;SOX18;ERBB4;ID2;TNNI3;MYH6;BMP5,posterior_up
GO_Biological_Process_2021,positive regulation of cell differentiation (GO:0045597),14/258,0.0551083239209314,0.6682953892025176,0,0,1.6588922006954794,4.808223572228872,WWTR1;PTN;NPNT;NGF;AGT;BMP6;MAPK12;SFRP1;ZFP36;PCP4;BMP2;ID2;BMPR1B;BRINP3,posterior_up
GO_Biological_Process_2021,regulation of myelination (GO:0031641),3/26,0.0557648244887784,0.6682953892025176,0,0,3.75228406661051,10.831388191111904,EGR2;PTN;KLK8,posterior_up
GO_Biological_Process_2021,heart looping (GO:0001947),4/43,0.0560397643252607,0.6682953892025176,0,0,2.952468427095293,8.508109851802379,MESP1;VANGL2;SOX18;ENG,posterior_up
GO_Biological_Process_2021,myofibril assembly (GO:0030239),4/43,0.0560397643252607,0.6682953892025176,0,0,2.952468427095293,8.508109851802379,PDGFRB;PGM5;MYH6;TTN,posterior_up
GO_Biological_Process_2021,positive regulation of neuron differentiation (GO:0045666),4/43,0.0560397643252607,0.6682953892025176,0,0,2.952468427095293,8.508109851802379,BMP2;PCP4;NGF;BRINP3,posterior_up
GO_Biological_Process_2021,positive regulation of epithelial cell proliferation (GO:0050679),8/123,0.0564511699089143,0.6682953892025176,0,0,2.006632719676198,5.767823479717215,PKHD1;NR4A1;SFRP1;BMP2;PTN;FGF1;BMP6;BMP5,posterior_up
GO_Biological_Process_2021,negative regulation of multicellular organismal process (GO:0051241),12/214,0.0592110486802149,0.6682953892025176,0,0,1.7161317340193234,4.850898825899009,CRHBP;ADAMTS5;SFRP1;BMP2;MYOCD;PROC;WWC1;ID1;HEY2;F2R;ALDH1A1;BMP5,posterior_up
GO_Biological_Process_2021,regulation of astrocyte differentiation (GO:0048710),2/12,0.0598496895118914,0.6682953892025176,0,0,5.748809523809523,16.188182165321187,BMP2;ID2,posterior_up
GO_Biological_Process_2021,regulation of axon regeneration (GO:0048679),2/12,0.0598496895118914,0.6682953892025176,0,0,5.748809523809523,16.188182165321187,PTN;KLK8,posterior_up
GO_Biological_Process_2021,axonal fasciculation (GO:0007413),2/12,0.0598496895118914,0.6682953892025176,0,0,5.748809523809523,16.188182165321187,EPHA3;EPHB3,posterior_up
GO_Biological_Process_2021,catecholamine biosynthetic process (GO:0042423),2/12,0.0598496895118914,0.6682953892025176,0,0,5.748809523809523,16.188182165321187,PNMT;DBH,posterior_up
GO_Biological_Process_2021,regulation of sequestering of calcium ion (GO:0051282),2/12,0.0598496895118914,0.6682953892025176,0,0,5.748809523809523,16.188182165321187,UBASH3B;TRDN,posterior_up
GO_Biological_Process_2021,ganglion development (GO:0061548),2/12,0.0598496895118914,0.6682953892025176,0,0,5.748809523809523,16.188182165321187,SEMA3A;UNC5C,posterior_up
GO_Biological_Process_2021,regulation of vascular associated smooth muscle cell migration (GO:1904752),2/12,0.0598496895118914,0.6682953892025176,0,0,5.748809523809523,16.188182165321187,DOCK5;ADAMTS1,posterior_up
GO_Biological_Process_2021,keratan sulfate catabolic process (GO:0042340),2/12,0.0598496895118914,0.6682953892025176,0,0,5.748809523809523,16.188182165321187,PRELP;FMOD,posterior_up
GO_Biological_Process_2021,phasic smooth muscle contraction (GO:0014821),2/12,0.0598496895118914,0.6682953892025176,0,0,5.748809523809523,16.188182165321187,EDNRB;HTR1D,posterior_up
GO_Biological_Process_2021,positive regulation of neuroinflammatory response (GO:0150078),2/12,0.0598496895118914,0.6682953892025176,0,0,5.748809523809523,16.188182165321187,IL33;NUPR1,posterior_up
GO_Biological_Process_2021,positive regulation of vascular permeability (GO:0043117),2/12,0.0598496895118914,0.6682953892025176,0,0,5.748809523809523,16.188182165321187,PDE3A;BMP6,posterior_up
GO_Biological_Process_2021,branching morphogenesis of an epithelial tube (GO:0048754),4/44,0.0600714956586532,0.6682953892025176,0,0,2.878507462686567,8.094995772649828,PKHD1;BMP2;NPNT;ENG,posterior_up
GO_Biological_Process_2021,cellular lipid catabolic process (GO:0044242),3/27,0.0612217008722665,0.674347942776203,0,0,3.59575260804769,10.043848783735124,ACADL;ENPP2;MGST2,posterior_up
GO_Biological_Process_2021,positive regulation of muscle cell differentiation (GO:0051149),3/27,0.0612217008722665,0.674347942776203,0,0,3.59575260804769,10.043848783735124,MESP1;MYOCD;MAPK12,posterior_up
GO_Biological_Process_2021,positive regulation of Notch signaling pathway (GO:0045747),4/45,0.0642529670086089,0.7042505004638172,0,0,2.808154350200218,7.70817975512945,ROBO2;MESP1;MAML2;MAML3,posterior_up
GO_Biological_Process_2021,positive regulation of ERK1 and ERK2 cascade (GO:0070374),10/172,0.0663892474632025,0.7192783998153411,0,0,1.78157072735386,4.832012063518997,PDGFRB;ADCYAP1;BMP2;ERBB4;FSHR;F2R;HTR2C;ALKAL2;NPNT;CCL17,posterior_up
GO_Biological_Process_2021,regulation of neuron migration (GO:2001222),3/28,0.0669171365221463,0.7192783998153411,0,0,3.4517436661698957,9.334551063805677,IGSF10;SEMA6A;SEMA3A,posterior_up
GO_Biological_Process_2021,keratan sulfate biosynthetic process (GO:0018146),3/28,0.0669171365221463,0.7192783998153411,0,0,3.4517436661698957,9.334551063805677,PRELP;ST3GAL6;FMOD,posterior_up
GO_Biological_Process_2021,positive regulation of synapse assembly (GO:0051965),3/28,0.0669171365221463,0.7192783998153411,0,0,3.4517436661698957,9.334551063805677,CUX2;SYNDIG1;EPHB3,posterior_up
GO_Biological_Process_2021,"G protein-coupled receptor signaling pathway, coupled to cyclic nucleotide second messenger (GO:0007187)",5/65,0.0678175021011538,0.7194096192584617,0,0,2.399850523168909,6.457841705801252,HRH2;HTR1D;NPY1R;HTR2C;AGT,posterior_up
GO_Biological_Process_2021,negative regulation of signal transduction (GO:0009968),14/267,0.0689712944532057,0.7194096192584617,0,0,1.5991256437896757,4.276165728144053,SEMA6A;LRRK2;PALM3;NKD1;AGT;BMP5;CRHBP;SFRP1;BMP2;CYP26B1;UBASH3B;WIF1;EMILIN1;DACT1,posterior_up
GO_Biological_Process_2021,response to muramyl dipeptide (GO:0032495),2/13,0.0691926555151958,0.7194096192584617,0,0,5.225919913419913,13.957703366428436,LDOC1;VIM,posterior_up
GO_Biological_Process_2021,mitotic DNA integrity checkpoint signaling (GO:0044774),2/13,0.0691926555151958,0.7194096192584617,0,0,5.225919913419913,13.957703366428436,STK33;TICRR,posterior_up
GO_Biological_Process_2021,negative regulation of alcohol biosynthetic process (GO:1902931),2/13,0.0691926555151958,0.7194096192584617,0,0,5.225919913419913,13.957703366428436,BMP2;BMP5,posterior_up
GO_Biological_Process_2021,negative regulation of autophagosome assembly (GO:1902902),2/13,0.0691926555151958,0.7194096192584617,0,0,5.225919913419913,13.957703366428436,LRRK2;NUPR1,posterior_up
GO_Biological_Process_2021,positive regulation of neuron migration (GO:2001224),2/13,0.0691926555151958,0.7194096192584617,0,0,5.225919913419913,13.957703366428436,SEMA6A;SEMA3A,posterior_up
GO_Biological_Process_2021,muscle contraction (GO:0006936),8/129,0.0704783720449277,0.7293691990696007,0,0,1.906534633807361,5.056986637390078,MYOF;TNNI3;VIM;CRYAB;MYH6;SNTB1;TRDN;TTN,posterior_up
GO_Biological_Process_2021,determination of heart left/right asymmetry (GO:0061371),4/47,0.0730589683922119,0.7491069339754449,0,0,2.677264838597709,7.005032334276648,MESP1;VANGL2;SOX18;ENG,posterior_up
GO_Biological_Process_2021,embryonic heart tube morphogenesis (GO:0003143),4/47,0.0730589683922119,0.7491069339754449,0,0,2.677264838597709,7.005032334276648,MESP1;VANGL2;SOX18;ENG,posterior_up
GO_Biological_Process_2021,cellular response to metal ion (GO:0071248),8/131,0.0755869250689116,0.7632755907091803,0,0,1.875338753387534,4.843009745333161,CPNE8;CRHBP;SYT2;HVCN1;LRRK2;RASGRP2;SYT9;BMP6,posterior_up
GO_Biological_Process_2021,aorta development (GO:0035904),2/14,0.078973898824717,0.7632755907091803,0,0,4.790178571428571,12.160528752944924,PDGFRB;ROBO2,posterior_up
GO_Biological_Process_2021,bone morphogenesis (GO:0060349),2/14,0.078973898824717,0.7632755907091803,0,0,4.790178571428571,12.160528752944924,CYP26B1;BMPR1B,posterior_up
GO_Biological_Process_2021,cardiac left ventricle morphogenesis (GO:0003214),2/14,0.078973898824717,0.7632755907091803,0,0,4.790178571428571,12.160528752944924,NPY2R;HEY2,posterior_up
GO_Biological_Process_2021,cGMP-mediated signaling (GO:0019934),2/14,0.078973898824717,0.7632755907091803,0,0,4.790178571428571,12.160528752944924,PDE3A;HTR2C,posterior_up
GO_Biological_Process_2021,renal absorption (GO:0070293),2/14,0.078973898824717,0.7632755907091803,0,0,4.790178571428571,12.160528752944924,KCNQ1;SGK1,posterior_up
GO_Biological_Process_2021,heart process (GO:0003015),2/14,0.078973898824717,0.7632755907091803,0,0,4.790178571428571,12.160528752944924,TNNI3;TRDN,posterior_up
GO_Biological_Process_2021,sequestering of extracellular ligand from receptor (GO:0035581),2/14,0.078973898824717,0.7632755907091803,0,0,4.790178571428571,12.160528752944924,BMP2;FSTL1,posterior_up
GO_Biological_Process_2021,striated muscle cell development (GO:0055002),2/14,0.078973898824717,0.7632755907091803,0,0,4.790178571428571,12.160528752944924,PGM5;MYH6,posterior_up
GO_Biological_Process_2021,negative regulation of cell activation (GO:0050866),2/14,0.078973898824717,0.7632755907091803,0,0,4.790178571428571,12.160528752944924,C1QTNF1;EMILIN1,posterior_up
GO_Biological_Process_2021,neuron fate commitment (GO:0048663),2/14,0.078973898824717,0.7632755907091803,0,0,4.790178571428571,12.160528752944924,ID2;POU3F2,posterior_up
GO_Biological_Process_2021,regulation of natural killer cell mediated cytotoxicity (GO:0042269),3/30,0.0789972578000994,0.7632755907091803,0,0,3.1957277694982613,8.111850460519905,CRTAM;SLAMF6;NECTIN2,posterior_up
GO_Biological_Process_2021,regulation of vasoconstriction (GO:0019229),3/30,0.0789972578000994,0.7632755907091803,0,0,3.1957277694982613,8.111850460519905,F2R;ADRA1B;AGT,posterior_up
GO_Biological_Process_2021,second-messenger-mediated signaling (GO:0019932),6/89,0.0799295337686467,0.7632755907091803,0,0,2.082425510424933,5.261476828098612,EDNRB;LRRK2;BTK;ACKR2;MAFA;AGT,posterior_up
GO_Biological_Process_2021,transforming growth factor beta receptor signaling pathway (GO:0007179),6/89,0.0799295337686467,0.7632755907091803,0,0,2.082425510424933,5.261476828098612,LEFTY1;HPGD;ID1;LRRC32;FMOD;ENG,posterior_up
GO_Biological_Process_2021,positive regulation of inflammatory response (GO:0050729),6/89,0.0799295337686467,0.7632755907091803,0,0,2.082425510424933,5.261476828098612,IL33;C2CD4A;MGST2;C2CD4B;NUPR1;AGT,posterior_up
GO_Biological_Process_2021,positive regulation of MAPK cascade (GO:0043410),14/274,0.0812233729541108,0.7636070745927289,0,0,1.5555011655011657,3.905166918216356,PDGFRB;WWC1;LRRK2;F2R;HTR2C;FGF1;NPNT;ADRA1B;ADCYAP1;BMP2;ERBB4;FSHR;ALKAL2;CCL17,posterior_up
GO_Biological_Process_2021,regulation of Wnt signaling pathway (GO:0030111),7/111,0.0813666456195045,0.7636070745927289,0,0,1.9397128358897475,4.866331872503781,SFRP1;BMP2;WIF1;LRRK2;RSPO1;NKD1;DACT1,posterior_up
GO_Biological_Process_2021,cellular response to calcium ion (GO:0071277),5/69,0.0829508876467637,0.7636070745927289,0,0,2.249392750373692,5.599878011259677,CPNE8;CRHBP;SYT2;RASGRP2;SYT9,posterior_up
GO_Biological_Process_2021,cellular response to cAMP (GO:0071320),3/31,0.0853678785909831,0.7636070745927289,0,0,3.081434958484139,7.582750088642953,CRHBP;KCNQ1;CFTR,posterior_up
GO_Biological_Process_2021,regulation of transmembrane receptor protein serine/threonine kinase signaling pathway (GO:0090092),3/31,0.0853678785909831,0.7636070745927289,0,0,3.081434958484139,7.582750088642953,FST;FSTL1;ENG,posterior_up
GO_Biological_Process_2021,negative regulation of axon extension (GO:0030517),3/31,0.0853678785909831,0.7636070745927289,0,0,3.081434958484139,7.582750088642953,SEMA6A;SEMA3D;SEMA3A,posterior_up
GO_Biological_Process_2021,cellular response to growth factor stimulus (GO:0071363),9/158,0.0869434720918376,0.7636070745927289,0,0,1.7418680930514203,4.254507796473683,NR4A1;ZFP36;SFRP1;BMP2;SEMA6A;PDE3A;GAS1;BMPR1B;BMP6,posterior_up
GO_Biological_Process_2021,chloride transmembrane transport (GO:1902476),4/50,0.0873470785931043,0.7636070745927289,0,0,2.5022712524334847,6.1002012278828195,SLC6A1;CFTR;ANO3;GABRG1,posterior_up
GO_Biological_Process_2021,negative regulation of ERK1 and ERK2 cascade (GO:0070373),4/50,0.0873470785931043,0.7636070745927289,0,0,2.5022712524334847,6.1002012278828195,SEMA6A;EMILIN1;DUSP9;DUSP6,posterior_up
GO_Biological_Process_2021,cardiac myofibril assembly (GO:0055003),2/15,0.0891533687570226,0.7636070745927289,0,0,4.421474358974359,10.688459504770435,PDGFRB;TTN,posterior_up
GO_Biological_Process_2021,catecholamine metabolic process (GO:0006584),2/15,0.0891533687570226,0.7636070745927289,0,0,4.421474358974359,10.688459504770435,PNMT;DBH,posterior_up
GO_Biological_Process_2021,cellular response to estrogen stimulus (GO:0071391),2/15,0.0891533687570226,0.7636070745927289,0,0,4.421474358974359,10.688459504770435,CRHBP;SFRP1,posterior_up
GO_Biological_Process_2021,regulation of non-canonical Wnt signaling pathway (GO:2000050),2/15,0.0891533687570226,0.7636070745927289,0,0,4.421474358974359,10.688459504770435,SFRP1;DACT1,posterior_up
GO_Biological_Process_2021,regulation of secretion (GO:0051046),2/15,0.0891533687570226,0.7636070745927289,0,0,4.421474358974359,10.688459504770435,KCNQ1;SGK1,posterior_up
GO_Biological_Process_2021,mammary gland epithelium development (GO:0061180),2/15,0.0891533687570226,0.7636070745927289,0,0,4.421474358974359,10.688459504770435,ERBB4;ID2,posterior_up
GO_Biological_Process_2021,myoblast fusion (GO:0007520),2/15,0.0891533687570226,0.7636070745927289,0,0,4.421474358974359,10.688459504770435,ADAMTS5;CD9,posterior_up
GO_Biological_Process_2021,negative regulation of cellular component movement (GO:0051271),2/15,0.0891533687570226,0.7636070745927289,0,0,4.421474358974359,10.688459504770435,PKHD1;CD9,posterior_up
GO_Biological_Process_2021,negative regulation of protein processing (GO:0010955),2/15,0.0891533687570226,0.7636070745927289,0,0,4.421474358974359,10.688459504770435,LRRK2;GAS1,posterior_up
GO_Biological_Process_2021,positive regulation of acute inflammatory response (GO:0002675),2/15,0.0891533687570226,0.7636070745927289,0,0,4.421474358974359,10.688459504770435,C2CD4A;C2CD4B,posterior_up
GO_Biological_Process_2021,positive regulation of transmembrane receptor protein serine/threonine kinase signaling pathway (GO:0090100),6/92,0.0903856893322117,0.7636070745927289,0,0,2.00946943322657,4.830100042125092,LEFTY1;BMP2;BMPR1B;BMP6;ENG;BMP5,posterior_up
GO_Biological_Process_2021,cellular response to transforming growth factor beta stimulus (GO:0071560),7/114,0.0906998804287805,0.7636070745927289,0,0,1.8850341184547912,4.524457458823769,SFRP1;LEFTY1;HPGD;ID1;PDE3A;LRRC32;ENG,posterior_up
GO_Biological_Process_2021,aortic valve morphogenesis (GO:0003180),3/32,0.0919490239644271,0.7636070745927289,0,0,2.9750244102985763,7.099958060635988,ROBO2;HEY2;EMILIN1,posterior_up
GO_Biological_Process_2021,hematopoietic progenitor cell differentiation (GO:0002244),3/32,0.0919490239644271,0.7636070745927289,0,0,2.9750244102985763,7.099958060635988,SFRP1;FST;MEOX1,posterior_up
GO_Biological_Process_2021,regulation of epithelial cell migration (GO:0010632),4/51,0.092388609342217,0.7636070745927289,0,0,2.4489044140997143,5.832681966001355,DOCK5;RHOJ;ENPP2;PTN,posterior_up
GO_Biological_Process_2021,positive regulation of fat cell differentiation (GO:0045600),4/51,0.092388609342217,0.7636070745927289,0,0,2.4489044140997143,5.832681966001355,ZFP36;SFRP1;BMP2;ID2,posterior_up
GO_Biological_Process_2021,chemical synaptic transmission (GO:0007268),15/306,0.0953687604975975,0.7636070745927289,0,0,1.4889007086651127,3.4989229369857218,HTR1D;GAD2;HTR2C;DBH;SLC6A1;CDH8;HCRTR2;GABRG1;GRIN2D;CRHBP;PTCHD1;HRH2;PNOC;CRH;SLC17A6,posterior_up
GO_Biological_Process_2021,plasma membrane bounded cell projection morphogenesis (GO:0120039),4/52,0.0975653304588442,0.7636070745927289,0,0,2.397761194029851,5.580149143216286,LRRK2;NGF;SGK1;KLK8,posterior_up
GO_Biological_Process_2021,regulation of kinase activity (GO:0043549),6/94,0.0977491144158815,0.7636070745927289,0,0,1.9635955362003263,4.566049118291656,ALK;PDGFRB;ERBB4;EPHA3;EPHB3;TTN,posterior_up
GO_Biological_Process_2021,regulation of sprouting angiogenesis (GO:1903670),3/33,0.0987330183785135,0.7636070745927289,0,0,2.8757078986587183,6.65822960850256,SEMA6A;RHOJ;FGF1,posterior_up
GO_Biological_Process_2021,keratan sulfate metabolic process (GO:0042339),3/33,0.0987330183785135,0.7636070745927289,0,0,2.8757078986587183,6.65822960850256,PRELP;ST3GAL6;FMOD,posterior_up
GO_Biological_Process_2021,regulation of activin receptor signaling pathway (GO:0032925),2/16,0.0996932092448903,0.7636070745927289,0,0,4.105442176870748,9.465744433600443,FST;DACT1,posterior_up
GO_Biological_Process_2021,digestive tract morphogenesis (GO:0048546),2/16,0.0996932092448903,0.7636070745927289,0,0,4.105442176870748,9.465744433600443,ID2;EPHB3,posterior_up
GO_Biological_Process_2021,motor neuron axon guidance (GO:0008045),2/16,0.0996932092448903,0.7636070745927289,0,0,4.105442176870748,9.465744433600443,SEMA3A;NTN5,posterior_up
GO_Biological_Process_2021,negative regulation of platelet activation (GO:0010544),2/16,0.0996932092448903,0.7636070745927289,0,0,4.105442176870748,9.465744433600443,C1QTNF1;CD9,posterior_up
GO_Biological_Process_2021,positive regulation of collagen biosynthetic process (GO:0032967),2/16,0.0996932092448903,0.7636070745927289,0,0,4.105442176870748,9.465744433600443,F2R;VIM,posterior_up
GO_Biological_Process_2021,positive regulation of vasoconstriction (GO:0045907),2/16,0.0996932092448903,0.7636070745927289,0,0,4.105442176870748,9.465744433600443,F2R;ADRA1B,posterior_up
GO_Biological_Process_2021,protein localization to endoplasmic reticulum (GO:0070972),2/16,0.0996932092448903,0.7636070745927289,0,0,4.105442176870748,9.465744433600443,SEC16B;LRRK2,posterior_up
GO_Biological_Process_2021,adenylate cyclase-activating G protein-coupled receptor signaling pathway (GO:0007189),7/118,0.1040381013758771,0.7636070745927289,0,0,1.8167267717492608,4.111249210070447,ADCYAP1;ADGRE5;FSHR;ADRA1B;S1PR5;LGR5;RXFP2,posterior_up
GO_Biological_Process_2021,B cell receptor signaling pathway (GO:0050853),3/34,0.1057120029927938,0.7636070745927289,0,0,2.782798903898851,6.253051642526335,TEC;BTK;SH2B2,posterior_up
GO_Biological_Process_2021,ventricular cardiac muscle tissue morphogenesis (GO:0055010),3/34,0.1057120029927938,0.7636070745927289,0,0,2.782798903898851,6.253051642526335,TNNI3;MYH6;ENG,posterior_up
GO_Biological_Process_2021,adenylate cyclase-modulating G protein-coupled receptor signaling pathway (GO:0007188),9/165,0.1063020121126007,0.7636070745927289,0,0,1.6631000578369,3.7277906581582343,ADCYAP1;ADGRE5;FSHR;HTR1D;NPY1R;ADRA1B;S1PR5;LGR5;RXFP2,posterior_up
GO_Biological_Process_2021,regulation of neuron projection development (GO:0010975),9/165,0.1063020121126007,0.7636070745927289,0,0,1.6631000578369,3.7277906581582343,MINAR1;FZD1;MYLIP;LRRK2;SEMA3A;ALKAL2;PTN;EPHA3;EPHB3,posterior_up
GO_Biological_Process_2021,striated muscle contraction (GO:0006941),4/54,0.1083131433027697,0.7636070745927289,0,0,2.3016119402985074,5.115859082145992,KCNQ1;TNNI3;MYH6;TTN,posterior_up
GO_Biological_Process_2021,pulmonary valve morphogenesis (GO:0003184),2/17,0.1105576568141873,0.7636070745927289,0,0,3.831547619047619,8.437903567415502,ROBO2;HEY2,posterior_up
GO_Biological_Process_2021,cell surface receptor signaling pathway involved in heart development (GO:0061311),2/17,0.1105576568141873,0.7636070745927289,0,0,3.831547619047619,8.437903567415502,BMP2;HEY2,posterior_up
GO_Biological_Process_2021,cellular biogenic amine biosynthetic process (GO:0042401),2/17,0.1105576568141873,0.7636070745927289,0,0,3.831547619047619,8.437903567415502,PNMT;DBH,posterior_up
GO_Biological_Process_2021,cellular response to gamma radiation (GO:0071480),2/17,0.1105576568141873,0.7636070745927289,0,0,3.831547619047619,8.437903567415502,MAP3K20;CRYAB,posterior_up
GO_Biological_Process_2021,regulation of steroid biosynthetic process (GO:0050810),2/17,0.1105576568141873,0.7636070745927289,0,0,3.831547619047619,8.437903567415502,BMP2;BMP5,posterior_up
GO_Biological_Process_2021,mesenchyme morphogenesis (GO:0072132),2/17,0.1105576568141873,0.7636070745927289,0,0,3.831547619047619,8.437903567415502,BMP2;ENG,posterior_up
GO_Biological_Process_2021,mesonephric tubule development (GO:0072164),2/17,0.1105576568141873,0.7636070745927289,0,0,3.831547619047619,8.437903567415502,ROBO2;NPNT,posterior_up
GO_Biological_Process_2021,vasculature development (GO:0001944),2/17,0.1105576568141873,0.7636070745927289,0,0,3.831547619047619,8.437903567415502,PDGFRB;SOX18,posterior_up
GO_Biological_Process_2021,positive regulation of collagen metabolic process (GO:0010714),2/17,0.1105576568141873,0.7636070745927289,0,0,3.831547619047619,8.437903567415502,F2R;VIM,posterior_up
GO_Biological_Process_2021,positive regulation of heart rate (GO:0010460),2/17,0.1105576568141873,0.7636070745927289,0,0,3.831547619047619,8.437903567415502,KCNQ1;ADRA1B,posterior_up
GO_Biological_Process_2021,regulation of blood circulation (GO:1903522),3/35,0.1128779721436694,0.7636070745927289,0,0,2.6956967213114753,5.880522049616504,KCNQ1;AGT;MYH6,posterior_up
GO_Biological_Process_2021,regulation of regulated secretory pathway (GO:1903305),3/35,0.1128779721436694,0.7636070745927289,0,0,2.6956967213114753,5.880522049616504,SYT2;LRRK2;SYT9,posterior_up
GO_Biological_Process_2021,semaphorin-plexin signaling pathway (GO:0071526),3/35,0.1128779721436694,0.7636070745927289,0,0,2.6956967213114753,5.880522049616504,SEMA6A;SEMA3D;SEMA3A,posterior_up
GO_Biological_Process_2021,muscle cell differentiation (GO:0042692),3/35,0.1128779721436694,0.7636070745927289,0,0,2.6956967213114753,5.880522049616504,MYOCD;MEGF10;HEY2,posterior_up
GO_Biological_Process_2021,peptidyl-tyrosine dephosphorylation (GO:0035335),3/35,0.1128779721436694,0.7636070745927289,0,0,2.6956967213114753,5.880522049616504,UBASH3B;DUSP9;DUSP6,posterior_up
GO_Biological_Process_2021,regulation of BMP signaling pathway (GO:0030510),5/76,0.11331475247217,0.7636070745927289,0,0,2.026884776521611,4.413715735119771,BMP2;FST;BMPR1B;FSTL1;ENG,posterior_up
GO_Biological_Process_2021,regulation of epithelial to mesenchymal transition (GO:0010717),5/76,0.11331475247217,0.7636070745927289,0,0,2.026884776521611,4.413715735119771,WWTR1;SFRP1;BMP2;EPHA3;BMP5,posterior_up
GO_Biological_Process_2021,extracellular structure organization (GO:0043062),11/216,0.114621050131806,0.7636070745927289,0,0,1.5475186697568333,3.3521170339553907,COL17A1;ADAMTS5;POSTN;ADAMTS1;COL11A1;COL10A1;ITGB6;NPNT;COL19A1;COLQ;FBLN5,posterior_up
GO_Biological_Process_2021,external encapsulating structure organization (GO:0045229),11/217,0.1173056219790641,0.7636070745927289,0,0,1.5399259031469197,3.3000190107162615,COL17A1;ADAMTS5;POSTN;ADAMTS1;COL11A1;COL10A1;ITGB6;NPNT;COL19A1;COLQ;FBLN5,posterior_up
GO_Biological_Process_2021,positive regulation of phosphatidylinositol 3-kinase signaling (GO:0014068),5/77,0.1180362528041011,0.7636070745927289,0,0,1.9986297957149977,4.270599146626478,PDGFRB;FSHR;F2R;GAB1;AGT,posterior_up
GO_Biological_Process_2021,calcium-dependent cell-cell adhesion via plasma membrane cell adhesion molecules (GO:0016339),3/36,0.1202228069452415,0.7636070745927289,0,0,2.6138734588809105,5.537251840099617,CDH6;CDH10;CDH8,posterior_up
GO_Biological_Process_2021,cyclic-nucleotide-mediated signaling (GO:0019935),3/36,0.1202228069452415,0.7636070745927289,0,0,2.6138734588809105,5.537251840099617,ADCYAP1;PDE3A;HTR2C,posterior_up
GO_Biological_Process_2021,regulation of ossification (GO:0030278),3/36,0.1202228069452415,0.7636070745927289,0,0,2.6138734588809105,5.537251840099617,BMP2;SFRP1;PTN,posterior_up
GO_Biological_Process_2021,pulmonary valve development (GO:0003177),2/18,0.1217129428171003,0.7636070745927289,0,0,3.591889880952381,7.5648431239691405,ROBO2;HEY2,posterior_up
GO_Biological_Process_2021,regulation of cartilage development (GO:0061035),2/18,0.1217129428171003,0.7636070745927289,0,0,3.591889880952381,7.5648431239691405,BMP2;BMPR1B,posterior_up
GO_Biological_Process_2021,regulation of platelet aggregation (GO:0090330),2/18,0.1217129428171003,0.7636070745927289,0,0,3.591889880952381,7.5648431239691405,C1QTNF1;CD9,posterior_up
GO_Biological_Process_2021,embryonic heart tube development (GO:0035050),2/18,0.1217129428171003,0.7636070745927289,0,0,3.591889880952381,7.5648431239691405,MESP1;SOX18,posterior_up
GO_Biological_Process_2021,regulation of transforming growth factor beta production (GO:0071634),2/18,0.1217129428171003,0.7636070745927289,0,0,3.591889880952381,7.5648431239691405,ITGB6;LRRC32,posterior_up
GO_Biological_Process_2021,"synaptic transmission, glutamatergic (GO:0035249)",2/18,0.1217129428171003,0.7636070745927289,0,0,3.591889880952381,7.5648431239691405,SLC17A6;CDH8,posterior_up
GO_Biological_Process_2021,neuron maturation (GO:0042551),2/18,0.1217129428171003,0.7636070745927289,0,0,3.591889880952381,7.5648431239691405,C1QA;RND1,posterior_up
GO_Biological_Process_2021,nitric oxide mediated signal transduction (GO:0007263),2/18,0.1217129428171003,0.7636070745927289,0,0,3.591889880952381,7.5648431239691405,MAFA;AGT,posterior_up
GO_Biological_Process_2021,positive regulation of cartilage development (GO:0061036),2/18,0.1217129428171003,0.7636070745927289,0,0,3.591889880952381,7.5648431239691405,BMP2;BMPR1B,posterior_up
GO_Biological_Process_2021,positive regulation of extracellular matrix organization (GO:1903055),2/18,0.1217129428171003,0.7636070745927289,0,0,3.591889880952381,7.5648431239691405,BMP2;EMILIN1,posterior_up
GO_Biological_Process_2021,positive regulation of nervous system process (GO:0031646),2/18,0.1217129428171003,0.7636070745927289,0,0,3.591889880952381,7.5648431239691405,EGR2;CARTPT,posterior_up
GO_Biological_Process_2021,"positive regulation of synaptic transmission, glutamatergic (GO:0051968)",2/18,0.1217129428171003,0.7636070745927289,0,0,3.591889880952381,7.5648431239691405,CACNG3;CACNG5,posterior_up
GO_Biological_Process_2021,negative regulation of blood vessel morphogenesis (GO:2000181),5/78,0.1228492337956481,0.7636070745927289,0,0,1.971148923971579,4.133099972195669,MINAR1;SEMA6A;ADAMTS1;PTPRM;EMILIN1,posterior_up
GO_Biological_Process_2021,positive regulation of multicellular organismal process (GO:0051240),16/345,0.124102333619139,0.7636070745927289,0,0,1.4040520689941889,2.9297635404793283,WWTR1;MESP1;IL33;FST;F2R;CRTAM;PTN;DBH;ADRA1B;ETV4;AGT;ADCYAP1;BMP2;ACADL;CRH;BMPR1B,posterior_up
GO_Biological_Process_2021,regulation of bone mineralization (GO:0030500),4/57,0.1253753477401773,0.7636070745927289,0,0,2.170994086172909,4.507946035786794,BMP2;PTN;BMPR1B;BMP6,posterior_up
GO_Biological_Process_2021,positive regulation of hydrolase activity (GO:0051345),8/149,0.1312169621102121,0.7636070745927289,0,0,1.6344003578046131,3.319308796539715,ADCYAP1;SFRP1;BMP2;F2R;RGS10;RASGRP2;CCL17;MAPK12,posterior_up
GO_Biological_Process_2021,chordate embryonic development (GO:0043009),4/58,0.1313006240667583,0.7636070745927289,0,0,2.130679933665008,4.325846482241851,BMP2;MYH6;DACT1;BMP5,posterior_up
GO_Biological_Process_2021,regulation of neurotransmitter receptor activity (GO:0099601),4/58,0.1313006240667583,0.7636070745927289,0,0,2.130679933665008,4.325846482241851,CRHBP;CRH;CACNG3;CACNG5,posterior_up
GO_Biological_Process_2021,regulation of fat cell differentiation (GO:0045598),5/80,0.1327428488702316,0.7636070745927289,0,0,1.9183856502242151,3.8738757362860663,WWTR1;ZFP36;SFRP1;BMP2;ID2,posterior_up
GO_Biological_Process_2021,atrioventricular valve morphogenesis (GO:0003181),2/19,0.133127200005515,0.7636070745927289,0,0,3.3804271708683475,6.81646310154696,BMP2;HEY2,posterior_up
GO_Biological_Process_2021,detection of mechanical stimulus (GO:0050982),2/19,0.133127200005515,0.7636070745927289,0,0,3.3804271708683475,6.81646310154696,PIEZO2;TTN,posterior_up
GO_Biological_Process_2021,regulation of nervous system process (GO:0031644),2/19,0.133127200005515,0.7636070745927289,0,0,3.3804271708683475,6.81646310154696,HTR2C;CACNG5,posterior_up
GO_Biological_Process_2021,regulation of neuroinflammatory response (GO:0150077),2/19,0.133127200005515,0.7636070745927289,0,0,3.3804271708683475,6.81646310154696,IL33;NUPR1,posterior_up
GO_Biological_Process_2021,endocardial cushion morphogenesis (GO:0003203),2/19,0.133127200005515,0.7636070745927289,0,0,3.3804271708683475,6.81646310154696,BMP2;ENG,posterior_up
GO_Biological_Process_2021,heart trabecula morphogenesis (GO:0061384),2/19,0.133127200005515,0.7636070745927289,0,0,3.3804271708683475,6.81646310154696,BMP5;ENG,posterior_up
GO_Biological_Process_2021,heparan sulfate proteoglycan biosynthetic process (GO:0015012),2/19,0.133127200005515,0.7636070745927289,0,0,3.3804271708683475,6.81646310154696,NDST4;HS6ST3,posterior_up
GO_Biological_Process_2021,long-term memory (GO:0007616),2/19,0.133127200005515,0.7636070745927289,0,0,3.3804271708683475,6.81646310154696,NPAS4;SGK1,posterior_up
GO_Biological_Process_2021,ureteric bud morphogenesis (GO:0060675),2/19,0.133127200005515,0.7636070745927289,0,0,3.3804271708683475,6.81646310154696,BMP2;NPNT,posterior_up
GO_Biological_Process_2021,mitochondrion localization (GO:0051646),2/19,0.133127200005515,0.7636070745927289,0,0,3.3804271708683475,6.81646310154696,LRRK2;NECTIN2,posterior_up
GO_Biological_Process_2021,positive regulation of cellular protein catabolic process (GO:1903364),2/19,0.133127200005515,0.7636070745927289,0,0,3.3804271708683475,6.81646310154696,PCSK9;DACT1,posterior_up
GO_Biological_Process_2021,positive regulation of leukocyte activation (GO:0002696),2/19,0.133127200005515,0.7636070745927289,0,0,3.3804271708683475,6.81646310154696,IL33;NECTIN2,posterior_up
GO_Biological_Process_2021,cellular response to organonitrogen compound (GO:0071417),6/103,0.134611481442274,0.7636070745927289,0,0,1.780572874868819,3.5706941874215024,CRHBP;SFRP1;SPAAR;KCNQ1;PDE3A;CFTR,posterior_up
GO_Biological_Process_2021,response to cAMP (GO:0051591),3/38,0.1354162163015178,0.7636070745927289,0,0,2.4642537790078776,4.927034328007282,CRHBP;KCNQ1;CFTR,posterior_up
GO_Biological_Process_2021,negative regulation of TOR signaling (GO:0032007),3/38,0.1354162163015178,0.7636070745927289,0,0,2.4642537790078776,4.927034328007282,MINAR1;SPAAR;DEPTOR,posterior_up
GO_Biological_Process_2021,phospholipase C-activating G protein-coupled receptor signaling pathway (GO:0007200),5/81,0.1378199226295555,0.7636070745927289,0,0,1.893045393753442,3.751651283630987,F2R;HTR2C;NMBR;ADRA1B;AGT,posterior_up
GO_Biological_Process_2021,regulation of dendrite development (GO:0050773),3/39,0.1432482549320247,0.7636070745927289,0,0,2.395678092399404,4.655224425469135,ALK;PTN;BMP5,posterior_up
GO_Biological_Process_2021,homophilic cell adhesion via plasma membrane adhesion molecules (GO:0007156),4/60,0.1434874407547647,0.7636070745927289,0,0,2.0543710021321964,3.9885772599907057,ROBO2;PTPRM;NECTIN2;NECTIN1,posterior_up
GO_Biological_Process_2021,cardiac ventricle development (GO:0003231),2/20,0.1447703729009083,0.7636070745927289,0,0,3.1924603174603177,6.169769327476877,HEY2;ENG,posterior_up
GO_Biological_Process_2021,regulation of protein kinase A signaling (GO:0010738),2/20,0.1447703729009083,0.7636070745927289,0,0,3.1924603174603177,6.169769327476877,LRRK2;FSHR,posterior_up
GO_Biological_Process_2021,energy reserve metabolic process (GO:0006112),2/20,0.1447703729009083,0.7636070745927289,0,0,3.1924603174603177,6.169769327476877,PPP1R3C;GFPT2,posterior_up
GO_Biological_Process_2021,regulation of smooth muscle contraction (GO:0006940),2/20,0.1447703729009083,0.7636070745927289,0,0,3.1924603174603177,6.169769327476877,MYOCD;F2R,posterior_up
GO_Biological_Process_2021,insulin secretion (GO:0030073),2/20,0.1447703729009083,0.7636070745927289,0,0,3.1924603174603177,6.169769327476877,ADCYAP1;MAFA,posterior_up
GO_Biological_Process_2021,positive regulation of dendrite morphogenesis (GO:0050775),2/20,0.1447703729009083,0.7636070745927289,0,0,3.1924603174603177,6.169769327476877,CUX2;CUX1,posterior_up
GO_Biological_Process_2021,positive regulation of signal transduction (GO:0009967),12/252,0.1456371167757935,0.7636070745927289,0,0,1.4415407854984894,2.777326178766494,MESP1;MN1;SFRP1;BMP2;CUX2;MAML2;LRRK2;MAML3;RSPO1;FGF1;BMP6;DACT1,posterior_up
GO_Biological_Process_2021,regulation of phosphatidylinositol 3-kinase signaling (GO:0014066),6/106,0.1481770715086016,0.7636070745927289,0,0,1.7268862275449102,3.2972255408715436,PDGFRB;FSHR;F2R;GAB1;PIP5K1B;AGT,posterior_up
GO_Biological_Process_2021,regulation of osteoblast differentiation (GO:0045667),5/83,0.1482252434156625,0.7636070745927289,0,0,1.844314131309647,3.520836707470053,WWTR1;BMP2;NPNT;BMPR1B;BMP6,posterior_up
GO_Biological_Process_2021,positive regulation of phosphorylation (GO:0042327),12/253,0.1485307397600574,0.7636070745927289,0,0,1.4354840731594187,2.7374155032575245,PDGFRB;ALK;BMP2;ERBB4;LRRK2;ZBTB20;RSPO1;FGF1;EPHA3;FGF3;EPHB3;ENG,posterior_up
GO_Biological_Process_2021,negative regulation of blood coagulation (GO:0030195),3/40,0.1512261379139659,0.7636070745927289,0,0,2.3308091996616587,4.402849538810775,C1QTNF1;PROC;KLKB1,posterior_up
GO_Biological_Process_2021,response to calcium ion (GO:0051592),6/107,0.1528314692033952,0.7636070745927289,0,0,1.709699413055078,3.2115326707509437,CPNE8;CRHBP;SYT2;RASGRP2;SYT9;TTN,posterior_up
GO_Biological_Process_2021,stress-activated MAPK cascade (GO:0051403),4/62,0.1560987298242129,0.7636070745927289,0,0,1.9833247555326816,3.683562802457645,ZFP36;TNFRSF19;MAP3K20;DUSP9,posterior_up
GO_Biological_Process_2021,autonomic nervous system development (GO:0048483),2/21,0.1566141323930074,0.7636070745927289,0,0,3.024279448621554,5.606924138529549,EDNRB;SEMA3A,posterior_up
GO_Biological_Process_2021,cellular response to estradiol stimulus (GO:0071392),2/21,0.1566141323930074,0.7636070745927289,0,0,3.024279448621554,5.606924138529549,CRHBP;SFRP1,posterior_up
GO_Biological_Process_2021,endocardial cushion development (GO:0003197),2/21,0.1566141323930074,0.7636070745927289,0,0,3.024279448621554,5.606924138529549,BMP2;ENG,posterior_up
GO_Biological_Process_2021,positive regulation of phosphatase activity (GO:0010922),2/21,0.1566141323930074,0.7636070745927289,0,0,3.024279448621554,5.606924138529549,PDGFRB;BMP2,posterior_up
GO_Biological_Process_2021,pulmonary artery morphogenesis (GO:0061156),1/5,0.1575337437365932,0.7636070745927289,0,0,7.1775631500742945,13.264966411252582,HEY2,posterior_up
GO_Biological_Process_2021,regulation of adherens junction organization (GO:1903391),1/5,0.1575337437365932,0.7636070745927289,0,0,7.1775631500742945,13.264966411252582,BMP6,posterior_up
GO_Biological_Process_2021,atrial cardiac muscle cell membrane repolarization (GO:0099624),1/5,0.1575337437365932,0.7636070745927289,0,0,7.1775631500742945,13.264966411252582,KCNQ1,posterior_up
GO_Biological_Process_2021,axon choice point recognition (GO:0016198),1/5,0.1575337437365932,0.7636070745927289,0,0,7.1775631500742945,13.264966411252582,ROBO2,posterior_up
GO_Biological_Process_2021,"regulation of blood coagulation, intrinsic pathway (GO:2000266)",1/5,0.1575337437365932,0.7636070745927289,0,0,7.1775631500742945,13.264966411252582,KLKB1,posterior_up
GO_Biological_Process_2021,BMP signaling pathway involved in heart development (GO:0061312),1/5,0.1575337437365932,0.7636070745927289,0,0,7.1775631500742945,13.264966411252582,BMP2,posterior_up
GO_Biological_Process_2021,regulation of cell maturation (GO:1903429),1/5,0.1575337437365932,0.7636070745927289,0,0,7.1775631500742945,13.264966411252582,LRRK2,posterior_up
GO_Biological_Process_2021,regulation of cell proliferation involved in heart morphogenesis (GO:2000136),1/5,0.1575337437365932,0.7636070745927289,0,0,7.1775631500742945,13.264966411252582,ENG,posterior_up
GO_Biological_Process_2021,cardiac cell fate commitment (GO:0060911),1/5,0.1575337437365932,0.7636070745927289,0,0,7.1775631500742945,13.264966411252582,MESP1,posterior_up
GO_Biological_Process_2021,cardiac endothelial cell differentiation (GO:0003348),1/5,0.1575337437365932,0.7636070745927289,0,0,7.1775631500742945,13.264966411252582,SOX18,posterior_up
GO_Biological_Process_2021,regulation of circadian sleep/wake cycle (GO:0042749),1/5,0.1575337437365932,0.7636070745927289,0,0,7.1775631500742945,13.264966411252582,HCRTR2,posterior_up
GO_Biological_Process_2021,cell-cell adhesion mediated by integrin (GO:0033631),1/5,0.1575337437365932,0.7636070745927289,0,0,7.1775631500742945,13.264966411252582,NPNT,posterior_up
GO_Biological_Process_2021,regulation of endothelial tube morphogenesis (GO:1901509),1/5,0.1575337437365932,0.7636070745927289,0,0,7.1775631500742945,13.264966411252582,FGF1,posterior_up
GO_Biological_Process_2021,cellular response to cGMP (GO:0071321),1/5,0.1575337437365932,0.7636070745927289,0,0,7.1775631500742945,13.264966411252582,PDE3A,posterior_up
GO_Biological_Process_2021,cellular response to heparin (GO:0071504),1/5,0.1575337437365932,0.7636070745927289,0,0,7.1775631500742945,13.264966411252582,SFRP1,posterior_up
GO_Biological_Process_2021,cellular response to vitamin D (GO:0071305),1/5,0.1575337437365932,0.7636070745927289,0,0,7.1775631500742945,13.264966411252582,SFRP1,posterior_up
GO_Biological_Process_2021,regulation of low-density lipoprotein particle receptor catabolic process (GO:0032803),1/5,0.1575337437365932,0.7636070745927289,0,0,7.1775631500742945,13.264966411252582,PCSK9,posterior_up
GO_Biological_Process_2021,regulation of morphogenesis of a branching structure (GO:0060688),1/5,0.1575337437365932,0.7636070745927289,0,0,7.1775631500742945,13.264966411252582,LRRK2,posterior_up
GO_Biological_Process_2021,regulation of myoblast proliferation (GO:2000291),1/5,0.1575337437365932,0.7636070745927289,0,0,7.1775631500742945,13.264966411252582,MEGF10,posterior_up
GO_Biological_Process_2021,dopamine catabolic process (GO:0042420),1/5,0.1575337437365932,0.7636070745927289,0,0,7.1775631500742945,13.264966411252582,DBH,posterior_up
GO_Biological_Process_2021,dorsal/ventral axis specification (GO:0009950),1/5,0.1575337437365932,0.7636070745927289,0,0,7.1775631500742945,13.264966411252582,SFRP1,posterior_up
GO_Biological_Process_2021,regulation of phosphatidylinositol biosynthetic process (GO:0010511),1/5,0.1575337437365932,0.7636070745927289,0,0,7.1775631500742945,13.264966411252582,HTR2C,posterior_up
GO_Biological_Process_2021,endocardial cell differentiation (GO:0060956),1/5,0.1575337437365932,0.7636070745927289,0,0,7.1775631500742945,13.264966411252582,SOX18,posterior_up
GO_Biological_Process_2021,endothelin receptor signaling pathway (GO:0086100),1/5,0.1575337437365932,0.7636070745927289,0,0,7.1775631500742945,13.264966411252582,EDNRB,posterior_up
GO_Biological_Process_2021,establishment of T cell polarity (GO:0001768),1/5,0.1575337437365932,0.7636070745927289,0,0,7.1775631500742945,13.264966411252582,CRTAM,posterior_up
GO_Biological_Process_2021,exocyst localization (GO:0051601),1/5,0.1575337437365932,0.7636070745927289,0,0,7.1775631500742945,13.264966411252582,EXOC3L4,posterior_up
GO_Biological_Process_2021,regulation of skeletal muscle tissue development (GO:0048641),1/5,0.1575337437365932,0.7636070745927289,0,0,7.1775631500742945,13.264966411252582,MEGF10,posterior_up
GO_Biological_Process_2021,regulation of system process (GO:0044057),1/5,0.1575337437365932,0.7636070745927289,0,0,7.1775631500742945,13.264966411252582,HTR2C,posterior_up
GO_Biological_Process_2021,forebrain regionalization (GO:0021871),1/5,0.1575337437365932,0.7636070745927289,0,0,7.1775631500742945,13.264966411252582,BMP2,posterior_up
GO_Biological_Process_2021,fructose catabolic process (GO:0006001),1/5,0.1575337437365932,0.7636070745927289,0,0,7.1775631500742945,13.264966411252582,ALDH1A1,posterior_up
GO_Biological_Process_2021,fructose catabolic process to hydroxyacetone phosphate and glyceraldehyde-3-phosphate (GO:0061624),1/5,0.1575337437365932,0.7636070745927289,0,0,7.1775631500742945,13.264966411252582,ALDH1A1,posterior_up
GO_Biological_Process_2021,gastro-intestinal system smooth muscle contraction (GO:0014831),1/5,0.1575337437365932,0.7636070745927289,0,0,7.1775631500742945,13.264966411252582,HTR1D,posterior_up
GO_Biological_Process_2021,regulation of vascular associated smooth muscle contraction (GO:0003056),1/5,0.1575337437365932,0.7636070745927289,0,0,7.1775631500742945,13.264966411252582,DOCK5,posterior_up
GO_Biological_Process_2021,regulation of vitamin D receptor signaling pathway (GO:0070562),1/5,0.1575337437365932,0.7636070745927289,0,0,7.1775631500742945,13.264966411252582,MN1,posterior_up
GO_Biological_Process_2021,regulation of voltage-gated sodium channel activity (GO:1905150),1/5,0.1575337437365932,0.7636070745927289,0,0,7.1775631500742945,13.264966411252582,FGF11,posterior_up
GO_Biological_Process_2021,response to cGMP (GO:0070305),1/5,0.1575337437365932,0.7636070745927289,0,0,7.1775631500742945,13.264966411252582,PDE3A,posterior_up
GO_Biological_Process_2021,response to cocaine (GO:0042220),1/5,0.1575337437365932,0.7636070745927289,0,0,7.1775631500742945,13.264966411252582,CRHBP,posterior_up
GO_Biological_Process_2021,heart field specification (GO:0003128),1/5,0.1575337437365932,0.7636070745927289,0,0,7.1775631500742945,13.264966411252582,MESP1,posterior_up
GO_Biological_Process_2021,His-Purkinje system development (GO:0003164),1/5,0.1575337437365932,0.7636070745927289,0,0,7.1775631500742945,13.264966411252582,ID2,posterior_up
GO_Biological_Process_2021,retina vasculature development in camera-type eye (GO:0061298),1/5,0.1575337437365932,0.7636070745927289,0,0,7.1775631500742945,13.264966411252582,PDGFRB,posterior_up
GO_Biological_Process_2021,Schwann cell differentiation (GO:0014037),1/5,0.1575337437365932,0.7636070745927289,0,0,7.1775631500742945,13.264966411252582,EGR2,posterior_up
GO_Biological_Process_2021,secondary heart field specification (GO:0003139),1/5,0.1575337437365932,0.7636070745927289,0,0,7.1775631500742945,13.264966411252582,MESP1,posterior_up
GO_Biological_Process_2021,intracellular distribution of mitochondria (GO:0048312),1/5,0.1575337437365932,0.7636070745927289,0,0,7.1775631500742945,13.264966411252582,LRRK2,posterior_up
GO_Biological_Process_2021,sinoatrial node cell differentiation (GO:0060921),1/5,0.1575337437365932,0.7636070745927289,0,0,7.1775631500742945,13.264966411252582,MESP1,posterior_up
GO_Biological_Process_2021,kidney morphogenesis (GO:0060993),1/5,0.1575337437365932,0.7636070745927289,0,0,7.1775631500742945,13.264966411252582,LRRK2,posterior_up
GO_Biological_Process_2021,long-chain fatty acid catabolic process (GO:0042758),1/5,0.1575337437365932,0.7636070745927289,0,0,7.1775631500742945,13.264966411252582,ACADL,posterior_up
GO_Biological_Process_2021,Toll signaling pathway (GO:0008063),1/5,0.1575337437365932,0.7636070745927289,0,0,7.1775631500742945,13.264966411252582,PALM3,posterior_up
GO_Biological_Process_2021,membrane repolarization during atrial cardiac muscle cell action potential (GO:0098914),1/5,0.1575337437365932,0.7636070745927289,0,0,7.1775631500742945,13.264966411252582,KCNQ1,posterior_up
GO_Biological_Process_2021,membrane repolarization during ventricular cardiac muscle cell action potential (GO:0098915),1/5,0.1575337437365932,0.7636070745927289,0,0,7.1775631500742945,13.264966411252582,KCNQ1,posterior_up
GO_Biological_Process_2021,metanephric distal tubule development (GO:0072235),1/5,0.1575337437365932,0.7636070745927289,0,0,7.1775631500742945,13.264966411252582,POU3F3,posterior_up
GO_Biological_Process_2021,tricuspid valve development (GO:0003175),1/5,0.1575337437365932,0.7636070745927289,0,0,7.1775631500742945,13.264966411252582,HEY2,posterior_up
GO_Biological_Process_2021,tricuspid valve morphogenesis (GO:0003186),1/5,0.1575337437365932,0.7636070745927289,0,0,7.1775631500742945,13.264966411252582,HEY2,posterior_up
GO_Biological_Process_2021,trophoblast giant cell differentiation (GO:0060707),1/5,0.1575337437365932,0.7636070745927289,0,0,7.1775631500742945,13.264966411252582,E2F8,posterior_up
GO_Biological_Process_2021,ventricular cardiac muscle cell differentiation (GO:0055012),1/5,0.1575337437365932,0.7636070745927289,0,0,7.1775631500742945,13.264966411252582,HEY2,posterior_up
GO_Biological_Process_2021,"negative regulation of blood coagulation, intrinsic pathway (GO:2000267)",1/5,0.1575337437365932,0.7636070745927289,0,0,7.1775631500742945,13.264966411252582,KLKB1,posterior_up
GO_Biological_Process_2021,negative regulation of myelination (GO:0031642),1/5,0.1575337437365932,0.7636070745927289,0,0,7.1775631500742945,13.264966411252582,KLK8,posterior_up
GO_Biological_Process_2021,negative regulation of organ growth (GO:0046621),1/5,0.1575337437365932,0.7636070745927289,0,0,7.1775631500742945,13.264966411252582,WWC1,posterior_up
GO_Biological_Process_2021,negative regulation of response to food (GO:0032096),1/5,0.1575337437365932,0.7636070745927289,0,0,7.1775631500742945,13.264966411252582,CARTPT,posterior_up
GO_Biological_Process_2021,negative regulation of skeletal muscle cell differentiation (GO:2001015),1/5,0.1575337437365932,0.7636070745927289,0,0,7.1775631500742945,13.264966411252582,MYOCD,posterior_up
GO_Biological_Process_2021,negative regulation of smooth muscle contraction (GO:0045986),1/5,0.1575337437365932,0.7636070745927289,0,0,7.1775631500742945,13.264966411252582,DOCK5,posterior_up
GO_Biological_Process_2021,negative regulation of synapse organization (GO:1905809),1/5,0.1575337437365932,0.7636070745927289,0,0,7.1775631500742945,13.264966411252582,ROBO2,posterior_up
GO_Biological_Process_2021,p38MAPK cascade (GO:0038066),1/5,0.1575337437365932,0.7636070745927289,0,0,7.1775631500742945,13.264966411252582,ZFP36,posterior_up
GO_Biological_Process_2021,positive regulation of cardiac muscle contraction (GO:0060452),1/5,0.1575337437365932,0.7636070745927289,0,0,7.1775631500742945,13.264966411252582,KCNQ1,posterior_up
GO_Biological_Process_2021,positive regulation of dopamine receptor signaling pathway (GO:0060161),1/5,0.1575337437365932,0.7636070745927289,0,0,7.1775631500742945,13.264966411252582,LRRK2,posterior_up
GO_Biological_Process_2021,positive regulation of epithelial to mesenchymal transition involved in endocardial cushion formation (GO:1905007),1/5,0.1575337437365932,0.7636070745927289,0,0,7.1775631500742945,13.264966411252582,ENG,posterior_up
GO_Biological_Process_2021,positive regulation of protein localization to cell cortex (GO:1904778),1/5,0.1575337437365932,0.7636070745927289,0,0,7.1775631500742945,13.264966411252582,EPB41L2,posterior_up
GO_Biological_Process_2021,positive regulation of transcription from RNA polymerase II promoter involved in heart development (GO:1901228),1/5,0.1575337437365932,0.7636070745927289,0,0,7.1775631500742945,13.264966411252582,MYOCD,posterior_up
GO_Biological_Process_2021,visual system development (GO:0150063),3/41,0.1593416000493208,0.7636070745927289,0,0,2.2693544591732686,4.168134576070321,C1QA;BMPR1B;MEIS2,posterior_up
GO_Biological_Process_2021,neuropeptide signaling pathway (GO:0007218),4/63,0.1625543612218863,0.7636070745927289,0,0,1.9496078927396912,3.541936106947063,ADCYAP1;GRP;PNOC;HCRTR2,posterior_up
GO_Biological_Process_2021,calcium ion transmembrane import into cytosol (GO:0097553),3/42,0.1675864156456801,0.7636070745927289,0,0,2.211051243838129,3.949503874427251,F2R;HTR2C;GRIN2D,posterior_up
GO_Biological_Process_2021,regulation of platelet activation (GO:0010543),2/22,0.1686317935811626,0.7636070745927289,0,0,2.872916666666667,5.113899910019021,C1QTNF1;TEC,posterior_up
GO_Biological_Process_2021,limb morphogenesis (GO:0035108),2/22,0.1686317935811626,0.7636070745927289,0,0,2.872916666666667,5.113899910019021,CYP26B1;BMPR1B,posterior_up
GO_Biological_Process_2021,membrane lipid metabolic process (GO:0006643),2/22,0.1686317935811626,0.7636070745927289,0,0,2.872916666666667,5.113899910019021,MGST2;ST3GAL6,posterior_up
GO_Biological_Process_2021,negative regulation of B cell activation (GO:0050869),2/22,0.1686317935811626,0.7636070745927289,0,0,2.872916666666667,5.113899910019021,SFRP1;ID2,posterior_up
GO_Biological_Process_2021,negative regulation of myeloid cell differentiation (GO:0045638),2/22,0.1686317935811626,0.7636070745927289,0,0,2.872916666666667,5.113899910019021,ZFP36;MEIS2,posterior_up
GO_Biological_Process_2021,peptidyl-threonine dephosphorylation (GO:0035970),2/22,0.1686317935811626,0.7636070745927289,0,0,2.872916666666667,5.113899910019021,DUSP9;DUSP6,posterior_up
GO_Biological_Process_2021,protein autophosphorylation (GO:0046777),8/159,0.1692054987458151,0.7636070745927289,0,0,1.5253664260286777,2.7100290417348827,PDGFRB;ALK;HCK;STK33;TEC;ERBB4;LRRK2;EPHB3,posterior_up
GO_Biological_Process_2021,negative regulation of angiogenesis (GO:0016525),5/87,0.1699847791072394,0.7636070745927289,0,0,1.7539830106821248,3.108139245719535,MINAR1;SEMA6A;ADAMTS1;PTPRM;EMILIN1,posterior_up
GO_Biological_Process_2021,inorganic anion transmembrane transport (GO:0098661),4/65,0.1757467835280741,0.7636070745927289,0,0,1.885490579887448,3.2783233056644456,SLC6A1;CFTR;ANO3;GABRG1,posterior_up
GO_Biological_Process_2021,negative regulation of inflammatory response to antigenic stimulus (GO:0002862),7/136,0.1758679386460659,0.7636070745927289,0,0,1.5617656288135002,2.7143828877195446,ADCYAP1;HCK;CD163;HRH2;FSHR;CRH;RXFP2,posterior_up
GO_Biological_Process_2021,regulation of cell-cell adhesion (GO:0022407),3/43,0.1759524169519633,0.7636070745927289,0,0,2.155663189269746,3.7455546366491,PKHD1;MEGF10;EPHB3,posterior_up
GO_Biological_Process_2021,positive regulation of leukocyte mediated cytotoxicity (GO:0001912),3/43,0.1759524169519633,0.7636070745927289,0,0,2.155663189269746,3.7455546366491,CRTAM;SLAMF6;NECTIN2,posterior_up
GO_Biological_Process_2021,positive regulation of peptide hormone secretion (GO:0090277),3/43,0.1759524169519633,0.7636070745927289,0,0,2.155663189269746,3.7455546366491,ADCYAP1;GRP;CRH,posterior_up
GO_Biological_Process_2021,regulation of inflammatory response to antigenic stimulus (GO:0002861),7/137,0.1803723504477409,0.7636070745927289,0,0,1.5496713181870605,2.6541715804062465,ADCYAP1;HCK;CD163;HRH2;FSHR;CRH;RXFP2,posterior_up
GO_Biological_Process_2021,artery development (GO:0060840),2/23,0.1807982374770081,0.7636070745927289,0,0,2.735969387755102,4.67952975524506,ROBO2;ENG,posterior_up
GO_Biological_Process_2021,regulation of SMAD protein signal transduction (GO:0060390),2/23,0.1807982374770081,0.7636070745927289,0,0,2.735969387755102,4.67952975524506,WWTR1;BMP6,posterior_up
GO_Biological_Process_2021,regulation of cation channel activity (GO:2001257),5/89,0.1813054594767113,0.7636070745927289,0,0,1.7120435618193466,2.923437732372435,CRHBP;CRH;CACNG3;FGF11;CACNG5,posterior_up
GO_Biological_Process_2021,regulation of endothelial cell migration (GO:0010594),5/89,0.1813054594767113,0.7636070745927289,0,0,1.7120435618193466,2.923437732372435,RHOJ;PTPRM;PTN;FGF1;AGT,posterior_up
GO_Biological_Process_2021,cell-cell junction assembly (GO:0007043),4/66,0.1824759376418195,0.7636070745927289,0,0,1.8549831487722677,3.155580400471726,CDH6;CDH10;CD9;CDH8,posterior_up
GO_Biological_Process_2021,cellular response to nutrient levels (GO:0031669),4/66,0.1824759376418195,0.7636070745927289,0,0,1.8549831487722677,3.155580400471726,SFRP1;LRRK2;PCSK9;CARTPT,posterior_up
GO_Biological_Process_2021,neurogenesis (GO:0022008),3/44,0.184431510973554,0.7636070745927289,0,0,2.102976991021773,3.5550344423188056,MESP1;NTN5;PCSK9,posterior_up
GO_Biological_Process_2021,positive regulation of biosynthetic process (GO:0009891),3/44,0.184431510973554,0.7636070745927289,0,0,2.102976991021773,3.5550344423188056,F2R;ZBTB20;VIM,posterior_up
GO_Biological_Process_2021,cardiac ventricle formation (GO:0003211),1/6,0.1859319165670405,0.7636070745927289,0,0,5.741753343239227,9.659780628585512,MESP1,posterior_up
GO_Biological_Process_2021,regulation of collagen fibril organization (GO:1904026),1/6,0.1859319165670405,0.7636070745927289,0,0,5.741753343239227,9.659780628585512,EMILIN1,posterior_up
GO_Biological_Process_2021,cell junction disassembly (GO:0150146),1/6,0.1859319165670405,0.7636070745927289,0,0,5.741753343239227,9.659780628585512,C1QA,posterior_up
GO_Biological_Process_2021,regulation of DNA-dependent DNA replication initiation (GO:0030174),1/6,0.1859319165670405,0.7636070745927289,0,0,5.741753343239227,9.659780628585512,TICRR,posterior_up
GO_Biological_Process_2021,cellular response to granulocyte macrophage colony-stimulating factor stimulus (GO:0097011),1/6,0.1859319165670405,0.7636070745927289,0,0,5.741753343239227,9.659780628585512,ZFP36,posterior_up
GO_Biological_Process_2021,cellular response to iron ion (GO:0071281),1/6,0.1859319165670405,0.7636070745927289,0,0,5.741753343239227,9.659780628585512,BMP6,posterior_up
GO_Biological_Process_2021,regulation of glomerular filtration (GO:0003093),1/6,0.1859319165670405,0.7636070745927289,0,0,5.741753343239227,9.659780628585512,F2R,posterior_up
GO_Biological_Process_2021,regulation of glucagon secretion (GO:0070092),1/6,0.1859319165670405,0.7636070745927289,0,0,5.741753343239227,9.659780628585512,CRH,posterior_up
GO_Biological_Process_2021,regulation of hepatocyte proliferation (GO:2000345),1/6,0.1859319165670405,0.7636070745927289,0,0,5.741753343239227,9.659780628585512,PTN,posterior_up
GO_Biological_Process_2021,regulation of immunoglobulin mediated immune response (GO:0002889),1/6,0.1859319165670405,0.7636070745927289,0,0,5.741753343239227,9.659780628585512,NECTIN2,posterior_up
GO_Biological_Process_2021,chondrocyte development (GO:0002063),1/6,0.1859319165670405,0.7636070745927289,0,0,5.741753343239227,9.659780628585512,BMPR1B,posterior_up
GO_Biological_Process_2021,regulation of keratinocyte apoptotic process (GO:1902172),1/6,0.1859319165670405,0.7636070745927289,0,0,5.741753343239227,9.659780628585512,ZFP36,posterior_up
GO_Biological_Process_2021,regulation of macrophage proliferation (GO:0120040),1/6,0.1859319165670405,0.7636070745927289,0,0,5.741753343239227,9.659780628585512,IL33,posterior_up
GO_Biological_Process_2021,regulation of protein autoubiquitination (GO:1902498),1/6,0.1859319165670405,0.7636070745927289,0,0,5.741753343239227,9.659780628585512,LRRK2,posterior_up
GO_Biological_Process_2021,regulation of response to reactive oxygen species (GO:1901031),1/6,0.1859319165670405,0.7636070745927289,0,0,5.741753343239227,9.659780628585512,FBLN5,posterior_up
GO_Biological_Process_2021,establishment of lymphocyte polarity (GO:0001767),1/6,0.1859319165670405,0.7636070745927289,0,0,5.741753343239227,9.659780628585512,CRTAM,posterior_up
GO_Biological_Process_2021,establishment of planar polarity (GO:0001736),1/6,0.1859319165670405,0.7636070745927289,0,0,5.741753343239227,9.659780628585512,VANGL2,posterior_up
GO_Biological_Process_2021,"regulation of retrograde transport, endosome to Golgi (GO:1905279)",1/6,0.1859319165670405,0.7636070745927289,0,0,5.741753343239227,9.659780628585512,LRRK2,posterior_up
GO_Biological_Process_2021,regulation of superoxide metabolic process (GO:0090322),1/6,0.1859319165670405,0.7636070745927289,0,0,5.741753343239227,9.659780628585512,FBLN5,posterior_up
GO_Biological_Process_2021,gamma-aminobutyric acid transport (GO:0015812),1/6,0.1859319165670405,0.7636070745927289,0,0,5.741753343239227,9.659780628585512,SLC6A1,posterior_up
GO_Biological_Process_2021,glandular epithelial cell differentiation (GO:0002067),1/6,0.1859319165670405,0.7636070745927289,0,0,5.741753343239227,9.659780628585512,BMP2,posterior_up
GO_Biological_Process_2021,regulation of transmission of nerve impulse (GO:0051969),1/6,0.1859319165670405,0.7636070745927289,0,0,5.741753343239227,9.659780628585512,CARTPT,posterior_up
GO_Biological_Process_2021,glycolipid transport (GO:0046836),1/6,0.1859319165670405,0.7636070745927289,0,0,5.741753343239227,9.659780628585512,PLTP,posterior_up
GO_Biological_Process_2021,release of sequestered calcium ion into cytosol by sarcoplasmic reticulum (GO:0014808),1/6,0.1859319165670405,0.7636070745927289,0,0,5.741753343239227,9.659780628585512,TRDN,posterior_up
GO_Biological_Process_2021,"heparan sulfate proteoglycan biosynthetic process, enzymatic modification (GO:0015015)",1/6,0.1859319165670405,0.7636070745927289,0,0,5.741753343239227,9.659780628585512,HS6ST3,posterior_up
GO_Biological_Process_2021,response to granulocyte macrophage colony-stimulating factor (GO:0097012),1/6,0.1859319165670405,0.7636070745927289,0,0,5.741753343239227,9.659780628585512,ZFP36,posterior_up
GO_Biological_Process_2021,response to heparin (GO:0071503),1/6,0.1859319165670405,0.7636070745927289,0,0,5.741753343239227,9.659780628585512,SFRP1,posterior_up
GO_Biological_Process_2021,hepatocyte differentiation (GO:0070365),1/6,0.1859319165670405,0.7636070745927289,0,0,5.741753343239227,9.659780628585512,E2F8,posterior_up
GO_Biological_Process_2021,response to manganese ion (GO:0010042),1/6,0.1859319165670405,0.7636070745927289,0,0,5.741753343239227,9.659780628585512,LRRK2,posterior_up
GO_Biological_Process_2021,intracellular pH elevation (GO:0051454),1/6,0.1859319165670405,0.7636070745927289,0,0,5.741753343239227,9.659780628585512,CFTR,posterior_up
GO_Biological_Process_2021,skeletal muscle thin filament assembly (GO:0030240),1/6,0.1859319165670405,0.7636070745927289,0,0,5.741753343239227,9.659780628585512,TTN,posterior_up
GO_Biological_Process_2021,leukocyte chemotaxis involved in inflammatory response (GO:0002232),1/6,0.1859319165670405,0.7636070745927289,0,0,5.741753343239227,9.659780628585512,PTN,posterior_up
GO_Biological_Process_2021,lipoxin metabolic process (GO:2001300),1/6,0.1859319165670405,0.7636070745927289,0,0,5.741753343239227,9.659780628585512,HPGD,posterior_up
GO_Biological_Process_2021,striated muscle hypertrophy (GO:0014897),1/6,0.1859319165670405,0.7636070745927289,0,0,5.741753343239227,9.659780628585512,TTN,posterior_up
GO_Biological_Process_2021,T-helper 17 cell lineage commitment (GO:0072540),1/6,0.1859319165670405,0.7636070745927289,0,0,5.741753343239227,9.659780628585512,SLAMF6,posterior_up
GO_Biological_Process_2021,T-tubule organization (GO:0033292),1/6,0.1859319165670405,0.7636070745927289,0,0,5.741753343239227,9.659780628585512,MYOF,posterior_up
GO_Biological_Process_2021,telencephalon cell migration (GO:0022029),1/6,0.1859319165670405,0.7636070745927289,0,0,5.741753343239227,9.659780628585512,LRRK2,posterior_up
GO_Biological_Process_2021,transmembrane receptor protein tyrosine phosphatase signaling pathway (GO:0007185),1/6,0.1859319165670405,0.7636070745927289,0,0,5.741753343239227,9.659780628585512,PTN,posterior_up
GO_Biological_Process_2021,venous blood vessel morphogenesis (GO:0048845),1/6,0.1859319165670405,0.7636070745927289,0,0,5.741753343239227,9.659780628585512,ENG,posterior_up
GO_Biological_Process_2021,ventricular cardiac muscle cell development (GO:0055015),1/6,0.1859319165670405,0.7636070745927289,0,0,5.741753343239227,9.659780628585512,HEY2,posterior_up
GO_Biological_Process_2021,negative regulation of actin filament depolymerization (GO:0030835),1/6,0.1859319165670405,0.7636070745927289,0,0,5.741753343239227,9.659780628585512,PLEKHH2,posterior_up
GO_Biological_Process_2021,negative regulation of cardiac muscle cell apoptotic process (GO:0010667),1/6,0.1859319165670405,0.7636070745927289,0,0,5.741753343239227,9.659780628585512,NUPR1,posterior_up
GO_Biological_Process_2021,negative regulation of cardiac muscle cell differentiation (GO:2000726),1/6,0.1859319165670405,0.7636070745927289,0,0,5.741753343239227,9.659780628585512,BMP2,posterior_up
GO_Biological_Process_2021,negative regulation of cell size (GO:0045792),1/6,0.1859319165670405,0.7636070745927289,0,0,5.741753343239227,9.659780628585512,DEPTOR,posterior_up
GO_Biological_Process_2021,negative regulation of cytokinesis (GO:0032466),1/6,0.1859319165670405,0.7636070745927289,0,0,5.741753343239227,9.659780628585512,E2F8,posterior_up
GO_Biological_Process_2021,negative regulation of erythrocyte differentiation (GO:0045647),1/6,0.1859319165670405,0.7636070745927289,0,0,5.741753343239227,9.659780628585512,ZFP36,posterior_up
GO_Biological_Process_2021,negative regulation of establishment of protein localization to mitochondrion (GO:1903748),1/6,0.1859319165670405,0.7636070745927289,0,0,5.741753343239227,9.659780628585512,LRRK2,posterior_up
GO_Biological_Process_2021,negative regulation of excitatory postsynaptic potential (GO:0090394),1/6,0.1859319165670405,0.7636070745927289,0,0,5.741753343239227,9.659780628585512,LRRK2,posterior_up
GO_Biological_Process_2021,negative regulation of lipoprotein particle clearance (GO:0010985),1/6,0.1859319165670405,0.7636070745927289,0,0,5.741753343239227,9.659780628585512,PCSK9,posterior_up
GO_Biological_Process_2021,negative regulation of meiotic cell cycle (GO:0051447),1/6,0.1859319165670405,0.7636070745927289,0,0,5.741753343239227,9.659780628585512,NPPC,posterior_up
GO_Biological_Process_2021,negative regulation of morphogenesis of an epithelium (GO:1905331),1/6,0.1859319165670405,0.7636070745927289,0,0,5.741753343239227,9.659780628585512,NKD1,posterior_up
GO_Biological_Process_2021,neurotransmitter loading into synaptic vesicle (GO:0098700),1/6,0.1859319165670405,0.7636070745927289,0,0,5.741753343239227,9.659780628585512,SLC17A6,posterior_up
GO_Biological_Process_2021,norepinephrine biosynthetic process (GO:0042421),1/6,0.1859319165670405,0.7636070745927289,0,0,5.741753343239227,9.659780628585512,DBH,posterior_up
GO_Biological_Process_2021,positive regulation of animal organ morphogenesis (GO:0110110),1/6,0.1859319165670405,0.7636070745927289,0,0,5.741753343239227,9.659780628585512,BMP2,posterior_up
GO_Biological_Process_2021,positive regulation of cholesterol metabolic process (GO:0090205),1/6,0.1859319165670405,0.7636070745927289,0,0,5.741753343239227,9.659780628585512,FGF1,posterior_up
GO_Biological_Process_2021,positive regulation of endothelial cell development (GO:1901552),1/6,0.1859319165670405,0.7636070745927289,0,0,5.741753343239227,9.659780628585512,PROC,posterior_up
GO_Biological_Process_2021,positive regulation of establishment of endothelial barrier (GO:1903142),1/6,0.1859319165670405,0.7636070745927289,0,0,5.741753343239227,9.659780628585512,PROC,posterior_up
GO_Biological_Process_2021,positive regulation of extrinsic apoptotic signaling pathway via death domain receptors (GO:1902043),1/6,0.1859319165670405,0.7636070745927289,0,0,5.741753343239227,9.659780628585512,SFRP1,posterior_up
GO_Biological_Process_2021,positive regulation of gap junction assembly (GO:1903598),1/6,0.1859319165670405,0.7636070745927289,0,0,5.741753343239227,9.659780628585512,AGT,posterior_up
GO_Biological_Process_2021,positive regulation of growth hormone secretion (GO:0060124),1/6,0.1859319165670405,0.7636070745927289,0,0,5.741753343239227,9.659780628585512,ADCYAP1,posterior_up
GO_Biological_Process_2021,positive regulation of heart rate by epinephrine-norepinephrine (GO:0001996),1/6,0.1859319165670405,0.7636070745927289,0,0,5.741753343239227,9.659780628585512,ADRA1B,posterior_up
GO_Biological_Process_2021,positive regulation of osteoblast proliferation (GO:0033690),1/6,0.1859319165670405,0.7636070745927289,0,0,5.741753343239227,9.659780628585512,BMP2,posterior_up
GO_Biological_Process_2021,"positive regulation of Wnt signaling pathway, planar cell polarity pathway (GO:2000096)",1/6,0.1859319165670405,0.7636070745927289,0,0,5.741753343239227,9.659780628585512,NKD1,posterior_up
GO_Biological_Process_2021,positive regulation of kinase activity (GO:0033674),6/114,0.1871352589430668,0.7636070745927289,0,0,1.5983033932135728,2.6786343985979344,PDGFRB;ALK;ADCYAP1;ERBB4;EPHA3;EPHB3,posterior_up
GO_Biological_Process_2021,regulation of GTPase activity (GO:0043087),9/189,0.1889707409410748,0.7636070745927289,0,0,1.439548872180451,2.39852319094911,ADCYAP1;SFRP1;LRRK2;F2R;RGS10;RASGRP2;CCL17;EPHA3;EPHB3,posterior_up
GO_Biological_Process_2021,positive regulation of nervous system development (GO:0051962),3/45,0.1930156946423246,0.7636070745927289,0,0,2.0527996593570363,3.376822130901115,CUX2;SYNDIG1;EPHB3,posterior_up
GO_Biological_Process_2021,regulation of cardiac muscle hypertrophy (GO:0010611),2/24,0.1930898360940078,0.7636070745927289,0,0,2.6114718614718613,4.294825908841505,LMCD1;AGT,posterior_up
GO_Biological_Process_2021,cellular response to catecholamine stimulus (GO:0071870),2/24,0.1930898360940078,0.7636070745927289,0,0,2.6114718614718613,4.294825908841505,LRRK2;KCNQ1,posterior_up
GO_Biological_Process_2021,dorsal/ventral pattern formation (GO:0009953),2/24,0.1930898360940078,0.7636070745927289,0,0,2.6114718614718613,4.294825908841505,SFRP1;BMPR1B,posterior_up
GO_Biological_Process_2021,response to gamma radiation (GO:0010332),2/24,0.1930898360940078,0.7636070745927289,0,0,2.6114718614718613,4.294825908841505,MAP3K20;CRYAB,posterior_up
GO_Biological_Process_2021,negative regulation of protein depolymerization (GO:1901880),2/24,0.1930898360940078,0.7636070745927289,0,0,2.6114718614718613,4.294825908841505,PLEKHH2;TRIM54,posterior_up
GO_Biological_Process_2021,positive regulation of neuron apoptotic process (GO:0043525),2/24,0.1930898360940078,0.7636070745927289,0,0,2.6114718614718613,4.294825908841505,PCSK9;NUPR1,posterior_up
GO_Biological_Process_2021,negative regulation of canonical Wnt signaling pathway (GO:0090090),8/165,0.1941415871786193,0.7636070745927289,0,0,1.4666131099252118,2.4040246259643756,WWTR1;MESP1;SFRP1;BMP2;IGFBP4;DKK2;NKD1;DACT1,posterior_up
GO_Biological_Process_2021,cellular response to fibroblast growth factor stimulus (GO:0044344),5/92,0.1987881483026128,0.7636070745927289,0,0,1.652749858254729,2.670043183405137,NR4A1;ZFP36;SFRP1;FGF1;FGF3,posterior_up
GO_Biological_Process_2021,regulation of peptidyl-tyrosine phosphorylation (GO:0050730),5/92,0.1987881483026128,0.7636070745927289,0,0,1.652749858254729,2.670043183405137,SFRP1;TEC;ENPP2;AGT;BMP6,posterior_up
GO_Biological_Process_2021,"regulation of synaptic transmission, glutamatergic (GO:0051966)",3/46,0.201697068646502,0.7636070745927289,0,0,2.004956157072055,3.209911484544325,LRRK2;CACNG3;CACNG5,posterior_up
GO_Biological_Process_2021,positive regulation of smooth muscle cell proliferation (GO:0048661),3/46,0.201697068646502,0.7636070745927289,0,0,2.004956157072055,3.209911484544325,PDGFRB;ADAMTS1;ID2,posterior_up
GO_Biological_Process_2021,anterograde trans-synaptic signaling (GO:0098916),11/244,0.2024372915317223,0.7636070745927289,0,0,1.3595569624350234,2.1716544770770008,PTCHD1;HRH2;PNOC;HTR1D;CRH;GAD2;HTR2C;DBH;SLC6A1;HCRTR2;GABRG1,posterior_up
GO_Biological_Process_2021,regulation of heart contraction (GO:0008016),5/93,0.2047404015028247,0.7636070745927289,0,0,1.6338836798478054,2.5913598359593175,NPPC;KCNQ1;MYH6;AGT;TRDN,posterior_up
GO_Biological_Process_2021,receptor catabolic process (GO:0032801),2/25,0.2054843806669612,0.7636070745927289,0,0,2.4978002070393375,3.952482216109502,MYLIP;PCSK9,posterior_up
GO_Biological_Process_2021,regulation of AMPA receptor activity (GO:2000311),2/25,0.2054843806669612,0.7636070745927289,0,0,2.4978002070393375,3.952482216109502,CACNG3;CACNG5,posterior_up
GO_Biological_Process_2021,cAMP-mediated signaling (GO:0019933),2/25,0.2054843806669612,0.7636070745927289,0,0,2.4978002070393375,3.952482216109502,ADCYAP1;PDE3A,posterior_up
GO_Biological_Process_2021,regulation of dopamine secretion (GO:0014059),2/25,0.2054843806669612,0.7636070745927289,0,0,2.4978002070393375,3.952482216109502,SYT2;SYT9,posterior_up
GO_Biological_Process_2021,regulation of protein processing (GO:0070613),2/25,0.2054843806669612,0.7636070745927289,0,0,2.4978002070393375,3.952482216109502,LRRK2;GAS1,posterior_up
GO_Biological_Process_2021,in utero embryonic development (GO:0001701),2/25,0.2054843806669612,0.7636070745927289,0,0,2.4978002070393375,3.952482216109502,BMP2;MYH6,posterior_up
GO_Biological_Process_2021,negative regulation of sequestering of calcium ion (GO:0051283),2/25,0.2054843806669612,0.7636070745927289,0,0,2.4978002070393375,3.952482216109502,F2R;HTR2C,posterior_up
GO_Biological_Process_2021,negative regulation of signaling (GO:0023057),2/25,0.2054843806669612,0.7636070745927289,0,0,2.4978002070393375,3.952482216109502,UBASH3B;PCSK9,posterior_up
GO_Biological_Process_2021,outflow tract septum morphogenesis (GO:0003148),2/25,0.2054843806669612,0.7636070745927289,0,0,2.4978002070393375,3.952482216109502,ROBO2;ENG,posterior_up
GO_Biological_Process_2021,peripheral nervous system development (GO:0007422),2/25,0.2054843806669612,0.7636070745927289,0,0,2.4978002070393375,3.952482216109502,EGR2;NGF,posterior_up
GO_Biological_Process_2021,kidney development (GO:0001822),4/70,0.2101886919163525,0.7636070745927289,0,0,1.7421981004070557,2.717392822929499,ROBO2;VANGL2;PCSK9;AGT,posterior_up
GO_Biological_Process_2021,epithelial to mesenchymal transition (GO:0001837),3/47,0.2104678496940894,0.7636070745927289,0,0,1.9592873594363909,3.053397251319297,BMP2;HEY2;ENG,posterior_up
GO_Biological_Process_2021,negative regulation of cold-induced thermogenesis (GO:0120163),3/47,0.2104678496940894,0.7636070745927289,0,0,1.9592873594363909,3.053397251319297,ADAMTS5;ALDH1A1;ID1,posterior_up
GO_Biological_Process_2021,positive regulation of neuron death (GO:1901216),3/47,0.2104678496940894,0.7636070745927289,0,0,1.9592873594363909,3.053397251319297,C1QA;PCSK9;NUPR1,posterior_up
GO_Biological_Process_2021,negative regulation of MAPK cascade (GO:0043409),5/94,0.2107511486098854,0.7636070745927289,0,0,1.6154414605062055,2.515367117797266,SEMA6A;EMILIN1;DUSP9;DUSP6;AGT,posterior_up
GO_Biological_Process_2021,adenylate cyclase-inhibiting serotonin receptor signaling pathway (GO:0007198),1/7,0.2133742056748744,0.7636070745927289,0,0,4.784546805349183,7.390726867993192,HTR1D,posterior_up
GO_Biological_Process_2021,amino sugar catabolic process (GO:0046348),1/7,0.2133742056748744,0.7636070745927289,0,0,4.784546805349183,7.390726867993192,ALDH1A1,posterior_up
GO_Biological_Process_2021,regulation of atrial cardiac muscle cell membrane repolarization (GO:0060372),1/7,0.2133742056748744,0.7636070745927289,0,0,4.784546805349183,7.390726867993192,KCNQ1,posterior_up
GO_Biological_Process_2021,regulation of bone remodeling (GO:0046850),1/7,0.2133742056748744,0.7636070745927289,0,0,4.784546805349183,7.390726867993192,SFRP1,posterior_up
GO_Biological_Process_2021,regulation of cardiac muscle cell membrane potential (GO:0086036),1/7,0.2133742056748744,0.7636070745927289,0,0,4.784546805349183,7.390726867993192,TRDN,posterior_up
GO_Biological_Process_2021,bleb assembly (GO:0032060),1/7,0.2133742056748744,0.7636070745927289,0,0,4.784546805349183,7.390726867993192,EMP1,posterior_up
GO_Biological_Process_2021,regulation of cilium beat frequency (GO:0003356),1/7,0.2133742056748744,0.7636070745927289,0,0,4.784546805349183,7.390726867993192,CFAP206,posterior_up
GO_Biological_Process_2021,catecholamine catabolic process (GO:0042424),1/7,0.2133742056748744,0.7636070745927289,0,0,4.784546805349183,7.390726867993192,DBH,posterior_up
GO_Biological_Process_2021,Cdc42 protein signal transduction (GO:0032488),1/7,0.2133742056748744,0.7636070745927289,0,0,4.784546805349183,7.390726867993192,RHOJ,posterior_up
GO_Biological_Process_2021,regulation of endothelial cell chemotaxis to fibroblast growth factor (GO:2000544),1/7,0.2133742056748744,0.7636070745927289,0,0,4.784546805349183,7.390726867993192,FGF1,posterior_up
GO_Biological_Process_2021,cellular response to gonadotropin stimulus (GO:0071371),1/7,0.2133742056748744,0.7636070745927289,0,0,4.784546805349183,7.390726867993192,FSHR,posterior_up
GO_Biological_Process_2021,regulation of growth hormone secretion (GO:0060123),1/7,0.2133742056748744,0.7636070745927289,0,0,4.784546805349183,7.390726867993192,ADCYAP1,posterior_up
GO_Biological_Process_2021,cellular response to prostaglandin E stimulus (GO:0071380),1/7,0.2133742056748744,0.7636070745927289,0,0,4.784546805349183,7.390726867993192,SFRP1,posterior_up
GO_Biological_Process_2021,collagen-activated tyrosine kinase receptor signaling pathway (GO:0038063),1/7,0.2133742056748744,0.7636070745927289,0,0,4.784546805349183,7.390726867993192,UBASH3B,posterior_up
GO_Biological_Process_2021,"complement activation, alternative pathway (GO:0006957)",1/7,0.2133742056748744,0.7636070745927289,0,0,4.784546805349183,7.390726867993192,CR2,posterior_up
GO_Biological_Process_2021,coronary vasculature development (GO:0060976),1/7,0.2133742056748744,0.7636070745927289,0,0,4.784546805349183,7.390726867993192,MESP1,posterior_up
GO_Biological_Process_2021,delamination (GO:0060232),1/7,0.2133742056748744,0.7636070745927289,0,0,4.784546805349183,7.390726867993192,CDSN,posterior_up
GO_Biological_Process_2021,regulation of morphogenesis of an epithelium (GO:1905330),1/7,0.2133742056748744,0.7636070745927289,0,0,4.784546805349183,7.390726867993192,FGF1,posterior_up
GO_Biological_Process_2021,detection of muscle stretch (GO:0035995),1/7,0.2133742056748744,0.7636070745927289,0,0,4.784546805349183,7.390726867993192,TTN,posterior_up
GO_Biological_Process_2021,regulation of NAD(P)H oxidase activity (GO:0033860),1/7,0.2133742056748744,0.7636070745927289,0,0,4.784546805349183,7.390726867993192,AGT,posterior_up
GO_Biological_Process_2021,establishment of centrosome localization (GO:0051660),1/7,0.2133742056748744,0.7636070745927289,0,0,4.784546805349183,7.390726867993192,PKHD1,posterior_up
GO_Biological_Process_2021,excitatory chemical synaptic transmission (GO:0098976),1/7,0.2133742056748744,0.7636070745927289,0,0,4.784546805349183,7.390726867993192,GRIN2D,posterior_up
GO_Biological_Process_2021,regulation of smooth muscle cell differentiation (GO:0051150),1/7,0.2133742056748744,0.7636070745927289,0,0,4.784546805349183,7.390726867993192,MYOCD,posterior_up
GO_Biological_Process_2021,regulation of striated muscle cell differentiation (GO:0051153),1/7,0.2133742056748744,0.7636070745927289,0,0,4.784546805349183,7.390726867993192,MESP1,posterior_up
GO_Biological_Process_2021,regulation of systemic arterial blood pressure by renin-angiotensin (GO:0003081),1/7,0.2133742056748744,0.7636070745927289,0,0,4.784546805349183,7.390726867993192,AGT,posterior_up
GO_Biological_Process_2021,regulation of transcription from RNA polymerase II promoter involved in myocardial precursor cell differentiation (GO:0003256),1/7,0.2133742056748744,0.7636070745927289,0,0,4.784546805349183,7.390726867993192,MYOCD,posterior_up
GO_Biological_Process_2021,glial cell migration (GO:0008347),1/7,0.2133742056748744,0.7636070745927289,0,0,4.784546805349183,7.390726867993192,CD9,posterior_up
GO_Biological_Process_2021,regulation of vascular associated smooth muscle cell differentiation (GO:1905063),1/7,0.2133742056748744,0.7636070745927289,0,0,4.784546805349183,7.390726867993192,ENG,posterior_up
GO_Biological_Process_2021,glyceraldehyde-3-phosphate metabolic process (GO:0019682),1/7,0.2133742056748744,0.7636070745927289,0,0,4.784546805349183,7.390726867993192,ALDH1A1,posterior_up
GO_Biological_Process_2021,release of sequestered calcium ion into cytosol by endoplasmic reticulum (GO:1903514),1/7,0.2133742056748744,0.7636070745927289,0,0,4.784546805349183,7.390726867993192,TRDN,posterior_up
GO_Biological_Process_2021,hyaluronan biosynthetic process (GO:0030213),1/7,0.2133742056748744,0.7636070745927289,0,0,4.784546805349183,7.390726867993192,HAS3,posterior_up
GO_Biological_Process_2021,inhibitory postsynaptic potential (GO:0060080),1/7,0.2133742056748744,0.7636070745927289,0,0,4.784546805349183,7.390726867993192,NPAS4,posterior_up
GO_Biological_Process_2021,intermediate filament bundle assembly (GO:0045110),1/7,0.2133742056748744,0.7636070745927289,0,0,4.784546805349183,7.390726867993192,NEFM,posterior_up
GO_Biological_Process_2021,sinoatrial node development (GO:0003163),1/7,0.2133742056748744,0.7636070745927289,0,0,4.784546805349183,7.390726867993192,MESP1,posterior_up
GO_Biological_Process_2021,keratinocyte proliferation (GO:0043616),1/7,0.2133742056748744,0.7636070745927289,0,0,4.784546805349183,7.390726867993192,KLK8,posterior_up
GO_Biological_Process_2021,skin morphogenesis (GO:0043589),1/7,0.2133742056748744,0.7636070745927289,0,0,4.784546805349183,7.390726867993192,CDSN,posterior_up
GO_Biological_Process_2021,smooth muscle cell migration (GO:0014909),1/7,0.2133742056748744,0.7636070745927289,0,0,4.784546805349183,7.390726867993192,PDGFRB,posterior_up
GO_Biological_Process_2021,lipoxin biosynthetic process (GO:2001301),1/7,0.2133742056748744,0.7636070745927289,0,0,4.784546805349183,7.390726867993192,HPGD,posterior_up
GO_Biological_Process_2021,T-helper 17 cell differentiation (GO:0072539),1/7,0.2133742056748744,0.7636070745927289,0,0,4.784546805349183,7.390726867993192,SLAMF6,posterior_up
GO_Biological_Process_2021,metanephric nephron tubule development (GO:0072234),1/7,0.2133742056748744,0.7636070745927289,0,0,4.784546805349183,7.390726867993192,POU3F3,posterior_up
GO_Biological_Process_2021,negative regulation of axon regeneration (GO:0048681),1/7,0.2133742056748744,0.7636070745927289,0,0,4.784546805349183,7.390726867993192,KLK8,posterior_up
GO_Biological_Process_2021,negative regulation of catecholamine secretion (GO:0033604),1/7,0.2133742056748744,0.7636070745927289,0,0,4.784546805349183,7.390726867993192,CRH,posterior_up
GO_Biological_Process_2021,negative regulation of interferon-gamma-mediated signaling pathway (GO:0060336),1/7,0.2133742056748744,0.7636070745927289,0,0,4.784546805349183,7.390726867993192,ARG1,posterior_up
GO_Biological_Process_2021,negative regulation of intracellular transport (GO:0032387),1/7,0.2133742056748744,0.7636070745927289,0,0,4.784546805349183,7.390726867993192,CRYAB,posterior_up
GO_Biological_Process_2021,negative regulation of low-density lipoprotein receptor activity (GO:1905598),1/7,0.2133742056748744,0.7636070745927289,0,0,4.784546805349183,7.390726867993192,PCSK9,posterior_up
GO_Biological_Process_2021,negative regulation of nervous system process (GO:0031645),1/7,0.2133742056748744,0.7636070745927289,0,0,4.784546805349183,7.390726867993192,KLK8,posterior_up
GO_Biological_Process_2021,negative regulation of response to interferon-gamma (GO:0060331),1/7,0.2133742056748744,0.7636070745927289,0,0,4.784546805349183,7.390726867993192,ARG1,posterior_up
GO_Biological_Process_2021,negative regulation of retinoic acid receptor signaling pathway (GO:0048387),1/7,0.2133742056748744,0.7636070745927289,0,0,4.784546805349183,7.390726867993192,CYP26B1,posterior_up
GO_Biological_Process_2021,negative regulation of striated muscle tissue development (GO:0045843),1/7,0.2133742056748744,0.7636070745927289,0,0,4.784546805349183,7.390726867993192,FGF3,posterior_up
GO_Biological_Process_2021,neuron projection arborization (GO:0140058),1/7,0.2133742056748744,0.7636070745927289,0,0,4.784546805349183,7.390726867993192,PTN,posterior_up
GO_Biological_Process_2021,norepinephrine metabolic process (GO:0042415),1/7,0.2133742056748744,0.7636070745927289,0,0,4.784546805349183,7.390726867993192,DBH,posterior_up
GO_Biological_Process_2021,"nuclear-transcribed mRNA catabolic process, deadenylation-independent decay (GO:0031086)",1/7,0.2133742056748744,0.7636070745927289,0,0,4.784546805349183,7.390726867993192,ZFP36,posterior_up
GO_Biological_Process_2021,pericardium morphogenesis (GO:0003344),1/7,0.2133742056748744,0.7636070745927289,0,0,4.784546805349183,7.390726867993192,BMP5,posterior_up
GO_Biological_Process_2021,photoreceptor cell differentiation (GO:0046530),1/7,0.2133742056748744,0.7636070745927289,0,0,4.784546805349183,7.390726867993192,NKD1,posterior_up
GO_Biological_Process_2021,platelet dense granule organization (GO:0060155),1/7,0.2133742056748744,0.7636070745927289,0,0,4.784546805349183,7.390726867993192,F2R,posterior_up
GO_Biological_Process_2021,positive regulation of activation of Janus kinase activity (GO:0010536),1/7,0.2133742056748744,0.7636070745927289,0,0,4.784546805349183,7.390726867993192,AGT,posterior_up
GO_Biological_Process_2021,positive regulation of cardiac epithelial to mesenchymal transition (GO:0062043),1/7,0.2133742056748744,0.7636070745927289,0,0,4.784546805349183,7.390726867993192,ENG,posterior_up
GO_Biological_Process_2021,positive regulation of cardiac muscle cell differentiation (GO:2000727),1/7,0.2133742056748744,0.7636070745927289,0,0,4.784546805349183,7.390726867993192,MYOCD,posterior_up
GO_Biological_Process_2021,positive regulation of catecholamine secretion (GO:0033605),1/7,0.2133742056748744,0.7636070745927289,0,0,4.784546805349183,7.390726867993192,CARTPT,posterior_up
GO_Biological_Process_2021,positive regulation of fibroblast apoptotic process (GO:2000271),1/7,0.2133742056748744,0.7636070745927289,0,0,4.784546805349183,7.390726867993192,SFRP1,posterior_up
GO_Biological_Process_2021,positive regulation of lamellipodium morphogenesis (GO:2000394),1/7,0.2133742056748744,0.7636070745927289,0,0,4.784546805349183,7.390726867993192,ENPP2,posterior_up
GO_Biological_Process_2021,positive regulation of lipopolysaccharide-mediated signaling pathway (GO:0031666),1/7,0.2133742056748744,0.7636070745927289,0,0,4.784546805349183,7.390726867993192,BMP6,posterior_up
GO_Biological_Process_2021,positive regulation of lymphocyte apoptotic process (GO:0070230),1/7,0.2133742056748744,0.7636070745927289,0,0,4.784546805349183,7.390726867993192,PDCD1,posterior_up
GO_Biological_Process_2021,positive regulation of mast cell activation (GO:0033005),1/7,0.2133742056748744,0.7636070745927289,0,0,4.784546805349183,7.390726867993192,NECTIN2,posterior_up
GO_Biological_Process_2021,positive regulation of phospholipid biosynthetic process (GO:0071073),1/7,0.2133742056748744,0.7636070745927289,0,0,4.784546805349183,7.390726867993192,HTR2C,posterior_up
GO_Biological_Process_2021,positive regulation of receptor catabolic process (GO:2000646),1/7,0.2133742056748744,0.7636070745927289,0,0,4.784546805349183,7.390726867993192,PCSK9,posterior_up
GO_Biological_Process_2021,positive regulation of striated muscle contraction (GO:0045989),1/7,0.2133742056748744,0.7636070745927289,0,0,4.784546805349183,7.390726867993192,KCNQ1,posterior_up
GO_Biological_Process_2021,cell-cell adhesion via plasma-membrane adhesion molecules (GO:0098742),8/170,0.2160100326732986,0.7636070745927289,0,0,1.4209765320876433,2.177547670719296,CDH6;ROBO2;CDH10;CRTAM;PTPRM;CDH8;NECTIN2;NECTIN1,posterior_up
GO_Biological_Process_2021,regulation of cell population proliferation (GO:0042127),30/764,0.2177935980176813,0.7636070745927289,0,0,1.1799549816372468,1.798496188748257,ALK;PTN;FGF1;FGF3;PKHD1;ADAMTS1;ERBB4;NACC2;STAT4;MINAR1;PDGFRB;WWTR1;MYOCD;TFAP2D;F2R;LDOC1;NGF;POU3F2;MEIS2;AGT;POU3F3;BMP6;BMP5;HCK;SFRP1;BMP2;ID2;NUPR1;SGK1;ENG,posterior_up
GO_Biological_Process_2021,cellular response to drug (GO:0035690),2/26,0.2179610130560336,0.7636070745927289,0,0,2.3936011904761907,3.64650557487117,CRHBP;KCNQ1,posterior_up
GO_Biological_Process_2021,hippo signaling (GO:0035329),2/26,0.2179610130560336,0.7636070745927289,0,0,2.3936011904761907,3.64650557487117,WWTR1;WWC1,posterior_up
GO_Biological_Process_2021,negative regulation of macroautophagy (GO:0016242),2/26,0.2179610130560336,0.7636070745927289,0,0,2.3936011904761907,3.64650557487117,LRRK2;NUPR1,posterior_up
GO_Biological_Process_2021,positive regulation of G1/S transition of mitotic cell cycle (GO:1900087),2/26,0.2179610130560336,0.7636070745927289,0,0,2.3936011904761907,3.64650557487117,MTBP;ADAMTS1,posterior_up
GO_Biological_Process_2021,neuron projection development (GO:0031175),8/171,0.2204927277758802,0.7636070745927289,0,0,1.4121851913262955,2.1350694671482664,ADCYAP1;LRRK2;PTPRM;NRTN;NGF;SGK1;KLK8;EPHB3,posterior_up
GO_Biological_Process_2021,cell junction organization (GO:0034330),4/72,0.2244683698771206,0.7636070745927289,0,0,1.6907813871817383,2.526062008056778,PKHD1;C1QA;PPFIBP2;SLC6A1,posterior_up
GO_Biological_Process_2021,negative regulation of supramolecular fiber organization (GO:1902904),4/72,0.2244683698771206,0.7636070745927289,0,0,1.6907813871817383,2.526062008056778,PLEKHH2;EMILIN1;CRYAB;TRIM54,posterior_up
GO_Biological_Process_2021,positive regulation of neurogenesis (GO:0050769),4/72,0.2244683698771206,0.7636070745927289,0,0,1.6907813871817383,2.526062008056778,ROBO2;CUX2;CUX1;NGF,posterior_up
GO_Biological_Process_2021,positive regulation of secretion by cell (GO:1903532),4/72,0.2244683698771206,0.7636070745927289,0,0,1.6907813871817383,2.526062008056778,BMP2;CFTR;BMP6;TTN,posterior_up
GO_Biological_Process_2021,negative regulation of cell projection organization (GO:0031345),3/49,0.2282471453443212,0.7636070745927289,0,0,1.8739065638566708,2.7683713873613582,MINAR1;MYLIP;SEMA3A,posterior_up
GO_Biological_Process_2021,calcium ion homeostasis (GO:0055074),5/97,0.2291109258838164,0.7636070745927289,0,0,1.5625203093520503,2.3024502396415447,PKHD1;TMTC2;HTR2C;TNNI3;TRDN,posterior_up
GO_Biological_Process_2021,glycosaminoglycan biosynthetic process (GO:0006024),5/97,0.2291109258838164,0.7636070745927289,0,0,1.5625203093520503,2.3024502396415447,HAS3;ST3GAL6;PRELP;FMOD;HS3ST1,posterior_up
GO_Biological_Process_2021,acute inflammatory response (GO:0002526),2/27,0.2305001601624184,0.7636070745927289,0,0,2.297738095238095,3.3719392062488858,C2CD4A;C2CD4B,posterior_up
GO_Biological_Process_2021,regulation of blood coagulation (GO:0030193),2/27,0.2305001601624184,0.7636070745927289,0,0,2.297738095238095,3.3719392062488858,PROC;F2R,posterior_up
GO_Biological_Process_2021,calcium-ion regulated exocytosis (GO:0017156),2/27,0.2305001601624184,0.7636070745927289,0,0,2.297738095238095,3.3719392062488858,SYT2;SYT9,posterior_up
GO_Biological_Process_2021,entrainment of circadian clock by photoperiod (GO:0043153),2/27,0.2305001601624184,0.7636070745927289,0,0,2.297738095238095,3.3719392062488858,ID2;OPN5,posterior_up
GO_Biological_Process_2021,release of sequestered calcium ion into cytosol (GO:0051209),2/27,0.2305001601624184,0.7636070745927289,0,0,2.297738095238095,3.3719392062488858,F2R;HTR2C,posterior_up
GO_Biological_Process_2021,mitotic chromosome condensation (GO:0007076),2/27,0.2305001601624184,0.7636070745927289,0,0,2.297738095238095,3.3719392062488858,NCAPH;TTN,posterior_up
GO_Biological_Process_2021,modulation of excitatory postsynaptic potential (GO:0098815),2/27,0.2305001601624184,0.7636070745927289,0,0,2.297738095238095,3.3719392062488858,CUX2;LRRK2,posterior_up
GO_Biological_Process_2021,peptide hormone secretion (GO:0030072),2/27,0.2305001601624184,0.7636070745927289,0,0,2.297738095238095,3.3719392062488858,ADCYAP1;MAFA,posterior_up
GO_Biological_Process_2021,positive regulation of BMP signaling pathway (GO:0030513),2/27,0.2305001601624184,0.7636070745927289,0,0,2.297738095238095,3.3719392062488858,BMPR1B;ENG,posterior_up
GO_Biological_Process_2021,positive regulation of striated muscle cell differentiation (GO:0051155),2/27,0.2305001601624184,0.7636070745927289,0,0,2.297738095238095,3.3719392062488858,MESP1;MYOCD,posterior_up
GO_Biological_Process_2021,protein export from nucleus (GO:0006611),2/27,0.2305001601624184,0.7636070745927289,0,0,2.297738095238095,3.3719392062488858,EGR2;CCHCR1,posterior_up
GO_Biological_Process_2021,regulation of actin filament-based process (GO:0032970),4/73,0.2317004589319009,0.7636070745927289,0,0,1.6661907852044129,2.4364872252252243,PDGFRB;RND2;EPHA3;RND1,posterior_up
GO_Biological_Process_2021,regulation of cytosolic calcium ion concentration (GO:0051480),7/148,0.2328636494999399,0.7636070745927289,0,0,1.4279562346486332,2.0809637508181713,ADCYAP1;C1QTNF1;TRPC4;F2R;ACKR2;ADRA1B;HCRTR2,posterior_up
GO_Biological_Process_2021,cellular response to organic substance (GO:0071310),6/123,0.2350850357267596,0.7636070745927289,0,0,1.474666052510364,2.13503327295999,ROBO2;SFRP1;IL1RL2;LRRK2;PTPN20;BMPR1B,posterior_up
GO_Biological_Process_2021,regulation of cellular component movement (GO:0051270),3/50,0.2372407674278223,0.7636070745927289,0,0,1.8339410850746745,2.6384539149953077,PKHD1;ERBB4;CD9,posterior_up
GO_Biological_Process_2021,regulation of complement activation (GO:0030449),3/50,0.2372407674278223,0.7636070745927289,0,0,1.8339410850746745,2.6384539149953077,C1QA;CR2;CPN1,posterior_up
GO_Biological_Process_2021,positive regulation of cell morphogenesis involved in differentiation (GO:0010770),3/50,0.2372407674278223,0.7636070745927289,0,0,1.8339410850746745,2.6384539149953077,DOCK5;CUX2;CUX1,posterior_up
GO_Biological_Process_2021,regulation of peptide hormone secretion (GO:0090276),4/74,0.2389889110572227,0.7636070745927289,0,0,1.6423027718550107,2.350690570768609,CRHBP;GRP;HTR2C;CACNA2D2,posterior_up
GO_Biological_Process_2021,actin filament reorganization (GO:0090527),1/8,0.2398927393889067,0.7636070745927289,0,0,4.100827849713436,5.854191644410584,EFS,posterior_up
GO_Biological_Process_2021,proximal/distal pattern formation (GO:0009954),1/8,0.2398927393889067,0.7636070745927289,0,0,4.100827849713436,5.854191644410584,CYP26B1,posterior_up
GO_Biological_Process_2021,regulation of activation of Janus kinase activity (GO:0010533),1/8,0.2398927393889067,0.7636070745927289,0,0,4.100827849713436,5.854191644410584,AGT,posterior_up
GO_Biological_Process_2021,atrial cardiac muscle cell to AV node cell signaling (GO:0086026),1/8,0.2398927393889067,0.7636070745927289,0,0,4.100827849713436,5.854191644410584,KCNQ1,posterior_up
GO_Biological_Process_2021,axon extension involved in axon guidance (GO:0048846),1/8,0.2398927393889067,0.7636070745927289,0,0,4.100827849713436,5.854191644410584,SEMA3A,posterior_up
GO_Biological_Process_2021,benzene-containing compound metabolic process (GO:0042537),1/8,0.2398927393889067,0.7636070745927289,0,0,4.100827849713436,5.854191644410584,AADAT,posterior_up
GO_Biological_Process_2021,cardiac atrium development (GO:0003230),1/8,0.2398927393889067,0.7636070745927289,0,0,4.100827849713436,5.854191644410584,ENG,posterior_up
GO_Biological_Process_2021,regulation of chemokine (C-C motif) ligand 5 production (GO:0071649),1/8,0.2398927393889067,0.7636070745927289,0,0,4.100827849713436,5.854191644410584,ADCYAP1,posterior_up
GO_Biological_Process_2021,cardiac muscle hypertrophy (GO:0003300),1/8,0.2398927393889067,0.7636070745927289,0,0,4.100827849713436,5.854191644410584,TTN,posterior_up
GO_Biological_Process_2021,regulation of collateral sprouting (GO:0048670),1/8,0.2398927393889067,0.7636070745927289,0,0,4.100827849713436,5.854191644410584,NGF,posterior_up
GO_Biological_Process_2021,cell migration involved in heart development (GO:0060973),1/8,0.2398927393889067,0.7636070745927289,0,0,4.100827849713436,5.854191644410584,PDGFRB,posterior_up
GO_Biological_Process_2021,regulation of dopamine receptor signaling pathway (GO:0060159),1/8,0.2398927393889067,0.7636070745927289,0,0,4.100827849713436,5.854191644410584,LRRK2,posterior_up
GO_Biological_Process_2021,regulation of epithelial to mesenchymal transition involved in endocardial cushion formation (GO:1905005),1/8,0.2398927393889067,0.7636070745927289,0,0,4.100827849713436,5.854191644410584,ENG,posterior_up
GO_Biological_Process_2021,cellular response to epinephrine stimulus (GO:0071872),1/8,0.2398927393889067,0.7636070745927289,0,0,4.100827849713436,5.854191644410584,KCNQ1,posterior_up
GO_Biological_Process_2021,regulation of extracellular matrix constituent secretion (GO:0003330),1/8,0.2398927393889067,0.7636070745927289,0,0,4.100827849713436,5.854191644410584,BMP2,posterior_up
GO_Biological_Process_2021,cellular response to interleukin-21 (GO:0098757),1/8,0.2398927393889067,0.7636070745927289,0,0,4.100827849713436,5.854191644410584,STAT4,posterior_up
GO_Biological_Process_2021,cellular response to potassium ion (GO:0035865),1/8,0.2398927393889067,0.7636070745927289,0,0,4.100827849713436,5.854191644410584,CRHBP,posterior_up
GO_Biological_Process_2021,cellular response to UV-B (GO:0071493),1/8,0.2398927393889067,0.7636070745927289,0,0,4.100827849713436,5.854191644410584,MFAP4,posterior_up
GO_Biological_Process_2021,regulation of lymphocyte apoptotic process (GO:0070228),1/8,0.2398927393889067,0.7636070745927289,0,0,4.100827849713436,5.854191644410584,BTK,posterior_up
GO_Biological_Process_2021,regulation of myeloid leukocyte differentiation (GO:0002761),1/8,0.2398927393889067,0.7636070745927289,0,0,4.100827849713436,5.854191644410584,UBASH3B,posterior_up
GO_Biological_Process_2021,DNA damage induced protein phosphorylation (GO:0006975),1/8,0.2398927393889067,0.7636070745927289,0,0,4.100827849713436,5.854191644410584,MAPK12,posterior_up
GO_Biological_Process_2021,regulation of protein localization to cell cortex (GO:1904776),1/8,0.2398927393889067,0.7636070745927289,0,0,4.100827849713436,5.854191644410584,EPB41L2,posterior_up
GO_Biological_Process_2021,regulation of striated muscle tissue development (GO:0016202),1/8,0.2398927393889067,0.7636070745927289,0,0,4.100827849713436,5.854191644410584,MEGF10,posterior_up
GO_Biological_Process_2021,forebrain neuron development (GO:0021884),1/8,0.2398927393889067,0.7636070745927289,0,0,4.100827849713436,5.854191644410584,ROBO2,posterior_up
GO_Biological_Process_2021,forebrain neuron differentiation (GO:0021879),1/8,0.2398927393889067,0.7636070745927289,0,0,4.100827849713436,5.854191644410584,ERBB4,posterior_up
GO_Biological_Process_2021,fusion of virus membrane with host plasma membrane (GO:0019064),1/8,0.2398927393889067,0.7636070745927289,0,0,4.100827849713436,5.854191644410584,NECTIN2,posterior_up
GO_Biological_Process_2021,response to epinephrine (GO:0071871),1/8,0.2398927393889067,0.7636070745927289,0,0,4.100827849713436,5.854191644410584,KCNQ1,posterior_up
GO_Biological_Process_2021,"heparan sulfate proteoglycan biosynthetic process, polysaccharide chain biosynthetic process (GO:0015014)",1/8,0.2398927393889067,0.7636070745927289,0,0,4.100827849713436,5.854191644410584,NDST4,posterior_up
GO_Biological_Process_2021,response to potassium ion (GO:0035864),1/8,0.2398927393889067,0.7636070745927289,0,0,4.100827849713436,5.854191644410584,CRHBP,posterior_up
GO_Biological_Process_2021,interleukin-21-mediated signaling pathway (GO:0038114),1/8,0.2398927393889067,0.7636070745927289,0,0,4.100827849713436,5.854191644410584,STAT4,posterior_up
GO_Biological_Process_2021,kidney epithelium development (GO:0072073),1/8,0.2398927393889067,0.7636070745927289,0,0,4.100827849713436,5.854191644410584,FGF1,posterior_up
GO_Biological_Process_2021,skeletal myofibril assembly (GO:0014866),1/8,0.2398927393889067,0.7636070745927289,0,0,4.100827849713436,5.854191644410584,TTN,posterior_up
GO_Biological_Process_2021,lens fiber cell differentiation (GO:0070306),1/8,0.2398927393889067,0.7636070745927289,0,0,4.100827849713436,5.854191644410584,MAF,posterior_up
GO_Biological_Process_2021,lymphatic endothelial cell differentiation (GO:0060836),1/8,0.2398927393889067,0.7636070745927289,0,0,4.100827849713436,5.854191644410584,SOX18,posterior_up
GO_Biological_Process_2021,T cell mediated cytotoxicity (GO:0001913),1/8,0.2398927393889067,0.7636070745927289,0,0,4.100827849713436,5.854191644410584,CRTAM,posterior_up
GO_Biological_Process_2021,T-helper cell lineage commitment (GO:0002295),1/8,0.2398927393889067,0.7636070745927289,0,0,4.100827849713436,5.854191644410584,SLAMF6,posterior_up
GO_Biological_Process_2021,membrane fusion involved in viral entry into host cell (GO:0039663),1/8,0.2398927393889067,0.7636070745927289,0,0,4.100827849713436,5.854191644410584,NECTIN2,posterior_up
GO_Biological_Process_2021,vascular associated smooth muscle contraction (GO:0014829),1/8,0.2398927393889067,0.7636070745927289,0,0,4.100827849713436,5.854191644410584,EDNRB,posterior_up
GO_Biological_Process_2021,venous blood vessel development (GO:0060841),1/8,0.2398927393889067,0.7636070745927289,0,0,4.100827849713436,5.854191644410584,ENG,posterior_up
GO_Biological_Process_2021,ventricular cardiac muscle cell membrane repolarization (GO:0099625),1/8,0.2398927393889067,0.7636070745927289,0,0,4.100827849713436,5.854191644410584,KCNQ1,posterior_up
GO_Biological_Process_2021,ventricular trabecula myocardium morphogenesis (GO:0003222),1/8,0.2398927393889067,0.7636070745927289,0,0,4.100827849713436,5.854191644410584,ENG,posterior_up
GO_Biological_Process_2021,myoblast migration (GO:0051451),1/8,0.2398927393889067,0.7636070745927289,0,0,4.100827849713436,5.854191644410584,MEGF10,posterior_up
GO_Biological_Process_2021,negative regulation of amyloid-beta clearance (GO:1900222),1/8,0.2398927393889067,0.7636070745927289,0,0,4.100827849713436,5.854191644410584,MYOCD,posterior_up
GO_Biological_Process_2021,negative regulation of appetite (GO:0032099),1/8,0.2398927393889067,0.7636070745927289,0,0,4.100827849713436,5.854191644410584,CARTPT,posterior_up
GO_Biological_Process_2021,"negative regulation of complement activation, classical pathway (GO:0045959)",1/8,0.2398927393889067,0.7636070745927289,0,0,4.100827849713436,5.854191644410584,CR2,posterior_up
GO_Biological_Process_2021,negative regulation of fatty acid oxidation (GO:0046322),1/8,0.2398927393889067,0.7636070745927289,0,0,4.100827849713436,5.854191644410584,ACADL,posterior_up
GO_Biological_Process_2021,negative regulation of long-term synaptic potentiation (GO:1900272),1/8,0.2398927393889067,0.7636070745927289,0,0,4.100827849713436,5.854191644410584,PTN,posterior_up
GO_Biological_Process_2021,negative regulation of macrophage migration (GO:1905522),1/8,0.2398927393889067,0.7636070745927289,0,0,4.100827849713436,5.854191644410584,EMILIN1,posterior_up
GO_Biological_Process_2021,negative regulation of mitochondrial fusion (GO:0010637),1/8,0.2398927393889067,0.7636070745927289,0,0,4.100827849713436,5.854191644410584,VAT1,posterior_up
GO_Biological_Process_2021,negative regulation of muscle cell differentiation (GO:0051148),1/8,0.2398927393889067,0.7636070745927289,0,0,4.100827849713436,5.854191644410584,ID2,posterior_up
GO_Biological_Process_2021,negative regulation of neural precursor cell proliferation (GO:2000178),1/8,0.2398927393889067,0.7636070745927289,0,0,4.100827849713436,5.854191644410584,PTN,posterior_up
GO_Biological_Process_2021,negative regulation of neuron projection regeneration (GO:0070571),1/8,0.2398927393889067,0.7636070745927289,0,0,4.100827849713436,5.854191644410584,KLK8,posterior_up
GO_Biological_Process_2021,negative regulation of response to reactive oxygen species (GO:1901032),1/8,0.2398927393889067,0.7636070745927289,0,0,4.100827849713436,5.854191644410584,LRRK2,posterior_up
GO_Biological_Process_2021,negative regulation of striated muscle cell apoptotic process (GO:0010664),1/8,0.2398927393889067,0.7636070745927289,0,0,4.100827849713436,5.854191644410584,NUPR1,posterior_up
GO_Biological_Process_2021,negative regulation of vascular associated smooth muscle cell differentiation (GO:1905064),1/8,0.2398927393889067,0.7636070745927289,0,0,4.100827849713436,5.854191644410584,HEY2,posterior_up
GO_Biological_Process_2021,neuron fate specification (GO:0048665),1/8,0.2398927393889067,0.7636070745927289,0,0,4.100827849713436,5.854191644410584,POU3F2,posterior_up
GO_Biological_Process_2021,neuron projection extension involved in neuron projection guidance (GO:1902284),1/8,0.2398927393889067,0.7636070745927289,0,0,4.100827849713436,5.854191644410584,SEMA3A,posterior_up
GO_Biological_Process_2021,positive regulation of cell migration by vascular endothelial growth factor signaling pathway (GO:0038089),1/8,0.2398927393889067,0.7636070745927289,0,0,4.100827849713436,5.854191644410584,GAB1,posterior_up
GO_Biological_Process_2021,positive regulation of oligodendrocyte differentiation (GO:0048714),1/8,0.2398927393889067,0.7636070745927289,0,0,4.100827849713436,5.854191644410584,PTN,posterior_up
GO_Biological_Process_2021,positive regulation of peptide secretion (GO:0002793),1/8,0.2398927393889067,0.7636070745927289,0,0,4.100827849713436,5.854191644410584,GRP,posterior_up
GO_Biological_Process_2021,positive regulation of ryanodine-sensitive calcium-release channel activity (GO:0060316),1/8,0.2398927393889067,0.7636070745927289,0,0,4.100827849713436,5.854191644410584,TRDN,posterior_up
GO_Biological_Process_2021,sarcomere organization (GO:0045214),2/28,0.2430834712809244,0.7682429303322088,0,0,2.2092490842490844,3.124652307033477,MYH6;TTN,posterior_up
GO_Biological_Process_2021,ventricular septum morphogenesis (GO:0060412),2/28,0.2430834712809244,0.7682429303322088,0,0,2.2092490842490844,3.124652307033477,ROBO2;HEY2,posterior_up
GO_Biological_Process_2021,photoperiodism (GO:0009648),2/28,0.2430834712809244,0.7682429303322088,0,0,2.2092490842490844,3.124652307033477,ID2;OPN5,posterior_up
GO_Biological_Process_2021,positive regulation of cytosolic calcium ion concentration involved in phospholipase C-activating G protein-coupled signaling pathway (GO:0051482),2/28,0.2430834712809244,0.7682429303322088,0,0,2.2092490842490844,3.124652307033477,F2R;HTR2C,posterior_up
GO_Biological_Process_2021,regulation of axonogenesis (GO:0050770),3/51,0.2462940278638981,0.7682429303322088,0,0,1.7956408345752608,2.5161044088254028,ROBO2;NGF;EPHB3,posterior_up
GO_Biological_Process_2021,blood circulation (GO:0008015),3/51,0.2462940278638981,0.7682429303322088,0,0,1.7956408345752608,2.5161044088254028,MYOF;TNNI3;TRDN,posterior_up
GO_Biological_Process_2021,inositol lipid-mediated signaling (GO:0048017),3/51,0.2462940278638981,0.7682429303322088,0,0,1.7956408345752608,2.5161044088254028,PDGFRB;NGF;PLCD3,posterior_up
GO_Biological_Process_2021,mesenchymal cell differentiation (GO:0048762),3/51,0.2462940278638981,0.7682429303322088,0,0,1.7956408345752608,2.5161044088254028,BMP2;HEY2;ENG,posterior_up
GO_Biological_Process_2021,regulation of angiogenesis (GO:0045765),9/203,0.2470935791395073,0.7682429303322088,0,0,1.334687233547787,1.8658769380465103,MINAR1;SFRP1;SEMA6A;ADAMTS1;RHOJ;GAB1;PTPRM;EMILIN1;FGF1,posterior_up
GO_Biological_Process_2021,cell-matrix adhesion (GO:0007160),5/100,0.2479124063082966,0.7682429303322088,0,0,1.5129415466918417,2.110069007059929,COL17A1;EMILIN1;ITGB6;NPNT;FBLN5,posterior_up
GO_Biological_Process_2021,positive regulation of cell population proliferation (GO:0008284),19/474,0.2504976616048254,0.7682429303322088,0,0,1.2030836339233286,1.665435524090459,PDGFRB;WWTR1;MEGF10;F2R;PTN;FGF1;POU3F2;MEIS2;AGT;FGF3;POU3F3;BMP6;BMP5;PKHD1;HCK;SFRP1;BMP2;ERBB4;ID2,posterior_up
GO_Biological_Process_2021,circulatory system development (GO:0072359),6/126,0.2518538811307458,0.7682429303322088,0,0,1.4375748502994012,1.982280868900899,BMP2;SOX18;ERBB4;ID2;HEY2;TNNI3,posterior_up
GO_Biological_Process_2021,synapse organization (GO:0050808),6/126,0.2518538811307458,0.7682429303322088,0,0,1.4375748502994012,1.982280868900899,C1QA;PPFIBP2;LRRK2;F2R;SLC6A1;PDZRN3,posterior_up
GO_Biological_Process_2021,negative regulation of immune response (GO:0050777),8/178,0.25278371543487,0.7682429303322088,0,0,1.3535417770711888,1.861419124360208,ADCYAP1;HCK;CD163;HRH2;FSHR;CRH;PDCD1;RXFP2,posterior_up
GO_Biological_Process_2021,negative regulation of protein phosphorylation (GO:0001933),7/152,0.2531107863120172,0.7682429303322088,0,0,1.3882748281031898,1.9073896518335884,WWTR1;SFRP1;DEPTOR;UBASH3B;LRRK2;EMILIN1;ENG,posterior_up
GO_Biological_Process_2021,actomyosin structure organization (GO:0031032),4/76,0.2537196317455455,0.7682429303322088,0,0,1.5965174129353237,2.1896642370870123,EPB41L2;PGM5;MYH6;TTN,posterior_up
GO_Biological_Process_2021,chloride transport (GO:0006821),4/76,0.2537196317455455,0.7682429303322088,0,0,1.5965174129353237,2.1896642370870123,SLC6A1;CFTR;ANO3;GABRG1,posterior_up
GO_Biological_Process_2021,epithelial cell differentiation (GO:0030855),5/101,0.2542666567844467,0.7682429303322088,0,0,1.4971038863976085,2.050091743082274,MESP1;MAF;ERBB4;FSTL1;E2F8,posterior_up
GO_Biological_Process_2021,amide biosynthetic process (GO:0043604),3/52,0.2553998667971316,0.7682429303322088,0,0,1.7589038596064357,2.400771598926785,ARG2;ARG1;PAM,posterior_up
GO_Biological_Process_2021,regulation of release of sequestered calcium ion into cytosol (GO:0051279),3/52,0.2553998667971316,0.7682429303322088,0,0,1.7589038596064357,2.400771598926785,UBASH3B;F2R;TRDN,posterior_up
GO_Biological_Process_2021,sprouting angiogenesis (GO:0002040),3/52,0.2553998667971316,0.7682429303322088,0,0,1.7589038596064357,2.400771598926785,NR4A1;ENG;E2F8,posterior_up
GO_Biological_Process_2021,negative regulation of BMP signaling pathway (GO:0030514),3/52,0.2553998667971316,0.7682429303322088,0,0,1.7589038596064357,2.400771598926785,BMP2;BMPR1B;FSTL1,posterior_up
GO_Biological_Process_2021,aggrephagy (GO:0035973),2/29,0.255693758070071,0.7682429303322088,0,0,2.127314814814815,2.9011783534030946,VIM;CFTR,posterior_up
GO_Biological_Process_2021,response to zinc ion (GO:0010043),2/29,0.255693758070071,0.7682429303322088,0,0,2.127314814814815,2.9011783534030946,HVCN1;PAM,posterior_up
GO_Biological_Process_2021,limb development (GO:0060173),2/29,0.255693758070071,0.7682429303322088,0,0,2.127314814814815,2.9011783534030946,MAP3K20;BMPR1B,posterior_up
GO_Biological_Process_2021,negative regulation of epithelial to mesenchymal transition (GO:0010719),2/29,0.255693758070071,0.7682429303322088,0,0,2.127314814814815,2.9011783534030946,SFRP1;BMP5,posterior_up
GO_Biological_Process_2021,positive regulation of extrinsic apoptotic signaling pathway (GO:2001238),2/29,0.255693758070071,0.7682429303322088,0,0,2.127314814814815,2.9011783534030946,SFRP1;AGT,posterior_up
GO_Biological_Process_2021,protein ADP-ribosylation (GO:0006471),2/29,0.255693758070071,0.7682429303322088,0,0,2.127314814814815,2.9011783534030946,ZC3HAV1;ART3,posterior_up
GO_Biological_Process_2021,positive regulation of Wnt signaling pathway (GO:0030177),7/153,0.2582536401422776,0.7682429303322088,0,0,1.3786942145365673,1.866494254978447,SFRP1;BMP2;LRRK2;RSPO1;LGR5;DKK2;DACT1,posterior_up
GO_Biological_Process_2021,calcium-mediated signaling (GO:0019722),5/102,0.2606605004167698,0.7682429303322088,0,0,1.4815927758001632,1.9920555401234965,EDNRB;LRRK2;BTK;TNNI3;ACKR2,posterior_up
GO_Biological_Process_2021,negative regulation of developmental process (GO:0051093),4/77,0.2611543374436672,0.7682429303322088,0,0,1.5745655285217748,2.114080511079778,VAT1;SFRP1;BMP2;HEY2,posterior_up
GO_Biological_Process_2021,regulation of immune effector process (GO:0002697),3/53,0.2645513903186386,0.7682429303322088,0,0,1.7236363636363636,2.291953321846944,C1QA;CR2;CPN1,posterior_up
GO_Biological_Process_2021,adult heart development (GO:0007512),1/9,0.2655185678316712,0.7682429303322088,0,0,3.588038632986627,4.757992203473903,MYH6,posterior_up
GO_Biological_Process_2021,quaternary ammonium group transport (GO:0015697),1/9,0.2655185678316712,0.7682429303322088,0,0,3.588038632986627,4.757992203473903,SLC25A45,posterior_up
GO_Biological_Process_2021,regulation of animal organ morphogenesis (GO:2000027),1/9,0.2655185678316712,0.7682429303322088,0,0,3.588038632986627,4.757992203473903,PKHD1,posterior_up
GO_Biological_Process_2021,associative learning (GO:0008306),1/9,0.2655185678316712,0.7682429303322088,0,0,3.588038632986627,4.757992203473903,SLC6A1,posterior_up
GO_Biological_Process_2021,"regulation of CD8-positive, alpha-beta T cell activation (GO:2001185)",1/9,0.2655185678316712,0.7682429303322088,0,0,3.588038632986627,4.757992203473903,CRTAM,posterior_up
GO_Biological_Process_2021,regulation of cellular response to oxidative stress (GO:1900407),1/9,0.2655185678316712,0.7682429303322088,0,0,3.588038632986627,4.757992203473903,FBLN5,posterior_up
GO_Biological_Process_2021,"regulation of complement activation, classical pathway (GO:0030450)",1/9,0.2655185678316712,0.7682429303322088,0,0,3.588038632986627,4.757992203473903,CR2,posterior_up
GO_Biological_Process_2021,cellular response to forskolin (GO:1904322),1/9,0.2655185678316712,0.7682429303322088,0,0,3.588038632986627,4.757992203473903,CFTR,posterior_up
GO_Biological_Process_2021,regulation of fibroblast apoptotic process (GO:2000269),1/9,0.2655185678316712,0.7682429303322088,0,0,3.588038632986627,4.757992203473903,SFRP1,posterior_up
GO_Biological_Process_2021,regulation of gap junction assembly (GO:1903596),1/9,0.2655185678316712,0.7682429303322088,0,0,3.588038632986627,4.757992203473903,AGT,posterior_up
GO_Biological_Process_2021,regulation of glucan biosynthetic process (GO:0010962),1/9,0.2655185678316712,0.7682429303322088,0,0,3.588038632986627,4.757992203473903,PPP1R3C,posterior_up
GO_Biological_Process_2021,collagen-activated signaling pathway (GO:0038065),1/9,0.2655185678316712,0.7682429303322088,0,0,3.588038632986627,4.757992203473903,UBASH3B,posterior_up
GO_Biological_Process_2021,"complement activation, classical pathway (GO:0006958)",1/9,0.2655185678316712,0.7682429303322088,0,0,3.588038632986627,4.757992203473903,C1QA,posterior_up
GO_Biological_Process_2021,development of primary female sexual characteristics (GO:0046545),1/9,0.2655185678316712,0.7682429303322088,0,0,3.588038632986627,4.757992203473903,FSHR,posterior_up
GO_Biological_Process_2021,embryonic digestive tract morphogenesis (GO:0048557),1/9,0.2655185678316712,0.7682429303322088,0,0,3.588038632986627,4.757992203473903,ID2,posterior_up
GO_Biological_Process_2021,endothelial cell chemotaxis (GO:0035767),1/9,0.2655185678316712,0.7682429303322088,0,0,3.588038632986627,4.757992203473903,NR4A1,posterior_up
GO_Biological_Process_2021,regulation of skeletal muscle cell differentiation (GO:2001014),1/9,0.2655185678316712,0.7682429303322088,0,0,3.588038632986627,4.757992203473903,MYOCD,posterior_up
GO_Biological_Process_2021,regulation of tumor necrosis factor superfamily cytokine production (GO:1903555),1/9,0.2655185678316712,0.7682429303322088,0,0,3.588038632986627,4.757992203473903,ZFP36,posterior_up
GO_Biological_Process_2021,response to forskolin (GO:1904321),1/9,0.2655185678316712,0.7682429303322088,0,0,3.588038632986627,4.757992203473903,CFTR,posterior_up
GO_Biological_Process_2021,response to vitamin D (GO:0033280),1/9,0.2655185678316712,0.7682429303322088,0,0,3.588038632986627,4.757992203473903,SFRP1,posterior_up
GO_Biological_Process_2021,interleukin-23-mediated signaling pathway (GO:0038155),1/9,0.2655185678316712,0.7682429303322088,0,0,3.588038632986627,4.757992203473903,STAT4,posterior_up
GO_Biological_Process_2021,kinetochore assembly (GO:0051382),1/9,0.2655185678316712,0.7682429303322088,0,0,3.588038632986627,4.757992203473903,DLGAP5,posterior_up
GO_Biological_Process_2021,kynurenine metabolic process (GO:0070189),1/9,0.2655185678316712,0.7682429303322088,0,0,3.588038632986627,4.757992203473903,AADAT,posterior_up
GO_Biological_Process_2021,sympathetic ganglion development (GO:0061549),1/9,0.2655185678316712,0.7682429303322088,0,0,3.588038632986627,4.757992203473903,SEMA3A,posterior_up
GO_Biological_Process_2021,synapse pruning (GO:0098883),1/9,0.2655185678316712,0.7682429303322088,0,0,3.588038632986627,4.757992203473903,C1QA,posterior_up
GO_Biological_Process_2021,mitochondrial fragmentation involved in apoptotic process (GO:0043653),1/9,0.2655185678316712,0.7682429303322088,0,0,3.588038632986627,4.757992203473903,ERBB4,posterior_up
GO_Biological_Process_2021,negative regulation of biomineralization (GO:0110150),1/9,0.2655185678316712,0.7682429303322088,0,0,3.588038632986627,4.757992203473903,HEY2,posterior_up
GO_Biological_Process_2021,negative regulation of leukocyte proliferation (GO:0070664),1/9,0.2655185678316712,0.7682429303322088,0,0,3.588038632986627,4.757992203473903,IL33,posterior_up
GO_Biological_Process_2021,negative regulation of pathway-restricted SMAD protein phosphorylation (GO:0060394),1/9,0.2655185678316712,0.7682429303322088,0,0,3.588038632986627,4.757992203473903,EMILIN1,posterior_up
GO_Biological_Process_2021,negative regulation of protein activation cascade (GO:2000258),1/9,0.2655185678316712,0.7682429303322088,0,0,3.588038632986627,4.757992203473903,KLKB1,posterior_up
GO_Biological_Process_2021,nucleoside diphosphate catabolic process (GO:0009134),1/9,0.2655185678316712,0.7682429303322088,0,0,3.588038632986627,4.757992203473903,ENTPD1,posterior_up
GO_Biological_Process_2021,peroxisome fission (GO:0016559),1/9,0.2655185678316712,0.7682429303322088,0,0,3.588038632986627,4.757992203473903,SEC16B,posterior_up
GO_Biological_Process_2021,phenol-containing compound biosynthetic process (GO:0046189),1/9,0.2655185678316712,0.7682429303322088,0,0,3.588038632986627,4.757992203473903,DBH,posterior_up
GO_Biological_Process_2021,plasminogen activation (GO:0031639),1/9,0.2655185678316712,0.7682429303322088,0,0,3.588038632986627,4.757992203473903,KLKB1,posterior_up
GO_Biological_Process_2021,positive regulation of B cell differentiation (GO:0045579),1/9,0.2655185678316712,0.7682429303322088,0,0,3.588038632986627,4.757992203473903,BTK,posterior_up
GO_Biological_Process_2021,positive regulation of cholesterol esterification (GO:0010873),1/9,0.2655185678316712,0.7682429303322088,0,0,3.588038632986627,4.757992203473903,AGT,posterior_up
GO_Biological_Process_2021,positive regulation of extracellular matrix assembly (GO:1901203),1/9,0.2655185678316712,0.7682429303322088,0,0,3.588038632986627,4.757992203473903,EMILIN1,posterior_up
GO_Biological_Process_2021,positive regulation of protein polyubiquitination (GO:1902916),1/9,0.2655185678316712,0.7682429303322088,0,0,3.588038632986627,4.757992203473903,SPSB4,posterior_up
GO_Biological_Process_2021,regulation of catecholamine secretion (GO:0050433),2/30,0.2683149372909035,0.7701723079212295,0,0,2.051232993197279,2.69858950925293,SYT2;SYT9,posterior_up
GO_Biological_Process_2021,synaptic vesicle cycle (GO:0099504),2/30,0.2683149372909035,0.7701723079212295,0,0,2.051232993197279,2.69858950925293,SYNDIG1;SLC17A6,posterior_up
GO_Biological_Process_2021,positive regulation of protein phosphorylation (GO:0001934),15/371,0.2712859569590236,0.7701723079212295,0,0,1.2128949208027144,1.5823206665185534,LEFTY1;LRRK2;FGF1;NGF;AGT;FGF3;BMP6;BMP5;ADCYAP1;BMP2;TEC;ERBB4;ENPP2;RSPO1;ENG,posterior_up
GO_Biological_Process_2021,regulation of humoral immune response (GO:0002920),3/54,0.2737418753444101,0.7701723079212295,0,0,1.6897519067239417,2.1891913326787455,C1QA;CR2;CPN1,posterior_up
GO_Biological_Process_2021,regulation of cell differentiation (GO:0045595),7/156,0.2738574769811911,0.7701723079212295,0,0,1.3507239668756226,1.7493867215132166,ALK;MEGF10;ID2;HEY2;BMPR1B;NGF;EPHA3,posterior_up
GO_Biological_Process_2021,positive regulation of canonical Wnt signaling pathway (GO:0090263),6/130,0.2747026972104575,0.7701723079212295,0,0,1.3909117249372225,1.7971495640514554,SFRP1;LRRK2;RSPO1;LGR5;DKK2;DACT1,posterior_up
GO_Biological_Process_2021,regulation of calcium ion-dependent exocytosis (GO:0017158),2/31,0.2809319759618544,0.7701723079212295,0,0,1.9803981937602628,2.5143981442235273,SYT2;SYT9,posterior_up
GO_Biological_Process_2021,prostaglandin metabolic process (GO:0006693),2/31,0.2809319759618544,0.7701723079212295,0,0,1.9803981937602628,2.5143981442235273,HPGD;TBXAS1,posterior_up
GO_Biological_Process_2021,regulation of cardiac conduction (GO:1903779),3/55,0.2829647738172431,0.7701723079212295,0,0,1.6571706981543046,2.092066749332569,NPPC;AGT;TRDN,posterior_up
GO_Biological_Process_2021,negative regulation of cellular response to growth factor stimulus (GO:0090288),4/80,0.2836912144281419,0.7701723079212295,0,0,1.5121759622937945,1.9051434744954123,BMP2;EMILIN1;BMPR1B;AGT,posterior_up
GO_Biological_Process_2021,skeletal system development (GO:0001501),7/158,0.284393928602451,0.7701723079212295,0,0,1.3326945798623866,1.6757234071226086,BMP2;COL10A1;PRELP;BMPR1B;BMP6;COL19A1;BMP5,posterior_up
GO_Biological_Process_2021,protein poly-ADP-ribosylation (GO:0070212),1/10,0.290281699191608,0.7701723079212295,0,0,3.189202575532442,3.944735671485662,ZC3HAV1,posterior_up
GO_Biological_Process_2021,amino sugar metabolic process (GO:0006040),1/10,0.290281699191608,0.7701723079212295,0,0,3.189202575532442,3.944735671485662,GFPT2,posterior_up
GO_Biological_Process_2021,receptor guanylyl cyclase signaling pathway (GO:0007168),1/10,0.290281699191608,0.7701723079212295,0,0,3.189202575532442,3.944735671485662,NPPC,posterior_up
GO_Biological_Process_2021,apical protein localization (GO:0045176),1/10,0.290281699191608,0.7701723079212295,0,0,3.189202575532442,3.944735671485662,VANGL2,posterior_up
GO_Biological_Process_2021,arginine metabolic process (GO:0006525),1/10,0.290281699191608,0.7701723079212295,0,0,3.189202575532442,3.944735671485662,ARG1,posterior_up
GO_Biological_Process_2021,regulation of cilium movement (GO:0003352),1/10,0.290281699191608,0.7701723079212295,0,0,3.189202575532442,3.944735671485662,CFAP206,posterior_up
GO_Biological_Process_2021,cell differentiation involved in metanephros development (GO:0072202),1/10,0.290281699191608,0.7701723079212295,0,0,3.189202575532442,3.944735671485662,POU3F3,posterior_up
GO_Biological_Process_2021,cellular response to dopamine (GO:1903351),1/10,0.290281699191608,0.7701723079212295,0,0,3.189202575532442,3.944735671485662,LRRK2,posterior_up
GO_Biological_Process_2021,cellular response to prostaglandin stimulus (GO:0071379),1/10,0.290281699191608,0.7701723079212295,0,0,3.189202575532442,3.944735671485662,SFRP1,posterior_up
GO_Biological_Process_2021,regulation of hydrogen peroxide-induced cell death (GO:1903205),1/10,0.290281699191608,0.7701723079212295,0,0,3.189202575532442,3.944735671485662,LRRK2,posterior_up
GO_Biological_Process_2021,cGMP biosynthetic process (GO:0006182),1/10,0.290281699191608,0.7701723079212295,0,0,3.189202575532442,3.944735671485662,NPPC,posterior_up
GO_Biological_Process_2021,regulation of low-density lipoprotein particle clearance (GO:0010988),1/10,0.290281699191608,0.7701723079212295,0,0,3.189202575532442,3.944735671485662,PCSK9,posterior_up
GO_Biological_Process_2021,"complement activation, lectin pathway (GO:0001867)",1/10,0.290281699191608,0.7701723079212295,0,0,3.189202575532442,3.944735671485662,MFAP4,posterior_up
GO_Biological_Process_2021,regulation of macrophage migration (GO:1905521),1/10,0.290281699191608,0.7701723079212295,0,0,3.189202575532442,3.944735671485662,EMILIN1,posterior_up
GO_Biological_Process_2021,regulation of mast cell activation (GO:0033003),1/10,0.290281699191608,0.7701723079212295,0,0,3.189202575532442,3.944735671485662,NECTIN2,posterior_up
GO_Biological_Process_2021,regulation of peptidyl-lysine acetylation (GO:2000756),1/10,0.290281699191608,0.7701723079212295,0,0,3.189202575532442,3.944735671485662,MYOCD,posterior_up
GO_Biological_Process_2021,regulation of podosome assembly (GO:0071801),1/10,0.290281699191608,0.7701723079212295,0,0,3.189202575532442,3.944735671485662,HCK,posterior_up
GO_Biological_Process_2021,regulation of postsynaptic neurotransmitter receptor activity (GO:0098962),1/10,0.290281699191608,0.7701723079212295,0,0,3.189202575532442,3.944735671485662,CACNG5,posterior_up
GO_Biological_Process_2021,fatty acid beta-oxidation using acyl-CoA dehydrogenase (GO:0033539),1/10,0.290281699191608,0.7701723079212295,0,0,3.189202575532442,3.944735671485662,ACADL,posterior_up
GO_Biological_Process_2021,fructose 6-phosphate metabolic process (GO:0006002),1/10,0.290281699191608,0.7701723079212295,0,0,3.189202575532442,3.944735671485662,GFPT2,posterior_up
GO_Biological_Process_2021,response to dopamine (GO:1903350),1/10,0.290281699191608,0.7701723079212295,0,0,3.189202575532442,3.944735671485662,LRRK2,posterior_up
GO_Biological_Process_2021,indolalkylamine catabolic process (GO:0046218),1/10,0.290281699191608,0.7701723079212295,0,0,3.189202575532442,3.944735671485662,AADAT,posterior_up
GO_Biological_Process_2021,sarcoplasmic reticulum calcium ion transport (GO:0070296),1/10,0.290281699191608,0.7701723079212295,0,0,3.189202575532442,3.944735671485662,TRDN,posterior_up
GO_Biological_Process_2021,secretory granule organization (GO:0033363),1/10,0.290281699191608,0.7701723079212295,0,0,3.189202575532442,3.944735671485662,F2R,posterior_up
GO_Biological_Process_2021,smooth muscle tissue development (GO:0048745),1/10,0.290281699191608,0.7701723079212295,0,0,3.189202575532442,3.944735671485662,ENG,posterior_up
GO_Biological_Process_2021,lactation (GO:0007595),1/10,0.290281699191608,0.7701723079212295,0,0,3.189202575532442,3.944735671485662,ERBB4,posterior_up
GO_Biological_Process_2021,UV protection (GO:0009650),1/10,0.290281699191608,0.7701723079212295,0,0,3.189202575532442,3.944735671485662,MFAP4,posterior_up
GO_Biological_Process_2021,mitotic DNA replication checkpoint signaling (GO:0033314),1/10,0.290281699191608,0.7701723079212295,0,0,3.189202575532442,3.944735671485662,TICRR,posterior_up
GO_Biological_Process_2021,Wnt signaling pathway involved in midbrain dopaminergic neuron differentiation (GO:1904953),1/10,0.290281699191608,0.7701723079212295,0,0,3.189202575532442,3.944735671485662,FZD1,posterior_up
GO_Biological_Process_2021,morphogenesis of an epithelial sheet (GO:0002011),1/10,0.290281699191608,0.7701723079212295,0,0,3.189202575532442,3.944735671485662,BMP5,posterior_up
GO_Biological_Process_2021,muscle cell migration (GO:0014812),1/10,0.290281699191608,0.7701723079212295,0,0,3.189202575532442,3.944735671485662,MEGF10,posterior_up
GO_Biological_Process_2021,myelin assembly (GO:0032288),1/10,0.290281699191608,0.7701723079212295,0,0,3.189202575532442,3.944735671485662,CD9,posterior_up
GO_Biological_Process_2021,negative regulation of cAMP-mediated signaling (GO:0043951),1/10,0.290281699191608,0.7701723079212295,0,0,3.189202575532442,3.944735671485662,PDE3A,posterior_up
GO_Biological_Process_2021,negative regulation of cell-cell adhesion mediated by cadherin (GO:2000048),1/10,0.290281699191608,0.7701723079212295,0,0,3.189202575532442,3.944735671485662,BMP6,posterior_up
GO_Biological_Process_2021,negative regulation of extracellular matrix organization (GO:1903054),1/10,0.290281699191608,0.7701723079212295,0,0,3.189202575532442,3.944735671485662,EMILIN1,posterior_up
GO_Biological_Process_2021,negative regulation of glycolytic process (GO:0045820),1/10,0.290281699191608,0.7701723079212295,0,0,3.189202575532442,3.944735671485662,NUPR1,posterior_up
GO_Biological_Process_2021,negative regulation of humoral immune response mediated by circulating immunoglobulin (GO:0002924),1/10,0.290281699191608,0.7701723079212295,0,0,3.189202575532442,3.944735671485662,CR2,posterior_up
GO_Biological_Process_2021,negative regulation of interferon-beta production (GO:0032688),1/10,0.290281699191608,0.7701723079212295,0,0,3.189202575532442,3.944735671485662,REL,posterior_up
GO_Biological_Process_2021,negative regulation of protein autophosphorylation (GO:0031953),1/10,0.290281699191608,0.7701723079212295,0,0,3.189202575532442,3.944735671485662,ENG,posterior_up
GO_Biological_Process_2021,negative regulation of purine nucleotide metabolic process (GO:1900543),1/10,0.290281699191608,0.7701723079212295,0,0,3.189202575532442,3.944735671485662,NUPR1,posterior_up
GO_Biological_Process_2021,negative regulation of receptor binding (GO:1900121),1/10,0.290281699191608,0.7701723079212295,0,0,3.189202575532442,3.944735671485662,PCSK9,posterior_up
GO_Biological_Process_2021,negative regulation of sodium ion transmembrane transport (GO:1902306),1/10,0.290281699191608,0.7701723079212295,0,0,3.189202575532442,3.944735671485662,PCSK9,posterior_up
GO_Biological_Process_2021,negative regulation of sodium ion transmembrane transporter activity (GO:2000650),1/10,0.290281699191608,0.7701723079212295,0,0,3.189202575532442,3.944735671485662,PCSK9,posterior_up
GO_Biological_Process_2021,negative regulation of vascular endothelial growth factor signaling pathway (GO:1900747),1/10,0.290281699191608,0.7701723079212295,0,0,3.189202575532442,3.944735671485662,SEMA6A,posterior_up
GO_Biological_Process_2021,nerve growth factor signaling pathway (GO:0038180),1/10,0.290281699191608,0.7701723079212295,0,0,3.189202575532442,3.944735671485662,NGF,posterior_up
GO_Biological_Process_2021,neuron projection fasciculation (GO:0106030),1/10,0.290281699191608,0.7701723079212295,0,0,3.189202575532442,3.944735671485662,EPHB3,posterior_up
GO_Biological_Process_2021,neuron projection regeneration (GO:0031102),1/10,0.290281699191608,0.7701723079212295,0,0,3.189202575532442,3.944735671485662,PTN,posterior_up
GO_Biological_Process_2021,phosphatidylcholine catabolic process (GO:0034638),1/10,0.290281699191608,0.7701723079212295,0,0,3.189202575532442,3.944735671485662,ENPP2,posterior_up
GO_Biological_Process_2021,positive regulation of behavior (GO:0048520),1/10,0.290281699191608,0.7701723079212295,0,0,3.189202575532442,3.944735671485662,CRH,posterior_up
GO_Biological_Process_2021,positive regulation of circadian rhythm (GO:0042753),1/10,0.290281699191608,0.7701723079212295,0,0,3.189202575532442,3.944735671485662,CRH,posterior_up
GO_Biological_Process_2021,positive regulation of coagulation (GO:0050820),1/10,0.290281699191608,0.7701723079212295,0,0,3.189202575532442,3.944735671485662,F2R,posterior_up
GO_Biological_Process_2021,positive regulation of dendritic spine morphogenesis (GO:0061003),1/10,0.290281699191608,0.7701723079212295,0,0,3.189202575532442,3.944735671485662,CUX2,posterior_up
GO_Biological_Process_2021,positive regulation of hemostasis (GO:1900048),1/10,0.290281699191608,0.7701723079212295,0,0,3.189202575532442,3.944735671485662,F2R,posterior_up
GO_Biological_Process_2021,positive regulation of T cell apoptotic process (GO:0070234),1/10,0.290281699191608,0.7701723079212295,0,0,3.189202575532442,3.944735671485662,PDCD1,posterior_up
GO_Biological_Process_2021,axonogenesis (GO:0007409),10/240,0.2916331451003892,0.7701723079212295,0,0,1.250392875851231,1.5408073983814887,ROBO2;SEMA6A;DOK5;SEMA3D;SEMA3A;GAB1;UNC5C;NRTN;EPHA3;EPHB3,posterior_up
GO_Biological_Process_2021,glycosaminoglycan catabolic process (GO:0006027),3/56,0.2922137160506567,0.7701723079212295,0,0,1.6258189691533336,2.0001960432802757,HPSE2;PRELP;FMOD,posterior_up
GO_Biological_Process_2021,negative regulation of metabolic process (GO:0009892),3/56,0.2922137160506567,0.7701723079212295,0,0,1.6258189691533336,2.0001960432802757,ADAMTS5;ALDH1A1;ID1,posterior_up
GO_Biological_Process_2021,regulation of cell migration involved in sprouting angiogenesis (GO:0090049),2/32,0.2935308391537989,0.7701723079212295,0,0,1.9142857142857144,2.3464789225014835,CARD10;RHOJ,posterior_up
GO_Biological_Process_2021,regulation of dendrite morphogenesis (GO:0048814),2/32,0.2935308391537989,0.7701723079212295,0,0,1.9142857142857144,2.3464789225014835,CUX2;CUX1,posterior_up
GO_Biological_Process_2021,regulation of dendritic spine morphogenesis (GO:0061001),2/32,0.2935308391537989,0.7701723079212295,0,0,1.9142857142857144,2.3464789225014835,CUX2;LRRK2,posterior_up
GO_Biological_Process_2021,chondrocyte differentiation (GO:0002062),2/32,0.2935308391537989,0.7701723079212295,0,0,1.9142857142857144,2.3464789225014835,BMP2;BMPR1B,posterior_up
GO_Biological_Process_2021,DNA damage checkpoint signaling (GO:0000077),2/32,0.2935308391537989,0.7701723079212295,0,0,1.9142857142857144,2.3464789225014835,STK33;MAP3K20,posterior_up
GO_Biological_Process_2021,regulation of NMDA receptor activity (GO:2000310),2/32,0.2935308391537989,0.7701723079212295,0,0,1.9142857142857144,2.3464789225014835,CRHBP;CRH,posterior_up
GO_Biological_Process_2021,endodermal cell differentiation (GO:0035987),2/32,0.2935308391537989,0.7701723079212295,0,0,1.9142857142857144,2.3464789225014835,COL11A1;COL12A1,posterior_up
GO_Biological_Process_2021,ERBB2 signaling pathway (GO:0038128),2/32,0.2935308391537989,0.7701723079212295,0,0,1.9142857142857144,2.3464789225014835,ERBB4;GAB1,posterior_up
GO_Biological_Process_2021,liver development (GO:0001889),2/32,0.2935308391537989,0.7701723079212295,0,0,1.9142857142857144,2.3464789225014835,PCSK9;E2F8,posterior_up
GO_Biological_Process_2021,negative regulation of developmental growth (GO:0048640),2/32,0.2935308391537989,0.7701723079212295,0,0,1.9142857142857144,2.3464789225014835,WWC1;NKD1,posterior_up
GO_Biological_Process_2021,positive regulation of receptor signaling pathway via STAT (GO:1904894),2/32,0.2935308391537989,0.7701723079212295,0,0,1.9142857142857144,2.3464789225014835,ERBB4;F2R,posterior_up
GO_Biological_Process_2021,central nervous system development (GO:0007417),11/268,0.2949405783539872,0.7729597018110972,0,0,1.2310450669342865,1.5030830951152532,ROBO2;C1QA;EGR2;SNTG2;EMX2;MARCKSL1;IL1RAPL2;POU6F2;MEIS2;POU3F3;GRIN2D,posterior_up
GO_Biological_Process_2021,renal system development (GO:0072001),3/57,0.3014825136011428,0.7776638198704175,0,0,1.5956284153005464,1.9132275008244688,MYOCD;PCSK9;AGT,posterior_up
GO_Biological_Process_2021,apoptotic mitochondrial changes (GO:0008637),2/33,0.3060984398303854,0.7776638198704175,0,0,1.852438556067588,2.1930066614633437,ERBB4;IFIT2,posterior_up
GO_Biological_Process_2021,positive regulation of ATP metabolic process (GO:1903580),2/33,0.3060984398303854,0.7776638198704175,0,0,1.852438556067588,2.1930066614633437,ZBTB20;NUPR1,posterior_up
GO_Biological_Process_2021,positive regulation of receptor signaling pathway via JAK-STAT (GO:0046427),2/33,0.3060984398303854,0.7776638198704175,0,0,1.852438556067588,2.1930066614633437,ERBB4;F2R,posterior_up
GO_Biological_Process_2021,cellular calcium ion homeostasis (GO:0006874),6/136,0.3098136006747898,0.7776638198704175,0,0,1.3263012436665131,1.554139174000599,PKHD1;TRPC4;HTR2C;TNNI3;HCRTR2;TRDN,posterior_up
GO_Biological_Process_2021,negative regulation of neuron projection development (GO:0010977),3/58,0.3107651612279084,0.7776638198704175,0,0,1.5665356997696789,1.8308380949863583,MINAR1;MYLIP;SEMA3A,posterior_up
GO_Biological_Process_2021,positive regulation of protein binding (GO:0032092),3/58,0.3107651612279084,0.7776638198704175,0,0,1.5665356997696789,1.8308380949863583,BMP2;LRRK2;DACT1,posterior_up
GO_Biological_Process_2021,regulation of protein kinase activity (GO:0045859),5/110,0.3129550105177346,0.7776638198704175,0,0,1.3681400811445654,1.589362634151158,ADCYAP1;WWTR1;DEPTOR;UBASH3B;TTN,posterior_up
GO_Biological_Process_2021,response to tumor necrosis factor (GO:0034612),5/110,0.3129550105177346,0.7776638198704175,0,0,1.3681400811445654,1.589362634151158,CRHBP;ZFP36;SFRP1;NPNT;CCL17,posterior_up
GO_Biological_Process_2021,atrial septum morphogenesis (GO:0060413),1/11,0.3142111344105642,0.7776638198704175,0,0,2.8701337295690936,3.322725451622821,HEY2,posterior_up
GO_Biological_Process_2021,cardiac muscle cell membrane repolarization (GO:0099622),1/11,0.3142111344105642,0.7776638198704175,0,0,2.8701337295690936,3.322725451622821,KCNQ1,posterior_up
GO_Biological_Process_2021,regulation of cytoplasmic transport (GO:1903649),1/11,0.3142111344105642,0.7776638198704175,0,0,2.8701337295690936,3.322725451622821,LRRK2,posterior_up
GO_Biological_Process_2021,cell-cell junction maintenance (GO:0045217),1/11,0.3142111344105642,0.7776638198704175,0,0,2.8701337295690936,3.322725451622821,F2R,posterior_up
GO_Biological_Process_2021,cellular glucan metabolic process (GO:0006073),1/11,0.3142111344105642,0.7776638198704175,0,0,2.8701337295690936,3.322725451622821,PPP1R3C,posterior_up
GO_Biological_Process_2021,cellular response to UV-A (GO:0071492),1/11,0.3142111344105642,0.7776638198704175,0,0,2.8701337295690936,3.322725451622821,OPN5,posterior_up
GO_Biological_Process_2021,regulation of lamellipodium morphogenesis (GO:2000392),1/11,0.3142111344105642,0.7776638198704175,0,0,2.8701337295690936,3.322725451622821,ENPP2,posterior_up
GO_Biological_Process_2021,cyclooxygenase pathway (GO:0019371),1/11,0.3142111344105642,0.7776638198704175,0,0,2.8701337295690936,3.322725451622821,TBXAS1,posterior_up
GO_Biological_Process_2021,regulation of mitochondrial depolarization (GO:0051900),1/11,0.3142111344105642,0.7776638198704175,0,0,2.8701337295690936,3.322725451622821,LRRK2,posterior_up
GO_Biological_Process_2021,regulation of mitochondrial fusion (GO:0010635),1/11,0.3142111344105642,0.7776638198704175,0,0,2.8701337295690936,3.322725451622821,VAT1,posterior_up
GO_Biological_Process_2021,enteric nervous system development (GO:0048484),1/11,0.3142111344105642,0.7776638198704175,0,0,2.8701337295690936,3.322725451622821,EDNRB,posterior_up
GO_Biological_Process_2021,regulation of T cell apoptotic process (GO:0070232),1/11,0.3142111344105642,0.7776638198704175,0,0,2.8701337295690936,3.322725451622821,PDCD1,posterior_up
GO_Biological_Process_2021,glutathione biosynthetic process (GO:0006750),1/11,0.3142111344105642,0.7776638198704175,0,0,2.8701337295690936,3.322725451622821,MGST2,posterior_up
GO_Biological_Process_2021,response to prostaglandin E (GO:0034695),1/11,0.3142111344105642,0.7776638198704175,0,0,2.8701337295690936,3.322725451622821,SFRP1,posterior_up
GO_Biological_Process_2021,humoral immune response mediated by circulating immunoglobulin (GO:0002455),1/11,0.3142111344105642,0.7776638198704175,0,0,2.8701337295690936,3.322725451622821,C1QA,posterior_up
GO_Biological_Process_2021,inhibitory synapse assembly (GO:1904862),1/11,0.3142111344105642,0.7776638198704175,0,0,2.8701337295690936,3.322725451622821,NPAS4,posterior_up
GO_Biological_Process_2021,interleukin-35-mediated signaling pathway (GO:0070757),1/11,0.3142111344105642,0.7776638198704175,0,0,2.8701337295690936,3.322725451622821,STAT4,posterior_up
GO_Biological_Process_2021,somite development (GO:0061053),1/11,0.3142111344105642,0.7776638198704175,0,0,2.8701337295690936,3.322725451622821,MEOX1,posterior_up
GO_Biological_Process_2021,"synaptic transmission, GABAergic (GO:0051932)",1/11,0.3142111344105642,0.7776638198704175,0,0,2.8701337295690936,3.322725451622821,GABRG1,posterior_up
GO_Biological_Process_2021,mesonephros development (GO:0001823),1/11,0.3142111344105642,0.7776638198704175,0,0,2.8701337295690936,3.322725451622821,FGF1,posterior_up
GO_Biological_Process_2021,midbrain dopaminergic neuron differentiation (GO:1904948),1/11,0.3142111344105642,0.7776638198704175,0,0,2.8701337295690936,3.322725451622821,FZD1,posterior_up
GO_Biological_Process_2021,miRNA mediated inhibition of translation (GO:0035278),1/11,0.3142111344105642,0.7776638198704175,0,0,2.8701337295690936,3.322725451622821,ZFP36,posterior_up
GO_Biological_Process_2021,tryptophan catabolic process (GO:0006569),1/11,0.3142111344105642,0.7776638198704175,0,0,2.8701337295690936,3.322725451622821,AADAT,posterior_up
GO_Biological_Process_2021,tryptophan metabolic process (GO:0006568),1/11,0.3142111344105642,0.7776638198704175,0,0,2.8701337295690936,3.322725451622821,AADAT,posterior_up
GO_Biological_Process_2021,UDP-N-acetylglucosamine biosynthetic process (GO:0006048),1/11,0.3142111344105642,0.7776638198704175,0,0,2.8701337295690936,3.322725451622821,GFPT2,posterior_up
GO_Biological_Process_2021,vasoconstriction (GO:0042310),1/11,0.3142111344105642,0.7776638198704175,0,0,2.8701337295690936,3.322725451622821,EDNRB,posterior_up
GO_Biological_Process_2021,negative regulation of activated T cell proliferation (GO:0046007),1/11,0.3142111344105642,0.7776638198704175,0,0,2.8701337295690936,3.322725451622821,CRTAM,posterior_up
GO_Biological_Process_2021,negative regulation of activin receptor signaling pathway (GO:0032926),1/11,0.3142111344105642,0.7776638198704175,0,0,2.8701337295690936,3.322725451622821,FST,posterior_up
GO_Biological_Process_2021,negative regulation of programmed necrotic cell death (GO:0062099),1/11,0.3142111344105642,0.7776638198704175,0,0,2.8701337295690936,3.322725451622821,NUPR1,posterior_up
GO_Biological_Process_2021,negative regulation of response to cytokine stimulus (GO:0060761),1/11,0.3142111344105642,0.7776638198704175,0,0,2.8701337295690936,3.322725451622821,PALM3,posterior_up
GO_Biological_Process_2021,negative regulation of sprouting angiogenesis (GO:1903671),1/11,0.3142111344105642,0.7776638198704175,0,0,2.8701337295690936,3.322725451622821,SEMA6A,posterior_up
GO_Biological_Process_2021,"negative regulation of translation, ncRNA-mediated (GO:0040033)",1/11,0.3142111344105642,0.7776638198704175,0,0,2.8701337295690936,3.322725451622821,ZFP36,posterior_up
GO_Biological_Process_2021,Notch signaling involved in heart development (GO:0061314),1/11,0.3142111344105642,0.7776638198704175,0,0,2.8701337295690936,3.322725451622821,HEY2,posterior_up
GO_Biological_Process_2021,organophosphate catabolic process (GO:0046434),1/11,0.3142111344105642,0.7776638198704175,0,0,2.8701337295690936,3.322725451622821,ENPP2,posterior_up
GO_Biological_Process_2021,positive regulation of cellular respiration (GO:1901857),1/11,0.3142111344105642,0.7776638198704175,0,0,2.8701337295690936,3.322725451622821,NUPR1,posterior_up
GO_Biological_Process_2021,positive regulation of chondrocyte differentiation (GO:0032332),1/11,0.3142111344105642,0.7776638198704175,0,0,2.8701337295690936,3.322725451622821,BMPR1B,posterior_up
GO_Biological_Process_2021,positive regulation of DNA-dependent DNA replication (GO:2000105),1/11,0.3142111344105642,0.7776638198704175,0,0,2.8701337295690936,3.322725451622821,E2F8,posterior_up
GO_Biological_Process_2021,positive regulation of macrophage differentiation (GO:0045651),1/11,0.3142111344105642,0.7776638198704175,0,0,2.8701337295690936,3.322725451622821,ID2,posterior_up
GO_Biological_Process_2021,positive regulation of myelination (GO:0031643),1/11,0.3142111344105642,0.7776638198704175,0,0,2.8701337295690936,3.322725451622821,EGR2,posterior_up
GO_Biological_Process_2021,positive regulation of nitric-oxide synthase biosynthetic process (GO:0051770),1/11,0.3142111344105642,0.7776638198704175,0,0,2.8701337295690936,3.322725451622821,IL33,posterior_up
GO_Biological_Process_2021,positive regulation of posttranscriptional gene silencing (GO:0060148),1/11,0.3142111344105642,0.7776638198704175,0,0,2.8701337295690936,3.322725451622821,ZFP36,posterior_up
GO_Biological_Process_2021,positive regulation of macromolecule metabolic process (GO:0010604),15/384,0.3158670572098694,0.7784904573824379,0,0,1.1693623006032792,1.347612708593103,IL33;SEC16B;PCSK9;FGF1;NGF;FGF3;POU3F3;BMP6;TTN;BMP2;C1QTNF1;CUX2;ID2;HEY2;EMILIN1,posterior_up
GO_Biological_Process_2021,negative regulation of Wnt signaling pathway (GO:0030178),8/191,0.3161509318801853,0.7784904573824379,0,0,1.2565352237483385,1.44694497606949,WWTR1;SFRP1;BMP2;IGFBP4;WIF1;DKK2;NKD1;DACT1,posterior_up
GO_Biological_Process_2021,regulation of keratinocyte differentiation (GO:0045616),2/34,0.3186225910325521,0.7784904573824379,0,0,1.7944568452380951,2.0524063862395496,ZFP36;ETV4,posterior_up
GO_Biological_Process_2021,epithelial tube morphogenesis (GO:0060562),2/34,0.3186225910325521,0.7784904573824379,0,0,1.7944568452380951,2.0524063862395496,PKHD1;MESP1,posterior_up
GO_Biological_Process_2021,female gamete generation (GO:0007292),2/34,0.3186225910325521,0.7784904573824379,0,0,1.7944568452380951,2.0524063862395496,FSHR;PTN,posterior_up
GO_Biological_Process_2021,striated muscle tissue development (GO:0014706),2/34,0.3186225910325521,0.7784904573824379,0,0,1.7944568452380951,2.0524063862395496,PGM5;BMP5,posterior_up
GO_Biological_Process_2021,positive regulation of release of sequestered calcium ion into cytosol (GO:0051281),2/34,0.3186225910325521,0.7784904573824379,0,0,1.7944568452380951,2.0524063862395496,F2R;TRDN,posterior_up
GO_Biological_Process_2021,regulation of cytoskeleton organization (GO:0051493),5/112,0.3262618340765009,0.7784904573824379,0,0,1.3424276713744885,1.5035928898598416,PDGFRB;TRIM36;RND2;EPHA3;RND1,posterior_up
GO_Biological_Process_2021,positive regulation of response to external stimulus (GO:0032103),6/139,0.3276507293873886,0.7784904573824379,0,0,1.2961820719463328,1.4462891424147373,PDGFRB;IL33;MGST2;PTN;BMP6;AGT,posterior_up
GO_Biological_Process_2021,regulation of autophagosome assembly (GO:2000785),2/35,0.3310919604599081,0.7784904573824379,0,0,1.7399891774891776,1.9233128991290311,LRRK2;NUPR1,posterior_up
GO_Biological_Process_2021,blood vessel diameter maintenance (GO:0097746),2/35,0.3310919604599081,0.7784904573824379,0,0,1.7399891774891776,1.9233128991290311,EDNRB;AGT,posterior_up
GO_Biological_Process_2021,regulation of ion transmembrane transport (GO:0034765),2/35,0.3310919604599081,0.7784904573824379,0,0,1.7399891774891776,1.9233128991290311,KCNQ1;KCNJ14,posterior_up
GO_Biological_Process_2021,response to estrogen (GO:0043627),2/35,0.3310919604599081,0.7784904573824379,0,0,1.7399891774891776,1.9233128991290311,CRHBP;SFRP1,posterior_up
GO_Biological_Process_2021,negative regulation of organelle assembly (GO:1902116),2/35,0.3310919604599081,0.7784904573824379,0,0,1.7399891774891776,1.9233128991290311,LRRK2;NUPR1,posterior_up
GO_Biological_Process_2021,negative regulation of T cell proliferation (GO:0042130),2/35,0.3310919604599081,0.7784904573824379,0,0,1.7399891774891776,1.9233128991290311,ARG1;CRTAM,posterior_up
GO_Biological_Process_2021,negative regulation of macromolecule metabolic process (GO:0010605),8/194,0.3312274625348599,0.7784904573824379,0,0,1.2360747844618811,1.365800760937739,SFRP1;BMP2;ID2;HEY2;REL;PCSK9;EMILIN1;ENG,posterior_up
GO_Biological_Process_2021,actin crosslink formation (GO:0051764),1/12,0.3373349009729135,0.7784904573824379,0,0,2.609077401053627,2.835229805458863,GAS2L3,posterior_up
GO_Biological_Process_2021,amino sugar biosynthetic process (GO:0046349),1/12,0.3373349009729135,0.7784904573824379,0,0,2.609077401053627,2.835229805458863,GFPT2,posterior_up
GO_Biological_Process_2021,regulation of actin filament depolymerization (GO:0030834),1/12,0.3373349009729135,0.7784904573824379,0,0,2.609077401053627,2.835229805458863,PLEKHH2,posterior_up
GO_Biological_Process_2021,regulation of B cell apoptotic process (GO:0002902),1/12,0.3373349009729135,0.7784904573824379,0,0,2.609077401053627,2.835229805458863,BTK,posterior_up
GO_Biological_Process_2021,regulation of cell communication by electrical coupling involved in cardiac conduction (GO:1901844),1/12,0.3373349009729135,0.7784904573824379,0,0,2.609077401053627,2.835229805458863,TRDN,posterior_up
GO_Biological_Process_2021,calcium ion-regulated exocytosis of neurotransmitter (GO:0048791),1/12,0.3373349009729135,0.7784904573824379,0,0,2.609077401053627,2.835229805458863,SYT2,posterior_up
GO_Biological_Process_2021,regulation of cholesterol esterification (GO:0010872),1/12,0.3373349009729135,0.7784904573824379,0,0,2.609077401053627,2.835229805458863,AGT,posterior_up
GO_Biological_Process_2021,carnitine metabolic process (GO:0009437),1/12,0.3373349009729135,0.7784904573824379,0,0,2.609077401053627,2.835229805458863,ACADL,posterior_up
GO_Biological_Process_2021,regulation of DNA-dependent DNA replication (GO:0090329),1/12,0.3373349009729135,0.7784904573824379,0,0,2.609077401053627,2.835229805458863,TICRR,posterior_up
GO_Biological_Process_2021,regulation of flagellated sperm motility (GO:1901317),1/12,0.3373349009729135,0.7784904573824379,0,0,2.609077401053627,2.835229805458863,CFAP206,posterior_up
GO_Biological_Process_2021,regulation of glycogen metabolic process (GO:0070873),1/12,0.3373349009729135,0.7784904573824379,0,0,2.609077401053627,2.835229805458863,PPP1R3C,posterior_up
GO_Biological_Process_2021,regulation of hemopoiesis (GO:1903706),1/12,0.3373349009729135,0.7784904573824379,0,0,2.609077401053627,2.835229805458863,PTN,posterior_up
GO_Biological_Process_2021,cGMP metabolic process (GO:0046068),1/12,0.3373349009729135,0.7784904573824379,0,0,2.609077401053627,2.835229805458863,NPPC,posterior_up
GO_Biological_Process_2021,cochlea morphogenesis (GO:0090103),1/12,0.3373349009729135,0.7784904573824379,0,0,2.609077401053627,2.835229805458863,POU3F4,posterior_up
GO_Biological_Process_2021,endoplasmic reticulum membrane organization (GO:0090158),1/12,0.3373349009729135,0.7784904573824379,0,0,2.609077401053627,2.835229805458863,TRDN,posterior_up
GO_Biological_Process_2021,regulation of sensory perception (GO:0051931),1/12,0.3373349009729135,0.7784904573824379,0,0,2.609077401053627,2.835229805458863,F2R,posterior_up
GO_Biological_Process_2021,ethanol oxidation (GO:0006069),1/12,0.3373349009729135,0.7784904573824379,0,0,2.609077401053627,2.835229805458863,ALDH1A1,posterior_up
GO_Biological_Process_2021,eye photoreceptor cell differentiation (GO:0001754),1/12,0.3373349009729135,0.7784904573824379,0,0,2.609077401053627,2.835229805458863,NKD1,posterior_up
GO_Biological_Process_2021,fat-soluble vitamin catabolic process (GO:0042363),1/12,0.3373349009729135,0.7784904573824379,0,0,2.609077401053627,2.835229805458863,CYP26B1,posterior_up
GO_Biological_Process_2021,hemidesmosome assembly (GO:0031581),1/12,0.3373349009729135,0.7784904573824379,0,0,2.609077401053627,2.835229805458863,COL17A1,posterior_up
GO_Biological_Process_2021,lysine catabolic process (GO:0006554),1/12,0.3373349009729135,0.7784904573824379,0,0,2.609077401053627,2.835229805458863,AADAT,posterior_up
GO_Biological_Process_2021,lysine metabolic process (GO:0006553),1/12,0.3373349009729135,0.7784904573824379,0,0,2.609077401053627,2.835229805458863,AADAT,posterior_up
GO_Biological_Process_2021,macrophage chemotaxis (GO:0048246),1/12,0.3373349009729135,0.7784904573824379,0,0,2.609077401053627,2.835229805458863,EDNRB,posterior_up
GO_Biological_Process_2021,thyroid hormone generation (GO:0006590),1/12,0.3373349009729135,0.7784904573824379,0,0,2.609077401053627,2.835229805458863,TPO,posterior_up
GO_Biological_Process_2021,mesoderm morphogenesis (GO:0048332),1/12,0.3373349009729135,0.7784904573824379,0,0,2.609077401053627,2.835229805458863,MESP1,posterior_up
GO_Biological_Process_2021,urogenital system development (GO:0001655),1/12,0.3373349009729135,0.7784904573824379,0,0,2.609077401053627,2.835229805458863,EPHB3,posterior_up
GO_Biological_Process_2021,mitochondrion distribution (GO:0048311),1/12,0.3373349009729135,0.7784904573824379,0,0,2.609077401053627,2.835229805458863,LRRK2,posterior_up
GO_Biological_Process_2021,morphogenesis of a polarized epithelium (GO:0001738),1/12,0.3373349009729135,0.7784904573824379,0,0,2.609077401053627,2.835229805458863,VANGL2,posterior_up
GO_Biological_Process_2021,negative regulation of amyloid fibril formation (GO:1905907),1/12,0.3373349009729135,0.7784904573824379,0,0,2.609077401053627,2.835229805458863,CRYAB,posterior_up
GO_Biological_Process_2021,negative regulation of cell division (GO:0051782),1/12,0.3373349009729135,0.7784904573824379,0,0,2.609077401053627,2.835229805458863,E2F8,posterior_up
GO_Biological_Process_2021,negative regulation of cellular response to vascular endothelial growth factor stimulus (GO:1902548),1/12,0.3373349009729135,0.7784904573824379,0,0,2.609077401053627,2.835229805458863,SEMA6A,posterior_up
GO_Biological_Process_2021,negative regulation of complement activation (GO:0045916),1/12,0.3373349009729135,0.7784904573824379,0,0,2.609077401053627,2.835229805458863,CR2,posterior_up
GO_Biological_Process_2021,negative regulation of fatty acid biosynthetic process (GO:0045717),1/12,0.3373349009729135,0.7784904573824379,0,0,2.609077401053627,2.835229805458863,ACADL,posterior_up
GO_Biological_Process_2021,negative regulation of hemostasis (GO:1900047),1/12,0.3373349009729135,0.7784904573824379,0,0,2.609077401053627,2.835229805458863,PROC,posterior_up
GO_Biological_Process_2021,negative regulation of release of sequestered calcium ion into cytosol (GO:0051280),1/12,0.3373349009729135,0.7784904573824379,0,0,2.609077401053627,2.835229805458863,TRDN,posterior_up
GO_Biological_Process_2021,negative regulation of ryanodine-sensitive calcium-release channel activity (GO:0060315),1/12,0.3373349009729135,0.7784904573824379,0,0,2.609077401053627,2.835229805458863,TRDN,posterior_up
GO_Biological_Process_2021,negative regulation of vascular permeability (GO:0043116),1/12,0.3373349009729135,0.7784904573824379,0,0,2.609077401053627,2.835229805458863,PDE3A,posterior_up
GO_Biological_Process_2021,nonribosomal peptide biosynthetic process (GO:0019184),1/12,0.3373349009729135,0.7784904573824379,0,0,2.609077401053627,2.835229805458863,MGST2,posterior_up
GO_Biological_Process_2021,nucleotide-sugar metabolic process (GO:0009225),1/12,0.3373349009729135,0.7784904573824379,0,0,2.609077401053627,2.835229805458863,GFPT2,posterior_up
GO_Biological_Process_2021,poly-N-acetyllactosamine biosynthetic process (GO:0030311),1/12,0.3373349009729135,0.7784904573824379,0,0,2.609077401053627,2.835229805458863,B3GNT8,posterior_up
GO_Biological_Process_2021,positive regulation of branching involved in ureteric bud morphogenesis (GO:0090190),1/12,0.3373349009729135,0.7784904573824379,0,0,2.609077401053627,2.835229805458863,AGT,posterior_up
GO_Biological_Process_2021,positive regulation of cardiocyte differentiation (GO:1905209),1/12,0.3373349009729135,0.7784904573824379,0,0,2.609077401053627,2.835229805458863,MYOCD,posterior_up
GO_Biological_Process_2021,positive regulation of cellular senescence (GO:2000774),1/12,0.3373349009729135,0.7784904573824379,0,0,2.609077401053627,2.835229805458863,ARG2,posterior_up
GO_Biological_Process_2021,positive regulation of metaphase/anaphase transition of cell cycle (GO:1902101),1/12,0.3373349009729135,0.7784904573824379,0,0,2.609077401053627,2.835229805458863,DLGAP5,posterior_up
GO_Biological_Process_2021,positive regulation of mitotic metaphase/anaphase transition (GO:0045842),1/12,0.3373349009729135,0.7784904573824379,0,0,2.609077401053627,2.835229805458863,DLGAP5,posterior_up
GO_Biological_Process_2021,positive regulation of mitotic sister chromatid separation (GO:1901970),1/12,0.3373349009729135,0.7784904573824379,0,0,2.609077401053627,2.835229805458863,DLGAP5,posterior_up
GO_Biological_Process_2021,presynapse organization (GO:0099172),1/12,0.3373349009729135,0.7784904573824379,0,0,2.609077401053627,2.835229805458863,FZD1,posterior_up
GO_Biological_Process_2021,protein localization to condensed chromosome (GO:1903083),1/12,0.3373349009729135,0.7784904573824379,0,0,2.609077401053627,2.835229805458863,MTBP,posterior_up
GO_Biological_Process_2021,regulation of cardiac muscle contraction (GO:0055117),2/36,0.3434960264772189,0.7784904573824379,0,0,1.6887254901960784,1.8045378370354437,KCNQ1;TNNI3,posterior_up
GO_Biological_Process_2021,regulation of cell cycle G1/S phase transition (GO:1902806),2/36,0.3434960264772189,0.7784904573824379,0,0,1.6887254901960784,1.8045378370354437,MN1;ID2,posterior_up
GO_Biological_Process_2021,regulation of microtubule-based process (GO:0032886),2/36,0.3434960264772189,0.7784904573824379,0,0,1.6887254901960784,1.8045378370354437,TRIM36;EPHA3,posterior_up
GO_Biological_Process_2021,dendrite morphogenesis (GO:0048813),2/36,0.3434960264772189,0.7784904573824379,0,0,1.6887254901960784,1.8045378370354437,PTN;EPHB3,posterior_up
GO_Biological_Process_2021,regulation of osteoclast differentiation (GO:0045670),2/36,0.3434960264772189,0.7784904573824379,0,0,1.6887254901960784,1.8045378370354437,UBASH3B;CARTPT,posterior_up
GO_Biological_Process_2021,embryonic limb morphogenesis (GO:0030326),2/36,0.3434960264772189,0.7784904573824379,0,0,1.6887254901960784,1.8045378370354437,CYP26B1;MAP3K20,posterior_up
GO_Biological_Process_2021,endoderm formation (GO:0001706),2/36,0.3434960264772189,0.7784904573824379,0,0,1.6887254901960784,1.8045378370354437,COL11A1;COL12A1,posterior_up
GO_Biological_Process_2021,regulation of receptor internalization (GO:0002090),2/36,0.3434960264772189,0.7784904573824379,0,0,1.6887254901960784,1.8045378370354437,PCSK9;RSPO1,posterior_up
GO_Biological_Process_2021,positive regulation of mitotic nuclear division (GO:0045840),2/36,0.3434960264772189,0.7784904573824379,0,0,1.6887254901960784,1.8045378370354437,PDGFRB;DLGAP5,posterior_up
GO_Biological_Process_2021,regulation of establishment of planar polarity (GO:0090175),4/88,0.3448705740076549,0.7784904573824379,0,0,1.3675906183368869,1.4559179356118026,PKHD1;FZD1;VANGL2;DACT1,posterior_up
GO_Biological_Process_2021,sensory perception of mechanical stimulus (GO:0050954),4/88,0.3448705740076549,0.7784904573824379,0,0,1.3675906183368869,1.4559179356118026,KCNQ1;COL11A1;PIEZO2;POU3F4,posterior_up
GO_Biological_Process_2021,negative regulation of binding (GO:0051100),4/88,0.3448705740076549,0.7784904573824379,0,0,1.3675906183368869,1.4559179356118026,LRRK2;ARHGAP28;IFIT2;DACT1,posterior_up
GO_Biological_Process_2021,negative regulation of kinase activity (GO:0033673),3/62,0.3479206332217944,0.7784904573824379,0,0,1.4600267751142997,1.541468369036832,WWTR1;DEPTOR;UBASH3B,posterior_up
GO_Biological_Process_2021,regulation of canonical Wnt signaling pathway (GO:0060828),10/253,0.3489081275026671,0.7784904573824379,0,0,1.1826937379146214,1.2453133932436615,WWTR1;SFRP1;BMP2;IGFBP4;LRRK2;RSPO1;LGR5;DKK2;NKD1;DACT1,posterior_up
GO_Biological_Process_2021,regulation of signal transduction (GO:0009966),8/198,0.3515049040367349,0.7784904573824379,0,0,1.2097992729571676,1.2648833889974629,RGS4;WWTR1;ADCYAP1;UBASH3B;IGFBP4;DOK5;LRRK2;GAS1,posterior_up
GO_Biological_Process_2021,regulation of intracellular pH (GO:0051453),2/37,0.3558250369060393,0.7784904573824379,0,0,1.640391156462585,1.6950426551069329,LRRK2;CFTR,posterior_up
GO_Biological_Process_2021,regulation of microtubule cytoskeleton organization (GO:0070507),2/37,0.3558250369060393,0.7784904573824379,0,0,1.640391156462585,1.6950426551069329,TRIM36;EPHA3,posterior_up
GO_Biological_Process_2021,regulation of transport (GO:0051049),2/37,0.3558250369060393,0.7784904573824379,0,0,1.640391156462585,1.6950426551069329,LRRK2;WWC1,posterior_up
GO_Biological_Process_2021,negative regulation of epithelial cell apoptotic process (GO:1904036),2/37,0.3558250369060393,0.7784904573824379,0,0,1.640391156462585,1.6950426551069329,PKHD1;NUPR1,posterior_up
GO_Biological_Process_2021,negative regulation of G1/S transition of mitotic cell cycle (GO:2000134),2/37,0.3558250369060393,0.7784904573824379,0,0,1.640391156462585,1.6950426551069329,NACC2;DACT1,posterior_up
GO_Biological_Process_2021,positive regulation of calcium ion transport (GO:0051928),2/37,0.3558250369060393,0.7784904573824379,0,0,1.640391156462585,1.6950426551069329,PDGFRB;F2R,posterior_up
GO_Biological_Process_2021,negative regulation of cellular process (GO:0048523),21/566,0.356630230131136,0.7784904573824379,0,0,1.1082259718729366,1.142642820358535,MINAR1;MYOCD;HPGD;F2R;TDRD9;LDOC1;NGF;KLK8;BMP5;RND1;PKHD1;NR4A1;SFRP1;BMP2;ADAMTS1;ERBB4;NACC2;CD9;EMILIN1;NUPR1;CRYAB,posterior_up
GO_Biological_Process_2021,actin cytoskeleton reorganization (GO:0031532),3/63,0.357188945014726,0.7784904573824379,0,0,1.435618479880775,1.4779554136203576,EFS;GAB1;THSD7A,posterior_up
GO_Biological_Process_2021,purine ribonucleoside triphosphate metabolic process (GO:0009205),1/13,0.3596800854782679,0.7784904573824379,0,0,2.3915304606240713,2.445436260474371,LRRK2,posterior_up
GO_Biological_Process_2021,atrial cardiac muscle cell action potential (GO:0086014),1/13,0.3596800854782679,0.7784904573824379,0,0,2.3915304606240713,2.445436260474371,KCNQ1,posterior_up
GO_Biological_Process_2021,regulation of cell communication by electrical coupling (GO:0010649),1/13,0.3596800854782679,0.7784904573824379,0,0,2.3915304606240713,2.445436260474371,TRDN,posterior_up
GO_Biological_Process_2021,cardiac right ventricle morphogenesis (GO:0003215),1/13,0.3596800854782679,0.7784904573824379,0,0,2.3915304606240713,2.445436260474371,HEY2,posterior_up
GO_Biological_Process_2021,regulation of fibrinolysis (GO:0051917),1/13,0.3596800854782679,0.7784904573824379,0,0,2.3915304606240713,2.445436260474371,KLKB1,posterior_up
GO_Biological_Process_2021,regulation of histone modification (GO:0031056),1/13,0.3596800854782679,0.7784904573824379,0,0,2.3915304606240713,2.445436260474371,MYOCD,posterior_up
GO_Biological_Process_2021,regulation of lysosomal lumen pH (GO:0035751),1/13,0.3596800854782679,0.7784904573824379,0,0,2.3915304606240713,2.445436260474371,LRRK2,posterior_up
GO_Biological_Process_2021,regulation of membrane repolarization (GO:0060306),1/13,0.3596800854782679,0.7784904573824379,0,0,2.3915304606240713,2.445436260474371,KCNQ1,posterior_up
GO_Biological_Process_2021,regulation of mRNA metabolic process (GO:1903311),1/13,0.3596800854782679,0.7784904573824379,0,0,2.3915304606240713,2.445436260474371,SRPK3,posterior_up
GO_Biological_Process_2021,embryonic appendage morphogenesis (GO:0035113),1/13,0.3596800854782679,0.7784904573824379,0,0,2.3915304606240713,2.445436260474371,CYP26B1,posterior_up
GO_Biological_Process_2021,embryonic hemopoiesis (GO:0035162),1/13,0.3596800854782679,0.7784904573824379,0,0,2.3915304606240713,2.445436260474371,TPO,posterior_up
GO_Biological_Process_2021,endochondral bone morphogenesis (GO:0060350),1/13,0.3596800854782679,0.7784904573824379,0,0,2.3915304606240713,2.445436260474371,BMPR1B,posterior_up
GO_Biological_Process_2021,regulation of protein exit from endoplasmic reticulum (GO:0070861),1/13,0.3596800854782679,0.7784904573824379,0,0,2.3915304606240713,2.445436260474371,SEC16B,posterior_up
GO_Biological_Process_2021,regulation of response to stress (GO:0080134),1/13,0.3596800854782679,0.7784904573824379,0,0,2.3915304606240713,2.445436260474371,CRHBP,posterior_up
GO_Biological_Process_2021,glucan biosynthetic process (GO:0009250),1/13,0.3596800854782679,0.7784904573824379,0,0,2.3915304606240713,2.445436260474371,PPP1R3C,posterior_up
GO_Biological_Process_2021,glycogen biosynthetic process (GO:0005978),1/13,0.3596800854782679,0.7784904573824379,0,0,2.3915304606240713,2.445436260474371,PPP1R3C,posterior_up
GO_Biological_Process_2021,response to interleukin-6 (GO:0070741),1/13,0.3596800854782679,0.7784904573824379,0,0,2.3915304606240713,2.445436260474371,ST3GAL6,posterior_up
GO_Biological_Process_2021,response to iron ion (GO:0010039),1/13,0.3596800854782679,0.7784904573824379,0,0,2.3915304606240713,2.445436260474371,BMP6,posterior_up
GO_Biological_Process_2021,response to UV-B (GO:0010224),1/13,0.3596800854782679,0.7784904573824379,0,0,2.3915304606240713,2.445436260474371,MFAP4,posterior_up
GO_Biological_Process_2021,homeostasis of number of cells (GO:0048872),1/13,0.3596800854782679,0.7784904573824379,0,0,2.3915304606240713,2.445436260474371,F2R,posterior_up
GO_Biological_Process_2021,semaphorin-plexin signaling pathway involved in neuron projection guidance (GO:1902285),1/13,0.3596800854782679,0.7784904573824379,0,0,2.3915304606240713,2.445436260474371,SEMA3A,posterior_up
GO_Biological_Process_2021,kinetochore organization (GO:0051383),1/13,0.3596800854782679,0.7784904573824379,0,0,2.3915304606240713,2.445436260474371,DLGAP5,posterior_up
GO_Biological_Process_2021,synaptic vesicle localization (GO:0097479),1/13,0.3596800854782679,0.7784904573824379,0,0,2.3915304606240713,2.445436260474371,SYNDIG1,posterior_up
GO_Biological_Process_2021,UDP-N-acetylglucosamine metabolic process (GO:0006047),1/13,0.3596800854782679,0.7784904573824379,0,0,2.3915304606240713,2.445436260474371,GFPT2,posterior_up
GO_Biological_Process_2021,negative regulation of adenylate cyclase activity (GO:0007194),1/13,0.3596800854782679,0.7784904573824379,0,0,2.3915304606240713,2.445436260474371,EDNRB,posterior_up
GO_Biological_Process_2021,negative regulation of hippo signaling (GO:0035331),1/13,0.3596800854782679,0.7784904573824379,0,0,2.3915304606240713,2.445436260474371,WWC1,posterior_up
GO_Biological_Process_2021,negative regulation of hydrogen peroxide-induced cell death (GO:1903206),1/13,0.3596800854782679,0.7784904573824379,0,0,2.3915304606240713,2.445436260474371,LRRK2,posterior_up
GO_Biological_Process_2021,negative regulation of mononuclear cell migration (GO:0071676),1/13,0.3596800854782679,0.7784904573824379,0,0,2.3915304606240713,2.445436260474371,BMP5,posterior_up
GO_Biological_Process_2021,negative regulation of vascular endothelial growth factor receptor signaling pathway (GO:0030948),1/13,0.3596800854782679,0.7784904573824379,0,0,2.3915304606240713,2.445436260474371,EMILIN1,posterior_up
GO_Biological_Process_2021,pathway-restricted SMAD protein phosphorylation (GO:0060389),1/13,0.3596800854782679,0.7784904573824379,0,0,2.3915304606240713,2.445436260474371,BMP2,posterior_up
GO_Biological_Process_2021,plasma membrane repair (GO:0001778),1/13,0.3596800854782679,0.7784904573824379,0,0,2.3915304606240713,2.445436260474371,MYOF,posterior_up
GO_Biological_Process_2021,poly-N-acetyllactosamine metabolic process (GO:0030309),1/13,0.3596800854782679,0.7784904573824379,0,0,2.3915304606240713,2.445436260474371,B3GNT8,posterior_up
GO_Biological_Process_2021,positive regulation of calcineurin-mediated signaling (GO:0106058),1/13,0.3596800854782679,0.7784904573824379,0,0,2.3915304606240713,2.445436260474371,LMCD1,posterior_up
GO_Biological_Process_2021,positive regulation of calcineurin-NFAT signaling cascade (GO:0070886),1/13,0.3596800854782679,0.7784904573824379,0,0,2.3915304606240713,2.445436260474371,LMCD1,posterior_up
GO_Biological_Process_2021,positive regulation of calcium ion import (GO:0090280),1/13,0.3596800854782679,0.7784904573824379,0,0,2.3915304606240713,2.445436260474371,PDGFRB,posterior_up
GO_Biological_Process_2021,positive regulation of cell aging (GO:0090343),1/13,0.3596800854782679,0.7784904573824379,0,0,2.3915304606240713,2.445436260474371,ARG2,posterior_up
GO_Biological_Process_2021,positive regulation of mRNA metabolic process (GO:1903313),1/13,0.3596800854782679,0.7784904573824379,0,0,2.3915304606240713,2.445436260474371,ZC3HAV1,posterior_up
GO_Biological_Process_2021,positive regulation of nuclear-transcribed mRNA poly(A) tail shortening (GO:0060213),1/13,0.3596800854782679,0.7784904573824379,0,0,2.3915304606240713,2.445436260474371,ZFP36,posterior_up
GO_Biological_Process_2021,positive regulation of protein exit from endoplasmic reticulum (GO:0070863),1/13,0.3596800854782679,0.7784904573824379,0,0,2.3915304606240713,2.445436260474371,SEC16B,posterior_up
GO_Biological_Process_2021,positive regulation of steroid metabolic process (GO:0045940),1/13,0.3596800854782679,0.7784904573824379,0,0,2.3915304606240713,2.445436260474371,AGT,posterior_up
GO_Biological_Process_2021,positive regulation of transporter activity (GO:0032411),1/13,0.3596800854782679,0.7784904573824379,0,0,2.3915304606240713,2.445436260474371,SGK1,posterior_up
GO_Biological_Process_2021,protein localization to mitochondrion (GO:0070585),1/13,0.3596800854782679,0.7784904573824379,0,0,2.3915304606240713,2.445436260474371,LRRK2,posterior_up
GO_Biological_Process_2021,positive regulation of binding (GO:0051099),4/90,0.3602653978585665,0.7789995240382027,0,0,1.335647344671989,1.3635814777641275,BMP2;LRRK2;NGF;DACT1,posterior_up
GO_Biological_Process_2021,protein secretion (GO:0009306),3/64,0.3664389741072341,0.7891461629889046,0,0,1.41201045662212,1.4175501710666183,RAB3C;ADCYAP1;MAFA,posterior_up
GO_Biological_Process_2021,regulation of actin cytoskeleton organization (GO:0032956),4/91,0.3679605082931032,0.7891461629889046,0,0,1.3202264539372106,1.319935556550973,PDGFRB;RND2;EPHA3;RND1,posterior_up
GO_Biological_Process_2021,sensory perception of sound (GO:0007605),4/91,0.3679605082931032,0.7891461629889046,0,0,1.3202264539372106,1.319935556550973,TMC1;KCNQ1;COL11A1;POU3F4,posterior_up
GO_Biological_Process_2021,response to estradiol (GO:0032355),2/38,0.3680699689054335,0.7891461629889046,0,0,1.5947420634920637,1.5939163475004876,CRHBP;SFRP1,posterior_up
GO_Biological_Process_2021,ventricular septum development (GO:0003281),2/38,0.3680699689054335,0.7891461629889046,0,0,1.5947420634920637,1.5939163475004876,ROBO2;HEY2,posterior_up
GO_Biological_Process_2021,regulation of cell-matrix adhesion (GO:0001952),3/65,0.3756660134851541,0.7891461629889046,0,0,1.3891639825008413,1.360067654411179,PKHD1;SFRP1;EPHA3,posterior_up
GO_Biological_Process_2021,positive regulation of cytosolic calcium ion concentration (GO:0007204),6/147,0.3757391120169353,0.7891461629889046,0,0,1.2221302076697669,1.1962946530373229,ADCYAP1;C1QTNF1;F2R;HTR2C;ACKR2;ADRA1B,posterior_up
GO_Biological_Process_2021,cytoskeleton organization (GO:0007010),5/120,0.3798926312943992,0.7891461629889046,0,0,1.2485214791707286,1.2084022583135623,SEMA6A;MAST4;RND2;NECTIN2;RND1,posterior_up
GO_Biological_Process_2021,cellular response to ketone (GO:1901655),2/39,0.3802224912071137,0.7891461629889046,0,0,1.551560489060489,1.5003569672432155,SFRP1;CFTR,posterior_up
GO_Biological_Process_2021,negative regulation of cellular metabolic process (GO:0031324),2/39,0.3802224912071137,0.7891461629889046,0,0,1.551560489060489,1.5003569672432155,EDNRB;PCSK9,posterior_up
GO_Biological_Process_2021,negative regulation of protein secretion (GO:0050709),2/39,0.3802224912071137,0.7891461629889046,0,0,1.551560489060489,1.5003569672432155,SFRP1;F2R,posterior_up
GO_Biological_Process_2021,2-oxoglutarate metabolic process (GO:0006103),1/14,0.3812728652643022,0.7891461629889046,0,0,2.207452280260602,2.1285137390268476,AADAT,posterior_up
GO_Biological_Process_2021,atrial septum development (GO:0003283),1/14,0.3812728652643022,0.7891461629889046,0,0,2.207452280260602,2.1285137390268476,HEY2,posterior_up
GO_Biological_Process_2021,atrioventricular valve development (GO:0003171),1/14,0.3812728652643022,0.7891461629889046,0,0,2.207452280260602,2.1285137390268476,BMP2,posterior_up
GO_Biological_Process_2021,branching involved in blood vessel morphogenesis (GO:0001569),1/14,0.3812728652643022,0.7891461629889046,0,0,2.207452280260602,2.1285137390268476,ENG,posterior_up
GO_Biological_Process_2021,cell junction maintenance (GO:0034331),1/14,0.3812728652643022,0.7891461629889046,0,0,2.207452280260602,2.1285137390268476,F2R,posterior_up
GO_Biological_Process_2021,cellular response to low-density lipoprotein particle stimulus (GO:0071404),1/14,0.3812728652643022,0.7891461629889046,0,0,2.207452280260602,2.1285137390268476,CD9,posterior_up
GO_Biological_Process_2021,ceramide transport (GO:0035627),1/14,0.3812728652643022,0.7891461629889046,0,0,2.207452280260602,2.1285137390268476,PLTP,posterior_up
GO_Biological_Process_2021,regulation of nitric-oxide synthase biosynthetic process (GO:0051769),1/14,0.3812728652643022,0.7891461629889046,0,0,2.207452280260602,2.1285137390268476,IL33,posterior_up
GO_Biological_Process_2021,regulation of response to endoplasmic reticulum stress (GO:1905897),1/14,0.3812728652643022,0.7891461629889046,0,0,2.207452280260602,2.1285137390268476,NUPR1,posterior_up
GO_Biological_Process_2021,regulation of retinoic acid receptor signaling pathway (GO:0048385),1/14,0.3812728652643022,0.7891461629889046,0,0,2.207452280260602,2.1285137390268476,CYP26B1,posterior_up
GO_Biological_Process_2021,regulation of sensory perception of pain (GO:0051930),1/14,0.3812728652643022,0.7891461629889046,0,0,2.207452280260602,2.1285137390268476,F2R,posterior_up
GO_Biological_Process_2021,regulation of vasculogenesis (GO:2001212),1/14,0.3812728652643022,0.7891461629889046,0,0,2.207452280260602,2.1285137390268476,HEY2,posterior_up
GO_Biological_Process_2021,response to UV-A (GO:0070141),1/14,0.3812728652643022,0.7891461629889046,0,0,2.207452280260602,2.1285137390268476,OPN5,posterior_up
GO_Biological_Process_2021,intestinal absorption (GO:0050892),1/14,0.3812728652643022,0.7891461629889046,0,0,2.207452280260602,2.1285137390268476,KCNQ1,posterior_up
GO_Biological_Process_2021,secondary palate development (GO:0062009),1/14,0.3812728652643022,0.7891461629889046,0,0,2.207452280260602,2.1285137390268476,LRRC32,posterior_up
GO_Biological_Process_2021,secretion (GO:0046903),1/14,0.3812728652643022,0.7891461629889046,0,0,2.207452280260602,2.1285137390268476,FBLN5,posterior_up
GO_Biological_Process_2021,low-density lipoprotein particle remodeling (GO:0034374),1/14,0.3812728652643022,0.7891461629889046,0,0,2.207452280260602,2.1285137390268476,AGT,posterior_up
GO_Biological_Process_2021,manganese ion transport (GO:0006828),1/14,0.3812728652643022,0.7891461629889046,0,0,2.207452280260602,2.1285137390268476,TRPC4,posterior_up
GO_Biological_Process_2021,thymus development (GO:0048538),1/14,0.3812728652643022,0.7891461629889046,0,0,2.207452280260602,2.1285137390268476,EPHB3,posterior_up
GO_Biological_Process_2021,membrane repolarization during action potential (GO:0086011),1/14,0.3812728652643022,0.7891461629889046,0,0,2.207452280260602,2.1285137390268476,KCNQ1,posterior_up
GO_Biological_Process_2021,vascular endothelial growth factor signaling pathway (GO:0038084),1/14,0.3812728652643022,0.7891461629889046,0,0,2.207452280260602,2.1285137390268476,GAB1,posterior_up
GO_Biological_Process_2021,negative regulation of cell migration involved in sprouting angiogenesis (GO:0090051),1/14,0.3812728652643022,0.7891461629889046,0,0,2.207452280260602,2.1285137390268476,CARD10,posterior_up
GO_Biological_Process_2021,negative regulation of coagulation (GO:0050819),1/14,0.3812728652643022,0.7891461629889046,0,0,2.207452280260602,2.1285137390268476,PROC,posterior_up
GO_Biological_Process_2021,negative regulation of cyclase activity (GO:0031280),1/14,0.3812728652643022,0.7891461629889046,0,0,2.207452280260602,2.1285137390268476,EDNRB,posterior_up
GO_Biological_Process_2021,negative regulation of TORC1 signaling (GO:1904262),1/14,0.3812728652643022,0.7891461629889046,0,0,2.207452280260602,2.1285137390268476,SPAAR,posterior_up
GO_Biological_Process_2021,negative regulation of viral transcription (GO:0032897),1/14,0.3812728652643022,0.7891461629889046,0,0,2.207452280260602,2.1285137390268476,ZFP36,posterior_up
GO_Biological_Process_2021,neurotransmitter biosynthetic process (GO:0042136),1/14,0.3812728652643022,0.7891461629889046,0,0,2.207452280260602,2.1285137390268476,DBH,posterior_up
GO_Biological_Process_2021,nucleoside phosphate catabolic process (GO:1901292),1/14,0.3812728652643022,0.7891461629889046,0,0,2.207452280260602,2.1285137390268476,ENTPD1,posterior_up
GO_Biological_Process_2021,positive regulation of cardiac muscle cell proliferation (GO:0060045),1/14,0.3812728652643022,0.7891461629889046,0,0,2.207452280260602,2.1285137390268476,ERBB4,posterior_up
GO_Biological_Process_2021,positive regulation of glycoprotein biosynthetic process (GO:0010560),1/14,0.3812728652643022,0.7891461629889046,0,0,2.207452280260602,2.1285137390268476,IL33,posterior_up
GO_Biological_Process_2021,positive regulation of insulin secretion involved in cellular response to glucose stimulus (GO:0035774),1/14,0.3812728652643022,0.7891461629889046,0,0,2.207452280260602,2.1285137390268476,CFTR,posterior_up
GO_Biological_Process_2021,positive regulation of SMAD protein signal transduction (GO:0060391),1/14,0.3812728652643022,0.7891461629889046,0,0,2.207452280260602,2.1285137390268476,BMP6,posterior_up
GO_Biological_Process_2021,positive regulation of T cell receptor signaling pathway (GO:0050862),1/14,0.3812728652643022,0.7891461629889046,0,0,2.207452280260602,2.1285137390268476,NECTIN2,posterior_up
GO_Biological_Process_2021,potassium ion export across plasma membrane (GO:0097623),1/14,0.3812728652643022,0.7891461629889046,0,0,2.207452280260602,2.1285137390268476,KCNQ1,posterior_up
GO_Biological_Process_2021,protein localization to kinetochore (GO:0034501),1/14,0.3812728652643022,0.7891461629889046,0,0,2.207452280260602,2.1285137390268476,MTBP,posterior_up
GO_Biological_Process_2021,embryonic organ development (GO:0048568),3/66,0.3848655386058299,0.7948613776523799,0,0,1.3670427932723015,1.3053361986867111,TPO;SOX18;HEY2,posterior_up
GO_Biological_Process_2021,positive regulation of developmental process (GO:0051094),7/177,0.3878938642108814,0.7948613776523799,0,0,1.1825734191727666,1.1199248451907555,ALK;BMP2;FST;ENPP2;PTN;BMPR1B;BMP5,posterior_up
GO_Biological_Process_2021,positive regulation of epithelial cell migration (GO:0010634),4/94,0.3910017304036305,0.7948613776523799,0,0,1.2760199004975123,1.1982379298349817,DOCK5;ENPP2;FGF1;AGT,posterior_up
GO_Biological_Process_2021,digestive tract development (GO:0048565),2/40,0.3922749277930448,0.7948613776523799,0,0,1.5106516290726817,1.4136562207938828,EDNRB;EPHB3,posterior_up
GO_Biological_Process_2021,regulation of sodium ion transmembrane transporter activity (GO:2000649),2/40,0.3922749277930448,0.7948613776523799,0,0,1.5106516290726817,1.4136562207938828,PCSK9;FGF11,posterior_up
GO_Biological_Process_2021,fatty acid derivative biosynthetic process (GO:1901570),2/40,0.3922749277930448,0.7948613776523799,0,0,1.5106516290726817,1.4136562207938828,HPGD;PAM,posterior_up
GO_Biological_Process_2021,stem cell differentiation (GO:0048863),2/40,0.3922749277930448,0.7948613776523799,0,0,1.5106516290726817,1.4136562207938828,SFRP1;MEOX1,posterior_up
GO_Biological_Process_2021,lymphocyte migration (GO:0072676),2/40,0.3922749277930448,0.7948613776523799,0,0,1.5106516290726817,1.4136562207938828,CRTAM;CCL17,posterior_up
GO_Biological_Process_2021,sulfur compound catabolic process (GO:0044273),2/40,0.3922749277930448,0.7948613776523799,0,0,1.5106516290726817,1.4136562207938828,PRELP;FMOD,posterior_up
GO_Biological_Process_2021,positive regulation of intrinsic apoptotic signaling pathway (GO:2001244),2/40,0.3922749277930448,0.7948613776523799,0,0,1.5106516290726817,1.4136562207938828,NACC2;NUPR1,posterior_up
GO_Biological_Process_2021,potassium ion transport (GO:0006813),5/122,0.3933184247366412,0.7948613776523799,0,0,1.227051473688245,1.145005602245132,KCNH5;KCNQ1;KCNJ14;KCNAB3;KCNK2,posterior_up
GO_Biological_Process_2021,cellular response to organic cyclic compound (GO:0071407),6/150,0.3938511810855586,0.7948613776523799,0,0,1.1964820359281436,1.114860608679214,CRHBP;SFRP1;KCNQ1;LRRK2;PDE3A;CFTR,posterior_up
GO_Biological_Process_2021,regulation of immune response (GO:0050776),7/179,0.3989558452649979,0.7948613776523799,0,0,1.168700533454203,1.0739242164055045,COL17A1;TREML1;CRTAM;TREML2;SLAMF6;PDCD1;NECTIN2,posterior_up
GO_Biological_Process_2021,negative regulation of cell population proliferation (GO:0008285),14/379,0.4012108260336428,0.7948613776523799,0,0,1.101926110419261,1.0063541185103428,MINAR1;MYOCD;F2R;LDOC1;NGF;BMP5;MN1;SFRP1;BMP2;ADAMTS1;ERBB4;NACC2;NUPR1;BMPR1B,posterior_up
GO_Biological_Process_2021,aflatoxin metabolic process (GO:0046222),1/15,0.4021385387446713,0.7948613776523799,0,0,2.049670982806198,1.8671654622272211,MGST2,posterior_up
GO_Biological_Process_2021,regulation of amyloid fibril formation (GO:1905906),1/15,0.4021385387446713,0.7948613776523799,0,0,2.049670982806198,1.8671654622272211,CRYAB,posterior_up
GO_Biological_Process_2021,regulation of branching involved in ureteric bud morphogenesis (GO:0090189),1/15,0.4021385387446713,0.7948613776523799,0,0,2.049670982806198,1.8671654622272211,AGT,posterior_up
GO_Biological_Process_2021,regulation of endothelial cell chemotaxis (GO:2001026),1/15,0.4021385387446713,0.7948613776523799,0,0,2.049670982806198,1.8671654622272211,FGF1,posterior_up
GO_Biological_Process_2021,regulation of extracellular matrix organization (GO:1903053),1/15,0.4021385387446713,0.7948613776523799,0,0,2.049670982806198,1.8671654622272211,AGT,posterior_up
GO_Biological_Process_2021,regulation of lymphocyte activation (GO:0051249),1/15,0.4021385387446713,0.7948613776523799,0,0,2.049670982806198,1.8671654622272211,CRTAM,posterior_up
GO_Biological_Process_2021,regulation of macrophage differentiation (GO:0045649),1/15,0.4021385387446713,0.7948613776523799,0,0,2.049670982806198,1.8671654622272211,ID2,posterior_up
GO_Biological_Process_2021,"regulation of nuclear-transcribed mRNA catabolic process, deadenylation-dependent decay (GO:1900151)",1/15,0.4021385387446713,0.7948613776523799,0,0,2.049670982806198,1.8671654622272211,ZFP36,posterior_up
GO_Biological_Process_2021,regulation of nuclear-transcribed mRNA poly(A) tail shortening (GO:0060211),1/15,0.4021385387446713,0.7948613776523799,0,0,2.049670982806198,1.8671654622272211,ZFP36,posterior_up
GO_Biological_Process_2021,regulation of phospholipase C activity (GO:1900274),1/15,0.4021385387446713,0.7948613776523799,0,0,2.049670982806198,1.8671654622272211,PDGFRB,posterior_up
GO_Biological_Process_2021,engulfment of apoptotic cell (GO:0043652),1/15,0.4021385387446713,0.7948613776523799,0,0,2.049670982806198,1.8671654622272211,MEGF10,posterior_up
GO_Biological_Process_2021,"regulation of synaptic transmission, GABAergic (GO:0032228)",1/15,0.4021385387446713,0.7948613776523799,0,0,2.049670982806198,1.8671654622272211,NPAS4,posterior_up
GO_Biological_Process_2021,GTP metabolic process (GO:0046039),1/15,0.4021385387446713,0.7948613776523799,0,0,2.049670982806198,1.8671654622272211,LRRK2,posterior_up
GO_Biological_Process_2021,response to muscle stretch (GO:0035994),1/15,0.4021385387446713,0.7948613776523799,0,0,2.049670982806198,1.8671654622272211,TTN,posterior_up
GO_Biological_Process_2021,icosanoid biosynthetic process (GO:0046456),1/15,0.4021385387446713,0.7948613776523799,0,0,2.049670982806198,1.8671654622272211,MGST2,posterior_up
GO_Biological_Process_2021,lipoxygenase pathway (GO:0019372),1/15,0.4021385387446713,0.7948613776523799,0,0,2.049670982806198,1.8671654622272211,HPGD,posterior_up
GO_Biological_Process_2021,superoxide anion generation (GO:0042554),1/15,0.4021385387446713,0.7948613776523799,0,0,2.049670982806198,1.8671654622272211,NOX3,posterior_up
GO_Biological_Process_2021,macrophage migration (GO:1905517),1/15,0.4021385387446713,0.7948613776523799,0,0,2.049670982806198,1.8671654622272211,EDNRB,posterior_up
GO_Biological_Process_2021,T cell proliferation (GO:0042098),1/15,0.4021385387446713,0.7948613776523799,0,0,2.049670982806198,1.8671654622272211,CRTAM,posterior_up
GO_Biological_Process_2021,membrane repolarization during cardiac muscle cell action potential (GO:0086013),1/15,0.4021385387446713,0.7948613776523799,0,0,2.049670982806198,1.8671654622272211,KCNQ1,posterior_up
GO_Biological_Process_2021,mycotoxin metabolic process (GO:0043385),1/15,0.4021385387446713,0.7948613776523799,0,0,2.049670982806198,1.8671654622272211,MGST2,posterior_up
GO_Biological_Process_2021,myoblast differentiation (GO:0045445),1/15,0.4021385387446713,0.7948613776523799,0,0,2.049670982806198,1.8671654622272211,MAPK12,posterior_up
GO_Biological_Process_2021,negative regulation of androgen receptor signaling pathway (GO:0060766),1/15,0.4021385387446713,0.7948613776523799,0,0,2.049670982806198,1.8671654622272211,SFRP1,posterior_up
GO_Biological_Process_2021,negative regulation of endoplasmic reticulum stress-induced intrinsic apoptotic signaling pathway (GO:1902236),1/15,0.4021385387446713,0.7948613776523799,0,0,2.049670982806198,1.8671654622272211,LRRK2,posterior_up
GO_Biological_Process_2021,neurotrophin TRK receptor signaling pathway (GO:0048011),1/15,0.4021385387446713,0.7948613776523799,0,0,2.049670982806198,1.8671654622272211,NGF,posterior_up
GO_Biological_Process_2021,nitric oxide biosynthetic process (GO:0006809),1/15,0.4021385387446713,0.7948613776523799,0,0,2.049670982806198,1.8671654622272211,ARG2,posterior_up
GO_Biological_Process_2021,nucleobase-containing small molecule catabolic process (GO:0034656),1/15,0.4021385387446713,0.7948613776523799,0,0,2.049670982806198,1.8671654622272211,ENTPD1,posterior_up
GO_Biological_Process_2021,organic heteropentacyclic compound metabolic process (GO:1901376),1/15,0.4021385387446713,0.7948613776523799,0,0,2.049670982806198,1.8671654622272211,MGST2,posterior_up
GO_Biological_Process_2021,peptidyl-arginine modification (GO:0018195),1/15,0.4021385387446713,0.7948613776523799,0,0,2.049670982806198,1.8671654622272211,ART3,posterior_up
GO_Biological_Process_2021,peptidyl-tyrosine autophosphorylation (GO:0038083),1/15,0.4021385387446713,0.7948613776523799,0,0,2.049670982806198,1.8671654622272211,TEC,posterior_up
GO_Biological_Process_2021,placenta development (GO:0001890),1/15,0.4021385387446713,0.7948613776523799,0,0,2.049670982806198,1.8671654622272211,E2F8,posterior_up
GO_Biological_Process_2021,positive regulation of keratinocyte differentiation (GO:0045618),1/15,0.4021385387446713,0.7948613776523799,0,0,2.049670982806198,1.8671654622272211,ETV4,posterior_up
GO_Biological_Process_2021,"positive regulation of nuclear-transcribed mRNA catabolic process, deadenylation-dependent decay (GO:1900153)",1/15,0.4021385387446713,0.7948613776523799,0,0,2.049670982806198,1.8671654622272211,ZFP36,posterior_up
GO_Biological_Process_2021,positive regulation of sprouting angiogenesis (GO:1903672),1/15,0.4021385387446713,0.7948613776523799,0,0,2.049670982806198,1.8671654622272211,FGF1,posterior_up
GO_Biological_Process_2021,prostanoid biosynthetic process (GO:0046457),1/15,0.4021385387446713,0.7948613776523799,0,0,2.049670982806198,1.8671654622272211,TBXAS1,posterior_up
GO_Biological_Process_2021,protein kinase A signaling (GO:0010737),1/15,0.4021385387446713,0.7948613776523799,0,0,2.049670982806198,1.8671654622272211,TTN,posterior_up
GO_Biological_Process_2021,regulation of cell migration (GO:0030334),15/408,0.4022534432523953,0.7948613776523799,0,0,1.0965608312386337,0.9986082685781412,PDGFRB;SEMA6A;SEMA3D;SEMA3A;F2R;FGF1;FGF3;NKD1;IGSF10;SFRP1;BMP2;ERBB4;ENPP2;SGK1;ENG,posterior_up
GO_Biological_Process_2021,canonical Wnt signaling pathway (GO:0060070),3/68,0.4031648504938937,0.7952166196395285,0,0,1.32484237074401,1.2034997167009958,FZD1;SFRP1;LRRK2,posterior_up
GO_Biological_Process_2021,cortical cytoskeleton organization (GO:0030865),2/41,0.40422022328643,0.7952166196395285,0,0,1.4718406593406594,1.333186561159902,RND2;RND1,posterior_up
GO_Biological_Process_2021,response to growth factor (GO:0070848),2/41,0.40422022328643,0.7952166196395285,0,0,1.4718406593406594,1.333186561159902,SFRP1;BMPR1B,posterior_up
GO_Biological_Process_2021,JNK cascade (GO:0007254),2/41,0.40422022328643,0.7952166196395285,0,0,1.4718406593406594,1.333186561159902,TNFRSF19;DUSP9,posterior_up
GO_Biological_Process_2021,negative regulation of cell-cell adhesion (GO:0022408),2/41,0.40422022328643,0.7952166196395285,0,0,1.4718406593406594,1.333186561159902,BMP2;BMP6,posterior_up
GO_Biological_Process_2021,actin filament organization (GO:0007015),6/152,0.4059183098312314,0.7978518015675705,0,0,1.1799688294643589,1.0638638459270482,GAS2L3;MARCKSL1;EFS;RND2;RND1;TTN,posterior_up
GO_Biological_Process_2021,regulation of vesicle-mediated transport (GO:0060627),4/96,0.4062981248890124,0.7978934932727737,0,0,1.2481505515898768,1.1241693746920245,RAB3C;HCK;LRRK2;GAS1,posterior_up
GO_Biological_Process_2021,cell chemotaxis (GO:0060326),3/69,0.4122564841896496,0.8030948374199912,0,0,1.304701259991871,1.156108297110306,PDGFRB;NR4A1;ACKR2,posterior_up
GO_Biological_Process_2021,positive regulation of MAP kinase activity (GO:0043406),3/69,0.4122564841896496,0.8030948374199912,0,0,1.304701259991871,1.156108297110306,PDGFRB;LRRK2;FGF1,posterior_up
GO_Biological_Process_2021,regulation of cell cycle (GO:0051726),11/296,0.4137321228051884,0.8030948374199912,0,0,1.1084702706993728,0.978265540613844,NR4A1;SFRP1;BMP2;HPGD;ID2;MAP3K20;NUPR1;DLGAP5;MAPK12;RPRM;CKS1B,posterior_up
GO_Biological_Process_2021,regulation of MAP kinase activity (GO:0043405),4/97,0.4139190774336237,0.8030948374199912,0,0,1.2346653827636014,1.0890795541330158,PDGFRB;LRRK2;FGF1;AGT,posterior_up
GO_Biological_Process_2021,regulation of extrinsic apoptotic signaling pathway via death domain receptors (GO:1902041),2/42,0.4160519100744508,0.8030948374199912,0,0,1.434970238095238,1.2583903236748375,SFRP1;BMP5,posterior_up
GO_Biological_Process_2021,regulation of nervous system development (GO:0051960),2/42,0.4160519100744508,0.8030948374199912,0,0,1.434970238095238,1.2583903236748375,HEY2;PTN,posterior_up
GO_Biological_Process_2021,heterophilic cell-cell adhesion via plasma membrane cell adhesion molecules (GO:0007157),2/42,0.4160519100744508,0.8030948374199912,0,0,1.434970238095238,1.2583903236748375,CRTAM;NECTIN1,posterior_up
GO_Biological_Process_2021,positive regulation of epithelial to mesenchymal transition (GO:0010718),2/42,0.4160519100744508,0.8030948374199912,0,0,1.434970238095238,1.2583903236748375,WWTR1;BMP2,posterior_up
GO_Biological_Process_2021,positive regulation of cell-substrate adhesion (GO:0010811),3/70,0.4213042928581668,0.8030948374199912,0,0,1.285161376426363,1.110893391609142,DOCK5;SFRP1;NPNT,posterior_up
GO_Biological_Process_2021,positive regulation of cell migration (GO:0030335),10/269,0.4213559302064243,0.8030948374199912,0,0,1.108701214122901,0.9582253612120194,PDGFRB;DOCK5;BMP2;SEMA6A;SEMA3D;SEMA3A;F2R;GAB1;ENPP2;FGF1,posterior_up
GO_Biological_Process_2021,regulation of neuron apoptotic process (GO:0043523),4/98,0.4215185179988689,0.8030948374199912,0,0,1.221467132422991,1.0552151574343405,F2R;PCSK9;NUPR1;NGF,posterior_up
GO_Biological_Process_2021,3'-UTR-mediated mRNA destabilization (GO:0061158),1/16,0.422301554957928,0.8030948374199912,0,0,1.9129271916790491,1.649011406258139,ZFP36,posterior_up
GO_Biological_Process_2021,activation of NF-kappaB-inducing kinase activity (GO:0007250),1/16,0.422301554957928,0.8030948374199912,0,0,1.9129271916790491,1.649011406258139,CARD10,posterior_up
GO_Biological_Process_2021,aromatic amino acid family catabolic process (GO:0009074),1/16,0.422301554957928,0.8030948374199912,0,0,1.9129271916790491,1.649011406258139,AADAT,posterior_up
GO_Biological_Process_2021,regulation of amyloid-beta clearance (GO:1900221),1/16,0.422301554957928,0.8030948374199912,0,0,1.9129271916790491,1.649011406258139,MYOCD,posterior_up
GO_Biological_Process_2021,body fluid secretion (GO:0007589),1/16,0.422301554957928,0.8030948374199912,0,0,1.9129271916790491,1.649011406258139,ERBB4,posterior_up
GO_Biological_Process_2021,cellular response to corticosteroid stimulus (GO:0071384),1/16,0.422301554957928,0.8030948374199912,0,0,1.9129271916790491,1.649011406258139,ZFP36,posterior_up
GO_Biological_Process_2021,regulation of fatty acid oxidation (GO:0046320),1/16,0.422301554957928,0.8030948374199912,0,0,1.9129271916790491,1.649011406258139,ACADL,posterior_up
GO_Biological_Process_2021,regulation of interleukin-1 production (GO:0032652),1/16,0.422301554957928,0.8030948374199912,0,0,1.9129271916790491,1.649011406258139,F2R,posterior_up
GO_Biological_Process_2021,regulation of intrinsic apoptotic signaling pathway in response to DNA damage (GO:1902229),1/16,0.422301554957928,0.8030948374199912,0,0,1.9129271916790491,1.649011406258139,NACC2,posterior_up
GO_Biological_Process_2021,dendritic spine morphogenesis (GO:0060997),1/16,0.422301554957928,0.8030948374199912,0,0,1.9129271916790491,1.649011406258139,EPHB3,posterior_up
GO_Biological_Process_2021,regulation of oxidative phosphorylation (GO:0002082),1/16,0.422301554957928,0.8030948374199912,0,0,1.9129271916790491,1.649011406258139,NUPR1,posterior_up
GO_Biological_Process_2021,glutamine family amino acid catabolic process (GO:0009065),1/16,0.422301554957928,0.8030948374199912,0,0,1.9129271916790491,1.649011406258139,ARG1,posterior_up
GO_Biological_Process_2021,sphingolipid catabolic process (GO:0030149),1/16,0.422301554957928,0.8030948374199912,0,0,1.9129271916790491,1.649011406258139,ENPP2,posterior_up
GO_Biological_Process_2021,sympathetic nervous system development (GO:0048485),1/16,0.422301554957928,0.8030948374199912,0,0,1.9129271916790491,1.649011406258139,SEMA3A,posterior_up
GO_Biological_Process_2021,male meiosis I (GO:0007141),1/16,0.422301554957928,0.8030948374199912,0,0,1.9129271916790491,1.649011406258139,TDRD9,posterior_up
GO_Biological_Process_2021,T cell mediated immunity (GO:0002456),1/16,0.422301554957928,0.8030948374199912,0,0,1.9129271916790491,1.649011406258139,CRTAM,posterior_up
GO_Biological_Process_2021,membrane repolarization (GO:0086009),1/16,0.422301554957928,0.8030948374199912,0,0,1.9129271916790491,1.649011406258139,KCNQ1,posterior_up
GO_Biological_Process_2021,negative regulation of lyase activity (GO:0051350),1/16,0.422301554957928,0.8030948374199912,0,0,1.9129271916790491,1.649011406258139,EDNRB,posterior_up
GO_Biological_Process_2021,negative regulation of transcription regulatory region DNA binding (GO:2000678),1/16,0.422301554957928,0.8030948374199912,0,0,1.9129271916790491,1.649011406258139,HEY2,posterior_up
GO_Biological_Process_2021,neural tube development (GO:0021915),1/16,0.422301554957928,0.8030948374199912,0,0,1.9129271916790491,1.649011406258139,DACT1,posterior_up
GO_Biological_Process_2021,nitric oxide metabolic process (GO:0046209),1/16,0.422301554957928,0.8030948374199912,0,0,1.9129271916790491,1.649011406258139,ARG2,posterior_up
GO_Biological_Process_2021,nucleoside diphosphate metabolic process (GO:0009132),1/16,0.422301554957928,0.8030948374199912,0,0,1.9129271916790491,1.649011406258139,ENTPD1,posterior_up
GO_Biological_Process_2021,odontogenesis of dentin-containing tooth (GO:0042475),1/16,0.422301554957928,0.8030948374199912,0,0,1.9129271916790491,1.649011406258139,BMP2,posterior_up
GO_Biological_Process_2021,oogenesis (GO:0048477),1/16,0.422301554957928,0.8030948374199912,0,0,1.9129271916790491,1.649011406258139,PTN,posterior_up
GO_Biological_Process_2021,platelet-derived growth factor receptor signaling pathway (GO:0048008),1/16,0.422301554957928,0.8030948374199912,0,0,1.9129271916790491,1.649011406258139,PDGFRB,posterior_up
GO_Biological_Process_2021,positive regulation of immunoglobulin mediated immune response (GO:0002891),1/16,0.422301554957928,0.8030948374199912,0,0,1.9129271916790491,1.649011406258139,NECTIN2,posterior_up
GO_Biological_Process_2021,negative regulation of inflammatory response (GO:0050728),8/212,0.423235495437607,0.8041835844138989,0,0,1.1259494788906554,0.9681212311918698,HCK;ADCYAP1;CD163;PROC;HRH2;FSHR;CRH;RXFP2,posterior_up
GO_Biological_Process_2021,regulation of cell-substrate adhesion (GO:0010810),2/43,0.4277640765965966,0.8086449196494712,0,0,1.3998983739837398,1.1887705424666208,PKHD1;NPNT,posterior_up
GO_Biological_Process_2021,cellular glucose homeostasis (GO:0001678),2/43,0.4277640765965966,0.8086449196494712,0,0,1.3998983739837398,1.1887705424666208,ZBTB20;CARTPT,posterior_up
GO_Biological_Process_2021,cellular response to retinoic acid (GO:0071300),2/43,0.4277640765965966,0.8086449196494712,0,0,1.3998983739837398,1.1887705424666208,BRINP3;EPHA3,posterior_up
GO_Biological_Process_2021,spermatid development (GO:0007286),2/43,0.4277640765965966,0.8086449196494712,0,0,1.3998983739837398,1.1887705424666208,CCDC42;NECTIN2,posterior_up
GO_Biological_Process_2021,negative regulation of proteolysis (GO:0045861),2/43,0.4277640765965966,0.8086449196494712,0,0,1.3998983739837398,1.1887705424666208,LRRK2;GAS1,posterior_up
GO_Biological_Process_2021,positive regulation of axonogenesis (GO:0050772),2/43,0.4277640765965966,0.8086449196494712,0,0,1.3998983739837398,1.1887705424666208,ROBO2;NGF,posterior_up
GO_Biological_Process_2021,regulation of G1/S transition of mitotic cell cycle (GO:2000045),3/71,0.4303046340309569,0.8106924730896521,0,0,1.266196195318664,1.0677349713156412,ADAMTS1;ID2;DACT1,posterior_up
GO_Biological_Process_2021,regulation of TOR signaling (GO:0032006),3/71,0.4303046340309569,0.8106924730896521,0,0,1.266196195318664,1.0677349713156412,MINAR1;PKHD1;DEPTOR,posterior_up
GO_Biological_Process_2021,response to metal ion (GO:0010038),3/71,0.4303046340309569,0.8106924730896521,0,0,1.266196195318664,1.0677349713156412,HVCN1;PAM;TTN,posterior_up
GO_Biological_Process_2021,phosphatidylinositol-mediated signaling (GO:0048015),3/71,0.4303046340309569,0.8106924730896521,0,0,1.266196195318664,1.0677349713156412,PDGFRB;NGF;PLCD3,posterior_up
GO_Biological_Process_2021,positive regulation of GTPase activity (GO:0043547),8/214,0.43348386997618,0.813719231242413,0,0,1.1149013090760664,0.9319467760745566,ADCYAP1;SFRP1;ARHGAP42;F2R;RGS10;SIPA1L2;RASGRP2;CCL17,posterior_up
GO_Biological_Process_2021,negative regulation of epithelial cell proliferation (GO:0050680),3/72,0.4392540336256167,0.813719231242413,0,0,1.247780729605391,1.0265209676873894,SFRP1;PTPRM;NUPR1,posterior_up
GO_Biological_Process_2021,embryonic organ morphogenesis (GO:0048562),2/44,0.439351337555919,0.813719231242413,0,0,1.3664965986394555,1.1238831525041246,MESP1;ID2,posterior_up
GO_Biological_Process_2021,homotypic cell-cell adhesion (GO:0034109),2/44,0.439351337555919,0.813719231242413,0,0,1.3664965986394555,1.1238831525041246,MEGF10;UBASH3B,posterior_up
GO_Biological_Process_2021,positive regulation of mRNA catabolic process (GO:0061014),2/44,0.439351337555919,0.813719231242413,0,0,1.3664965986394555,1.1238831525041246,ZFP36;ZC3HAV1,posterior_up
GO_Biological_Process_2021,adenylate cyclase-activating adrenergic receptor signaling pathway (GO:0071880),1/17,0.4417855421756561,0.813719231242413,0,0,1.7932763744427935,1.4649825478055067,ADRA1B,posterior_up
GO_Biological_Process_2021,regulation of cholesterol biosynthetic process (GO:0045540),1/17,0.4417855421756561,0.813719231242413,0,0,1.7932763744427935,1.4649825478055067,FGF1,posterior_up
GO_Biological_Process_2021,regulation of establishment of endothelial barrier (GO:1903140),1/17,0.4417855421756561,0.813719231242413,0,0,1.7932763744427935,1.4649825478055067,PROC,posterior_up
GO_Biological_Process_2021,DNA replication checkpoint signaling (GO:0000076),1/17,0.4417855421756561,0.813719231242413,0,0,1.7932763744427935,1.4649825478055067,TICRR,posterior_up
GO_Biological_Process_2021,epithelial cell morphogenesis (GO:0003382),1/17,0.4417855421756561,0.813719231242413,0,0,1.7932763744427935,1.4649825478055067,PKHD1,posterior_up
GO_Biological_Process_2021,regulation of receptor recycling (GO:0001919),1/17,0.4417855421756561,0.813719231242413,0,0,1.7932763744427935,1.4649825478055067,PCSK9,posterior_up
GO_Biological_Process_2021,gliogenesis (GO:0042063),1/17,0.4417855421756561,0.813719231242413,0,0,1.7932763744427935,1.4649825478055067,CD9,posterior_up
GO_Biological_Process_2021,stabilization of membrane potential (GO:0030322),1/17,0.4417855421756561,0.813719231242413,0,0,1.7932763744427935,1.4649825478055067,KCNK2,posterior_up
GO_Biological_Process_2021,"mitochondrial electron transport, cytochrome c to oxygen (GO:0006123)",1/17,0.4417855421756561,0.813719231242413,0,0,1.7932763744427935,1.4649825478055067,COX6A2,posterior_up
GO_Biological_Process_2021,negative regulation of ATP metabolic process (GO:1903579),1/17,0.4417855421756561,0.813719231242413,0,0,1.7932763744427935,1.4649825478055067,NUPR1,posterior_up
GO_Biological_Process_2021,negative regulation of ATPase activity (GO:0032780),1/17,0.4417855421756561,0.813719231242413,0,0,1.7932763744427935,1.4649825478055067,TNNI3,posterior_up
GO_Biological_Process_2021,negative regulation of fatty acid metabolic process (GO:0045922),1/17,0.4417855421756561,0.813719231242413,0,0,1.7932763744427935,1.4649825478055067,ACADL,posterior_up
GO_Biological_Process_2021,negative regulation of insulin secretion (GO:0046676),1/17,0.4417855421756561,0.813719231242413,0,0,1.7932763744427935,1.4649825478055067,SFRP1,posterior_up
GO_Biological_Process_2021,pharyngeal system development (GO:0060037),1/17,0.4417855421756561,0.813719231242413,0,0,1.7932763744427935,1.4649825478055067,BMP5,posterior_up
GO_Biological_Process_2021,positive regulation of blood coagulation (GO:0030194),1/17,0.4417855421756561,0.813719231242413,0,0,1.7932763744427935,1.4649825478055067,F2R,posterior_up
GO_Biological_Process_2021,positive regulation of cardiac muscle tissue growth (GO:0055023),1/17,0.4417855421756561,0.813719231242413,0,0,1.7932763744427935,1.4649825478055067,ERBB4,posterior_up
GO_Biological_Process_2021,positive regulation of dendrite extension (GO:1903861),1/17,0.4417855421756561,0.813719231242413,0,0,1.7932763744427935,1.4649825478055067,SYT2,posterior_up
GO_Biological_Process_2021,positive regulation of macrophage activation (GO:0043032),1/17,0.4417855421756561,0.813719231242413,0,0,1.7932763744427935,1.4649825478055067,IL33,posterior_up
GO_Biological_Process_2021,positive regulation of muscle hypertrophy (GO:0014742),1/17,0.4417855421756561,0.813719231242413,0,0,1.7932763744427935,1.4649825478055067,AGT,posterior_up
GO_Biological_Process_2021,positive regulation of stem cell differentiation (GO:2000738),1/17,0.4417855421756561,0.813719231242413,0,0,1.7932763744427935,1.4649825478055067,PTN,posterior_up
GO_Biological_Process_2021,protein autoprocessing (GO:0016540),1/17,0.4417855421756561,0.813719231242413,0,0,1.7932763744427935,1.4649825478055067,PCSK9,posterior_up
GO_Biological_Process_2021,"protein localization to chromosome, centromeric region (GO:0071459)",1/17,0.4417855421756561,0.813719231242413,0,0,1.7932763744427935,1.4649825478055067,MTBP,posterior_up
GO_Biological_Process_2021,MAPK cascade (GO:0000165),11/303,0.4439638959703021,0.8170551435350887,0,0,1.0814996177606977,0.8781907057274045,PDGFRB;ZFP36;ERBB4;LRRK2;MAP3K20;NRTN;FGF1;DUSP9;DUSP6;FGF3;MAPK12,posterior_up
GO_Biological_Process_2021,endoplasmic reticulum organization (GO:0007029),3/73,0.4481491835481503,0.8179287074061613,0,0,1.2298914200553546,0.9871466472757772,SEC16B;LRRK2;TRDN,posterior_up
GO_Biological_Process_2021,positive regulation of synaptic transmission (GO:0050806),3/73,0.4481491835481503,0.8179287074061613,0,0,1.2298914200553546,0.9871466472757772,CACNG3;CACNG5;GRIN2D,posterior_up
GO_Biological_Process_2021,chromosome condensation (GO:0030261),2/45,0.4508088049682943,0.8179287074061613,0,0,1.3346483942414176,1.0633303449395248,NCAPH;TTN,posterior_up
GO_Biological_Process_2021,regulation of receptor signaling pathway via JAK-STAT (GO:0046425),2/45,0.4508088049682943,0.8179287074061613,0,0,1.3346483942414176,1.0633303449395248,ERBB4;F2R,posterior_up
GO_Biological_Process_2021,positive regulation of chemotaxis (GO:0050921),2/45,0.4508088049682943,0.8179287074061613,0,0,1.3346483942414176,1.0633303449395248,PDGFRB;PTN,posterior_up
GO_Biological_Process_2021,mitotic sister chromatid segregation (GO:0000070),4/102,0.4516538742177963,0.8179287074061613,0,0,1.1713676515382272,0.9310488772744075,DSN1;NCAPH;DLGAP5;TTN,posterior_up
GO_Biological_Process_2021,negative regulation of protein binding (GO:0032091),3/74,0.4569869380726077,0.8179287074061613,0,0,1.212506034717995,0.9495140461437304,LRRK2;IFIT2;DACT1,posterior_up
GO_Biological_Process_2021,positive regulation of gene expression (GO:0010628),17/482,0.4588322626329156,0.8179287074061613,0,0,1.0495311042372466,0.8176588025359405,SEC16B;IL33;CRTAM;FGF1;NGF;AGT;FGF3;POU3F3;BMP6;TTN;BMP2;C1QTNF1;CUX2;ID2;HEY2;EMILIN1;VIM,posterior_up
GO_Biological_Process_2021,cellular response to lipid (GO:0071396),8/219,0.4590028247475792,0.8179287074061613,0,0,1.0881972019412778,0.8473779802470001,CRHBP;SFRP1;ZFP36;LDOC1;VIM;BRINP3;CFTR;EPHA3,posterior_up
GO_Biological_Process_2021,positive regulation of protein kinase B signaling (GO:0051897),6/161,0.4598348039780172,0.8179287074061613,0,0,1.110932972764149,0.8630704684442044,PDGFRB;ERBB4;GAB1;FGF1;FGF3;ENG,posterior_up
GO_Biological_Process_2021,3'-UTR-mediated mRNA stabilization (GO:0070935),1/18,0.4606133350022113,0.8179287074061613,0,0,1.687702123940215,1.3083005105722754,ZFP36,posterior_up
GO_Biological_Process_2021,acidic amino acid transport (GO:0015800),1/18,0.4606133350022113,0.8179287074061613,0,0,1.687702123940215,1.3083005105722754,SLC6A1,posterior_up
GO_Biological_Process_2021,protein O-linked mannosylation (GO:0035269),1/18,0.4606133350022113,0.8179287074061613,0,0,1.687702123940215,1.3083005105722754,TMTC2,posterior_up
GO_Biological_Process_2021,regulation of catabolic process (GO:0009894),1/18,0.4606133350022113,0.8179287074061613,0,0,1.687702123940215,1.3083005105722754,HPGD,posterior_up
GO_Biological_Process_2021,carbohydrate derivative transport (GO:1901264),1/18,0.4606133350022113,0.8179287074061613,0,0,1.687702123940215,1.3083005105722754,PLTP,posterior_up
GO_Biological_Process_2021,regulation of cellular protein catabolic process (GO:1903362),1/18,0.4606133350022113,0.8179287074061613,0,0,1.687702123940215,1.3083005105722754,DACT1,posterior_up
GO_Biological_Process_2021,cell migration involved in sprouting angiogenesis (GO:0002042),1/18,0.4606133350022113,0.8179287074061613,0,0,1.687702123940215,1.3083005105722754,NR4A1,posterior_up
GO_Biological_Process_2021,regulation of dendrite extension (GO:1903859),1/18,0.4606133350022113,0.8179287074061613,0,0,1.687702123940215,1.3083005105722754,SYT2,posterior_up
GO_Biological_Process_2021,cellular response to alkaloid (GO:0071312),1/18,0.4606133350022113,0.8179287074061613,0,0,1.687702123940215,1.3083005105722754,CRHBP,posterior_up
GO_Biological_Process_2021,cellular response to glucocorticoid stimulus (GO:0071385),1/18,0.4606133350022113,0.8179287074061613,0,0,1.687702123940215,1.3083005105722754,ZFP36,posterior_up
GO_Biological_Process_2021,cellular response to pH (GO:0071467),1/18,0.4606133350022113,0.8179287074061613,0,0,1.687702123940215,1.3083005105722754,HVCN1,posterior_up
GO_Biological_Process_2021,cellular response to zinc ion (GO:0071294),1/18,0.4606133350022113,0.8179287074061613,0,0,1.687702123940215,1.3083005105722754,HVCN1,posterior_up
GO_Biological_Process_2021,regulation of membrane depolarization (GO:0003254),1/18,0.4606133350022113,0.8179287074061613,0,0,1.687702123940215,1.3083005105722754,LRRK2,posterior_up
GO_Biological_Process_2021,DNA conformation change (GO:0071103),1/18,0.4606133350022113,0.8179287074061613,0,0,1.687702123940215,1.3083005105722754,HMGB3,posterior_up
GO_Biological_Process_2021,embryonic axis specification (GO:0000578),1/18,0.4606133350022113,0.8179287074061613,0,0,1.687702123940215,1.3083005105722754,MESP1,posterior_up
GO_Biological_Process_2021,embryonic digit morphogenesis (GO:0042733),1/18,0.4606133350022113,0.8179287074061613,0,0,1.687702123940215,1.3083005105722754,MAP3K20,posterior_up
GO_Biological_Process_2021,regulation of presynapse assembly (GO:1905606),1/18,0.4606133350022113,0.8179287074061613,0,0,1.687702123940215,1.3083005105722754,IL1RAPL2,posterior_up
GO_Biological_Process_2021,regulation of presynapse organization (GO:0099174),1/18,0.4606133350022113,0.8179287074061613,0,0,1.687702123940215,1.3083005105722754,IL1RAPL2,posterior_up
GO_Biological_Process_2021,G protein-coupled acetylcholine receptor signaling pathway (GO:0007213),1/18,0.4606133350022113,0.8179287074061613,0,0,1.687702123940215,1.3083005105722754,RGS10,posterior_up
GO_Biological_Process_2021,regulation of ventricular cardiac muscle cell membrane repolarization (GO:0060307),1/18,0.4606133350022113,0.8179287074061613,0,0,1.687702123940215,1.3083005105722754,KCNQ1,posterior_up
GO_Biological_Process_2021,high-density lipoprotein particle remodeling (GO:0034375),1/18,0.4606133350022113,0.8179287074061613,0,0,1.687702123940215,1.3083005105722754,PLTP,posterior_up
GO_Biological_Process_2021,sodium ion import across plasma membrane (GO:0098719),1/18,0.4606133350022113,0.8179287074061613,0,0,1.687702123940215,1.3083005105722754,SLC6A1,posterior_up
GO_Biological_Process_2021,ventricular cardiac muscle cell action potential (GO:0086005),1/18,0.4606133350022113,0.8179287074061613,0,0,1.687702123940215,1.3083005105722754,KCNQ1,posterior_up
GO_Biological_Process_2021,water transport (GO:0006833),1/18,0.4606133350022113,0.8179287074061613,0,0,1.687702123940215,1.3083005105722754,CFTR,posterior_up
GO_Biological_Process_2021,negative regulation of biosynthetic process (GO:0009890),1/18,0.4606133350022113,0.8179287074061613,0,0,1.687702123940215,1.3083005105722754,EMILIN1,posterior_up
GO_Biological_Process_2021,negative regulation of fibroblast proliferation (GO:0048147),1/18,0.4606133350022113,0.8179287074061613,0,0,1.687702123940215,1.3083005105722754,SFRP1,posterior_up
GO_Biological_Process_2021,negative regulation of lipid catabolic process (GO:0050995),1/18,0.4606133350022113,0.8179287074061613,0,0,1.687702123940215,1.3083005105722754,ALK,posterior_up
GO_Biological_Process_2021,positive regulation of cardiac muscle hypertrophy (GO:0010613),1/18,0.4606133350022113,0.8179287074061613,0,0,1.687702123940215,1.3083005105722754,AGT,posterior_up
GO_Biological_Process_2021,positive regulation of cell migration involved in sprouting angiogenesis (GO:0090050),1/18,0.4606133350022113,0.8179287074061613,0,0,1.687702123940215,1.3083005105722754,RHOJ,posterior_up
GO_Biological_Process_2021,positive regulation of excitatory postsynaptic potential (GO:2000463),1/18,0.4606133350022113,0.8179287074061613,0,0,1.687702123940215,1.3083005105722754,CUX2,posterior_up
GO_Biological_Process_2021,positive regulation of macrophage derived foam cell differentiation (GO:0010744),1/18,0.4606133350022113,0.8179287074061613,0,0,1.687702123940215,1.3083005105722754,AGT,posterior_up
GO_Biological_Process_2021,positive regulation of phosphoprotein phosphatase activity (GO:0032516),1/18,0.4606133350022113,0.8179287074061613,0,0,1.687702123940215,1.3083005105722754,PDGFRB,posterior_up
GO_Biological_Process_2021,presynapse assembly (GO:0099054),1/18,0.4606133350022113,0.8179287074061613,0,0,1.687702123940215,1.3083005105722754,FZD1,posterior_up
GO_Biological_Process_2021,prostanoid metabolic process (GO:0006692),1/18,0.4606133350022113,0.8179287074061613,0,0,1.687702123940215,1.3083005105722754,HPGD,posterior_up
GO_Biological_Process_2021,regulation of fibroblast proliferation (GO:0048145),2/46,0.4621320611826233,0.8199711611892638,0,0,1.3042478354978355,1.0067548803249915,SFRP1;AGT,posterior_up
GO_Biological_Process_2021,regulation of cell adhesion (GO:0030155),5/133,0.4663510293185581,0.8258043563794834,0,0,1.1209594544095665,0.855086532022409,PKHD1;C2CD4A;C2CD4B;EPHB3;RND1,posterior_up
GO_Biological_Process_2021,regulation of cell motility (GO:2000145),5/133,0.4663510293185581,0.8258043563794834,0,0,1.1209594544095665,0.855086532022409,ERBB4;ENPP2;FGF1;SGK1;FGF3,posterior_up
GO_Biological_Process_2021,cellular metal ion homeostasis (GO:0006875),4/104,0.4665330678512407,0.8258043563794834,0,0,1.147820895522388,0.8751289259108619,PKHD1;HTR2C;TNNI3;TRDN,posterior_up
GO_Biological_Process_2021,positive regulation of peptidyl-tyrosine phosphorylation (GO:0050731),5/134,0.4728756511726806,0.8284180237696966,0,0,1.112211909479612,0.8329608785500986,TEC;ERBB4;ENPP2;BMP6;AGT,posterior_up
GO_Biological_Process_2021,regulation of protein localization to nucleus (GO:1900180),2/47,0.4733171325086261,0.8284180237696966,0,0,1.2751984126984126,0.9538352076811158,CARD10;WWTR1,posterior_up
GO_Biological_Process_2021,polyol metabolic process (GO:0019751),2/47,0.4733171325086261,0.8284180237696966,0,0,1.2751984126984126,0.9538352076811158,INPP5D;PLCD3,posterior_up
GO_Biological_Process_2021,positive regulation of apoptotic process (GO:0043065),11/310,0.4740529593106563,0.8284180237696966,0,0,1.05579180475895,0.788081259714236,SFRP1;BMP2;MAP3K20;PCSK9;PAWR;NUPR1;NGF;DUSP9;PHLDA1;DUSP6;IFIT2,posterior_up
GO_Biological_Process_2021,cellular response to hormone stimulus (GO:0032870),3/76,0.4744784723182348,0.8284180237696966,0,0,1.1791641998244289,0.8791129351082411,ROBO2;CRHBP;SFRP1,posterior_up
GO_Biological_Process_2021,aspartate family amino acid catabolic process (GO:0009068),1/19,0.478807001603519,0.8284180237696966,0,0,1.593858345715701,1.173809222998131,AADAT,posterior_up
GO_Biological_Process_2021,regulation of cell-cell adhesion mediated by cadherin (GO:2000047),1/19,0.478807001603519,0.8284180237696966,0,0,1.593858345715701,1.173809222998131,BMP6,posterior_up
GO_Biological_Process_2021,regulation of leukocyte chemotaxis (GO:0002688),1/19,0.478807001603519,0.8284180237696966,0,0,1.593858345715701,1.173809222998131,PTN,posterior_up
GO_Biological_Process_2021,regulation of oligodendrocyte differentiation (GO:0048713),1/19,0.478807001603519,0.8284180237696966,0,0,1.593858345715701,1.173809222998131,PTN,posterior_up
GO_Biological_Process_2021,dopamine metabolic process (GO:0042417),1/19,0.478807001603519,0.8284180237696966,0,0,1.593858345715701,1.173809222998131,DBH,posterior_up
GO_Biological_Process_2021,ethanol metabolic process (GO:0006067),1/19,0.478807001603519,0.8284180237696966,0,0,1.593858345715701,1.173809222998131,ALDH1A1,posterior_up
GO_Biological_Process_2021,regulation of stem cell population maintenance (GO:2000036),1/19,0.478807001603519,0.8284180237696966,0,0,1.593858345715701,1.173809222998131,PTN,posterior_up
GO_Biological_Process_2021,regulation of synaptic vesicle exocytosis (GO:2000300),1/19,0.478807001603519,0.8284180237696966,0,0,1.593858345715701,1.173809222998131,LRRK2,posterior_up
GO_Biological_Process_2021,folic acid metabolic process (GO:0046655),1/19,0.478807001603519,0.8284180237696966,0,0,1.593858345715701,1.173809222998131,ALDH1L1,posterior_up
GO_Biological_Process_2021,regulation of vascular endothelial growth factor signaling pathway (GO:1900746),1/19,0.478807001603519,0.8284180237696966,0,0,1.593858345715701,1.173809222998131,SEMA6A,posterior_up
GO_Biological_Process_2021,leukotriene biosynthetic process (GO:0019370),1/19,0.478807001603519,0.8284180237696966,0,0,1.593858345715701,1.173809222998131,MGST2,posterior_up
GO_Biological_Process_2021,"synaptic transmission, cholinergic (GO:0007271)",1/19,0.478807001603519,0.8284180237696966,0,0,1.593858345715701,1.173809222998131,COLQ,posterior_up
GO_Biological_Process_2021,mesenchymal cell development (GO:0014031),1/19,0.478807001603519,0.8284180237696966,0,0,1.593858345715701,1.173809222998131,HEY2,posterior_up
GO_Biological_Process_2021,negative regulation of immune system process (GO:0002683),1/19,0.478807001603519,0.8284180237696966,0,0,1.593858345715701,1.173809222998131,PDCD1,posterior_up
GO_Biological_Process_2021,negative regulation of nervous system development (GO:0051961),1/19,0.478807001603519,0.8284180237696966,0,0,1.593858345715701,1.173809222998131,ROBO2,posterior_up
GO_Biological_Process_2021,negative regulation of striated muscle cell differentiation (GO:0051154),1/19,0.478807001603519,0.8284180237696966,0,0,1.593858345715701,1.173809222998131,BMP2,posterior_up
GO_Biological_Process_2021,nucleotide-sugar biosynthetic process (GO:0009226),1/19,0.478807001603519,0.8284180237696966,0,0,1.593858345715701,1.173809222998131,GFPT2,posterior_up
GO_Biological_Process_2021,piRNA metabolic process (GO:0034587),1/19,0.478807001603519,0.8284180237696966,0,0,1.593858345715701,1.173809222998131,TDRD9,posterior_up
GO_Biological_Process_2021,pore complex assembly (GO:0046931),1/19,0.478807001603519,0.8284180237696966,0,0,1.593858345715701,1.173809222998131,TSPAN33,posterior_up
GO_Biological_Process_2021,positive regulation of actin cytoskeleton reorganization (GO:2000251),1/19,0.478807001603519,0.8284180237696966,0,0,1.593858345715701,1.173809222998131,HCK,posterior_up
GO_Biological_Process_2021,positive regulation of focal adhesion assembly (GO:0051894),1/19,0.478807001603519,0.8284180237696966,0,0,1.593858345715701,1.173809222998131,SFRP1,posterior_up
GO_Biological_Process_2021,positive regulation of G protein-coupled receptor signaling pathway (GO:0045745),1/19,0.478807001603519,0.8284180237696966,0,0,1.593858345715701,1.173809222998131,GRP,posterior_up
GO_Biological_Process_2021,positive regulation of oxidoreductase activity (GO:0051353),1/19,0.478807001603519,0.8284180237696966,0,0,1.593858345715701,1.173809222998131,AGT,posterior_up
GO_Biological_Process_2021,prostaglandin biosynthetic process (GO:0001516),1/19,0.478807001603519,0.8284180237696966,0,0,1.593858345715701,1.173809222998131,TBXAS1,posterior_up
GO_Biological_Process_2021,protein processing (GO:0016485),4/106,0.4812647104435849,0.8320232950559258,0,0,1.1251975417032485,0.8228995247482186,PCSK9;MMEL1;KLKB1;CPN1,posterior_up
GO_Biological_Process_2021,cellular response to alcohol (GO:0097306),2/48,0.4843604645372243,0.8341347009251734,0,0,1.2474120082815734,0.9042812578329994,SFRP1;CFTR,posterior_up
GO_Biological_Process_2021,cellular response to ionizing radiation (GO:0071479),2/48,0.4843604645372243,0.8341347009251734,0,0,1.2474120082815734,0.9042812578329994,MAP3K20;CRYAB,posterior_up
GO_Biological_Process_2021,cognition (GO:0050890),2/48,0.4843604645372243,0.8341347009251734,0,0,1.2474120082815734,0.9042812578329994,CUX2;PTCHD1,posterior_up
GO_Biological_Process_2021,inositol phosphate metabolic process (GO:0043647),2/48,0.4843604645372243,0.8341347009251734,0,0,1.2474120082815734,0.9042812578329994,INPP5D;PLCD3,posterior_up
GO_Biological_Process_2021,negative regulation of mitotic cell cycle (GO:0045930),2/48,0.4843604645372243,0.8341347009251734,0,0,1.2474120082815734,0.9042812578329994,GAS1;BRINP3,posterior_up
GO_Biological_Process_2021,aminoglycan biosynthetic process (GO:0006023),2/49,0.4952588985247591,0.8341865616709443,0,0,1.220808004052685,0.8578308074479999,B3GNT8;HS3ST1,posterior_up
GO_Biological_Process_2021,regulation of cellular localization (GO:0060341),2/49,0.4952588985247591,0.8341865616709443,0,0,1.220808004052685,0.8578308074479999,LRRK2;WWC1,posterior_up
GO_Biological_Process_2021,regulation of cellular protein metabolic process (GO:0032268),2/49,0.4952588985247591,0.8341865616709443,0,0,1.220808004052685,0.8578308074479999,EDNRB;AGT,posterior_up
GO_Biological_Process_2021,regulation of smooth muscle cell proliferation (GO:0048660),2/49,0.4952588985247591,0.8341865616709443,0,0,1.220808004052685,0.8578308074479999,PDGFRB;ID2,posterior_up
GO_Biological_Process_2021,response to glucose (GO:0009749),2/49,0.4952588985247591,0.8341865616709443,0,0,1.220808004052685,0.8578308074479999,ZBTB20;MAFA,posterior_up
GO_Biological_Process_2021,negative regulation of catabolic process (GO:0009895),2/49,0.4952588985247591,0.8341865616709443,0,0,1.220808004052685,0.8578308074479999,ALK;NUPR1,posterior_up
GO_Biological_Process_2021,positive regulation of reactive oxygen species metabolic process (GO:2000379),2/49,0.4952588985247591,0.8341865616709443,0,0,1.220808004052685,0.8578308074479999,PDGFRB;AGT,posterior_up
GO_Biological_Process_2021,negative regulation of transmembrane receptor protein serine/threonine kinase signaling pathway (GO:0090101),4/108,0.4958338267957308,0.8341865616709443,0,0,1.1034443168771526,0.7740821165220245,BMP2;FST;EMILIN1;BMPR1B,posterior_up
GO_Biological_Process_2021,transmembrane receptor protein tyrosine kinase signaling pathway (GO:0007169),14/404,0.4960212926969581,0.8341865616709443,0,0,1.02993006993007,0.7221214865655505,ALK;PDGFRB;GAB1;SLA;FGF1;NGF;FGF3;HCK;EFS;UBASH3B;ERBB4;SH2B2;EPHA3;EPHB3,posterior_up
GO_Biological_Process_2021,adrenergic receptor signaling pathway (GO:0071875),1/20,0.4963878686077889,0.8341865616709443,0,0,1.5098928599358723,1.0575254330367625,ADRA1B,posterior_up
GO_Biological_Process_2021,cellular modified amino acid biosynthetic process (GO:0042398),1/20,0.4963878686077889,0.8341865616709443,0,0,1.5098928599358723,1.0575254330367625,MGST2,posterior_up
GO_Biological_Process_2021,regulation of hippo signaling (GO:0035330),1/20,0.4963878686077889,0.8341865616709443,0,0,1.5098928599358723,1.0575254330367625,WWC1,posterior_up
GO_Biological_Process_2021,regulation of lymphocyte differentiation (GO:0045619),1/20,0.4963878686077889,0.8341865616709443,0,0,1.5098928599358723,1.0575254330367625,CRTAM,posterior_up
GO_Biological_Process_2021,embryonic digestive tract development (GO:0048566),1/20,0.4963878686077889,0.8341865616709443,0,0,1.5098928599358723,1.0575254330367625,ID2,posterior_up
GO_Biological_Process_2021,regulation of programmed necrotic cell death (GO:0062098),1/20,0.4963878686077889,0.8341865616709443,0,0,1.5098928599358723,1.0575254330367625,NUPR1,posterior_up
GO_Biological_Process_2021,regulation of smooth muscle cell migration (GO:0014910),1/20,0.4963878686077889,0.8341865616709443,0,0,1.5098928599358723,1.0575254330367625,PDGFRB,posterior_up
GO_Biological_Process_2021,eye morphogenesis (GO:0048592),1/20,0.4963878686077889,0.8341865616709443,0,0,1.5098928599358723,1.0575254330367625,NKD1,posterior_up
GO_Biological_Process_2021,folic acid-containing compound metabolic process (GO:0006760),1/20,0.4963878686077889,0.8341865616709443,0,0,1.5098928599358723,1.0575254330367625,ALDH1L1,posterior_up
GO_Biological_Process_2021,gastrulation (GO:0007369),1/20,0.4963878686077889,0.8341865616709443,0,0,1.5098928599358723,1.0575254330367625,MESP1,posterior_up
GO_Biological_Process_2021,hepaticobiliary system development (GO:0061008),1/20,0.4963878686077889,0.8341865616709443,0,0,1.5098928599358723,1.0575254330367625,PCSK9,posterior_up
GO_Biological_Process_2021,skeletal muscle contraction (GO:0003009),1/20,0.4963878686077889,0.8341865616709443,0,0,1.5098928599358723,1.0575254330367625,TNNI3,posterior_up
GO_Biological_Process_2021,lipopolysaccharide-mediated signaling pathway (GO:0031663),1/20,0.4963878686077889,0.8341865616709443,0,0,1.5098928599358723,1.0575254330367625,HCK,posterior_up
GO_Biological_Process_2021,mesoderm formation (GO:0001707),1/20,0.4963878686077889,0.8341865616709443,0,0,1.5098928599358723,1.0575254330367625,MESP1,posterior_up
GO_Biological_Process_2021,modulation by symbiont of entry into host (GO:0052372),1/20,0.4963878686077889,0.8341865616709443,0,0,1.5098928599358723,1.0575254330367625,NECTIN2,posterior_up
GO_Biological_Process_2021,negative regulation of cyclin-dependent protein serine/threonine kinase activity (GO:0045736),1/20,0.4963878686077889,0.8341865616709443,0,0,1.5098928599358723,1.0575254330367625,MYOCD,posterior_up
GO_Biological_Process_2021,negative regulation of osteoclast differentiation (GO:0045671),1/20,0.4963878686077889,0.8341865616709443,0,0,1.5098928599358723,1.0575254330367625,CARTPT,posterior_up
GO_Biological_Process_2021,positive regulation of epidermal cell differentiation (GO:0045606),1/20,0.4963878686077889,0.8341865616709443,0,0,1.5098928599358723,1.0575254330367625,ETV4,posterior_up
GO_Biological_Process_2021,positive regulation of epithelial cell differentiation (GO:0030858),1/20,0.4963878686077889,0.8341865616709443,0,0,1.5098928599358723,1.0575254330367625,MESP1,posterior_up
GO_Biological_Process_2021,positive regulation of heart contraction (GO:0045823),1/20,0.4963878686077889,0.8341865616709443,0,0,1.5098928599358723,1.0575254330367625,KCNQ1,posterior_up
GO_Biological_Process_2021,positive regulation of hormone secretion (GO:0046887),1/20,0.4963878686077889,0.8341865616709443,0,0,1.5098928599358723,1.0575254330367625,GRP,posterior_up
GO_Biological_Process_2021,positive regulation of lymphocyte differentiation (GO:0045621),1/20,0.4963878686077889,0.8341865616709443,0,0,1.5098928599358723,1.0575254330367625,BTK,posterior_up
GO_Biological_Process_2021,positive regulation of protein processing (GO:0010954),1/20,0.4963878686077889,0.8341865616709443,0,0,1.5098928599358723,1.0575254330367625,KLKB1,posterior_up
GO_Biological_Process_2021,positive regulation of programmed cell death (GO:0043068),10/286,0.4980490365763752,0.8363464953829698,0,0,1.0394840230487166,0.7245793441641122,SFRP1;BMP2;LRRK2;MAP3K20;PAWR;NGF;DUSP9;PHLDA1;DUSP6;IFIT2,posterior_up
GO_Biological_Process_2021,regulation of ion transport (GO:0043269),3/79,0.5002156525752429,0.8380504892256411,0,0,1.13244176013805,0.78446049052473,SYT2;KCNJ14;SYT9,posterior_up
GO_Biological_Process_2021,modulation of chemical synaptic transmission (GO:0050804),4/109,0.503053068973517,0.8380504892256411,0,0,1.0928784648187633,0.7508726513022581,NPAS4;LRRK2;NGF;CACNG5,posterior_up
GO_Biological_Process_2021,regulation of cellular component organization (GO:0051128),5/139,0.5050858049643924,0.8380504892256411,0,0,1.070432590411173,0.7311343109623439,RASGRP2;SGK1;KLK8;AGT;PAPPA2,posterior_up
GO_Biological_Process_2021,potassium ion transmembrane transport (GO:0071805),5/139,0.5050858049643924,0.8380504892256411,0,0,1.070432590411173,0.7311343109623439,KCNH5;KCNQ1;KCNJ14;KCNAB3;KCNK2,posterior_up
GO_Biological_Process_2021,protein phosphorylation (GO:0006468),17/496,0.5066770110889345,0.8380504892256411,0,0,1.0180996050244198,0.6921871246856969,ALK;PDGFRB;MAST4;LRRK2;MAPK12;HCK;STK33;BMP2;NUAK2;TEC;ERBB4;MAP3K20;BTK;SGK1;BMPR1B;EPHA3;EPHB3,posterior_up
GO_Biological_Process_2021,negative regulation of cellular component organization (GO:0051129),3/80,0.5086516655534946,0.8380504892256411,0,0,1.1176766601505796,0.7555403101668668,CRYAB;EPHA3;BMP6,posterior_up
GO_Biological_Process_2021,transcription initiation from RNA polymerase II promoter (GO:0006367),5/140,0.511436110804823,0.8380504892256411,0,0,1.0624480983225375,0.7124060931217686,WWTR1;NR4A1;MAML2;NR2F1;MAML3,posterior_up
GO_Biological_Process_2021,neuron projection morphogenesis (GO:0048812),5/140,0.511436110804823,0.8380504892256411,0,0,1.0624480983225375,0.7124060931217686,LRRK2;NGF;SGK1;KLK8;EPHB3,posterior_up
GO_Biological_Process_2021,acetylcholine receptor signaling pathway (GO:0095500),1/21,0.5133765468829433,0.8380504892256411,0,0,1.4343239227340268,0.9563292986332016,RGS10,posterior_up
GO_Biological_Process_2021,purinergic nucleotide receptor signaling pathway (GO:0035590),1/21,0.5133765468829433,0.8380504892256411,0,0,1.4343239227340268,0.9563292986332016,ENTPD1,posterior_up
GO_Biological_Process_2021,anterior/posterior axis specification (GO:0009948),1/21,0.5133765468829433,0.8380504892256411,0,0,1.4343239227340268,0.9563292986332016,MESP1,posterior_up
GO_Biological_Process_2021,beta-catenin destruction complex disassembly (GO:1904886),1/21,0.5133765468829433,0.8380504892256411,0,0,1.4343239227340268,0.9563292986332016,FZD1,posterior_up
GO_Biological_Process_2021,regulation of cardiac muscle cell proliferation (GO:0060043),1/21,0.5133765468829433,0.8380504892256411,0,0,1.4343239227340268,0.9563292986332016,ERBB4,posterior_up
GO_Biological_Process_2021,regulation of cardiac muscle contraction by calcium ion signaling (GO:0010882),1/21,0.5133765468829433,0.8380504892256411,0,0,1.4343239227340268,0.9563292986332016,TNNI3,posterior_up
GO_Biological_Process_2021,calcium ion transport into cytosol (GO:0060402),1/21,0.5133765468829433,0.8380504892256411,0,0,1.4343239227340268,0.9563292986332016,GRIN2D,posterior_up
GO_Biological_Process_2021,regulation of cell-substrate junction assembly (GO:0090109),1/21,0.5133765468829433,0.8380504892256411,0,0,1.4343239227340268,0.9563292986332016,EPHA3,posterior_up
GO_Biological_Process_2021,regulation of cholesterol metabolic process (GO:0090181),1/21,0.5133765468829433,0.8380504892256411,0,0,1.4343239227340268,0.9563292986332016,ACADL,posterior_up
GO_Biological_Process_2021,regulation of lipid catabolic process (GO:0050994),1/21,0.5133765468829433,0.8380504892256411,0,0,1.4343239227340268,0.9563292986332016,ALK,posterior_up
GO_Biological_Process_2021,regulation of lipopolysaccharide-mediated signaling pathway (GO:0031664),1/21,0.5133765468829433,0.8380504892256411,0,0,1.4343239227340268,0.9563292986332016,BMP6,posterior_up
GO_Biological_Process_2021,cyclic purine nucleotide metabolic process (GO:0052652),1/21,0.5133765468829433,0.8380504892256411,0,0,1.4343239227340268,0.9563292986332016,NPPC,posterior_up
GO_Biological_Process_2021,epithelial cell development (GO:0002064),1/21,0.5133765468829433,0.8380504892256411,0,0,1.4343239227340268,0.9563292986332016,PKHD1,posterior_up
GO_Biological_Process_2021,regulation of transposition (GO:0010528),1/21,0.5133765468829433,0.8380504892256411,0,0,1.4343239227340268,0.9563292986332016,TDRD9,posterior_up
GO_Biological_Process_2021,heparan sulfate proteoglycan metabolic process (GO:0030201),1/21,0.5133765468829433,0.8380504892256411,0,0,1.4343239227340268,0.9563292986332016,HS6ST3,posterior_up
GO_Biological_Process_2021,long-term synaptic potentiation (GO:0060291),1/21,0.5133765468829433,0.8380504892256411,0,0,1.4343239227340268,0.9563292986332016,GRIN2D,posterior_up
GO_Biological_Process_2021,myotube differentiation (GO:0014902),1/21,0.5133765468829433,0.8380504892256411,0,0,1.4343239227340268,0.9563292986332016,ADAMTS5,posterior_up
GO_Biological_Process_2021,negative regulation of cell communication (GO:0010648),1/21,0.5133765468829433,0.8380504892256411,0,0,1.4343239227340268,0.9563292986332016,UBASH3B,posterior_up
GO_Biological_Process_2021,negative regulation of ion transmembrane transporter activity (GO:0032413),1/21,0.5133765468829433,0.8380504892256411,0,0,1.4343239227340268,0.9563292986332016,PCSK9,posterior_up
GO_Biological_Process_2021,negative regulation of microtubule depolymerization (GO:0007026),1/21,0.5133765468829433,0.8380504892256411,0,0,1.4343239227340268,0.9563292986332016,TRIM54,posterior_up
GO_Biological_Process_2021,negative regulation of reproductive process (GO:2000242),1/21,0.5133765468829433,0.8380504892256411,0,0,1.4343239227340268,0.9563292986332016,NPPC,posterior_up
GO_Biological_Process_2021,negative regulation of response to wounding (GO:1903035),1/21,0.5133765468829433,0.8380504892256411,0,0,1.4343239227340268,0.9563292986332016,KLK8,posterior_up
GO_Biological_Process_2021,neurotrophin signaling pathway (GO:0038179),1/21,0.5133765468829433,0.8380504892256411,0,0,1.4343239227340268,0.9563292986332016,NGF,posterior_up
GO_Biological_Process_2021,nuclear-transcribed mRNA poly(A) tail shortening (GO:0000289),1/21,0.5133765468829433,0.8380504892256411,0,0,1.4343239227340268,0.9563292986332016,ZFP36,posterior_up
GO_Biological_Process_2021,positive regulation of antigen receptor-mediated signaling pathway (GO:0050857),1/21,0.5133765468829433,0.8380504892256411,0,0,1.4343239227340268,0.9563292986332016,NECTIN2,posterior_up
GO_Biological_Process_2021,positive regulation of glycolytic process (GO:0045821),1/21,0.5133765468829433,0.8380504892256411,0,0,1.4343239227340268,0.9563292986332016,ZBTB20,posterior_up
GO_Biological_Process_2021,positive regulation of purine nucleotide metabolic process (GO:1900544),1/21,0.5133765468829433,0.8380504892256411,0,0,1.4343239227340268,0.9563292986332016,ZBTB20,posterior_up
GO_Biological_Process_2021,positive regulation of smoothened signaling pathway (GO:0045880),1/21,0.5133765468829433,0.8380504892256411,0,0,1.4343239227340268,0.9563292986332016,SFRP1,posterior_up
GO_Biological_Process_2021,positive regulation of transcription from RNA polymerase II promoter involved in cellular response to chemical stimulus (GO:1901522),1/21,0.5133765468829433,0.8380504892256411,0,0,1.4343239227340268,0.9563292986332016,BMP2,posterior_up
GO_Biological_Process_2021,positive regulation of vascular associated smooth muscle cell proliferation (GO:1904707),1/21,0.5133765468829433,0.8380504892256411,0,0,1.4343239227340268,0.9563292986332016,ADAMTS1,posterior_up
GO_Biological_Process_2021,regulation of smoothened signaling pathway (GO:0008589),2/51,0.5166102807775141,0.8420936811208564,0,0,1.170857628765792,0.7733122373429063,SFRP1;GAS1,posterior_up
GO_Biological_Process_2021,negative regulation of transport (GO:0051051),2/51,0.5166102807775141,0.8420936811208564,0,0,1.170857628765792,0.7733122373429063,CRYAB;EPHA3,posterior_up
GO_Biological_Process_2021,cellular divalent inorganic cation homeostasis (GO:0072503),4/111,0.5173527952181876,0.8426866539974138,0,0,1.0723392383875017,0.7067039942059579,PKHD1;HTR2C;TNNI3;TRDN,posterior_up
GO_Biological_Process_2021,generation of neurons (GO:0048699),7/202,0.5239416440638424,0.8444049602575243,0,0,1.029615961250144,0.6655179831334289,FZD1;EMX2;SEMA3A;HEY2;TAFA1;PCSK9;POU3F2,posterior_up
GO_Biological_Process_2021,regulation of exocytosis (GO:0017157),2/52,0.5270586916325027,0.8444049602575243,0,0,1.1473809523809524,0.7348325207419613,RAB3C;CFTR,posterior_up
GO_Biological_Process_2021,endocytic recycling (GO:0032456),2/52,0.5270586916325027,0.8444049602575243,0,0,1.1473809523809524,0.7348325207419613,ARL4C;SNX31,posterior_up
GO_Biological_Process_2021,signal transduction in response to DNA damage (GO:0042770),2/52,0.5270586916325027,0.8444049602575243,0,0,1.1473809523809524,0.7348325207419613,STK33;MAP3K20,posterior_up
GO_Biological_Process_2021,negative regulation of protein metabolic process (GO:0051248),2/52,0.5270586916325027,0.8444049602575243,0,0,1.1473809523809524,0.7348325207419613,EDNRB;CRYAB,posterior_up
GO_Biological_Process_2021,negative regulation of protein-containing complex assembly (GO:0031333),2/52,0.5270586916325027,0.8444049602575243,0,0,1.1473809523809524,0.7348325207419613,CRYAB;DACT1,posterior_up
GO_Biological_Process_2021,positive regulation of developmental growth (GO:0048639),2/52,0.5270586916325027,0.8444049602575243,0,0,1.1473809523809524,0.7348325207419613,SYT2;NGF,posterior_up
GO_Biological_Process_2021,positive regulation of protein localization to cell periphery (GO:1904377),2/52,0.5270586916325027,0.8444049602575243,0,0,1.1473809523809524,0.7348325207419613,EPB41L2;EPHA3,posterior_up
GO_Biological_Process_2021,cellular response to oxygen-containing compound (GO:1901701),11/323,0.5290070159360203,0.8444049602575243,0,0,1.0111091773987702,0.6438273931031281,CRHBP;SFRP1;ZFP36;SPAAR;KCNQ1;PDE3A;LDOC1;VIM;BRINP3;CFTR;EPHA3,posterior_up
GO_Biological_Process_2021,protein mannosylation (GO:0035268),1/22,0.5297929548402265,0.8444049602575243,0,0,1.3659520271704522,0.8677469783552403,TMTC2,posterior_up
GO_Biological_Process_2021,amino acid import (GO:0043090),1/22,0.5297929548402265,0.8444049602575243,0,0,1.3659520271704522,0.8677469783552403,SLC6A1,posterior_up
GO_Biological_Process_2021,regulation of adenylate cyclase activity (GO:0045761),1/22,0.5297929548402265,0.8444049602575243,0,0,1.3659520271704522,0.8677469783552403,EDNRB,posterior_up
GO_Biological_Process_2021,regulation of cardiac muscle cell membrane repolarization (GO:0099623),1/22,0.5297929548402265,0.8444049602575243,0,0,1.3659520271704522,0.8677469783552403,KCNQ1,posterior_up
GO_Biological_Process_2021,regulation of centrosome cycle (GO:0046605),1/22,0.5297929548402265,0.8444049602575243,0,0,1.3659520271704522,0.8677469783552403,PKHD1,posterior_up
GO_Biological_Process_2021,cell projection assembly (GO:0030031),1/22,0.5297929548402265,0.8444049602575243,0,0,1.3659520271704522,0.8677469783552403,RHOJ,posterior_up
GO_Biological_Process_2021,regulation of endoplasmic reticulum stress-induced intrinsic apoptotic signaling pathway (GO:1902235),1/22,0.5297929548402265,0.8444049602575243,0,0,1.3659520271704522,0.8677469783552403,LRRK2,posterior_up
GO_Biological_Process_2021,cellular response to nerve growth factor stimulus (GO:1990090),1/22,0.5297929548402265,0.8444049602575243,0,0,1.3659520271704522,0.8677469783552403,NGF,posterior_up
GO_Biological_Process_2021,chaperone-mediated protein complex assembly (GO:0051131),1/22,0.5297929548402265,0.8444049602575243,0,0,1.3659520271704522,0.8677469783552403,PTGES3L,posterior_up
GO_Biological_Process_2021,female gonad development (GO:0008585),1/22,0.5297929548402265,0.8444049602575243,0,0,1.3659520271704522,0.8677469783552403,FSHR,posterior_up
GO_Biological_Process_2021,glutamate metabolic process (GO:0006536),1/22,0.5297929548402265,0.8444049602575243,0,0,1.3659520271704522,0.8677469783552403,AADAT,posterior_up
GO_Biological_Process_2021,glutathione derivative biosynthetic process (GO:1901687),1/22,0.5297929548402265,0.8444049602575243,0,0,1.3659520271704522,0.8677469783552403,MGST2,posterior_up
GO_Biological_Process_2021,glutathione derivative metabolic process (GO:1901685),1/22,0.5297929548402265,0.8444049602575243,0,0,1.3659520271704522,0.8677469783552403,MGST2,posterior_up
GO_Biological_Process_2021,microglial cell activation (GO:0001774),1/22,0.5297929548402265,0.8444049602575243,0,0,1.3659520271704522,0.8677469783552403,C1QA,posterior_up
GO_Biological_Process_2021,negative regulation of biomineral tissue development (GO:0070168),1/22,0.5297929548402265,0.8444049602575243,0,0,1.3659520271704522,0.8677469783552403,HEY2,posterior_up
GO_Biological_Process_2021,negative regulation of cyclin-dependent protein kinase activity (GO:1904030),1/22,0.5297929548402265,0.8444049602575243,0,0,1.3659520271704522,0.8677469783552403,MYOCD,posterior_up
GO_Biological_Process_2021,negative regulation of interleukin-2 production (GO:0032703),1/22,0.5297929548402265,0.8444049602575243,0,0,1.3659520271704522,0.8677469783552403,ZFP36,posterior_up
GO_Biological_Process_2021,positive regulation of calcium ion transmembrane transporter activity (GO:1901021),1/22,0.5297929548402265,0.8444049602575243,0,0,1.3659520271704522,0.8677469783552403,TRDN,posterior_up
GO_Biological_Process_2021,positive regulation of dendritic spine development (GO:0060999),1/22,0.5297929548402265,0.8444049602575243,0,0,1.3659520271704522,0.8677469783552403,CUX2,posterior_up
GO_Biological_Process_2021,positive regulation of peptidase activity (GO:0010952),1/22,0.5297929548402265,0.8444049602575243,0,0,1.3659520271704522,0.8677469783552403,MAPK12,posterior_up
GO_Biological_Process_2021,protein localization to cell junction (GO:1902414),1/22,0.5297929548402265,0.8444049602575243,0,0,1.3659520271704522,0.8677469783552403,NECTIN1,posterior_up
GO_Biological_Process_2021,neuron development (GO:0048666),5/143,0.5302818872722487,0.844579240644777,0,0,1.039188925716514,0.6592059109145267,ALK;ADCYAP1;PTPRM;NRTN;POU3F2,posterior_up
GO_Biological_Process_2021,sulfur compound biosynthetic process (GO:0044272),4/113,0.5314574742340746,0.8458461231550902,0,0,1.0525537450362863,0.6653530042125743,MGST2;ST3GAL6;PRELP;FMOD,posterior_up
GO_Biological_Process_2021,regulation of Notch signaling pathway (GO:0008593),3/83,0.5335011062341225,0.8472804863461261,0,0,1.075596125186289,0.6757907367621849,MESP1;MAML2;MAML3,posterior_up
GO_Biological_Process_2021,epidermis development (GO:0008544),3/83,0.5335011062341225,0.8472804863461261,0,0,1.075596125186289,0.6757907367621849,COL17A1;CDSN;EMP1,posterior_up
GO_Biological_Process_2021,glycoprotein biosynthetic process (GO:0009101),3/83,0.5335011062341225,0.8472804863461261,0,0,1.075596125186289,0.6757907367621849,B3GNT8;ST3GAL6;BMPR1B,posterior_up
GO_Biological_Process_2021,neuron differentiation (GO:0030182),6/174,0.5352404304682405,0.8494364891525216,0,0,1.024272882805817,0.6402107342788632,FZD1;ALK;EMX2;ID2;PCSK9;POU3F2,posterior_up
GO_Biological_Process_2021,positive regulation of chemokine production (GO:0032722),2/53,0.5373530897709767,0.8521814859161961,0,0,1.1248249299719888,0.6986286264347114,ADCYAP1;IL33,posterior_up
GO_Biological_Process_2021,regulation of protein phosphorylation (GO:0001932),9/266,0.5426491601008232,0.856195599811961,0,0,1.0041894619818028,0.613853267639244,WWTR1;BMP2;ERBB4;LRRK2;RSPO1;FGF1;FGF3;ENG;TTN,posterior_up
GO_Biological_Process_2021,regulation of cysteine-type endopeptidase activity (GO:2000116),1/23,0.5456563418127465,0.856195599811961,0,0,1.3037957584762934,0.7897950266933026,NGF,posterior_up
GO_Biological_Process_2021,regulation of interferon-gamma-mediated signaling pathway (GO:0060334),1/23,0.5456563418127465,0.856195599811961,0,0,1.3037957584762934,0.7897950266933026,ARG1,posterior_up
GO_Biological_Process_2021,regulation of mononuclear cell migration (GO:0071675),1/23,0.5456563418127465,0.856195599811961,0,0,1.3037957584762934,0.7897950266933026,BMP5,posterior_up
GO_Biological_Process_2021,regulation of peptidase activity (GO:0052547),1/23,0.5456563418127465,0.856195599811961,0,0,1.3037957584762934,0.7897950266933026,MAPK12,posterior_up
GO_Biological_Process_2021,regulation of release of sequestered calcium ion into cytosol by sarcoplasmic reticulum (GO:0010880),1/23,0.5456563418127465,0.856195599811961,0,0,1.3037957584762934,0.7897950266933026,TRDN,posterior_up
GO_Biological_Process_2021,regulation of steroid metabolic process (GO:0019218),1/23,0.5456563418127465,0.856195599811961,0,0,1.3037957584762934,0.7897950266933026,ACADL,posterior_up
GO_Biological_Process_2021,hyaluronan metabolic process (GO:0030212),1/23,0.5456563418127465,0.856195599811961,0,0,1.3037957584762934,0.7897950266933026,HAS3,posterior_up
GO_Biological_Process_2021,negative regulation of GTPase activity (GO:0034260),1/23,0.5456563418127465,0.856195599811961,0,0,1.3037957584762934,0.7897950266933026,LRRK2,posterior_up
GO_Biological_Process_2021,negative regulation of intracellular protein transport (GO:0090317),1/23,0.5456563418127465,0.856195599811961,0,0,1.3037957584762934,0.7897950266933026,LRRK2,posterior_up
GO_Biological_Process_2021,oligosaccharide biosynthetic process (GO:0009312),1/23,0.5456563418127465,0.856195599811961,0,0,1.3037957584762934,0.7897950266933026,ST3GAL6,posterior_up
GO_Biological_Process_2021,positive regulation of cholesterol efflux (GO:0010875),1/23,0.5456563418127465,0.856195599811961,0,0,1.3037957584762934,0.7897950266933026,PLTP,posterior_up
GO_Biological_Process_2021,positive regulation of interleukin-17 production (GO:0032740),1/23,0.5456563418127465,0.856195599811961,0,0,1.3037957584762934,0.7897950266933026,SLAMF6,posterior_up
GO_Biological_Process_2021,positive regulation of morphogenesis of an epithelium (GO:1905332),1/23,0.5456563418127465,0.856195599811961,0,0,1.3037957584762934,0.7897950266933026,AGT,posterior_up
GO_Biological_Process_2021,positive regulation of receptor internalization (GO:0002092),1/23,0.5456563418127465,0.856195599811961,0,0,1.3037957584762934,0.7897950266933026,PCSK9,posterior_up
GO_Biological_Process_2021,regulation of focal adhesion assembly (GO:0051893),2/54,0.5474919766892017,0.8566593868730477,0,0,1.1031364468864469,0.6645376380720351,SFRP1;EPHA3,posterior_up
GO_Biological_Process_2021,cytoplasmic microtubule organization (GO:0031122),2/54,0.5474919766892017,0.8566593868730477,0,0,1.1031364468864469,0.6645376380720351,FIGN;TRDN,posterior_up
GO_Biological_Process_2021,regulation of potassium ion transmembrane transport (GO:1901379),2/54,0.5474919766892017,0.8566593868730477,0,0,1.1031364468864469,0.6645376380720351,KCNQ1;KCNAB3,posterior_up
GO_Biological_Process_2021,glycosaminoglycan metabolic process (GO:0030203),2/54,0.5474919766892017,0.8566593868730477,0,0,1.1031364468864469,0.6645376380720351,HPSE2;HS3ST1,posterior_up
GO_Biological_Process_2021,regulation of protein kinase B signaling (GO:0051896),7/207,0.5499420996898331,0.8598883849682913,0,0,1.0036131934032984,0.600102760688617,PKHD1;PDGFRB;ERBB4;GAB1;FGF1;FGF3;ENG,posterior_up
GO_Biological_Process_2021,negative regulation of cytokine-mediated signaling pathway (GO:0001960),2/55,0.5574741291924297,0.8608222872284694,0,0,1.0822663971248876,0.6324106609429612,ARG1;PALM3,posterior_up
GO_Biological_Process_2021,regulation of mitotic cell cycle (GO:0007346),6/178,0.5575544222845088,0.8608222872284694,0,0,1.0002436986492131,0.584337529536532,GAS1;BRINP3;MEIS2;DLGAP5;CKS1B;RPRM,posterior_up
GO_Biological_Process_2021,regulation of neuron death (GO:1901214),3/86,0.5576253865735268,0.8608222872284694,0,0,1.0365575566049594,0.6054199873172665,C1QA;LRRK2;PCSK9,posterior_up
GO_Biological_Process_2021,negative regulation of phosphorylation (GO:0042326),3/86,0.5576253865735268,0.8608222872284694,0,0,1.0365575566049594,0.6054199873172665,WWTR1;LRRK2;NUPR1,posterior_up
GO_Biological_Process_2021,positive regulation of proteasomal protein catabolic process (GO:1901800),3/86,0.5576253865735268,0.8608222872284694,0,0,1.0365575566049594,0.6054199873172665,RNF144B;LRRK2;NUPR1,posterior_up
GO_Biological_Process_2021,positive regulation of transferase activity (GO:0051347),5/148,0.5609436770789504,0.8608222872284694,0,0,1.0025923254622806,0.5796334893634184,PDGFRB;ALK;ERBB4;EPHA3;EPHB3,posterior_up
GO_Biological_Process_2021,axon extension (GO:0048675),1/24,0.5609853107781037,0.8608222872284694,0,0,1.2470443827120614,0.7208671714700176,SEMA3A,posterior_up
GO_Biological_Process_2021,regulation of cell size (GO:0008361),1/24,0.5609853107781037,0.8608222872284694,0,0,1.2470443827120614,0.7208671714700176,DEPTOR,posterior_up
GO_Biological_Process_2021,carbohydrate biosynthetic process (GO:0016051),1/24,0.5609853107781037,0.8608222872284694,0,0,1.2470443827120614,0.7208671714700176,ST3GAL6,posterior_up
GO_Biological_Process_2021,regulation of cellular response to transforming growth factor beta stimulus (GO:1903844),1/24,0.5609853107781037,0.8608222872284694,0,0,1.2470443827120614,0.7208671714700176,ENG,posterior_up
GO_Biological_Process_2021,regulation of cytokine production involved in immune response (GO:0002718),1/24,0.5609853107781037,0.8608222872284694,0,0,1.2470443827120614,0.7208671714700176,BTK,posterior_up
GO_Biological_Process_2021,regulation of keratinocyte proliferation (GO:0010837),1/24,0.5609853107781037,0.8608222872284694,0,0,1.2470443827120614,0.7208671714700176,ZFP36,posterior_up
GO_Biological_Process_2021,establishment of mitotic spindle orientation (GO:0000132),1/24,0.5609853107781037,0.8608222872284694,0,0,1.2470443827120614,0.7208671714700176,PKHD1,posterior_up
GO_Biological_Process_2021,regulation of vascular endothelial growth factor receptor signaling pathway (GO:0030947),1/24,0.5609853107781037,0.8608222872284694,0,0,1.2470443827120614,0.7208671714700176,EMILIN1,posterior_up
GO_Biological_Process_2021,immune response-activating cell surface receptor signaling pathway (GO:0002429),1/24,0.5609853107781037,0.8608222872284694,0,0,1.2470443827120614,0.7208671714700176,SH2B2,posterior_up
GO_Biological_Process_2021,inner ear morphogenesis (GO:0042472),1/24,0.5609853107781037,0.8608222872284694,0,0,1.2470443827120614,0.7208671714700176,POU3F4,posterior_up
GO_Biological_Process_2021,leukotriene metabolic process (GO:0006691),1/24,0.5609853107781037,0.8608222872284694,0,0,1.2470443827120614,0.7208671714700176,MGST2,posterior_up
GO_Biological_Process_2021,mammary gland development (GO:0030879),1/24,0.5609853107781037,0.8608222872284694,0,0,1.2470443827120614,0.7208671714700176,ERBB4,posterior_up
GO_Biological_Process_2021,negative regulation of lipid metabolic process (GO:0045833),1/24,0.5609853107781037,0.8608222872284694,0,0,1.2470443827120614,0.7208671714700176,ALK,posterior_up
GO_Biological_Process_2021,negative regulation of ossification (GO:0030279),1/24,0.5609853107781037,0.8608222872284694,0,0,1.2470443827120614,0.7208671714700176,SFRP1,posterior_up
GO_Biological_Process_2021,negative regulation of stress fiber assembly (GO:0051497),1/24,0.5609853107781037,0.8608222872284694,0,0,1.2470443827120614,0.7208671714700176,ARHGAP28,posterior_up
GO_Biological_Process_2021,negative regulation of synaptic transmission (GO:0050805),1/24,0.5609853107781037,0.8608222872284694,0,0,1.2470443827120614,0.7208671714700176,LRRK2,posterior_up
GO_Biological_Process_2021,phospholipid catabolic process (GO:0009395),1/24,0.5609853107781037,0.8608222872284694,0,0,1.2470443827120614,0.7208671714700176,ENPP2,posterior_up
GO_Biological_Process_2021,positive regulation of carbohydrate metabolic process (GO:0045913),1/24,0.5609853107781037,0.8608222872284694,0,0,1.2470443827120614,0.7208671714700176,ZBTB20,posterior_up
GO_Biological_Process_2021,positive regulation of cell-substrate junction organization (GO:0150117),1/24,0.5609853107781037,0.8608222872284694,0,0,1.2470443827120614,0.7208671714700176,SFRP1,posterior_up
GO_Biological_Process_2021,positive regulation of p38MAPK cascade (GO:1900745),1/24,0.5609853107781037,0.8608222872284694,0,0,1.2470443827120614,0.7208671714700176,BMP2,posterior_up
GO_Biological_Process_2021,positive regulation of phospholipase activity (GO:0010518),1/24,0.5609853107781037,0.8608222872284694,0,0,1.2470443827120614,0.7208671714700176,PDGFRB,posterior_up
GO_Biological_Process_2021,regulation of protein binding (GO:0043393),4/118,0.5657954991458466,0.8676050900065532,0,0,1.006127258444619,0.5730121870033992,BMP2;LRRK2;IFIT2;DACT1,posterior_up
GO_Biological_Process_2021,sensory organ development (GO:0007423),2/56,0.5672985826749706,0.8679826022601809,0,0,1.062169312169312,0.6021114007366044,BMPR1B;MEIS2,posterior_up
GO_Biological_Process_2021,brain development (GO:0007420),5/150,0.5729242210016854,0.8679826022601809,0,0,0.9886603783310138,0.5506856306596557,ROBO2;EGR2;EMX2;MEIS2;GRIN2D,posterior_up
GO_Biological_Process_2021,metal ion transport (GO:0030001),3/88,0.5732854057813228,0.8679826022601809,0,0,1.0120627684754977,0.563082977652167,CACNG6;TRPC4;CACNG3,posterior_up
GO_Biological_Process_2021,receptor signaling pathway via STAT (GO:0097696),1/25,0.575797839706418,0.8679826022601809,0,0,1.1950222882615156,0.6596506929754125,STAT4,posterior_up
GO_Biological_Process_2021,regulation of calcium ion import (GO:0090279),1/25,0.575797839706418,0.8679826022601809,0,0,1.1950222882615156,0.6596506929754125,PDGFRB,posterior_up
GO_Biological_Process_2021,regulation of cAMP-mediated signaling (GO:0043949),1/25,0.575797839706418,0.8679826022601809,0,0,1.1950222882615156,0.6596506929754125,PDE3A,posterior_up
GO_Biological_Process_2021,cardiac conduction system development (GO:0003161),1/25,0.575797839706418,0.8679826022601809,0,0,1.1950222882615156,0.6596506929754125,HEY2,posterior_up
GO_Biological_Process_2021,regulation of epidermal cell differentiation (GO:0045604),1/25,0.575797839706418,0.8679826022601809,0,0,1.1950222882615156,0.6596506929754125,ZFP36,posterior_up
GO_Biological_Process_2021,cellular response to hexose stimulus (GO:0071331),1/25,0.575797839706418,0.8679826022601809,0,0,1.1950222882615156,0.6596506929754125,ZBTB20,posterior_up
GO_Biological_Process_2021,regulation of microtubule depolymerization (GO:0031114),1/25,0.575797839706418,0.8679826022601809,0,0,1.1950222882615156,0.6596506929754125,TRIM54,posterior_up
GO_Biological_Process_2021,regulation of mitochondrial fission (GO:0090140),1/25,0.575797839706418,0.8679826022601809,0,0,1.1950222882615156,0.6596506929754125,LRRK2,posterior_up
GO_Biological_Process_2021,divalent inorganic cation homeostasis (GO:0072507),1/25,0.575797839706418,0.8679826022601809,0,0,1.1950222882615156,0.6596506929754125,TMTC2,posterior_up
GO_Biological_Process_2021,energy derivation by oxidation of organic compounds (GO:0015980),1/25,0.575797839706418,0.8679826022601809,0,0,1.1950222882615156,0.6596506929754125,GFPT2,posterior_up
GO_Biological_Process_2021,regulation of ryanodine-sensitive calcium-release channel activity (GO:0060314),1/25,0.575797839706418,0.8679826022601809,0,0,1.1950222882615156,0.6596506929754125,TRDN,posterior_up
GO_Biological_Process_2021,response to hexose (GO:0009746),1/25,0.575797839706418,0.8679826022601809,0,0,1.1950222882615156,0.6596506929754125,MAFA,posterior_up
GO_Biological_Process_2021,negative regulation of cell junction assembly (GO:1901889),1/25,0.575797839706418,0.8679826022601809,0,0,1.1950222882615156,0.6596506929754125,ROBO2,posterior_up
GO_Biological_Process_2021,negative regulation of cellular carbohydrate metabolic process (GO:0010677),1/25,0.575797839706418,0.8679826022601809,0,0,1.1950222882615156,0.6596506929754125,NUPR1,posterior_up
GO_Biological_Process_2021,negative regulation of endocytosis (GO:0045806),1/25,0.575797839706418,0.8679826022601809,0,0,1.1950222882615156,0.6596506929754125,EPHA3,posterior_up
GO_Biological_Process_2021,negative regulation of response to endoplasmic reticulum stress (GO:1903573),1/25,0.575797839706418,0.8679826022601809,0,0,1.1950222882615156,0.6596506929754125,LRRK2,posterior_up
GO_Biological_Process_2021,organophosphate ester transport (GO:0015748),1/25,0.575797839706418,0.8679826022601809,0,0,1.1950222882615156,0.6596506929754125,PLTP,posterior_up
GO_Biological_Process_2021,peroxisome organization (GO:0007031),1/25,0.575797839706418,0.8679826022601809,0,0,1.1950222882615156,0.6596506929754125,SEC16B,posterior_up
GO_Biological_Process_2021,positive regulation of ERBB signaling pathway (GO:1901186),1/25,0.575797839706418,0.8679826022601809,0,0,1.1950222882615156,0.6596506929754125,AGT,posterior_up
GO_Biological_Process_2021,positive regulation of lipid metabolic process (GO:0045834),1/25,0.575797839706418,0.8679826022601809,0,0,1.1950222882615156,0.6596506929754125,ZBTB20,posterior_up
GO_Biological_Process_2021,cellular response to peptide (GO:1901653),2/57,0.5769646151653067,0.8679826022601809,0,0,1.0428030303030302,0.5735149082275096,LDOC1;VIM,posterior_up
GO_Biological_Process_2021,dicarboxylic acid metabolic process (GO:0043648),2/57,0.5769646151653067,0.8679826022601809,0,0,1.0428030303030302,0.5735149082275096,ALDH1L1;AADAT,posterior_up
GO_Biological_Process_2021,regulation of reactive oxygen species metabolic process (GO:2000377),2/57,0.5769646151653067,0.8679826022601809,0,0,1.0428030303030302,0.5735149082275096,PDGFRB;AGT,posterior_up
GO_Biological_Process_2021,icosanoid metabolic process (GO:0006690),2/57,0.5769646151653067,0.8679826022601809,0,0,1.0428030303030302,0.5735149082275096,HPGD;TBXAS1,posterior_up
GO_Biological_Process_2021,positive regulation of interferon-gamma production (GO:0032729),2/57,0.5769646151653067,0.8679826022601809,0,0,1.0428030303030302,0.5735149082275096,CRTAM;SLAMF6,posterior_up
GO_Biological_Process_2021,cellular response to lipopolysaccharide (GO:0071222),4/120,0.5791367908099496,0.8706617294271202,0,0,0.988677303139475,0.5400319310473813,HCK;ZFP36;LDOC1;VIM,posterior_up
GO_Biological_Process_2021,positive regulation of protein modification process (GO:0031401),7/214,0.5852770161776949,0.8724236868540781,0,0,0.969319687982096,0.5192354887996266,BMP2;ERBB4;LRRK2;RSPO1;FGF1;FGF3;ENG,posterior_up
GO_Biological_Process_2021,eye development (GO:0001654),2/58,0.5864717320238064,0.8724236868540781,0,0,1.0241284013605445,0.5465064681500644,BMPR1B;MEIS2,posterior_up
GO_Biological_Process_2021,fat cell differentiation (GO:0045444),2/58,0.5864717320238064,0.8724236868540781,0,0,1.0241284013605445,0.5465064681500644,NR4A1;EGR2,posterior_up
GO_Biological_Process_2021,muscle organ development (GO:0007517),2/58,0.5864717320238064,0.8724236868540781,0,0,1.0241284013605445,0.5465064681500644,MYH6;MAPK12,posterior_up
GO_Biological_Process_2021,positive regulation of mitotic cell cycle phase transition (GO:1901992),2/58,0.5864717320238064,0.8724236868540781,0,0,1.0241284013605445,0.5465064681500644,ADAMTS1;DLGAP5,posterior_up
GO_Biological_Process_2021,sodium ion transport (GO:0006814),3/90,0.5885958644217789,0.8724236868540781,0,0,0.9886941775014132,0.5240232085164274,SLC5A12;SLC6A1;SGK1,posterior_up
GO_Biological_Process_2021,negative regulation of protein kinase activity (GO:0006469),3/90,0.5885958644217789,0.8724236868540781,0,0,0.9886941775014132,0.5240232085164274,WWTR1;DEPTOR;UBASH3B,posterior_up
GO_Biological_Process_2021,proteoglycan metabolic process (GO:0006029),1/26,0.5901113027934326,0.8724236868540781,0,0,1.1471619613670134,0.6050638209687119,BMPR1B,posterior_up
GO_Biological_Process_2021,regulation of biomineral tissue development (GO:0070167),1/26,0.5901113027934326,0.8724236868540781,0,0,1.1471619613670134,0.6050638209687119,HEY2,posterior_up
GO_Biological_Process_2021,regulation of chondrocyte differentiation (GO:0032330),1/26,0.5901113027934326,0.8724236868540781,0,0,1.1471619613670134,0.6050638209687119,BMPR1B,posterior_up
GO_Biological_Process_2021,regulation of glycogen biosynthetic process (GO:0005979),1/26,0.5901113027934326,0.8724236868540781,0,0,1.1471619613670134,0.6050638209687119,PPP1R3C,posterior_up
GO_Biological_Process_2021,regulation of mitotic metaphase/anaphase transition (GO:0030071),1/26,0.5901113027934326,0.8724236868540781,0,0,1.1471619613670134,0.6050638209687119,DLGAP5,posterior_up
GO_Biological_Process_2021,DNA geometric change (GO:0032392),1/26,0.5901113027934326,0.8724236868540781,0,0,1.1471619613670134,0.6050638209687119,HMGB3,posterior_up
GO_Biological_Process_2021,endothelial cell development (GO:0001885),1/26,0.5901113027934326,0.8724236868540781,0,0,1.1471619613670134,0.6050638209687119,SOX18,posterior_up
GO_Biological_Process_2021,regulation of synapse organization (GO:0050807),1/26,0.5901113027934326,0.8724236868540781,0,0,1.1471619613670134,0.6050638209687119,KLK8,posterior_up
GO_Biological_Process_2021,regulation of viral life cycle (GO:1903900),1/26,0.5901113027934326,0.8724236868540781,0,0,1.1471619613670134,0.6050638209687119,NECTIN2,posterior_up
GO_Biological_Process_2021,retinoic acid metabolic process (GO:0042573),1/26,0.5901113027934326,0.8724236868540781,0,0,1.1471619613670134,0.6050638209687119,CYP26B1,posterior_up
GO_Biological_Process_2021,meiosis I (GO:0007127),1/26,0.5901113027934326,0.8724236868540781,0,0,1.1471619613670134,0.6050638209687119,TDRD9,posterior_up
GO_Biological_Process_2021,metanephros development (GO:0001656),1/26,0.5901113027934326,0.8724236868540781,0,0,1.1471619613670134,0.6050638209687119,ROBO2,posterior_up
GO_Biological_Process_2021,negative regulation of receptor-mediated endocytosis (GO:0048261),1/26,0.5901113027934326,0.8724236868540781,0,0,1.1471619613670134,0.6050638209687119,PCSK9,posterior_up
GO_Biological_Process_2021,negative regulation of signaling receptor activity (GO:2000272),1/26,0.5901113027934326,0.8724236868540781,0,0,1.1471619613670134,0.6050638209687119,CRHBP,posterior_up
GO_Biological_Process_2021,negative regulation of transposition (GO:0010529),1/26,0.5901113027934326,0.8724236868540781,0,0,1.1471619613670134,0.6050638209687119,TDRD9,posterior_up
GO_Biological_Process_2021,organelle fission (GO:0048285),1/26,0.5901113027934326,0.8724236868540781,0,0,1.1471619613670134,0.6050638209687119,SEC16B,posterior_up
GO_Biological_Process_2021,positive regulation of ion transmembrane transporter activity (GO:0032414),1/26,0.5901113027934326,0.8724236868540781,0,0,1.1471619613670134,0.6050638209687119,CFTR,posterior_up
GO_Biological_Process_2021,positive regulation of T cell mediated cytotoxicity (GO:0001916),1/26,0.5901113027934326,0.8724236868540781,0,0,1.1471619613670134,0.6050638209687119,NECTIN2,posterior_up
GO_Biological_Process_2021,epithelium development (GO:0060429),4/122,0.5922410298628891,0.8749908973737903,0,0,0.97181887174298,0.509079135114056,BMP2;SOX18;MEOX1;DACT1,posterior_up
GO_Biological_Process_2021,antigen receptor-mediated signaling pathway (GO:0050851),6/185,0.5953495430988103,0.8773651386707673,0,0,0.9607767704813835,0.4982651536752243,FYB2;TEC;GRAP2;INPP5D;BTK;SH2B2,posterior_up
GO_Biological_Process_2021,selective autophagy (GO:0061912),2/59,0.5958196514748446,0.8773651386707673,0,0,1.006109022556391,0.5209806132018436,VIM;CFTR,posterior_up
GO_Biological_Process_2021,mitotic DNA damage checkpoint signaling (GO:0044773),2/59,0.5958196514748446,0.8773651386707673,0,0,1.006109022556391,0.5209806132018436,STK33;TICRR,posterior_up
GO_Biological_Process_2021,negative regulation of autophagy (GO:0010507),2/59,0.5958196514748446,0.8773651386707673,0,0,1.006109022556391,0.5209806132018436,LRRK2;NUPR1,posterior_up
GO_Biological_Process_2021,positive regulation of apoptotic signaling pathway (GO:2001235),2/59,0.5958196514748446,0.8773651386707673,0,0,1.006109022556391,0.5209806132018436,NUPR1;AGT,posterior_up
GO_Biological_Process_2021,regulation of endothelial cell proliferation (GO:0001936),3/92,0.6035489979701085,0.8798323185990607,0,0,0.9663758602789732,0.4879502806915511,NR4A1;BMP2;PTPRM,posterior_up
GO_Biological_Process_2021,Wnt signaling pathway (GO:0016055),3/92,0.6035489979701085,0.8798323185990607,0,0,0.9663758602789732,0.4879502806915511,FZD1;SFRP1;LRRK2,posterior_up
GO_Biological_Process_2021,cellular senescence (GO:0090398),1/27,0.6039424903445395,0.8798323185990607,0,0,1.1029831980797806,0.5562082863566331,ID2,posterior_up
GO_Biological_Process_2021,dendritic spine organization (GO:0097061),1/27,0.6039424903445395,0.8798323185990607,0,0,1.1029831980797806,0.5562082863566331,EPHB3,posterior_up
GO_Biological_Process_2021,regulation of transcription regulatory region DNA binding (GO:2000677),1/27,0.6039424903445395,0.8798323185990607,0,0,1.1029831980797806,0.5562082863566331,HEY2,posterior_up
GO_Biological_Process_2021,regulation of vasculature development (GO:1901342),1/27,0.6039424903445395,0.8798323185990607,0,0,1.1029831980797806,0.5562082863566331,SFRP1,posterior_up
GO_Biological_Process_2021,response to glucocorticoid (GO:0051384),1/27,0.6039424903445395,0.8798323185990607,0,0,1.1029831980797806,0.5562082863566331,ZFP36,posterior_up
GO_Biological_Process_2021,stress-activated protein kinase signaling cascade (GO:0031098),1/27,0.6039424903445395,0.8798323185990607,0,0,1.1029831980797806,0.5562082863566331,MAP3K20,posterior_up
GO_Biological_Process_2021,monocarboxylic acid catabolic process (GO:0072329),1/27,0.6039424903445395,0.8798323185990607,0,0,1.1029831980797806,0.5562082863566331,CYP26B1,posterior_up
GO_Biological_Process_2021,negative regulation of actin filament bundle assembly (GO:0032232),1/27,0.6039424903445395,0.8798323185990607,0,0,1.1029831980797806,0.5562082863566331,ARHGAP28,posterior_up
GO_Biological_Process_2021,negative regulation of cation channel activity (GO:2001258),1/27,0.6039424903445395,0.8798323185990607,0,0,1.1029831980797806,0.5562082863566331,TRDN,posterior_up
GO_Biological_Process_2021,positive regulation of calcium ion transmembrane transport (GO:1904427),1/27,0.6039424903445395,0.8798323185990607,0,0,1.1029831980797806,0.5562082863566331,F2R,posterior_up
GO_Biological_Process_2021,positive regulation of gene silencing by miRNA (GO:2000637),1/27,0.6039424903445395,0.8798323185990607,0,0,1.1029831980797806,0.5562082863566331,ZFP36,posterior_up
GO_Biological_Process_2021,positive regulation of mitotic cell cycle (GO:0045931),1/27,0.6039424903445395,0.8798323185990607,0,0,1.1029831980797806,0.5562082863566331,MEIS2,posterior_up
GO_Biological_Process_2021,positive regulation of nuclear division (GO:0051785),1/27,0.6039424903445395,0.8798323185990607,0,0,1.1029831980797806,0.5562082863566331,PDGFRB,posterior_up
GO_Biological_Process_2021,presynaptic endocytosis (GO:0140238),1/27,0.6039424903445395,0.8798323185990607,0,0,1.1029831980797806,0.5562082863566331,SYT2,posterior_up
GO_Biological_Process_2021,adenylate cyclase-inhibiting G protein-coupled receptor signaling pathway (GO:0007193),2/60,0.6050082909917137,0.8798323185990607,0,0,0.9887110016420362,0.4968402471748208,HTR1D;NPY1R,posterior_up
GO_Biological_Process_2021,cellular protein catabolic process (GO:0044257),2/60,0.6050082909917137,0.8798323185990607,0,0,0.9887110016420362,0.4968402471748208,MYLIP;PCSK9,posterior_up
GO_Biological_Process_2021,response to organic cyclic compound (GO:0014070),2/60,0.6050082909917137,0.8798323185990607,0,0,0.9887110016420362,0.4968402471748208,SFRP1;LRRK2,posterior_up
GO_Biological_Process_2021,negative regulation of response to stimulus (GO:0048585),2/61,0.614037753998805,0.8844233572637229,0,0,0.9719027441485067,0.4739958643640533,UBASH3B;PDCD1,posterior_up
GO_Biological_Process_2021,O-glycan processing (GO:0016266),2/61,0.614037753998805,0.8844233572637229,0,0,0.9719027441485067,0.4739958643640533,GALNT6;B3GNT8,posterior_up
GO_Biological_Process_2021,amide transport (GO:0042886),1/28,0.6173076286878929,0.8844233572637229,0,0,1.0620769357767872,0.5123329474583713,PLTP,posterior_up
GO_Biological_Process_2021,receptor clustering (GO:0043113),1/28,0.6173076286878929,0.8844233572637229,0,0,1.0620769357767872,0.5123329474583713,PTN,posterior_up
GO_Biological_Process_2021,regulation of calcineurin-NFAT signaling cascade (GO:0070884),1/28,0.6173076286878929,0.8844233572637229,0,0,1.0620769357767872,0.5123329474583713,LMCD1,posterior_up
GO_Biological_Process_2021,regulation of calcium-mediated signaling (GO:0050848),1/28,0.6173076286878929,0.8844233572637229,0,0,1.0620769357767872,0.5123329474583713,LRRK2,posterior_up
GO_Biological_Process_2021,calcium ion import (GO:0070509),1/28,0.6173076286878929,0.8844233572637229,0,0,1.0620769357767872,0.5123329474583713,TRPC4,posterior_up
GO_Biological_Process_2021,cellular response to acid chemical (GO:0071229),1/28,0.6173076286878929,0.8844233572637229,0,0,1.0620769357767872,0.5123329474583713,SPAAR,posterior_up
GO_Biological_Process_2021,cellular response to epidermal growth factor stimulus (GO:0071364),1/28,0.6173076286878929,0.8844233572637229,0,0,1.0620769357767872,0.5123329474583713,ZFP36,posterior_up
GO_Biological_Process_2021,cellular response to interleukin-6 (GO:0071354),1/28,0.6173076286878929,0.8844233572637229,0,0,1.0620769357767872,0.5123329474583713,ST3GAL6,posterior_up
GO_Biological_Process_2021,regulation of insulin secretion involved in cellular response to glucose stimulus (GO:0061178),1/28,0.6173076286878929,0.8844233572637229,0,0,1.0620769357767872,0.5123329474583713,CFTR,posterior_up
GO_Biological_Process_2021,regulation of phosphatase activity (GO:0010921),1/28,0.6173076286878929,0.8844233572637229,0,0,1.0620769357767872,0.5123329474583713,BMP2,posterior_up
GO_Biological_Process_2021,regulation of postsynapse organization (GO:0099175),1/28,0.6173076286878929,0.8844233572637229,0,0,1.0620769357767872,0.5123329474583713,LRRK2,posterior_up
GO_Biological_Process_2021,regulation of small molecule metabolic process (GO:0062012),1/28,0.6173076286878929,0.8844233572637229,0,0,1.0620769357767872,0.5123329474583713,ACADL,posterior_up
GO_Biological_Process_2021,glycerophospholipid catabolic process (GO:0046475),1/28,0.6173076286878929,0.8844233572637229,0,0,1.0620769357767872,0.5123329474583713,ENPP2,posterior_up
GO_Biological_Process_2021,glycogen metabolic process (GO:0005977),1/28,0.6173076286878929,0.8844233572637229,0,0,1.0620769357767872,0.5123329474583713,PPP1R3C,posterior_up
GO_Biological_Process_2021,negative regulation of calcium ion transmembrane transporter activity (GO:1901020),1/28,0.6173076286878929,0.8844233572637229,0,0,1.0620769357767872,0.5123329474583713,TRDN,posterior_up
GO_Biological_Process_2021,negative regulation of oxidative stress-induced cell death (GO:1903202),1/28,0.6173076286878929,0.8844233572637229,0,0,1.0620769357767872,0.5123329474583713,LRRK2,posterior_up
GO_Biological_Process_2021,positive regulation of cell communication (GO:0010647),1/28,0.6173076286878929,0.8844233572637229,0,0,1.0620769357767872,0.5123329474583713,CARTPT,posterior_up
GO_Biological_Process_2021,positive regulation of fibroblast proliferation (GO:0048146),1/28,0.6173076286878929,0.8844233572637229,0,0,1.0620769357767872,0.5123329474583713,AGT,posterior_up
GO_Biological_Process_2021,positive regulation of phosphatidylinositol 3-kinase activity (GO:0043552),1/28,0.6173076286878929,0.8844233572637229,0,0,1.0620769357767872,0.5123329474583713,PDGFRB,posterior_up
GO_Biological_Process_2021,positive regulation of response to wounding (GO:1903036),1/28,0.6173076286878929,0.8844233572637229,0,0,1.0620769357767872,0.5123329474583713,PTN,posterior_up
GO_Biological_Process_2021,protein localization to cell surface (GO:0034394),1/28,0.6173076286878929,0.8844233572637229,0,0,1.0620769357767872,0.5123329474583713,FBLN5,posterior_up
GO_Biological_Process_2021,hemopoiesis (GO:0030097),3/94,0.6181386205772258,0.884848625580369,0,0,0.9450385679893876,0.4546037545951014,SFRP1;TPO;FST,posterior_up
GO_Biological_Process_2021,cellular response to starvation (GO:0009267),5/158,0.6190637459054003,0.884848625580369,0,0,0.9365749289252324,0.4491317250920492,SFRP1;NUAK2;LRRK2;PCSK9;CARTPT,posterior_up
GO_Biological_Process_2021,organonitrogen compound biosynthetic process (GO:1901566),5/158,0.6190637459054003,0.884848625580369,0,0,0.9365749289252324,0.4491317250920492,ARG2;PRKD3;ARG1;MGST2;PAM,posterior_up
GO_Biological_Process_2021,positive regulation of cell motility (GO:2000147),7/221,0.6191951955184875,0.884848625580369,0,0,0.9372696829155516,0.4492658971935295,PDGFRB;BMP2;SEMA6A;SEMA3D;SEMA3A;F2R;FGF1,posterior_up
GO_Biological_Process_2021,response to retinoic acid (GO:0032526),2/62,0.622908317747808,0.8895834447938848,0,0,0.955654761904762,0.4523648519707653,BRINP3;EPHA3,posterior_up
GO_Biological_Process_2021,response to lipopolysaccharide (GO:0032496),5/159,0.6246198789030724,0.8908798209520042,0,0,0.9304447421039348,0.4378784684384558,ZFP36;F2R;PALM3;LDOC1;VIM,posterior_up
GO_Biological_Process_2021,negative regulation of cell differentiation (GO:0045596),6/191,0.6263369742846393,0.8908798209520042,0,0,0.9293251335167504,0.4348003346819424,WWTR1;SFRP1;MYOCD;ID2;MEIS2;BMP5,posterior_up
GO_Biological_Process_2021,regulation of actin polymerization or depolymerization (GO:0008064),1/29,0.6302223991813279,0.8908798209520042,0,0,1.024092549352579,0.472805615910788,ARHGAP28,posterior_up
GO_Biological_Process_2021,regulation of DNA biosynthetic process (GO:2000278),1/29,0.6302223991813279,0.8908798209520042,0,0,1.024092549352579,0.472805615910788,PDGFRB,posterior_up
GO_Biological_Process_2021,regulation of fatty acid biosynthetic process (GO:0042304),1/29,0.6302223991813279,0.8908798209520042,0,0,1.024092549352579,0.472805615910788,ACADL,posterior_up
GO_Biological_Process_2021,determination of bilateral symmetry (GO:0009855),1/29,0.6302223991813279,0.8908798209520042,0,0,1.024092549352579,0.472805615910788,LEFTY1,posterior_up
GO_Biological_Process_2021,establishment of endothelial barrier (GO:0061028),1/29,0.6302223991813279,0.8908798209520042,0,0,1.024092549352579,0.472805615910788,SOX18,posterior_up
GO_Biological_Process_2021,establishment of mitotic spindle localization (GO:0040001),1/29,0.6302223991813279,0.8908798209520042,0,0,1.024092549352579,0.472805615910788,PKHD1,posterior_up
GO_Biological_Process_2021,glial cell differentiation (GO:0010001),1/29,0.6302223991813279,0.8908798209520042,0,0,1.024092549352579,0.472805615910788,EGR2,posterior_up
GO_Biological_Process_2021,lipid catabolic process (GO:0016042),1/29,0.6302223991813279,0.8908798209520042,0,0,1.024092549352579,0.472805615910788,ACADL,posterior_up
GO_Biological_Process_2021,MyD88-dependent toll-like receptor signaling pathway (GO:0002755),1/29,0.6302223991813279,0.8908798209520042,0,0,1.024092549352579,0.472805615910788,BTK,posterior_up
GO_Biological_Process_2021,negative regulation of myeloid leukocyte differentiation (GO:0002762),1/29,0.6302223991813279,0.8908798209520042,0,0,1.024092549352579,0.472805615910788,CARTPT,posterior_up
GO_Biological_Process_2021,negative regulation of transferase activity (GO:0051348),1/29,0.6302223991813279,0.8908798209520042,0,0,1.024092549352579,0.472805615910788,ZFP36,posterior_up
GO_Biological_Process_2021,negative regulation of wound healing (GO:0061045),1/29,0.6302223991813279,0.8908798209520042,0,0,1.024092549352579,0.472805615910788,PROC,posterior_up
GO_Biological_Process_2021,positive regulation of dephosphorylation (GO:0035306),1/29,0.6302223991813279,0.8908798209520042,0,0,1.024092549352579,0.472805615910788,BMP2,posterior_up
GO_Biological_Process_2021,positive regulation of leukocyte migration (GO:0002687),1/29,0.6302223991813279,0.8908798209520042,0,0,1.024092549352579,0.472805615910788,PTN,posterior_up
GO_Biological_Process_2021,anterior/posterior pattern specification (GO:0009952),2/63,0.631620421259711,0.8917229932124726,0,0,0.93993950039032,0.431870867113622,BMP2;HEY2,posterior_up
GO_Biological_Process_2021,positive regulation of Ras protein signal transduction (GO:0046579),2/63,0.631620421259711,0.8917229932124726,0,0,0.93993950039032,0.431870867113622,F2R;NGF,posterior_up
GO_Biological_Process_2021,negative regulation of programmed cell death (GO:0043069),12/381,0.6354912804282622,0.895436350800232,0,0,0.9312504605408592,0.4221888305303163,PKHD1;HCK;RNF144B;SFRP1;NUAK2;CDSN;PROC;NUPR1;NGF;CRYAB;FSTL1;POU3F3,posterior_up
GO_Biological_Process_2021,protein maturation (GO:0051604),3/97,0.6393315293852261,0.895436350800232,0,0,0.9147350730887528,0.4091903921238127,MMEL1;TSPAN33;CPN1,posterior_up
GO_Biological_Process_2021,positive regulation of cold-induced thermogenesis (GO:0120162),3/97,0.6393315293852261,0.895436350800232,0,0,0.9147350730887528,0.4091903921238127,ADCYAP1;ACADL;DBH,posterior_up
GO_Biological_Process_2021,regulation of extrinsic apoptotic signaling pathway (GO:2001236),2/64,0.6401746543047301,0.895436350800232,0,0,0.9247311827956988,0.4124432780172145,DEPTOR;AGT,posterior_up
GO_Biological_Process_2021,regulation of response to external stimulus (GO:0032101),4/130,0.6421665578768099,0.895436350800232,0,0,0.9097370291400142,0.4029294196397891,HCK;IL1RL2;SPAAR;F2R,posterior_up
GO_Biological_Process_2021,protein glycosylation (GO:0006486),4/130,0.6421665578768099,0.895436350800232,0,0,0.9097370291400142,0.4029294196397891,GALNT6;B3GNT8;GFPT2;ST3GAL6,posterior_up
GO_Biological_Process_2021,alpha-amino acid catabolic process (GO:1901606),1/30,0.6427019560575148,0.895436350800232,0,0,0.9887277757852128,0.4370910237978488,AADAT,posterior_up
GO_Biological_Process_2021,regulation of cation transmembrane transport (GO:1904062),1/30,0.6427019560575148,0.895436350800232,0,0,0.9887277757852128,0.4370910237978488,KCNAB3,posterior_up
GO_Biological_Process_2021,cardiac muscle cell action potential (GO:0086001),1/30,0.6427019560575148,0.895436350800232,0,0,0.9887277757852128,0.4370910237978488,KCNQ1,posterior_up
GO_Biological_Process_2021,cell projection organization (GO:0030030),1/30,0.6427019560575148,0.895436350800232,0,0,0.9887277757852128,0.4370910237978488,RHOJ,posterior_up
GO_Biological_Process_2021,regulation of long-term synaptic potentiation (GO:1900271),1/30,0.6427019560575148,0.895436350800232,0,0,0.9887277757852128,0.4370910237978488,PTN,posterior_up
GO_Biological_Process_2021,regulation of macrophage activation (GO:0043030),1/30,0.6427019560575148,0.895436350800232,0,0,0.9887277757852128,0.4370910237978488,IL33,posterior_up
GO_Biological_Process_2021,establishment of spindle orientation (GO:0051294),1/30,0.6427019560575148,0.895436350800232,0,0,0.9887277757852128,0.4370910237978488,PKHD1,posterior_up
GO_Biological_Process_2021,extrinsic apoptotic signaling pathway via death domain receptors (GO:0008625),1/30,0.6427019560575148,0.895436350800232,0,0,0.9887277757852128,0.4370910237978488,NGF,posterior_up
GO_Biological_Process_2021,respiratory tube development (GO:0030323),1/30,0.6427019560575148,0.895436350800232,0,0,0.9887277757852128,0.4370910237978488,FGF1,posterior_up
GO_Biological_Process_2021,long-chain fatty acid biosynthetic process (GO:0042759),1/30,0.6427019560575148,0.895436350800232,0,0,0.9887277757852128,0.4370910237978488,HPGD,posterior_up
GO_Biological_Process_2021,negative regulation of cytoskeleton organization (GO:0051494),1/30,0.6427019560575148,0.895436350800232,0,0,0.9887277757852128,0.4370910237978488,PLEKHH2,posterior_up
GO_Biological_Process_2021,non-motile cilium assembly (GO:1905515),1/30,0.6427019560575148,0.895436350800232,0,0,0.9887277757852128,0.4370910237978488,VANGL2,posterior_up
GO_Biological_Process_2021,positive regulation of lipid kinase activity (GO:0090218),1/30,0.6427019560575148,0.895436350800232,0,0,0.9887277757852128,0.4370910237978488,PDGFRB,posterior_up
GO_Biological_Process_2021,positive regulation of small GTPase mediated signal transduction (GO:0051057),1/30,0.6427019560575148,0.895436350800232,0,0,0.9887277757852128,0.4370910237978488,NGF,posterior_up
GO_Biological_Process_2021,primary neural tube formation (GO:0014020),1/30,0.6427019560575148,0.895436350800232,0,0,0.9887277757852128,0.4370910237978488,VANGL2,posterior_up
GO_Biological_Process_2021,negative regulation of neuron death (GO:1901215),3/98,0.6462098293323174,0.8991975423792409,0,0,0.9050592203310064,0.3951769257656831,LRRK2;F2R;NGF,posterior_up
GO_Biological_Process_2021,positive regulation of defense response (GO:0031349),3/98,0.6462098293323174,0.8991975423792409,0,0,0.9050592203310064,0.3951769257656831,IL33;MGST2;AGT,posterior_up
GO_Biological_Process_2021,regulation of cellular catabolic process (GO:0031329),2/65,0.6485717467625578,0.9009542989454972,0,0,0.9100056689342404,0.3940166627733437,LRRK2;NUPR1,posterior_up
GO_Biological_Process_2021,positive regulation of stress-activated MAPK cascade (GO:0032874),3/99,0.6529946924592549,0.9009542989454972,0,0,0.8955849478390462,0.381686015259041,BMP2;SEMA3A;TNFRSF19,posterior_up
GO_Biological_Process_2021,activation of protein kinase B activity (GO:0032148),1/31,0.6547609444471321,0.9009542989454972,0,0,0.9557206537890044,0.4047334377898152,FGF1,posterior_up
GO_Biological_Process_2021,proteoglycan biosynthetic process (GO:0030166),1/31,0.6547609444471321,0.9009542989454972,0,0,0.9557206537890044,0.4047334377898152,BMPR1B,posterior_up
GO_Biological_Process_2021,aminoglycan catabolic process (GO:0006026),1/31,0.6547609444471321,0.9009542989454972,0,0,0.9557206537890044,0.4047334377898152,HPSE2,posterior_up
GO_Biological_Process_2021,receptor signaling pathway via JAK-STAT (GO:0007259),1/31,0.6547609444471321,0.9009542989454972,0,0,0.9557206537890044,0.4047334377898152,STAT4,posterior_up
GO_Biological_Process_2021,regulation of cellular senescence (GO:2000772),1/31,0.6547609444471321,0.9009542989454972,0,0,0.9557206537890044,0.4047334377898152,ARG2,posterior_up
GO_Biological_Process_2021,cardiac muscle cell action potential involved in contraction (GO:0086002),1/31,0.6547609444471321,0.9009542989454972,0,0,0.9557206537890044,0.4047334377898152,KCNQ1,posterior_up
GO_Biological_Process_2021,regulation of developmental growth (GO:0048638),1/31,0.6547609444471321,0.9009542989454972,0,0,0.9557206537890044,0.4047334377898152,SPAAR,posterior_up
GO_Biological_Process_2021,cellular nitrogen compound biosynthetic process (GO:0044271),1/31,0.6547609444471321,0.9009542989454972,0,0,0.9557206537890044,0.4047334377898152,ARG2,posterior_up
GO_Biological_Process_2021,regulation of macrophage derived foam cell differentiation (GO:0010743),1/31,0.6547609444471321,0.9009542989454972,0,0,0.9557206537890044,0.4047334377898152,AGT,posterior_up
GO_Biological_Process_2021,regulation of potassium ion transport (GO:0043266),1/31,0.6547609444471321,0.9009542989454972,0,0,0.9557206537890044,0.4047334377898152,KCNAB3,posterior_up
GO_Biological_Process_2021,tube closure (GO:0060606),1/31,0.6547609444471321,0.9009542989454972,0,0,0.9557206537890044,0.4047334377898152,VANGL2,posterior_up
GO_Biological_Process_2021,negative regulation of DNA binding (GO:0043392),1/31,0.6547609444471321,0.9009542989454972,0,0,0.9557206537890044,0.4047334377898152,HEY2,posterior_up
GO_Biological_Process_2021,negative regulation of peptidyl-tyrosine phosphorylation (GO:0050732),1/31,0.6547609444471321,0.9009542989454972,0,0,0.9557206537890044,0.4047334377898152,SFRP1,posterior_up
GO_Biological_Process_2021,positive regulation of locomotion (GO:0040017),1/31,0.6547609444471321,0.9009542989454972,0,0,0.9557206537890044,0.4047334377898152,PDGFRB,posterior_up
GO_Biological_Process_2021,positive regulation of proteolysis involved in cellular protein catabolic process (GO:1903052),1/31,0.6547609444471321,0.9009542989454972,0,0,0.9557206537890044,0.4047334377898152,NUPR1,posterior_up
GO_Biological_Process_2021,positive regulation of Rho protein signal transduction (GO:0035025),1/31,0.6547609444471321,0.9009542989454972,0,0,0.9557206537890044,0.4047334377898152,F2R,posterior_up
GO_Biological_Process_2021,cellular component disassembly (GO:0022411),2/66,0.6568125583810036,0.9009913331675296,0,0,0.8957403273809523,0.3765303589226232,ADAMTS5;KLKB1,posterior_up
GO_Biological_Process_2021,ERBB signaling pathway (GO:0038127),2/66,0.6568125583810036,0.9009913331675296,0,0,0.8957403273809523,0.3765303589226232,ERBB4;GAB1,posterior_up
GO_Biological_Process_2021,extracellular matrix disassembly (GO:0022617),2/66,0.6568125583810036,0.9009913331675296,0,0,0.8957403273809523,0.3765303589226232,ADAMTS5;KLKB1,posterior_up
GO_Biological_Process_2021,positive regulation of cell cycle (GO:0045787),2/66,0.6568125583810036,0.9009913331675296,0,0,0.8957403273809523,0.3765303589226232,NUPR1;MEIS2,posterior_up
GO_Biological_Process_2021,positive regulation of cell death (GO:0010942),2/66,0.6568125583810036,0.9009913331675296,0,0,0.8957403273809523,0.3765303589226232,C1QA;LRRK2,posterior_up
GO_Biological_Process_2021,inflammatory response (GO:0006954),7/230,0.6604800315411432,0.9046797292583396,0,0,0.8990191003153132,0.3729026832339339,CRHBP;BMP2;ADGRE5;F2R;REL;CRH;CCL17,posterior_up
GO_Biological_Process_2021,cellular response to cytokine stimulus (GO:0071345),15/482,0.6607017398519266,0.9046797292583396,0,0,0.919194938798322,0.3809628854328302,PTPN20;SLA;NPNT;CRHBP;HCK;ZFP36;SFRP1;IL1RL2;TEC;GRAP2;INPP5D;STAT4;ST3GAL6;VIM;CCL17,posterior_up
GO_Biological_Process_2021,regulation of MAPK cascade (GO:0043408),5/166,0.662122917604286,0.9046797292583396,0,0,0.8896656732492177,0.3668127728077516,PKHD1;BMP2;WWC1;F2R;ADRA1B,posterior_up
GO_Biological_Process_2021,positive regulation of catabolic process (GO:0009896),2/67,0.664898069528462,0.9046797292583396,0,0,0.8819139194139194,0.3599280572193035,NKD1;DACT1,posterior_up
GO_Biological_Process_2021,positive regulation of cell cycle process (GO:0090068),3/101,0.6662835753552645,0.9046797292583396,0,0,0.8772164603546336,0.3561848928255221,PDGFRB;MAP3K20;E2F8,posterior_up
GO_Biological_Process_2021,B cell proliferation (GO:0042100),1/32,0.6664135174177162,0.9046797292583396,0,0,0.9248430235344868,0.3753428281892431,CR2,posterior_up
GO_Biological_Process_2021,regulation of centrosome duplication (GO:0010824),1/32,0.6664135174177162,0.9046797292583396,0,0,0.9248430235344868,0.3753428281892431,PKHD1,posterior_up
GO_Biological_Process_2021,regulation of chemotaxis (GO:0050920),1/32,0.6664135174177162,0.9046797292583396,0,0,0.9248430235344868,0.3753428281892431,PDGFRB,posterior_up
GO_Biological_Process_2021,cellular response to glucose stimulus (GO:0071333),1/32,0.6664135174177162,0.9046797292583396,0,0,0.9248430235344868,0.3753428281892431,ZBTB20,posterior_up
GO_Biological_Process_2021,regulation of transcription involved in G1/S transition of mitotic cell cycle (GO:0000083),1/32,0.6664135174177162,0.9046797292583396,0,0,0.9248430235344868,0.3753428281892431,ID2,posterior_up
GO_Biological_Process_2021,gene silencing by miRNA (GO:0035195),1/32,0.6664135174177162,0.9046797292583396,0,0,0.9248430235344868,0.3753428281892431,ZFP36,posterior_up
GO_Biological_Process_2021,response to amino acid (GO:0043200),1/32,0.6664135174177162,0.9046797292583396,0,0,0.9248430235344868,0.3753428281892431,SPAAR,posterior_up
GO_Biological_Process_2021,superoxide metabolic process (GO:0006801),1/32,0.6664135174177162,0.9046797292583396,0,0,0.9248430235344868,0.3753428281892431,NOX3,posterior_up
GO_Biological_Process_2021,metal ion export (GO:0070839),1/32,0.6664135174177162,0.9046797292583396,0,0,0.9248430235344868,0.3753428281892431,KCNQ1,posterior_up
GO_Biological_Process_2021,negative regulation of intracellular steroid hormone receptor signaling pathway (GO:0033144),1/32,0.6664135174177162,0.9046797292583396,0,0,0.9248430235344868,0.3753428281892431,SFRP1,posterior_up
GO_Biological_Process_2021,negative regulation of microtubule polymerization or depolymerization (GO:0031111),1/32,0.6664135174177162,0.9046797292583396,0,0,0.9248430235344868,0.3753428281892431,TRIM54,posterior_up
GO_Biological_Process_2021,positive regulation of lamellipodium organization (GO:1902745),1/32,0.6664135174177162,0.9046797292583396,0,0,0.9248430235344868,0.3753428281892431,ENPP2,posterior_up
GO_Biological_Process_2021,"DNA-templated transcription, initiation (GO:0006352)",5/168,0.6723804131235243,0.9099717617276594,0,0,0.8786578264418095,0.3487665364470346,WWTR1;NR4A1;MAML2;NR2F1;MAML3,posterior_up
GO_Biological_Process_2021,protein O-linked glycosylation (GO:0006493),3/102,0.6727874998116463,0.9099717617276594,0,0,0.8683105270288579,0.344133820726045,GALNT6;B3GNT8;TMTC2,posterior_up
GO_Biological_Process_2021,cell junction assembly (GO:0034329),3/102,0.6727874998116463,0.9099717617276594,0,0,0.8683105270288579,0.344133820726045,CDH6;CDH10;CDH8,posterior_up
GO_Biological_Process_2021,positive regulation of cell growth (GO:0030307),3/102,0.6727874998116463,0.9099717617276594,0,0,0.8683105270288579,0.344133820726045,SFRP1;SYT2;NGF,posterior_up
GO_Biological_Process_2021,positive regulation of cellular protein metabolic process (GO:0032270),3/102,0.6727874998116463,0.9099717617276594,0,0,0.8683105270288579,0.344133820726045,VIM;AGT;DACT1,posterior_up
GO_Biological_Process_2021,positive regulation of protein localization to nucleus (GO:1900182),2/68,0.6728293716831932,0.9099717617276594,0,0,0.8685064935064936,0.3441574362521847,CARD10;WWTR1,posterior_up
GO_Biological_Process_2021,actin filament bundle assembly (GO:0051017),1/33,0.6776733524416771,0.9099717617276594,0,0,0.8958952451708767,0.3485837807779674,PAWR,posterior_up
GO_Biological_Process_2021,actin filament bundle organization (GO:0061572),1/33,0.6776733524416771,0.9099717617276594,0,0,0.8958952451708767,0.3485837807779674,PAWR,posterior_up
GO_Biological_Process_2021,apoptotic cell clearance (GO:0043277),1/33,0.6776733524416771,0.9099717617276594,0,0,0.8958952451708767,0.3485837807779674,MEGF10,posterior_up
GO_Biological_Process_2021,regulation of cholesterol efflux (GO:0010874),1/33,0.6776733524416771,0.9099717617276594,0,0,0.8958952451708767,0.3485837807779674,PLTP,posterior_up
GO_Biological_Process_2021,regulation of histone acetylation (GO:0035065),1/33,0.6776733524416771,0.9099717617276594,0,0,0.8958952451708767,0.3485837807779674,MYOCD,posterior_up
GO_Biological_Process_2021,regulation of interleukin-17 production (GO:0032660),1/33,0.6776733524416771,0.9099717617276594,0,0,0.8958952451708767,0.3485837807779674,SLAMF6,posterior_up
GO_Biological_Process_2021,regulation of neurotransmitter secretion (GO:0046928),1/33,0.6776733524416771,0.9099717617276594,0,0,0.8958952451708767,0.3485837807779674,LRRK2,posterior_up
GO_Biological_Process_2021,lytic vacuole organization (GO:0080171),1/33,0.6776733524416771,0.9099717617276594,0,0,0.8958952451708767,0.3485837807779674,LRRK2,posterior_up
GO_Biological_Process_2021,mitotic G2 DNA damage checkpoint signaling (GO:0007095),1/33,0.6776733524416771,0.9099717617276594,0,0,0.8958952451708767,0.3485837807779674,TICRR,posterior_up
GO_Biological_Process_2021,negative regulation of JNK cascade (GO:0046329),1/33,0.6776733524416771,0.9099717617276594,0,0,0.8958952451708767,0.3485837807779674,DACT1,posterior_up
GO_Biological_Process_2021,neuron projection extension (GO:1990138),1/33,0.6776733524416771,0.9099717617276594,0,0,0.8958952451708767,0.3485837807779674,SEMA3A,posterior_up
GO_Biological_Process_2021,positive regulation of cholesterol transport (GO:0032376),1/33,0.6776733524416771,0.9099717617276594,0,0,0.8958952451708767,0.3485837807779674,PLTP,posterior_up
GO_Biological_Process_2021,synapse assembly (GO:0007416),2/69,0.6806076592212388,0.9128078633111576,0,0,0.8554992892679459,0.3291698313260934,NPAS4;FZD1,posterior_up
GO_Biological_Process_2021,positive regulation of protein transport (GO:0051222),2/69,0.6806076592212388,0.9128078633111576,0,0,0.8554992892679459,0.3291698313260934,BMP6;TTN,posterior_up
GO_Biological_Process_2021,wound healing (GO:0042060),2/70,0.6882342210655977,0.9128078633111576,0,0,0.842874649859944,0.3149199356719528,MYOF;FGF1,posterior_up
GO_Biological_Process_2021,negative regulation of viral process (GO:0048525),2/70,0.6882342210655977,0.9128078633111576,0,0,0.842874649859944,0.3149199356719528,ZFP36;ZC3HAV1,posterior_up
GO_Biological_Process_2021,regulation of activated T cell proliferation (GO:0046006),1/34,0.6885536672321901,0.9128078633111576,0,0,0.8687018776171822,0.3241665437822278,CRTAM,posterior_up
GO_Biological_Process_2021,axoneme assembly (GO:0035082),1/34,0.6885536672321901,0.9128078633111576,0,0,0.8687018776171822,0.3241665437822278,CFAP206,posterior_up
GO_Biological_Process_2021,cell-substrate junction assembly (GO:0007044),1/34,0.6885536672321901,0.9128078633111576,0,0,0.8687018776171822,0.3241665437822278,COL17A1,posterior_up
GO_Biological_Process_2021,cellular response to amino acid stimulus (GO:0071230),1/34,0.6885536672321901,0.9128078633111576,0,0,0.8687018776171822,0.3241665437822278,SPAAR,posterior_up
GO_Biological_Process_2021,regulation of transmembrane transport (GO:0034762),1/34,0.6885536672321901,0.9128078633111576,0,0,0.8687018776171822,0.3241665437822278,KCNJ14,posterior_up
GO_Biological_Process_2021,sister chromatid segregation (GO:0000819),1/34,0.6885536672321901,0.9128078633111576,0,0,0.8687018776171822,0.3241665437822278,DSN1,posterior_up
GO_Biological_Process_2021,synaptic vesicle recycling (GO:0036465),1/34,0.6885536672321901,0.9128078633111576,0,0,0.8687018776171822,0.3241665437822278,SYT2,posterior_up
GO_Biological_Process_2021,negative regulation of blood vessel endothelial cell migration (GO:0043537),1/34,0.6885536672321901,0.9128078633111576,0,0,0.8687018776171822,0.3241665437822278,CARD10,posterior_up
GO_Biological_Process_2021,negative regulation of extrinsic apoptotic signaling pathway via death domain receptors (GO:1902042),1/34,0.6885536672321901,0.9128078633111576,0,0,0.8687018776171822,0.3241665437822278,BMP5,posterior_up
GO_Biological_Process_2021,negative regulation of mitochondrion organization (GO:0010823),1/34,0.6885536672321901,0.9128078633111576,0,0,0.8687018776171822,0.3241665437822278,VAT1,posterior_up
GO_Biological_Process_2021,neural tube closure (GO:0001843),1/34,0.6885536672321901,0.9128078633111576,0,0,0.8687018776171822,0.3241665437822278,VANGL2,posterior_up
GO_Biological_Process_2021,positive regulation of calcium ion transport into cytosol (GO:0010524),1/34,0.6885536672321901,0.9128078633111576,0,0,0.8687018776171822,0.3241665437822278,F2R,posterior_up
GO_Biological_Process_2021,positive regulation of DNA binding (GO:0043388),1/34,0.6885536672321901,0.9128078633111576,0,0,0.8687018776171822,0.3241665437822278,NGF,posterior_up
GO_Biological_Process_2021,positive regulation of epidermal growth factor receptor signaling pathway (GO:0045742),1/34,0.6885536672321901,0.9128078633111576,0,0,0.8687018776171822,0.3241665437822278,AGT,posterior_up
GO_Biological_Process_2021,positive regulation of pri-miRNA transcription by RNA polymerase II (GO:1902895),1/34,0.6885536672321901,0.9128078633111576,0,0,0.8687018776171822,0.3241665437822278,KLF5,posterior_up
GO_Biological_Process_2021,positive regulation of protein dephosphorylation (GO:0035307),1/34,0.6885536672321901,0.9128078633111576,0,0,0.8687018776171822,0.3241665437822278,PDGFRB,posterior_up
GO_Biological_Process_2021,regulation of apoptotic process (GO:0042981),23/742,0.690480500994215,0.9128078633111576,0,0,0.9143117788189348,0.3386314093403227,ALK;PAWR;PCSK9;NGF;DUSP9;FSTL1;DUSP6;AGT;POU3F3;IFIT2;PKHD1;HCK;RNF144B;SFRP1;BMP2;NUAK2;PROC;MAP3K20;GAS1;NUPR1;SGK1;CRYAB;PHLDA1,posterior_up
GO_Biological_Process_2021,regulation of JNK cascade (GO:0046328),3/105,0.6917379721966173,0.9128078633111576,0,0,0.8426404839133865,0.3105535054839424,SEMA3A;TNFRSF19;DACT1,posterior_up
GO_Biological_Process_2021,positive regulation of cellular metabolic process (GO:0031325),3/105,0.6917379721966173,0.9128078633111576,0,0,0.8426404839133865,0.3105535054839424,PDGFRB;PCSK9;AGT,posterior_up
GO_Biological_Process_2021,protein dephosphorylation (GO:0006470),4/139,0.6933298235880515,0.9128078633111576,0,0,0.8486898839137645,0.3108322092299446,UBASH3B;PTPRM;DUSP9;DUSP6,posterior_up
GO_Biological_Process_2021,regulation of glycolytic process (GO:0006110),2/71,0.6957104332818371,0.9128078633111576,0,0,0.8306159420289855,0.3013655291277641,ZBTB20;NUPR1,posterior_up
GO_Biological_Process_2021,gland development (GO:0048732),2/71,0.6957104332818371,0.9128078633111576,0,0,0.8306159420289855,0.3013655291277641,PCSK9;EPHB3,posterior_up
GO_Biological_Process_2021,negative regulation of neuron apoptotic process (GO:0043524),2/71,0.6957104332818371,0.9128078633111576,0,0,0.8306159420289855,0.3013655291277641,F2R;NGF,posterior_up
GO_Biological_Process_2021,positive regulation of cellular protein localization (GO:1903829),2/71,0.6957104332818371,0.9128078633111576,0,0,0.8306159420289855,0.3013655291277641,CARD10;WWTR1,posterior_up
GO_Biological_Process_2021,regulation of inflammatory response (GO:0050727),6/206,0.6974721171311598,0.9128078633111576,0,0,0.8589520958083833,0.3094742054373206,HCK;IL33;IL1RL2;PROC;MGST2;AGT,posterior_up
GO_Biological_Process_2021,cellular response to peptide hormone stimulus (GO:0071375),3/106,0.6978682552874124,0.9128078633111576,0,0,0.834416101167653,0.3001602819618676,CRHBP;NR4A1;PCSK9,posterior_up
GO_Biological_Process_2021,positive regulation of protein serine/threonine kinase activity (GO:0071902),3/106,0.6978682552874124,0.9128078633111576,0,0,0.834416101167653,0.3001602819618676,PDGFRB;LRRK2;FGF1,posterior_up
GO_Biological_Process_2021,bicarbonate transport (GO:0015701),1/35,0.6990672355425673,0.9128078633111576,0,0,0.8431081199195875,0.3018397495712708,CFTR,posterior_up
GO_Biological_Process_2021,regulation of lipid biosynthetic process (GO:0046890),1/35,0.6990672355425673,0.9128078633111576,0,0,0.8431081199195875,0.3018397495712708,ZBTB20,posterior_up
GO_Biological_Process_2021,regulation of phosphatidylinositol 3-kinase activity (GO:0043551),1/35,0.6990672355425673,0.9128078633111576,0,0,0.8431081199195875,0.3018397495712708,PDGFRB,posterior_up
GO_Biological_Process_2021,regulation of protein polymerization (GO:0032271),1/35,0.6990672355425673,0.9128078633111576,0,0,0.8431081199195875,0.3018397495712708,ARHGAP28,posterior_up
GO_Biological_Process_2021,regulation of T cell receptor signaling pathway (GO:0050856),1/35,0.6990672355425673,0.9128078633111576,0,0,0.8431081199195875,0.3018397495712708,NECTIN2,posterior_up
GO_Biological_Process_2021,regulation of TORC1 signaling (GO:1903432),1/35,0.6990672355425673,0.9128078633111576,0,0,0.8431081199195875,0.3018397495712708,SPAAR,posterior_up
GO_Biological_Process_2021,regulation of trans-synaptic signaling (GO:0099177),1/35,0.6990672355425673,0.9128078633111576,0,0,0.8431081199195875,0.3018397495712708,NGF,posterior_up
GO_Biological_Process_2021,respiratory system development (GO:0060541),1/35,0.6990672355425673,0.9128078633111576,0,0,0.8431081199195875,0.3018397495712708,FGF1,posterior_up
GO_Biological_Process_2021,smoothened signaling pathway (GO:0007224),1/35,0.6990672355425673,0.9128078633111576,0,0,0.8431081199195875,0.3018397495712708,PTCHD1,posterior_up
GO_Biological_Process_2021,lung development (GO:0030324),1/35,0.6990672355425673,0.9128078633111576,0,0,0.8431081199195875,0.3018397495712708,FGF1,posterior_up
GO_Biological_Process_2021,negative regulation of cell cycle G1/S phase transition (GO:1902807),1/35,0.6990672355425673,0.9128078633111576,0,0,0.8431081199195875,0.3018397495712708,DACT1,posterior_up
GO_Biological_Process_2021,negative regulation of epithelial cell migration (GO:0010633),1/35,0.6990672355425673,0.9128078633111576,0,0,0.8431081199195875,0.3018397495712708,PTPRM,posterior_up
GO_Biological_Process_2021,negative regulation of neurogenesis (GO:0050768),1/35,0.6990672355425673,0.9128078633111576,0,0,0.8431081199195875,0.3018397495712708,PTN,posterior_up
GO_Biological_Process_2021,positive regulation of cell cycle G1/S phase transition (GO:1902808),1/35,0.6990672355425673,0.9128078633111576,0,0,0.8431081199195875,0.3018397495712708,ADAMTS1,posterior_up
GO_Biological_Process_2021,positive regulation of lipid biosynthetic process (GO:0046889),1/35,0.6990672355425673,0.9128078633111576,0,0,0.8431081199195875,0.3018397495712708,ZBTB20,posterior_up
GO_Biological_Process_2021,positive regulation of reproductive process (GO:2000243),1/35,0.6990672355425673,0.9128078633111576,0,0,0.8431081199195875,0.3018397495712708,PDE3A,posterior_up
GO_Biological_Process_2021,cell morphogenesis involved in differentiation (GO:0000904),2/72,0.7030377511218153,0.9158794381191292,0,0,0.8187074829931973,0.2884672331351839,PKHD1;EPHB3,posterior_up
GO_Biological_Process_2021,positive regulation of protein secretion (GO:0050714),2/72,0.7030377511218153,0.9158794381191292,0,0,0.8187074829931973,0.2884672331351839,BMP6;TTN,posterior_up
GO_Biological_Process_2021,positive regulation of cellular catabolic process (GO:0031331),4/141,0.7039621582784835,0.9158794381191292,0,0,0.8362130951083996,0.2935364486531312,LRRK2;ZBTB20;ZC3HAV1;DACT1,posterior_up
GO_Biological_Process_2021,inorganic cation transmembrane transport (GO:0098662),8/274,0.7087202563723418,0.9158794381191292,0,0,0.8607103343945449,0.2963377405269581,KCNH5;TRPC4;KCNQ1;HVCN1;KCNJ14;SLC6A1;KCNAB3;KCNK2,posterior_up
GO_Biological_Process_2021,regulation of androgen receptor signaling pathway (GO:0060765),1/36,0.7092264013949886,0.9158794381191292,0,0,0.8189768626618552,0.2813844623256997,SFRP1,posterior_up
GO_Biological_Process_2021,cellular response to heat (GO:0034605),1/36,0.7092264013949886,0.9158794381191292,0,0,0.8189768626618552,0.2813844623256997,FGF1,posterior_up
GO_Biological_Process_2021,regulation of mRNA processing (GO:0050684),1/36,0.7092264013949886,0.9158794381191292,0,0,0.8189768626618552,0.2813844623256997,SRPK3,posterior_up
GO_Biological_Process_2021,macrophage activation (GO:0042116),1/36,0.7092264013949886,0.9158794381191292,0,0,0.8189768626618552,0.2813844623256997,C1QA,posterior_up
GO_Biological_Process_2021,membrane fusion (GO:0061025),1/36,0.7092264013949886,0.9158794381191292,0,0,0.8189768626618552,0.2813844623256997,MYOF,posterior_up
GO_Biological_Process_2021,transition metal ion transport (GO:0000041),1/36,0.7092264013949886,0.9158794381191292,0,0,0.8189768626618552,0.2813844623256997,TRPC4,posterior_up
GO_Biological_Process_2021,negative regulation of fat cell differentiation (GO:0045599),1/36,0.7092264013949886,0.9158794381191292,0,0,0.8189768626618552,0.2813844623256997,WWTR1,posterior_up
GO_Biological_Process_2021,platelet aggregation (GO:0070527),1/36,0.7092264013949886,0.9158794381191292,0,0,0.8189768626618552,0.2813844623256997,UBASH3B,posterior_up
GO_Biological_Process_2021,positive regulation of myeloid leukocyte differentiation (GO:0002763),1/36,0.7092264013949886,0.9158794381191292,0,0,0.8189768626618552,0.2813844623256997,ID2,posterior_up
GO_Biological_Process_2021,positive regulation of substrate adhesion-dependent cell spreading (GO:1900026),1/36,0.7092264013949886,0.9158794381191292,0,0,0.8189768626618552,0.2813844623256997,DOCK5,posterior_up
GO_Biological_Process_2021,regulation of actin filament polymerization (GO:0030833),2/73,0.7102177028712633,0.9158794381191292,0,0,0.807134473507713,0.2761882865191498,HCK;ARHGAP28,posterior_up
GO_Biological_Process_2021,regulation of hydrolase activity (GO:0051336),2/73,0.7102177028712633,0.9158794381191292,0,0,0.807134473507713,0.2761882865191498,EPHA3;EPHB3,posterior_up
GO_Biological_Process_2021,response to molecule of bacterial origin (GO:0002237),2/73,0.7102177028712633,0.9158794381191292,0,0,0.807134473507713,0.2761882865191498,F2R;PALM3,posterior_up
GO_Biological_Process_2021,insulin receptor signaling pathway (GO:0008286),2/73,0.7102177028712633,0.9158794381191292,0,0,0.807134473507713,0.2761882865191498,GAB1;SH2B2,posterior_up
GO_Biological_Process_2021,negative regulation of cell adhesion (GO:0007162),2/73,0.7102177028712633,0.9158794381191292,0,0,0.807134473507713,0.2761882865191498,SEMA6A;RND1,posterior_up
GO_Biological_Process_2021,neurotransmitter transport (GO:0006836),2/73,0.7102177028712633,0.9158794381191292,0,0,0.807134473507713,0.2761882865191498,SLC17A6;GAD2,posterior_up
GO_Biological_Process_2021,positive regulation of JNK cascade (GO:0046330),2/73,0.7102177028712633,0.9158794381191292,0,0,0.807134473507713,0.2761882865191498,SEMA3A;TNFRSF19,posterior_up
GO_Biological_Process_2021,positive regulation of cellular process (GO:0048522),19/625,0.7104754652555583,0.9158794381191292,0,0,0.8960773939989419,0.3062979487598654,PDGFRB;WWTR1;EGR2;F2R;PTN;FGF1;POU3F2;MEIS2;FGF3;POU3F3;BMP6;BMP5;PKHD1;HCK;ZFP36;SFRP1;ERBB4;NUPR1;BMPR1B,posterior_up
GO_Biological_Process_2021,positive regulation of transcription by RNA polymerase II (GO:0045944),28/908,0.7141677218327023,0.9173571588390704,0,0,0.9085420771179286,0.3058492787013418,MESP1;MAML2;WWC1;FGF1;SOX18;HEY2;DLGAP5;E2F8;WWTR1;IL33;EGR2;MYOCD;MACC1;NR2F1;POU3F2;ETV4;MEIS2;BMP6;BMP5;NPAS4;ADCYAP1;NR4A1;BMP2;KLF5;REL;MAML3;BMPR1B;ENG,posterior_up
GO_Biological_Process_2021,negative regulation of DNA-binding transcription factor activity (GO:0043433),4/143,0.7143254928778355,0.9173571588390704,0,0,0.8240953505852034,0.2772393131844668,PKHD1;ID2;ID1;NUPR1,posterior_up
GO_Biological_Process_2021,regulation of stress fiber assembly (GO:0051492),2/74,0.7172518827879443,0.9173571588390704,0,0,0.7958829365079365,0.2644943429958613,SFRP1;ARHGAP28,posterior_up
GO_Biological_Process_2021,NIK/NF-kappaB signaling (GO:0038061),2/74,0.7172518827879443,0.9173571588390704,0,0,0.7958829365079365,0.2644943429958613,CARD10;REL,posterior_up
GO_Biological_Process_2021,proton transmembrane transport (GO:1902600),1/37,0.7190430943889163,0.9173571588390704,0,0,0.7961862308073303,0.2626092784988523,HVCN1,posterior_up
GO_Biological_Process_2021,regulation of actin cytoskeleton reorganization (GO:2000249),1/37,0.7190430943889163,0.9173571588390704,0,0,0.7961862308073303,0.2626092784988523,HCK,posterior_up
GO_Biological_Process_2021,regulation of erythrocyte differentiation (GO:0045646),1/37,0.7190430943889163,0.9173571588390704,0,0,0.7961862308073303,0.2626092784988523,ZFP36,posterior_up
GO_Biological_Process_2021,centromere complex assembly (GO:0034508),1/37,0.7190430943889163,0.9173571588390704,0,0,0.7961862308073303,0.2626092784988523,DLGAP5,posterior_up
GO_Biological_Process_2021,regulation of p38MAPK cascade (GO:1900744),1/37,0.7190430943889163,0.9173571588390704,0,0,0.7961862308073303,0.2626092784988523,BMP2,posterior_up
GO_Biological_Process_2021,regulation of protein autophosphorylation (GO:0031952),1/37,0.7190430943889163,0.9173571588390704,0,0,0.7961862308073303,0.2626092784988523,ENG,posterior_up
GO_Biological_Process_2021,regulation of vascular associated smooth muscle cell proliferation (GO:1904705),1/37,0.7190430943889163,0.9173571588390704,0,0,0.7961862308073303,0.2626092784988523,ADAMTS1,posterior_up
GO_Biological_Process_2021,glutamine family amino acid metabolic process (GO:0009064),1/37,0.7190430943889163,0.9173571588390704,0,0,0.7961862308073303,0.2626092784988523,AADAT,posterior_up
GO_Biological_Process_2021,skeletal muscle tissue development (GO:0007519),1/37,0.7190430943889163,0.9173571588390704,0,0,0.7961862308073303,0.2626092784988523,EGR2,posterior_up
GO_Biological_Process_2021,ncRNA metabolic process (GO:0034660),1/37,0.7190430943889163,0.9173571588390704,0,0,0.7961862308073303,0.2626092784988523,TDRD9,posterior_up
GO_Biological_Process_2021,negative regulation of endothelial cell proliferation (GO:0001937),1/37,0.7190430943889163,0.9173571588390704,0,0,0.7961862308073303,0.2626092784988523,PTPRM,posterior_up
GO_Biological_Process_2021,negative regulation of stress-activated MAPK cascade (GO:0032873),1/37,0.7190430943889163,0.9173571588390704,0,0,0.7961862308073303,0.2626092784988523,DACT1,posterior_up
GO_Biological_Process_2021,"phagocytosis, engulfment (GO:0006911)",1/37,0.7190430943889163,0.9173571588390704,0,0,0.7961862308073303,0.2626092784988523,MEGF10,posterior_up
GO_Biological_Process_2021,positive regulation of exocytosis (GO:0045921),1/37,0.7190430943889163,0.9173571588390704,0,0,0.7961862308073303,0.2626092784988523,CFTR,posterior_up
GO_Biological_Process_2021,fibroblast growth factor receptor signaling pathway (GO:0008543),2/75,0.7241419452511072,0.9215330729564404,0,0,0.7849396607958252,0.2533532857814504,FGF1;FGF3,posterior_up
GO_Biological_Process_2021,Fc-epsilon receptor signaling pathway (GO:0038095),3/111,0.7271341268874764,0.9215330729564404,0,0,0.795578738201689,0.2535066498675313,TEC;GRAP2;BTK,posterior_up
GO_Biological_Process_2021,regulation of apoptotic signaling pathway (GO:2001233),1/38,0.7285288428451139,0.9215330729564404,0,0,0.774627524998996,0.2453462747882302,DEPTOR,posterior_up
GO_Biological_Process_2021,regulation of axon extension (GO:0030516),1/38,0.7285288428451139,0.9215330729564404,0,0,0.774627524998996,0.2453462747882302,SEMA3A,posterior_up
GO_Biological_Process_2021,regulation of cell communication (GO:0010646),1/38,0.7285288428451139,0.9215330729564404,0,0,0.774627524998996,0.2453462747882302,TRDN,posterior_up
GO_Biological_Process_2021,regulation of phosphoprotein phosphatase activity (GO:0043666),1/38,0.7285288428451139,0.9215330729564404,0,0,0.774627524998996,0.2453462747882302,PDGFRB,posterior_up
GO_Biological_Process_2021,lymphocyte proliferation (GO:0046651),1/38,0.7285288428451139,0.9215330729564404,0,0,0.774627524998996,0.2453462747882302,CR2,posterior_up
GO_Biological_Process_2021,lysosome organization (GO:0007040),1/38,0.7285288428451139,0.9215330729564404,0,0,0.774627524998996,0.2453462747882302,LRRK2,posterior_up
GO_Biological_Process_2021,synaptic vesicle endocytosis (GO:0048488),1/38,0.7285288428451139,0.9215330729564404,0,0,0.774627524998996,0.2453462747882302,SYT2,posterior_up
GO_Biological_Process_2021,mRNA destabilization (GO:0061157),1/38,0.7285288428451139,0.9215330729564404,0,0,0.774627524998996,0.2453462747882302,ZFP36,posterior_up
GO_Biological_Process_2021,negative regulation of endothelial cell migration (GO:0010596),1/38,0.7285288428451139,0.9215330729564404,0,0,0.774627524998996,0.2453462747882302,PTPRM,posterior_up
GO_Biological_Process_2021,positive regulation of cell development (GO:0010720),1/38,0.7285288428451139,0.9215330729564404,0,0,0.774627524998996,0.2453462747882302,PDE3A,posterior_up
GO_Biological_Process_2021,positive regulation of insulin secretion (GO:0032024),1/38,0.7285288428451139,0.9215330729564404,0,0,0.774627524998996,0.2453462747882302,CFTR,posterior_up
GO_Biological_Process_2021,positive regulation of potassium ion transport (GO:0043268),1/38,0.7285288428451139,0.9215330729564404,0,0,0.774627524998996,0.2453462747882302,KCNQ1,posterior_up
GO_Biological_Process_2021,positive regulation of signaling (GO:0023056),1/38,0.7285288428451139,0.9215330729564404,0,0,0.774627524998996,0.2453462747882302,CARTPT,posterior_up
GO_Biological_Process_2021,regulated exocytosis (GO:0045055),5/180,0.7295287763591173,0.9222735951130886,0,0,0.8178945120649157,0.2579283221568368,CRHBP;SYT2;CD9;SYT9;TTN,posterior_up
GO_Biological_Process_2021,positive regulation of interleukin-6 production (GO:0032755),2/76,0.7308895985926369,0.9231557383272144,0,0,0.7742921492921493,0.2427350592385014,IL33;F2R,posterior_up
GO_Biological_Process_2021,Fc receptor signaling pathway (GO:0038093),3/112,0.7327131267152336,0.9231557383272144,0,0,0.7882388329072041,0.2451430829594462,TEC;GRAP2;BTK,posterior_up
GO_Biological_Process_2021,phosphatidylinositol metabolic process (GO:0046488),3/112,0.7327131267152336,0.9231557383272144,0,0,0.7882388329072041,0.2451430829594462,PDGFRB;INPP5D;PIP5K1B,posterior_up
GO_Biological_Process_2021,cellular response to UV (GO:0034644),2/77,0.7374965999321895,0.9231557383272144,0,0,0.7639285714285714,0.2326115144375165,MFAP4;OPN5,posterior_up
GO_Biological_Process_2021,inorganic cation import across plasma membrane (GO:0098659),2/77,0.7374965999321895,0.9231557383272144,0,0,0.7639285714285714,0.2326115144375165,KCNJ14;SLC6A1,posterior_up
GO_Biological_Process_2021,positive regulation of endothelial cell proliferation (GO:0001938),2/77,0.7374965999321895,0.9231557383272144,0,0,0.7639285714285714,0.2326115144375165,NR4A1;BMP2,posterior_up
GO_Biological_Process_2021,regulation of cellular component biogenesis (GO:0044087),1/39,0.7376947877509156,0.9231557383272144,0,0,0.7542034879174161,0.2294476365528693,AGT,posterior_up
GO_Biological_Process_2021,regulation of heart rate by cardiac conduction (GO:0086091),1/39,0.7376947877509156,0.9231557383272144,0,0,0.7542034879174161,0.2294476365528693,KCNQ1,posterior_up
GO_Biological_Process_2021,DNA integrity checkpoint signaling (GO:0031570),1/39,0.7376947877509156,0.9231557383272144,0,0,0.7542034879174161,0.2294476365528693,MAP3K20,posterior_up
GO_Biological_Process_2021,DNA recombination (GO:0006310),1/39,0.7376947877509156,0.9231557383272144,0,0,0.7542034879174161,0.2294476365528693,HMGB3,posterior_up
GO_Biological_Process_2021,regulation of protein targeting to mitochondrion (GO:1903214),1/39,0.7376947877509156,0.9231557383272144,0,0,0.7542034879174161,0.2294476365528693,LRRK2,posterior_up
GO_Biological_Process_2021,regulation of protein tyrosine kinase activity (GO:0061097),1/39,0.7376947877509156,0.9231557383272144,0,0,0.7542034879174161,0.2294476365528693,AGT,posterior_up
GO_Biological_Process_2021,regulation of receptor-mediated endocytosis (GO:0048259),1/39,0.7376947877509156,0.9231557383272144,0,0,0.7542034879174161,0.2294476365528693,RSPO1,posterior_up
GO_Biological_Process_2021,regulation of T cell differentiation (GO:0045580),1/39,0.7376947877509156,0.9231557383272144,0,0,0.7542034879174161,0.2294476365528693,CRTAM,posterior_up
GO_Biological_Process_2021,regulation of viral entry into host cell (GO:0046596),1/39,0.7376947877509156,0.9231557383272144,0,0,0.7542034879174161,0.2294476365528693,NECTIN2,posterior_up
GO_Biological_Process_2021,response to peptide (GO:1901652),1/39,0.7376947877509156,0.9231557383272144,0,0,0.7542034879174161,0.2294476365528693,STAT4,posterior_up
GO_Biological_Process_2021,negative regulation of lymphocyte proliferation (GO:0050672),1/39,0.7376947877509156,0.9231557383272144,0,0,0.7542034879174161,0.2294476365528693,ARG1,posterior_up
GO_Biological_Process_2021,odontogenesis (GO:0042476),1/39,0.7376947877509156,0.9231557383272144,0,0,0.7542034879174161,0.2294476365528693,BMP2,posterior_up
GO_Biological_Process_2021,positive regulation of metabolic process (GO:0009893),3/113,0.738201910816598,0.9232710801388032,0,0,0.7810323804362552,0.2370729285183076,ADCYAP1;ACADL;DBH,posterior_up
GO_Biological_Process_2021,regulation of cell growth (GO:0001558),6/217,0.7435227051523811,0.9294033814404764,0,0,0.8137043448647728,0.2411461447667295,MINAR1;SFRP1;SGK1;RASGRP2;AGT;PAPPA2,posterior_up
GO_Biological_Process_2021,negative regulation of protein serine/threonine kinase activity (GO:0071901),2/78,0.7439647496809956,0.9294337832904072,0,0,0.7538377192982456,0.2229562686443025,MYOCD;AGT,posterior_up
GO_Biological_Process_2021,bone development (GO:0060348),1/40,0.7465516953732946,0.929534147848674,0,0,0.7348268373528404,0.2147828405581214,CYP26B1,posterior_up
GO_Biological_Process_2021,carboxylic acid metabolic process (GO:0019752),1/40,0.7465516953732946,0.929534147848674,0,0,0.7348268373528404,0.2147828405581214,TBXAS1,posterior_up
GO_Biological_Process_2021,synaptic vesicle exocytosis (GO:0016079),1/40,0.7465516953732946,0.929534147848674,0,0,0.7348268373528404,0.2147828405581214,SYT2,posterior_up
GO_Biological_Process_2021,negative regulation of protein kinase B signaling (GO:0051898),1/40,0.7465516953732946,0.929534147848674,0,0,0.7348268373528404,0.2147828405581214,PKHD1,posterior_up
GO_Biological_Process_2021,positive regulation of cation channel activity (GO:2001259),1/40,0.7465516953732946,0.929534147848674,0,0,0.7348268373528404,0.2147828405581214,TRDN,posterior_up
GO_Biological_Process_2021,positive regulation of wound healing (GO:0090303),1/40,0.7465516953732946,0.929534147848674,0,0,0.7348268373528404,0.2147828405581214,F2R,posterior_up
GO_Biological_Process_2021,calcium ion transport (GO:0006816),3/115,0.7489111888674481,0.9309091593464088,0,0,0.7670055354481584,0.2217680499504499,CACNG6;TRPC4;CACNG3,posterior_up
GO_Biological_Process_2021,cellular response to molecule of bacterial origin (GO:0071219),3/115,0.7489111888674481,0.9309091593464088,0,0,0.7670055354481584,0.2217680499504499,ZFP36;LDOC1;VIM,posterior_up
GO_Biological_Process_2021,positive regulation of protein metabolic process (GO:0051247),3/115,0.7489111888674481,0.9309091593464088,0,0,0.7670055354481584,0.2217680499504499,NKD1;AGT;DACT1,posterior_up
GO_Biological_Process_2021,positive regulation of proteasomal ubiquitin-dependent protein catabolic process (GO:0032436),2/79,0.7502958868152793,0.93158948000223,0,0,0.7440089672232529,0.2137445762395777,RNF144B;LRRK2,posterior_up
GO_Biological_Process_2021,positive regulation of ubiquitin-dependent protein catabolic process (GO:2000060),2/79,0.7502958868152793,0.93158948000223,0,0,0.7440089672232529,0.2137445762395777,RNF144B;LRRK2,posterior_up
GO_Biological_Process_2021,ion transport (GO:0006811),3/116,0.7541329457982849,0.933399824380008,0,0,0.7601783100114741,0.2145121371273173,PIEZO2;SLC5A12;SLC17A6,posterior_up
GO_Biological_Process_2021,regulation of cell development (GO:0060284),1/41,0.7551099702849503,0.933399824380008,0,0,0.7164190193164933,0.2012362883080689,HEY2,posterior_up
GO_Biological_Process_2021,regulation of mitochondrial membrane potential (GO:0051881),1/41,0.7551099702849503,0.933399824380008,0,0,0.7164190193164933,0.2012362883080689,LRRK2,posterior_up
GO_Biological_Process_2021,epithelial cell migration (GO:0010631),1/41,0.7551099702849503,0.933399824380008,0,0,0.7164190193164933,0.2012362883080689,FSTL1,posterior_up
GO_Biological_Process_2021,regulation of viral transcription (GO:0046782),1/41,0.7551099702849503,0.933399824380008,0,0,0.7164190193164933,0.2012362883080689,ZFP36,posterior_up
GO_Biological_Process_2021,keratinocyte differentiation (GO:0030216),1/41,0.7551099702849503,0.933399824380008,0,0,0.7164190193164933,0.2012362883080689,CDSN,posterior_up
GO_Biological_Process_2021,nucleobase-containing compound catabolic process (GO:0034655),1/41,0.7551099702849503,0.933399824380008,0,0,0.7164190193164933,0.2012362883080689,ENTPD1,posterior_up
GO_Biological_Process_2021,positive regulation of cation transmembrane transport (GO:1904064),1/41,0.7551099702849503,0.933399824380008,0,0,0.7164190193164933,0.2012362883080689,KCNQ1,posterior_up
GO_Biological_Process_2021,positive regulation of cell adhesion (GO:0045785),2/80,0.7564918842530147,0.9345888075863176,0,0,0.7344322344322345,0.204953210634182,MEGF10;NPNT,posterior_up
GO_Biological_Process_2021,activation of cysteine-type endopeptidase activity involved in apoptotic process (GO:0006919),2/81,0.7625546442064772,0.9384087068635356,0,0,0.7250979505726342,0.1965603562378788,F2R;NGF,posterior_up
GO_Biological_Process_2021,negative regulation of protein modification process (GO:0031400),2/81,0.7625546442064772,0.9384087068635356,0,0,0.7250979505726342,0.1965603562378788,WWTR1;LRRK2,posterior_up
GO_Biological_Process_2021,regulation of chemokine production (GO:0032642),1/42,0.7633796671564044,0.9384087068635356,0,0,0.6989091436233827,0.1887053105540595,IL33,posterior_up
GO_Biological_Process_2021,determination of left/right symmetry (GO:0007368),1/42,0.7633796671564044,0.9384087068635356,0,0,0.6989091436233827,0.1887053105540595,LEFTY1,posterior_up
GO_Biological_Process_2021,skeletal system morphogenesis (GO:0048705),1/42,0.7633796671564044,0.9384087068635356,0,0,0.6989091436233827,0.1887053105540595,CYP26B1,posterior_up
GO_Biological_Process_2021,translesion synthesis (GO:0019985),1/42,0.7633796671564044,0.9384087068635356,0,0,0.6989091436233827,0.1887053105540595,USP43,posterior_up
GO_Biological_Process_2021,monocyte chemotaxis (GO:0002548),1/42,0.7633796671564044,0.9384087068635356,0,0,0.6989091436233827,0.1887053105540595,CCL17,posterior_up
GO_Biological_Process_2021,positive regulation of protein tyrosine kinase activity (GO:0061098),1/42,0.7633796671564044,0.9384087068635356,0,0,0.6989091436233827,0.1887053105540595,AGT,posterior_up
GO_Biological_Process_2021,potassium ion import across plasma membrane (GO:1990573),1/42,0.7633796671564044,0.9384087068635356,0,0,0.6989091436233827,0.1887053105540595,KCNJ14,posterior_up
GO_Biological_Process_2021,regulation of cellular response to stress (GO:0080135),3/118,0.7643140850625267,0.939038563922762,0,0,0.7468800622043673,0.2007437852836508,CRHBP;NUPR1;CRYAB,posterior_up
GO_Biological_Process_2021,regulation of G protein-coupled receptor signaling pathway (GO:0008277),2/82,0.7684860945670791,0.941469757611648,0,0,0.7159970238095238,0.1885455085317784,RGS4;ADCYAP1,posterior_up
GO_Biological_Process_2021,ephrin receptor signaling pathway (GO:0048013),2/82,0.7684860945670791,0.941469757611648,0,0,0.7159970238095238,0.1885455085317784,EPHA3;EPHB3,posterior_up
GO_Biological_Process_2021,positive regulation of protein ubiquitination (GO:0031398),2/82,0.7684860945670791,0.941469757611648,0,0,0.7159970238095238,0.1885455085317784,LRRK2;SPSB4,posterior_up
GO_Biological_Process_2021,anion transport (GO:0006820),1/43,0.7713705025285547,0.941469757611648,0,0,0.682233071534706,0.1770984766797395,SLC17A6,posterior_up
GO_Biological_Process_2021,cellular response to glucose starvation (GO:0042149),1/43,0.7713705025285547,0.941469757611648,0,0,0.682233071534706,0.1770984766797395,NUAK2,posterior_up
GO_Biological_Process_2021,development of primary male sexual characteristics (GO:0046546),1/43,0.7713705025285547,0.941469757611648,0,0,0.682233071534706,0.1770984766797395,FSHR,posterior_up
GO_Biological_Process_2021,DNA synthesis involved in DNA repair (GO:0000731),1/43,0.7713705025285547,0.941469757611648,0,0,0.682233071534706,0.1770984766797395,USP43,posterior_up
GO_Biological_Process_2021,glutathione metabolic process (GO:0006749),1/43,0.7713705025285547,0.941469757611648,0,0,0.682233071534706,0.1770984766797395,MGST2,posterior_up
GO_Biological_Process_2021,signal release from synapse (GO:0099643),1/43,0.7713705025285547,0.941469757611648,0,0,0.682233071534706,0.1770984766797395,GAD2,posterior_up
GO_Biological_Process_2021,male gonad development (GO:0008584),1/43,0.7713705025285547,0.941469757611648,0,0,0.682233071534706,0.1770984766797395,FSHR,posterior_up
GO_Biological_Process_2021,negative regulation of type I interferon production (GO:0032480),1/43,0.7713705025285547,0.941469757611648,0,0,0.682233071534706,0.1770984766797395,REL,posterior_up
GO_Biological_Process_2021,positive regulation of phospholipase C activity (GO:0010863),1/43,0.7713705025285547,0.941469757611648,0,0,0.682233071534706,0.1770984766797395,PDGFRB,posterior_up
GO_Biological_Process_2021,regulation of defense response (GO:0031347),2/83,0.7742881846603293,0.9439951840379358,0,0,0.707120811287478,0.1808893830368539,HCK;IL1RL2,posterior_up
GO_Biological_Process_2021,long-chain fatty acid metabolic process (GO:0001676),2/83,0.7742881846603293,0.9439951840379358,0,0,0.707120811287478,0.1808893830368539,ACADL;HPGD,posterior_up
GO_Biological_Process_2021,peptidyl-serine phosphorylation (GO:0018105),4/156,0.7752137554237118,0.9441608948297476,0,0,0.7531029065200314,0.1917524067742108,MAST4;LRRK2;SGK1;MAPK12,posterior_up
GO_Biological_Process_2021,lymphocyte chemotaxis (GO:0048247),1/44,0.7790918664752433,0.9441608948297476,0,0,0.6663326307059677,0.1663341567295421,CCL17,posterior_up
GO_Biological_Process_2021,metal ion homeostasis (GO:0055065),1/44,0.7790918664752433,0.9441608948297476,0,0,0.6663326307059677,0.1663341567295421,TMTC2,posterior_up
GO_Biological_Process_2021,mRNA catabolic process (GO:0006402),1/44,0.7790918664752433,0.9441608948297476,0,0,0.6663326307059677,0.1663341567295421,ZFP36,posterior_up
GO_Biological_Process_2021,mRNA stabilization (GO:0048255),1/44,0.7790918664752433,0.9441608948297476,0,0,0.6663326307059677,0.1663341567295421,ZFP36,posterior_up
GO_Biological_Process_2021,neurotransmitter secretion (GO:0007269),1/44,0.7790918664752433,0.9441608948297476,0,0,0.6663326307059677,0.1663341567295421,GAD2,posterior_up
GO_Biological_Process_2021,positive regulation of cell division (GO:0051781),1/44,0.7790918664752433,0.9441608948297476,0,0,0.6663326307059677,0.1663341567295421,FGF1,posterior_up
GO_Biological_Process_2021,positive regulation of cell-matrix adhesion (GO:0001954),1/44,0.7790918664752433,0.9441608948297476,0,0,0.6663326307059677,0.1663341567295421,SFRP1,posterior_up
GO_Biological_Process_2021,positive regulation of potassium ion transmembrane transport (GO:1901381),1/44,0.7790918664752433,0.9441608948297476,0,0,0.6663326307059677,0.1663341567295421,KCNQ1,posterior_up
GO_Biological_Process_2021,positive regulation of receptor-mediated endocytosis (GO:0048260),1/44,0.7790918664752433,0.9441608948297476,0,0,0.6663326307059677,0.1663341567295421,PCSK9,posterior_up
GO_Biological_Process_2021,positive regulation of stress fiber assembly (GO:0051496),1/44,0.7790918664752433,0.9441608948297476,0,0,0.6663326307059677,0.1663341567295421,SFRP1,posterior_up
GO_Biological_Process_2021,nuclear export (GO:0051168),2/84,0.7799628815970214,0.9447019115696096,0,0,0.6984610917537747,0.1735738312193361,EGR2;CCHCR1,posterior_up
GO_Biological_Process_2021,T cell receptor signaling pathway (GO:0050852),4/158,0.7836083035965542,0.9450934080063588,0,0,0.743244814886606,0.1812372723356937,FYB2;TEC;GRAP2;INPP5D,posterior_up
GO_Biological_Process_2021,regulation of mRNA catabolic process (GO:0061013),3/122,0.7836475681902274,0.9450934080063588,0,0,0.7216245663690215,0.1759291034546048,ZFP36;ZC3HAV1;VIM,posterior_up
GO_Biological_Process_2021,B cell activation (GO:0042113),2/85,0.7855121672349744,0.9450934080063588,0,0,0.6900100401606426,0.166581762699876,CR2;BTK,posterior_up
GO_Biological_Process_2021,"Wnt signaling pathway, planar cell polarity pathway (GO:0060071)",2/85,0.7855121672349744,0.9450934080063588,0,0,0.6900100401606426,0.166581762699876,FZD1;VANGL2,posterior_up
GO_Biological_Process_2021,positive regulation of protein catabolic process (GO:0045732),2/85,0.7855121672349744,0.9450934080063588,0,0,0.6900100401606426,0.166581762699876,NKD1;DACT1,posterior_up
GO_Biological_Process_2021,action potential (GO:0001508),1/45,0.7865528329944644,0.9450934080063588,0,0,0.6511549371876266,0.1563392946366355,KCNQ1,posterior_up
GO_Biological_Process_2021,cellular response to radiation (GO:0071478),1/45,0.7865528329944644,0.9450934080063588,0,0,0.6511549371876266,0.1563392946366355,OPN5,posterior_up
GO_Biological_Process_2021,regulation of pri-miRNA transcription by RNA polymerase II (GO:1902893),1/45,0.7865528329944644,0.9450934080063588,0,0,0.6511549371876266,0.1563392946366355,KLF5,posterior_up
GO_Biological_Process_2021,microtubule bundle formation (GO:0001578),1/45,0.7865528329944644,0.9450934080063588,0,0,0.6511549371876266,0.1563392946366355,CFAP206,posterior_up
GO_Biological_Process_2021,mitotic G2/M transition checkpoint (GO:0044818),1/45,0.7865528329944644,0.9450934080063588,0,0,0.6511549371876266,0.1563392946366355,TICRR,posterior_up
GO_Biological_Process_2021,zymogen activation (GO:0031638),1/45,0.7865528329944644,0.9450934080063588,0,0,0.6511549371876266,0.1563392946366355,KLKB1,posterior_up
GO_Biological_Process_2021,negative regulation of T cell activation (GO:0050868),1/45,0.7865528329944644,0.9450934080063588,0,0,0.6511549371876266,0.1563392946366355,ARG1,posterior_up
GO_Biological_Process_2021,positive regulation of response to biotic stimulus (GO:0002833),1/45,0.7865528329944644,0.9450934080063588,0,0,0.6511549371876266,0.1563392946366355,BMP6,posterior_up
GO_Biological_Process_2021,cellular response to tumor necrosis factor (GO:0071356),5/194,0.7866575243270906,0.9450934080063588,0,0,0.7567561155005101,0.1815929314430703,CRHBP;SFRP1;ZFP36;NPNT;CCL17,posterior_up
GO_Biological_Process_2021,regulation of programmed cell death (GO:0043067),5/194,0.7866575243270906,0.9450934080063588,0,0,0.7567561155005101,0.1815929314430703,ALK;LRRK2;GAS1;SGK1;AGT,posterior_up
GO_Biological_Process_2021,regulation of anatomical structure morphogenesis (GO:0022603),3/123,0.788271197427853,0.9459672368906415,0,0,0.7155737704918033,0.1702443662603173,SFRP1;LRRK2;EPHB3,posterior_up
GO_Biological_Process_2021,regulation of interferon-gamma production (GO:0032649),2/86,0.7909380344312767,0.9459672368906415,0,0,0.6817602040816326,0.1598970743465567,CRTAM;SLAMF6,posterior_up
GO_Biological_Process_2021,response to interleukin-1 (GO:0070555),2/86,0.7909380344312767,0.9459672368906415,0,0,0.6817602040816326,0.1598970743465567,SFRP1;CCL17,posterior_up
GO_Biological_Process_2021,positive regulation of endothelial cell migration (GO:0010595),2/86,0.7909380344312767,0.9459672368906415,0,0,0.6817602040816326,0.1598970743465567,FGF1;AGT,posterior_up
GO_Biological_Process_2021,regulation of tumor necrosis factor production (GO:0032680),3/124,0.7928125875008721,0.9459672368906415,0,0,0.7096229877695803,0.1647520470294032,IL33;ZFP36;ARG2,posterior_up
GO_Biological_Process_2021,non-canonical Wnt signaling pathway (GO:0035567),3/124,0.7928125875008721,0.9459672368906415,0,0,0.7096229877695803,0.1647520470294032,FZD1;SFRP1;VANGL2,posterior_up
GO_Biological_Process_2021,alpha-amino acid metabolic process (GO:1901605),1/46,0.7937621713594734,0.9459672368906415,0,0,0.6366518078256562,0.1470483561169423,AADAT,posterior_up
GO_Biological_Process_2021,regulation of DNA metabolic process (GO:0051052),1/46,0.7937621713594734,0.9459672368906415,0,0,0.6366518078256562,0.1470483561169423,TICRR,posterior_up
GO_Biological_Process_2021,erythrocyte differentiation (GO:0030218),1/46,0.7937621713594734,0.9459672368906415,0,0,0.6366518078256562,0.1470483561169423,ID2,posterior_up
GO_Biological_Process_2021,establishment of protein localization to extracellular region (GO:0035592),1/46,0.7937621713594734,0.9459672368906415,0,0,0.6366518078256562,0.1470483561169423,RAB3C,posterior_up
GO_Biological_Process_2021,interleukin-12-mediated signaling pathway (GO:0035722),1/46,0.7937621713594734,0.9459672368906415,0,0,0.6366518078256562,0.1470483561169423,STAT4,posterior_up
GO_Biological_Process_2021,spliceosomal complex assembly (GO:0000245),1/46,0.7937621713594734,0.9459672368906415,0,0,0.6366518078256562,0.1470483561169423,SRPK3,posterior_up
GO_Biological_Process_2021,negative regulation of tumor necrosis factor production (GO:0032720),1/46,0.7937621713594734,0.9459672368906415,0,0,0.6366518078256562,0.1470483561169423,ARG2,posterior_up
GO_Biological_Process_2021,positive regulation of response to stimulus (GO:0048584),1/46,0.7937621713594734,0.9459672368906415,0,0,0.6366518078256562,0.1470483561169423,ARG2,posterior_up
GO_Biological_Process_2021,postreplication repair (GO:0006301),1/46,0.7937621713594734,0.9459672368906415,0,0,0.6366518078256562,0.1470483561169423,USP43,posterior_up
GO_Biological_Process_2021,calcium ion transmembrane transport (GO:0070588),2/87,0.7962424845111736,0.9484151649022275,0,0,0.6737044817927171,0.1535045839720127,TRPC4;GRIN2D,posterior_up
GO_Biological_Process_2021,regulation of protein secretion (GO:0050708),3/125,0.7972725988813472,0.949134046287318,0,0,0.7037697588624758,0.1594451106104671,CACNA2D2;BMP6;TTN,posterior_up
GO_Biological_Process_2021,regulation of cellular metabolic process (GO:0031323),1/47,0.8007283556926807,0.950181262988694,0,0,0.6227792493055107,0.1384024253176632,RSPO1,posterior_up
GO_Biological_Process_2021,regulation of DNA binding (GO:0051101),1/47,0.8007283556926807,0.950181262988694,0,0,0.6227792493055107,0.1384024253176632,NGF,posterior_up
GO_Biological_Process_2021,epidermal growth factor receptor signaling pathway (GO:0007173),1/47,0.8007283556926807,0.950181262988694,0,0,0.6227792493055107,0.1384024253176632,GAB1,posterior_up
GO_Biological_Process_2021,regulation of T cell activation (GO:0050863),1/47,0.8007283556926807,0.950181262988694,0,0,0.6227792493055107,0.1384024253176632,CRTAM,posterior_up
GO_Biological_Process_2021,regulation of wound healing (GO:0061041),1/47,0.8007283556926807,0.950181262988694,0,0,0.6227792493055107,0.1384024253176632,F2R,posterior_up
GO_Biological_Process_2021,positive regulation of cell-cell adhesion (GO:0022409),1/47,0.8007283556926807,0.950181262988694,0,0,0.6227792493055107,0.1384024253176632,MEGF10,posterior_up
GO_Biological_Process_2021,negative regulation of intracellular signal transduction (GO:1902532),5/198,0.8011415952210291,0.950181262988694,0,0,0.7409171526599906,0.1642743539756838,PKHD1;MINAR1;DEPTOR;WWC1;PDE3A,posterior_up
GO_Biological_Process_2021,regulation of cysteine-type endopeptidase activity involved in apoptotic process (GO:0043281),2/89,0.8064951633111518,0.9531021510592608,0,0,0.6581486042692939,0.1415397135431322,F2R;NGF,posterior_up
GO_Biological_Process_2021,purine ribonucleotide biosynthetic process (GO:0009152),1/48,0.8074595751670591,0.9531021510592608,0,0,0.6094970124245203,0.130348424906006,NPPC,posterior_up
GO_Biological_Process_2021,cellular response to interleukin-12 (GO:0071349),1/48,0.8074595751670591,0.9531021510592608,0,0,0.6094970124245203,0.130348424906006,STAT4,posterior_up
GO_Biological_Process_2021,regulation of interleukin-2 production (GO:0032663),1/48,0.8074595751670591,0.9531021510592608,0,0,0.6094970124245203,0.130348424906006,ZFP36,posterior_up
GO_Biological_Process_2021,regulation of mitochondrion organization (GO:0010821),1/48,0.8074595751670591,0.9531021510592608,0,0,0.6094970124245203,0.130348424906006,LRRK2,posterior_up
GO_Biological_Process_2021,substrate adhesion-dependent cell spreading (GO:0034446),1/48,0.8074595751670591,0.9531021510592608,0,0,0.6094970124245203,0.130348424906006,EPHB3,posterior_up
GO_Biological_Process_2021,negative regulation of MAP kinase activity (GO:0043407),1/48,0.8074595751670591,0.9531021510592608,0,0,0.6094970124245203,0.130348424906006,AGT,posterior_up
GO_Biological_Process_2021,negative regulation of tumor necrosis factor superfamily cytokine production (GO:1903556),1/48,0.8074595751670591,0.9531021510592608,0,0,0.6094970124245203,0.130348424906006,ARG2,posterior_up
GO_Biological_Process_2021,positive regulation of blood vessel endothelial cell migration (GO:0043536),1/48,0.8074595751670591,0.9531021510592608,0,0,0.6094970124245203,0.130348424906006,RHOJ,posterior_up
GO_Biological_Process_2021,plasma membrane bounded cell projection organization (GO:0120036),3/128,0.8101731932463433,0.9546124398700616,0,0,0.6867719821162445,0.1445704712704387,ADCYAP1;PTPRM;NRTN,posterior_up
GO_Biological_Process_2021,cellular amino acid catabolic process (GO:0009063),2/90,0.8114474114532356,0.9546124398700616,0,0,0.6506358225108225,0.1359410498837635,ARG1;AADAT,posterior_up
GO_Biological_Process_2021,receptor internalization (GO:0031623),1/49,0.8139637437431516,0.9546124398700616,0,0,0.5967682020802377,0.1228384413746725,CD9,posterior_up
GO_Biological_Process_2021,cellular defense response (GO:0006968),1/49,0.8139637437431516,0.9546124398700616,0,0,0.5967682020802377,0.1228384413746725,IL1RL2,posterior_up
GO_Biological_Process_2021,cellular response to mechanical stimulus (GO:0071260),1/49,0.8139637437431516,0.9546124398700616,0,0,0.5967682020802377,0.1228384413746725,PIEZO2,posterior_up
GO_Biological_Process_2021,regulation of interferon-beta production (GO:0032648),1/49,0.8139637437431516,0.9546124398700616,0,0,0.5967682020802377,0.1228384413746725,REL,posterior_up
GO_Biological_Process_2021,response to unfolded protein (GO:0006986),1/49,0.8139637437431516,0.9546124398700616,0,0,0.5967682020802377,0.1228384413746725,HSPB3,posterior_up
GO_Biological_Process_2021,RNA catabolic process (GO:0006401),1/49,0.8139637437431516,0.9546124398700616,0,0,0.5967682020802377,0.1228384413746725,ZFP36,posterior_up
GO_Biological_Process_2021,mitotic cytokinesis (GO:0000281),1/49,0.8139637437431516,0.9546124398700616,0,0,0.5967682020802377,0.1228384413746725,TRIM36,posterior_up
GO_Biological_Process_2021,oligosaccharide metabolic process (GO:0009311),1/49,0.8139637437431516,0.9546124398700616,0,0,0.5967682020802377,0.1228384413746725,ST3GAL6,posterior_up
GO_Biological_Process_2021,positive regulation of actin filament polymerization (GO:0030838),1/49,0.8139637437431516,0.9546124398700616,0,0,0.5967682020802377,0.1228384413746725,HCK,posterior_up
GO_Biological_Process_2021,cellular response to insulin stimulus (GO:0032869),3/129,0.8143165891565738,0.9546124398700616,0,0,0.6812859271875665,0.1399402569643932,GAB1;PCSK9;SH2B2,posterior_up
GO_Biological_Process_2021,positive regulation of macromolecule biosynthetic process (GO:0010557),3/129,0.8143165891565738,0.9546124398700616,0,0,0.6812859271875665,0.1399402569643932,PDGFRB;IL33;VIM,posterior_up
GO_Biological_Process_2021,amino acid transport (GO:0006865),1/50,0.8202485088933136,0.9591195544533666,0,0,0.5845589350153138,0.1158291400200053,SLC25A45,posterior_up
GO_Biological_Process_2021,neuron migration (GO:0001764),1/50,0.8202485088933136,0.9591195544533666,0,0,0.5845589350153138,0.1158291400200053,SEMA3A,posterior_up
GO_Biological_Process_2021,positive regulation of ion transport (GO:0043270),1/50,0.8202485088933136,0.9591195544533666,0,0,0.5845589350153138,0.1158291400200053,F2R,posterior_up
GO_Biological_Process_2021,retinoid metabolic process (GO:0001523),2/92,0.8210137631495809,0.9591195544533666,0,0,0.6361111111111111,0.1254509109022689,CYP26B1;ALDH1A1,posterior_up
GO_Biological_Process_2021,T cell activation (GO:0042110),2/92,0.8210137631495809,0.9591195544533666,0,0,0.6361111111111111,0.1254509109022689,CRTAM;TREML2,posterior_up
GO_Biological_Process_2021,positive regulation of cellular component biogenesis (GO:0044089),2/92,0.8210137631495809,0.9591195544533666,0,0,0.6361111111111111,0.1254509109022689,HAS3;EMILIN1,posterior_up
GO_Biological_Process_2021,positive regulation of nucleic acid-templated transcription (GO:1903508),14/511,0.8211787645993993,0.9591195544533666,0,0,0.8036278275714895,0.1583262969925835,FZD1;MESP1;EGR2;MYOCD;F2R;AGT;POU3F3;SFRP1;BMP2;SOX18;ERBB4;ID2;HEY2;HAS3,posterior_up
GO_Biological_Process_2021,positive regulation of intracellular signal transduction (GO:1902533),15/546,0.8250702692946527,0.9605876730252976,0,0,0.8056634345824438,0.1549183803651813,PDGFRB;WWC1;F2R;TNFRSF19;GAB1;FGF1;ADRA1B;AGT;FGF3;BMP2;ERBB4;FSHR;REL;NUPR1;ENG,posterior_up
GO_Biological_Process_2021,peptidyl-serine modification (GO:0018209),4/169,0.8253935973177876,0.9605876730252976,0,0,0.6932971506105835,0.1330402003927246,MAST4;LRRK2;SGK1;MAPK12,posterior_up
GO_Biological_Process_2021,visual perception (GO:0007601),2/93,0.825631868437878,0.9605876730252976,0,0,0.6290881737310309,0.1205372476941829,COL11A1;POU6F2,posterior_up
GO_Biological_Process_2021,post-translational protein modification (GO:0043687),9/345,0.825836740356017,0.9605876730252976,0,0,0.7649033297529538,0.1463705059193561,PROC;IGFBP4;PCSK9;ASB14;HIF3A;AFP;PRSS23;FSTL1;SPSB4,posterior_up
GO_Biological_Process_2021,regulation of substrate adhesion-dependent cell spreading (GO:1900024),1/51,0.8263212612001885,0.9605876730252976,0,0,0.5728380386329867,0.1092812549482901,DOCK5,posterior_up
GO_Biological_Process_2021,gonad development (GO:0008406),1/51,0.8263212612001885,0.9605876730252976,0,0,0.5728380386329867,0.1092812549482901,FSHR,posterior_up
GO_Biological_Process_2021,sensory perception (GO:0007600),1/51,0.8263212612001885,0.9605876730252976,0,0,0.5728380386329867,0.1092812549482901,PNOC,posterior_up
GO_Biological_Process_2021,negative regulation of protein ubiquitination (GO:0031397),1/51,0.8263212612001885,0.9605876730252976,0,0,0.5728380386329867,0.1092812549482901,MINAR1,posterior_up
GO_Biological_Process_2021,positive regulation of actin filament bundle assembly (GO:0032233),1/51,0.8263212612001885,0.9605876730252976,0,0,0.5728380386329867,0.1092812549482901,SFRP1,posterior_up
GO_Biological_Process_2021,cartilage development (GO:0051216),1/52,0.832189142347459,0.9633823318018192,0,0,0.5615767852460449,0.1031591448899492,BMP2,posterior_up
GO_Biological_Process_2021,regulation of intrinsic apoptotic signaling pathway (GO:2001242),1/52,0.832189142347459,0.9633823318018192,0,0,0.5615767852460449,0.1031591448899492,NUPR1,posterior_up
GO_Biological_Process_2021,cilium movement (GO:0003341),1/52,0.832189142347459,0.9633823318018192,0,0,0.5615767852460449,0.1031591448899492,CFAP206,posterior_up
GO_Biological_Process_2021,fatty acid beta-oxidation (GO:0006635),1/52,0.832189142347459,0.9633823318018192,0,0,0.5615767852460449,0.1031591448899492,ACADL,posterior_up
GO_Biological_Process_2021,glycolipid metabolic process (GO:0006664),1/52,0.832189142347459,0.9633823318018192,0,0,0.5615767852460449,0.1031591448899492,ST3GAL6,posterior_up
GO_Biological_Process_2021,response to peptide hormone (GO:0043434),1/52,0.832189142347459,0.9633823318018192,0,0,0.5615767852460449,0.1031591448899492,STAT4,posterior_up
GO_Biological_Process_2021,negative regulation of cellular biosynthetic process (GO:0031327),1/52,0.832189142347459,0.9633823318018192,0,0,0.5615767852460449,0.1031591448899492,ACADL,posterior_up
GO_Biological_Process_2021,positive regulation of protein localization to plasma membrane (GO:1903078),1/52,0.832189142347459,0.9633823318018192,0,0,0.5615767852460449,0.1031591448899492,EPHA3,posterior_up
GO_Biological_Process_2021,sensory perception of light stimulus (GO:0050953),2/95,0.834547885535455,0.965610527985641,0,0,0.6154953917050692,0.11132166955746,COL11A1;POU6F2,posterior_up
GO_Biological_Process_2021,negative regulation of apoptotic process (GO:0043066),13/485,0.836374842683828,0.9669275909532312,0,0,0.7856034770122311,0.1403703644289829,F2R;NGF;FSTL1;POU3F3;POU3F4;PKHD1;HCK;RNF144B;SFRP1;NUAK2;PROC;NUPR1;CRYAB,posterior_up
GO_Biological_Process_2021,negative regulation of transcription by RNA polymerase II (GO:0000122),19/684,0.836780270577951,0.9669275909532312,0,0,0.8140021810250818,0.1450501118692138,IL33;LEFTY1;FST;WWC1;NR2F1;MEIS2;BMP6;ZFP36;BMP2;EDNRB;CUX2;CUX1;SOX18;NACC2;ID2;HEY2;ID1;E2F8;DACT1,posterior_up
GO_Biological_Process_2021,epidermal cell differentiation (GO:0009913),1/53,0.8378590540934067,0.9669275909532312,0,0,0.5507486569893703,0.0974304036722172,CDSN,posterior_up
GO_Biological_Process_2021,negative regulation of cysteine-type endopeptidase activity (GO:2000117),1/53,0.8378590540934067,0.9669275909532312,0,0,0.5507486569893703,0.0974304036722172,NGF,posterior_up
GO_Biological_Process_2021,positive regulation of B cell activation (GO:0050871),1/53,0.8378590540934067,0.9669275909532312,0,0,0.5507486569893703,0.0974304036722172,BTK,posterior_up
GO_Biological_Process_2021,protein localization to plasma membrane (GO:0072659),3/136,0.841221009110394,0.9703041706949852,0,0,0.6451934605515278,0.1115545043883702,RAB3C;FYB2;TSPAN33,posterior_up
GO_Biological_Process_2021,cation transport (GO:0006812),4/174,0.8420578175666449,0.9707326986728328,0,0,0.6727304653204565,0.1156468071129339,PIEZO2;SLC5A12;KCNAB3;SGK1,posterior_up
GO_Biological_Process_2021,regulation of proteasomal protein catabolic process (GO:0061136),1/54,0.8433376658582408,0.9707326986728328,0,0,0.540329137346155,0.0920655192269968,NUPR1,posterior_up
GO_Biological_Process_2021,negative regulation of viral genome replication (GO:0045071),1/54,0.8433376658582408,0.9707326986728328,0,0,0.540329137346155,0.0920655192269968,ZC3HAV1,posterior_up
GO_Biological_Process_2021,positive regulation of leukocyte chemotaxis (GO:0002690),1/54,0.8433376658582408,0.9707326986728328,0,0,0.540329137346155,0.0920655192269968,PTN,posterior_up
GO_Biological_Process_2021,phosphate-containing compound metabolic process (GO:0006796),5/212,0.8457868344145042,0.973048452209034,0,0,0.6903013366261562,0.1156171349774726,ALK;INPP5D;GFPT2;LRRK2;PLCD3,posterior_up
GO_Biological_Process_2021,protein sumoylation (GO:0016925),1/55,0.848631422768007,0.9743059420324126,0,0,0.5302955258378735,0.0870375732623021,EGR2,posterior_up
GO_Biological_Process_2021,negative regulation of cysteine-type endopeptidase activity involved in apoptotic process (GO:0043154),1/55,0.848631422768007,0.9743059420324126,0,0,0.5302955258378735,0.0870375732623021,NGF,posterior_up
GO_Biological_Process_2021,negative regulation of protein modification by small protein conjugation or removal (GO:1903321),1/55,0.848631422768007,0.9743059420324126,0,0,0.5302955258378735,0.0870375732623021,MINAR1,posterior_up
GO_Biological_Process_2021,positive regulation of response to DNA damage stimulus (GO:2001022),1/55,0.848631422768007,0.9743059420324126,0,0,0.5302955258378735,0.0870375732623021,NACC2,posterior_up
GO_Biological_Process_2021,negative regulation of gene expression (GO:0010629),8/322,0.8535255367224222,0.9771533334650409,0,0,0.7273005489565999,0.1151897279876771,SFRP1;ZFP36;BMP2;ID2;HEY2;REL;EMILIN1;ENG,posterior_up
GO_Biological_Process_2021,protein-containing complex disassembly (GO:0032984),1/56,0.8537465529240627,0.9771533334650409,0,0,0.5206267729298932,0.0823219768548126,FZD1,posterior_up
GO_Biological_Process_2021,chemokine-mediated signaling pathway (GO:0070098),1/56,0.8537465529240627,0.9771533334650409,0,0,0.5206267729298932,0.0823219768548126,CCL17,posterior_up
GO_Biological_Process_2021,"DNA damage response, signal transduction by p53 class mediator resulting in cell cycle arrest (GO:0006977)",1/56,0.8537465529240627,0.9771533334650409,0,0,0.5206267729298932,0.0823219768548126,E2F8,posterior_up
GO_Biological_Process_2021,Rho protein signal transduction (GO:0007266),1/56,0.8537465529240627,0.9771533334650409,0,0,0.5206267729298932,0.0823219768548126,RHOJ,posterior_up
GO_Biological_Process_2021,"nuclear-transcribed mRNA catabolic process, deadenylation-dependent decay (GO:0000288)",1/56,0.8537465529240627,0.9771533334650409,0,0,0.5206267729298932,0.0823219768548126,ZFP36,posterior_up
GO_Biological_Process_2021,protein localization to cell periphery (GO:1990778),3/140,0.8550298727666698,0.9776527318306654,0,0,0.6262251569179893,0.0980786775362968,RAB3C;FYB2;TSPAN33,posterior_up
GO_Biological_Process_2021,regulation of transforming growth factor beta receptor signaling pathway (GO:0017015),2/100,0.8550616701763932,0.9776527318306654,0,0,0.5839407191448007,0.0914344210344681,EMILIN1;ENG,posterior_up
GO_Biological_Process_2021,"positive regulation of transcription, DNA-templated (GO:0045893)",34/1183,0.8557240502197505,0.9779075561062892,0,0,0.8404291775456919,0.1309450228892925,MESP1;MAML2;FGF1;SOX18;ERBB4;HEY2;HAS3;E2F8;FZD1;WWTR1;IL33;EGR2;MYOCD;MACC1;F2R;NR2F1;POU3F2;ETV4;MEIS2;AGT;POU3F3;BMP6;BMP5;NPAS4;ADCYAP1;NR4A1;SFRP1;BMP2;KLF5;ID2;REL;MAML3;BMPR1B;ENG,posterior_up
GO_Biological_Process_2021,arachidonic acid metabolic process (GO:0019369),1/57,0.8586890751803454,0.9794965025448716,0,0,0.5113033326257694,0.0778962364056634,TBXAS1,posterior_up
GO_Biological_Process_2021,regulation of mitotic nuclear division (GO:0007088),1/57,0.8586890751803454,0.9794965025448716,0,0,0.5113033326257694,0.0778962364056634,PDGFRB,posterior_up
GO_Biological_Process_2021,positive regulation of proteolysis (GO:0045862),1/57,0.8586890751803454,0.9794965025448716,0,0,0.5113033326257694,0.0778962364056634,MAPK12,posterior_up
GO_Biological_Process_2021,cellular response to chemical stress (GO:0062197),2/101,0.8588753602090089,0.9794965025448716,0,0,0.5780122655122655,0.087933853454005,LRRK2;GPX8,posterior_up
GO_Biological_Process_2021,regulation of cell death (GO:0010941),2/102,0.8625971086206631,0.9797089203028102,0,0,0.572202380952381,0.0845758301497635,LRRK2;CRYAB,posterior_up
GO_Biological_Process_2021,regulation of proteasomal ubiquitin-dependent protein catabolic process (GO:0032434),2/102,0.8625971086206631,0.9797089203028102,0,0,0.572202380952381,0.0845758301497635,RNF144B;LRRK2,posterior_up
GO_Biological_Process_2021,regulation of protein catabolic process (GO:0042176),2/102,0.8625971086206631,0.9797089203028102,0,0,0.572202380952381,0.0845758301497635,NKD1;DACT1,posterior_up
GO_Biological_Process_2021,positive regulation of vasculature development (GO:1904018),2/102,0.8625971086206631,0.9797089203028102,0,0,0.572202380952381,0.0845758301497635,GAB1;FGF1,posterior_up
GO_Biological_Process_2021,receptor metabolic process (GO:0043112),1/58,0.8634648057140722,0.9797089203028102,0,0,0.5023070305779307,0.0737397469956935,CD9,posterior_up
GO_Biological_Process_2021,regulation of calcium ion transport (GO:0051924),1/58,0.8634648057140722,0.9797089203028102,0,0,0.5023070305779307,0.0737397469956935,F2R,posterior_up
GO_Biological_Process_2021,cellular iron ion homeostasis (GO:0006879),1/58,0.8634648057140722,0.9797089203028102,0,0,0.5023070305779307,0.0737397469956935,BMP6,posterior_up
GO_Biological_Process_2021,regulation of phagocytosis (GO:0050764),1/58,0.8634648057140722,0.9797089203028102,0,0,0.5023070305779307,0.0737397469956935,HCK,posterior_up
GO_Biological_Process_2021,membrane lipid biosynthetic process (GO:0046467),1/58,0.8634648057140722,0.9797089203028102,0,0,0.5023070305779307,0.0737397469956935,PRKD3,posterior_up
GO_Biological_Process_2021,negative regulation of hydrolase activity (GO:0051346),1/58,0.8634648057140722,0.9797089203028102,0,0,0.5023070305779307,0.0737397469956935,LRRK2,posterior_up
GO_Biological_Process_2021,regulation of secretion by cell (GO:1903530),1/59,0.8680793649833077,0.98293973897601,0,0,0.4936209458420864,0.0698336086887133,RAB3C,posterior_up
GO_Biological_Process_2021,fatty acid oxidation (GO:0019395),1/59,0.8680793649833077,0.98293973897601,0,0,0.4936209458420864,0.0698336086887133,ACADL,posterior_up
GO_Biological_Process_2021,phospholipid transport (GO:0015914),1/59,0.8680793649833077,0.98293973897601,0,0,0.4936209458420864,0.0698336086887133,PLTP,posterior_up
GO_Biological_Process_2021,positive regulation of tyrosine phosphorylation of STAT protein (GO:0042531),1/59,0.8680793649833077,0.98293973897601,0,0,0.4936209458420864,0.0698336086887133,ERBB4,posterior_up
GO_Biological_Process_2021,regulation of insulin secretion (GO:0050796),2/104,0.869772176550523,0.9843555914674028,0,0,0.5609243697478992,0.0782623936245722,SFRP1;CACNA2D2,posterior_up
GO_Biological_Process_2021,phosphorylation (GO:0016310),10/400,0.8704544739194795,0.9846269468585876,0,0,0.7312326227988879,0.1014510824015852,ALK;HCK;BMP2;NUAK2;TEC;LRRK2;MAP3K20;BTK;SGK1;BMPR1B,posterior_up
GO_Biological_Process_2021,cellular response to chemokine (GO:1990869),1/60,0.8725381844227281,0.9859814425294922,0,0,0.4852293046566097,0.0661604632475522,CCL17,posterior_up
GO_Biological_Process_2021,peptidyl-threonine phosphorylation (GO:0018107),1/60,0.8725381844227281,0.9859814425294922,0,0,0.4852293046566097,0.0661604632475522,LRRK2,posterior_up
GO_Biological_Process_2021,activation of GTPase activity (GO:0090630),2/105,0.8732291425218316,0.9862613411731348,0,0,0.555449607027277,0.0752952381657071,ARHGAP42;SIPA1L2,posterior_up
GO_Biological_Process_2021,small GTPase mediated signal transduction (GO:0007264),2/106,0.8766014584974455,0.986787706633454,0,0,0.5500801282051282,0.072447108063996,GRAP2;RASGRP2,posterior_up
GO_Biological_Process_2021,B cell differentiation (GO:0030183),1/61,0.8768465125838829,0.986787706633454,0,0,0.4771173848439822,0.0627043488776208,CR2,posterior_up
GO_Biological_Process_2021,regulation of endocytosis (GO:0030100),1/61,0.8768465125838829,0.986787706633454,0,0,0.4771173848439822,0.0627043488776208,EPHA3,posterior_up
GO_Biological_Process_2021,response to light stimulus (GO:0009416),1/61,0.8768465125838829,0.986787706633454,0,0,0.4771173848439822,0.0627043488776208,OPN5,posterior_up
GO_Biological_Process_2021,iron ion homeostasis (GO:0055072),1/61,0.8768465125838829,0.986787706633454,0,0,0.4771173848439822,0.0627043488776208,BMP6,posterior_up
GO_Biological_Process_2021,positive regulation of DNA biosynthetic process (GO:2000573),1/61,0.8768465125838829,0.986787706633454,0,0,0.4771173848439822,0.0627043488776208,PDGFRB,posterior_up
GO_Biological_Process_2021,positive regulation of interleukin-8 production (GO:0032757),1/61,0.8768465125838829,0.986787706633454,0,0,0.4771173848439822,0.0627043488776208,F2R,posterior_up
GO_Biological_Process_2021,cellular component assembly (GO:0022607),6/261,0.877243183694819,0.986787706633454,0,0,0.6717506164142304,0.0879798732463552,FZD1;CARD10;RHOJ;HAS3;PAWR;CFAP206,posterior_up
GO_Biological_Process_2021,regulation of neurogenesis (GO:0050767),1/62,0.881009421510199,0.9885702560967023,0,0,0.4692714296153752,0.0594505703607135,HEY2,posterior_up
GO_Biological_Process_2021,I-kappaB kinase/NF-kappaB signaling (GO:0007249),1/62,0.881009421510199,0.9885702560967023,0,0,0.4692714296153752,0.0594505703607135,REL,posterior_up
GO_Biological_Process_2021,positive regulation of cysteine-type endopeptidase activity (GO:2001056),1/62,0.881009421510199,0.9885702560967023,0,0,0.4692714296153752,0.0594505703607135,F2R,posterior_up
GO_Biological_Process_2021,DNA replication (GO:0006260),2/108,0.883099191734778,0.9885702560967023,0,0,0.5396451033243486,0.0670874649179543,RBMS1;TICRR,posterior_up
GO_Biological_Process_2021,amyloid fibril formation (GO:1990000),1/63,0.885031812428752,0.9885702560967023,0,0,0.4616785697167234,0.0563855832051726,TSPAN33,posterior_up
GO_Biological_Process_2021,COPII vesicle coating (GO:0048208),1/63,0.885031812428752,0.9885702560967023,0,0,0.4616785697167234,0.0563855832051726,SEC16B,posterior_up
GO_Biological_Process_2021,vesicle coating (GO:0006901),1/63,0.885031812428752,0.9885702560967023,0,0,0.4616785697167234,0.0563855832051726,SEC16B,posterior_up
GO_Biological_Process_2021,"vesicle targeting, rough ER to cis-Golgi (GO:0048207)",1/63,0.885031812428752,0.9885702560967023,0,0,0.4616785697167234,0.0563855832051726,SEC16B,posterior_up
GO_Biological_Process_2021,negative regulation of endopeptidase activity (GO:0010951),1/63,0.885031812428752,0.9885702560967023,0,0,0.4616785697167234,0.0563855832051726,AGT,posterior_up
GO_Biological_Process_2021,negative regulation of peptidase activity (GO:0010466),1/63,0.885031812428752,0.9885702560967023,0,0,0.4616785697167234,0.0563855832051726,AGT,posterior_up
GO_Biological_Process_2021,organonitrogen compound catabolic process (GO:1901565),1/63,0.885031812428752,0.9885702560967023,0,0,0.4616785697167234,0.0563855832051726,ENPP2,posterior_up
GO_Biological_Process_2021,positive regulation of DNA metabolic process (GO:0051054),1/63,0.885031812428752,0.9885702560967023,0,0,0.4616785697167234,0.0563855832051726,PDGFRB,posterior_up
GO_Biological_Process_2021,regulation of cytokine production (GO:0001817),3/150,0.8850480674807333,0.9885702560967023,0,0,0.583320660604033,0.0712312236060172,IL33;CRTAM;AGT,posterior_up
GO_Biological_Process_2021,response to cytokine (GO:0034097),3/150,0.8850480674807333,0.9885702560967023,0,0,0.583320660604033,0.0712312236060172,IL1RL2;REL;PTPN20,posterior_up
GO_Biological_Process_2021,regulation of protein ubiquitination (GO:0031396),2/109,0.8862280772935205,0.9888287493412394,0,0,0.5345738762794837,0.0645663341661536,MINAR1;LRRK2,posterior_up
GO_Biological_Process_2021,innate immune response (GO:0045087),7/302,0.8866511899022192,0.9888287493412394,0,0,0.6770360582420654,0.0814498893705659,TREML1;HCK;MFAP4;CR2;BTK;REL;SLA,posterior_up
GO_Biological_Process_2021,diterpenoid metabolic process (GO:0016101),1/64,0.888918421640215,0.9888287493412394,0,0,0.4543267529894573,0.0534968896888626,ALDH1A1,posterior_up
GO_Biological_Process_2021,regulation of transcription initiation from RNA polymerase II promoter (GO:0060260),1/64,0.888918421640215,0.9888287493412394,0,0,0.4543267529894573,0.0534968896888626,HEY2,posterior_up
GO_Biological_Process_2021,lipid homeostasis (GO:0055088),1/64,0.888918421640215,0.9888287493412394,0,0,0.4543267529894573,0.0534968896888626,ZBTB20,posterior_up
GO_Biological_Process_2021,negative regulation of cell cycle process (GO:0010948),1/64,0.888918421640215,0.9888287493412394,0,0,0.4543267529894573,0.0534968896888626,E2F8,posterior_up
GO_Biological_Process_2021,negative regulation of intrinsic apoptotic signaling pathway (GO:2001243),1/64,0.888918421640215,0.9888287493412394,0,0,0.4543267529894573,0.0534968896888626,LRRK2,posterior_up
GO_Biological_Process_2021,plasma membrane organization (GO:0007009),1/64,0.888918421640215,0.9888287493412394,0,0,0.4543267529894573,0.0534968896888626,MYOF,posterior_up
GO_Biological_Process_2021,regulation of interleukin-6 production (GO:0032675),2/110,0.8892792482839642,0.9888287493412394,0,0,0.5295965608465608,0.0621449670455493,IL33;F2R,posterior_up
GO_Biological_Process_2021,cellular response to type I interferon (GO:0071357),1/65,0.8926738262164757,0.990385879403314,0,0,0.4472046805349183,0.0507729456020999,IFIT2,posterior_up
GO_Biological_Process_2021,chemical homeostasis (GO:0048878),1/65,0.8926738262164757,0.990385879403314,0,0,0.4472046805349183,0.0507729456020999,ZBTB20,posterior_up
GO_Biological_Process_2021,type I interferon signaling pathway (GO:0060337),1/65,0.8926738262164757,0.990385879403314,0,0,0.4472046805349183,0.0507729456020999,IFIT2,posterior_up
GO_Biological_Process_2021,mitotic G1 DNA damage checkpoint signaling (GO:0031571),1/65,0.8926738262164757,0.990385879403314,0,0,0.4472046805349183,0.0507729456020999,E2F8,posterior_up
GO_Biological_Process_2021,dephosphorylation (GO:0016311),3/153,0.8929052018350777,0.990385879403314,0,0,0.5715648286140089,0.0647439263424348,PTPRM;DUSP9;DUSP6,posterior_up
GO_Biological_Process_2021,regulation of protein localization (GO:0032880),1/66,0.8963024488090654,0.9931349364101704,0,0,0.4403017487712881,0.048203076797685,ADCYAP1,posterior_up
GO_Biological_Process_2021,positive regulation of NF-kappaB transcription factor activity (GO:0051092),3/155,0.8978723799169543,0.9931349364101704,0,0,0.5639854106204408,0.0607566462151984,ALK;BTK;AGT,posterior_up
GO_Biological_Process_2021,protein localization to membrane (GO:0072657),4/195,0.8981208924415511,0.9931349364101704,0,0,0.5981089317808862,0.0642671609781933,RAB3C;FYB2;PTN;TSPAN33,posterior_up
GO_Biological_Process_2021,cellular protein metabolic process (GO:0044267),10/417,0.899489266463484,0.9931349364101704,0,0,0.700060685000444,0.074156139160969,PROC;IGFBP4;PAPPA;PCSK9;ST3GAL6;AFP;PRSS23;FSTL1;LMCD1;PAPPA2,posterior_up
GO_Biological_Process_2021,protein N-linked glycosylation (GO:0006487),1/67,0.899808563573347,0.9931349364101704,0,0,0.433607996758071,0.0457774034595159,GFPT2,posterior_up
GO_Biological_Process_2021,regulation of epidermal growth factor receptor signaling pathway (GO:0042058),1/67,0.899808563573347,0.9931349364101704,0,0,0.433607996758071,0.0457774034595159,AGT,posterior_up
GO_Biological_Process_2021,regulation of gene silencing by miRNA (GO:0060964),1/67,0.899808563573347,0.9931349364101704,0,0,0.433607996758071,0.0457774034595159,ZFP36,posterior_up
GO_Biological_Process_2021,regulation of viral genome replication (GO:0045069),1/67,0.899808563573347,0.9931349364101704,0,0,0.433607996758071,0.0457774034595159,ZC3HAV1,posterior_up
GO_Biological_Process_2021,peptidyl-threonine modification (GO:0018210),1/67,0.899808563573347,0.9931349364101704,0,0,0.433607996758071,0.0457774034595159,LRRK2,posterior_up
GO_Biological_Process_2021,activation of protein kinase activity (GO:0032147),2/114,0.900739910865494,0.9931349364101704,0,0,0.5105761054421769,0.0533749777497771,CARD10;FGF1,posterior_up
GO_Biological_Process_2021,response to lipid (GO:0033993),2/114,0.900739910865494,0.9931349364101704,0,0,0.5105761054421769,0.0533749777497771,F2R;PALM3,posterior_up
GO_Biological_Process_2021,negative regulation of cell motility (GO:2000146),2/114,0.900739910865494,0.9931349364101704,0,0,0.5105761054421769,0.0533749777497771,SFRP1;ENG,posterior_up
GO_Biological_Process_2021,regulation of myeloid cell differentiation (GO:0045637),1/68,0.9031963005201968,0.9936358764390936,0,0,0.4271140582377858,0.0434867725080476,MEIS2,posterior_up
GO_Biological_Process_2021,regulation of tyrosine phosphorylation of STAT protein (GO:0042509),1/68,0.9031963005201968,0.9936358764390936,0,0,0.4271140582377858,0.0434867725080476,ERBB4,posterior_up
GO_Biological_Process_2021,interferon-gamma-mediated signaling pathway (GO:0060333),1/68,0.9031963005201968,0.9936358764390936,0,0,0.4271140582377858,0.0434867725080476,HCK,posterior_up
GO_Biological_Process_2021,negative regulation of transforming growth factor beta receptor signaling pathway (GO:0030512),1/68,0.9031963005201968,0.9936358764390936,0,0,0.4271140582377858,0.0434867725080476,EMILIN1,posterior_up
GO_Biological_Process_2021,cellular amide metabolic process (GO:0043603),2/115,0.9034271361960836,0.9936358764390936,0,0,0.5060313948588285,0.0513924565463762,ALDH1L1;CPN1,posterior_up
GO_Biological_Process_2021,regulation of protein-containing complex assembly (GO:0043254),2/116,0.9060463237885686,0.9940339934921764,0,0,0.5015664160401002,0.0494869723130037,HCK;CRYAB,posterior_up
GO_Biological_Process_2021,sphingolipid metabolic process (GO:0006665),2/116,0.9060463237885686,0.9940339934921764,0,0,0.5015664160401002,0.0494869723130037,PRKD3;ENPP2,posterior_up
GO_Biological_Process_2021,positive regulation of angiogenesis (GO:0045766),2/116,0.9060463237885686,0.9940339934921764,0,0,0.5015664160401002,0.0494869723130037,GAB1;FGF1,posterior_up
GO_Biological_Process_2021,cellular response to decreased oxygen levels (GO:0036294),1/69,0.9064696506946632,0.9940339934921764,0,0,0.4208111179092736,0.0413226961168811,SFRP1,posterior_up
GO_Biological_Process_2021,negative regulation of cellular catabolic process (GO:0031330),1/69,0.9064696506946632,0.9940339934921764,0,0,0.4208111179092736,0.0413226961168811,NUPR1,posterior_up
GO_Biological_Process_2021,positive regulation of protein polymerization (GO:0032273),1/69,0.9064696506946632,0.9940339934921764,0,0,0.4208111179092736,0.0413226961168811,HCK,posterior_up
GO_Biological_Process_2021,aerobic electron transport chain (GO:0019646),1/70,0.9096324707668488,0.9942908243483268,0,0,0.414690871503327,0.0392772963279754,COX6A2,posterior_up
GO_Biological_Process_2021,cellular response to light stimulus (GO:0071482),1/70,0.9096324707668488,0.9942908243483268,0,0,0.414690871503327,0.0392772963279754,OPN5,posterior_up
GO_Biological_Process_2021,COPII-coated vesicle budding (GO:0090114),1/70,0.9096324707668488,0.9942908243483268,0,0,0.414690871503327,0.0392772963279754,SEC16B,posterior_up
GO_Biological_Process_2021,fatty acid catabolic process (GO:0009062),1/70,0.9096324707668488,0.9942908243483268,0,0,0.414690871503327,0.0392772963279754,ACADL,posterior_up
GO_Biological_Process_2021,sterol metabolic process (GO:0016125),1/70,0.9096324707668488,0.9942908243483268,0,0,0.414690871503327,0.0392772963279754,CYP26B1,posterior_up
GO_Biological_Process_2021,neutrophil chemotaxis (GO:0030593),1/70,0.9096324707668488,0.9942908243483268,0,0,0.414690871503327,0.0392772963279754,CCL17,posterior_up
GO_Biological_Process_2021,negative regulation of response to external stimulus (GO:0032102),2/118,0.9110866609562496,0.9942908243483268,0,0,0.4928674055829228,0.0458944618395522,PROC;KLK8,posterior_up
GO_Biological_Process_2021,regulation of endopeptidase activity (GO:0052548),1/71,0.9126884878056228,0.9942908243483268,0,0,0.4087454892804075,0.0373432547614786,AGT,posterior_up
GO_Biological_Process_2021,cholesterol homeostasis (GO:0042632),1/71,0.9126884878056228,0.9942908243483268,0,0,0.4087454892804075,0.0373432547614786,PCSK9,posterior_up
GO_Biological_Process_2021,fatty acid biosynthetic process (GO:0006633),1/71,0.9126884878056228,0.9942908243483268,0,0,0.4087454892804075,0.0373432547614786,HPGD,posterior_up
GO_Biological_Process_2021,Fc-gamma receptor signaling pathway involved in phagocytosis (GO:0038096),1/71,0.9126884878056228,0.9942908243483268,0,0,0.4087454892804075,0.0373432547614786,HCK,posterior_up
GO_Biological_Process_2021,mitochondrial ATP synthesis coupled electron transport (GO:0042775),1/71,0.9126884878056228,0.9942908243483268,0,0,0.4087454892804075,0.0373432547614786,COX6A2,posterior_up
GO_Biological_Process_2021,positive regulation of cysteine-type endopeptidase activity involved in apoptotic process (GO:0043280),2/119,0.9135107847864627,0.9942908243483268,0,0,0.4886294261294261,0.0442014653960251,F2R;NGF,posterior_up
GO_Biological_Process_2021,membrane organization (GO:0061024),5/242,0.913957136587672,0.9942908243483268,0,0,0.6019753647045467,0.054160689817239,SYT2;MYOF;SYT9;CFTR;TRDN,posterior_up
GO_Biological_Process_2021,negative regulation of nucleic acid-templated transcription (GO:1903507),11/464,0.9155842679731988,0.9942908243483268,0,0,0.6912289113301969,0.0609614637679896,MESP1;SFRP1;BMP2;SOX18;NACC2;ID2;HEY2;ID1;CRYAB;L3MBTL4;POU3F3,posterior_up
GO_Biological_Process_2021,cytoskeleton-dependent cytokinesis (GO:0061640),1/72,0.9156413029616728,0.9942908243483268,0,0,0.4029675826130632,0.0355137674429297,TRIM36,posterior_up
GO_Biological_Process_2021,extrinsic apoptotic signaling pathway (GO:0097191),1/72,0.9156413029616728,0.9942908243483268,0,0,0.4029675826130632,0.0355137674429297,NGF,posterior_up
GO_Biological_Process_2021,Fc-gamma receptor signaling pathway (GO:0038094),1/72,0.9156413029616728,0.9942908243483268,0,0,0.4029675826130632,0.0355137674429297,HCK,posterior_up
GO_Biological_Process_2021,response to ionizing radiation (GO:0010212),1/72,0.9156413029616728,0.9942908243483268,0,0,0.4029675826130632,0.0355137674429297,TICRR,posterior_up
GO_Biological_Process_2021,sterol homeostasis (GO:0055092),1/72,0.9156413029616728,0.9942908243483268,0,0,0.4029675826130632,0.0355137674429297,PCSK9,posterior_up
GO_Biological_Process_2021,cellular response to interferon-gamma (GO:0071346),2/121,0.9181741881394736,0.9946918566175752,0,0,0.4803671468587435,0.0410080589391293,HCK;CCL17,posterior_up
GO_Biological_Process_2021,regulation of Rho protein signal transduction (GO:0035023),1/73,0.9184943964760652,0.9946918566175752,0,0,0.3973501733531451,0.0337825031611533,F2R,posterior_up
GO_Biological_Process_2021,granulocyte chemotaxis (GO:0071621),1/73,0.9184943964760652,0.9946918566175752,0,0,0.3973501733531451,0.0337825031611533,CCL17,posterior_up
GO_Biological_Process_2021,positive regulation of DNA-binding transcription factor activity (GO:0051091),5/246,0.9206829079231992,0.9946918566175752,0,0,0.591860025181574,0.0489110716413553,FZD1;ALK;MYOCD;BTK;AGT,posterior_up
GO_Biological_Process_2021,regulation of cytokine-mediated signaling pathway (GO:0001959),1/74,0.9212511311491408,0.9946918566175752,0,0,0.3918866657167864,0.0321435662205234,PALM3,posterior_up
GO_Biological_Process_2021,"DNA damage response, signal transduction by p53 class mediator (GO:0030330)",1/74,0.9212511311491408,0.9946918566175752,0,0,0.3918866657167864,0.0321435662205234,E2F8,posterior_up
GO_Biological_Process_2021,Fc receptor mediated stimulatory signaling pathway (GO:0002431),1/74,0.9212511311491408,0.9946918566175752,0,0,0.3918866657167864,0.0321435662205234,HCK,posterior_up
GO_Biological_Process_2021,sphingolipid biosynthetic process (GO:0030148),1/74,0.9212511311491408,0.9946918566175752,0,0,0.3918866657167864,0.0321435662205234,PRKD3,posterior_up
GO_Biological_Process_2021,mitotic nuclear division (GO:0140014),1/74,0.9212511311491408,0.9946918566175752,0,0,0.3918866657167864,0.0321435662205234,DSN1,posterior_up
GO_Biological_Process_2021,regulation of transcription from RNA polymerase II promoter in response to hypoxia (GO:0061418),1/75,0.923914756867702,0.9946918566175752,0,0,0.3865708204489779,0.0305914620446513,HIF3A,posterior_up
GO_Biological_Process_2021,cellular protein-containing complex assembly (GO:0034622),3/168,0.92539802601802,0.9946918566175752,0,0,0.5191979406584474,0.0402541097923027,PTGES3L;FMOD;DLGAP5,posterior_up
GO_Biological_Process_2021,regulation of cell division (GO:0051302),1/76,0.9264884136956972,0.9946918566175752,0,0,0.3813967310549777,0.0291210663784007,FGF1,posterior_up
GO_Biological_Process_2021,regulation of T cell proliferation (GO:0042129),1/76,0.9264884136956972,0.9946918566175752,0,0,0.3813967310549777,0.0291210663784007,ARG1,posterior_up
GO_Biological_Process_2021,RNA transport (GO:0050658),1/76,0.9264884136956972,0.9946918566175752,0,0,0.3813967310549777,0.0291210663784007,ZFP36,posterior_up
GO_Biological_Process_2021,water-soluble vitamin metabolic process (GO:0006767),1/76,0.9264884136956972,0.9946918566175752,0,0,0.3813967310549777,0.0291210663784007,ALDH1L1,posterior_up
GO_Biological_Process_2021,phospholipid metabolic process (GO:0006644),1/76,0.9264884136956972,0.9946918566175752,0,0,0.3813967310549777,0.0291210663784007,ENPP2,posterior_up
GO_Biological_Process_2021,positive regulation of growth (GO:0045927),1/76,0.9264884136956972,0.9946918566175752,0,0,0.3813967310549777,0.0291210663784007,SFRP1,posterior_up
GO_Biological_Process_2021,protein targeting (GO:0006605),2/125,0.9268005990602356,0.9946918566175752,0,0,0.4646486643437863,0.0353211231965185,AP1S3;CACNG3,posterior_up
GO_Biological_Process_2021,cellular response to oxidative stress (GO:0034599),2/125,0.9268005990602356,0.9946918566175752,0,0,0.4646486643437863,0.0353211231965185,LRRK2;GPX8,posterior_up
GO_Biological_Process_2021,platelet degranulation (GO:0002576),2/125,0.9268005990602356,0.9946918566175752,0,0,0.4646486643437863,0.0353211231965185,CD9;TTN,posterior_up
GO_Biological_Process_2021,negative regulation of cell growth (GO:0030308),2/126,0.928819114538232,0.9946918566175752,0,0,0.4608774961597542,0.0340317791647674,MINAR1;SFRP1,posterior_up
GO_Biological_Process_2021,negative regulation of growth (GO:0045926),2/126,0.928819114538232,0.9946918566175752,0,0,0.4608774961597542,0.0340317791647674,MINAR1;SFRP1,posterior_up
GO_Biological_Process_2021,phosphatidylinositol biosynthetic process (GO:0006661),2/126,0.928819114538232,0.9946918566175752,0,0,0.4608774961597542,0.0340317791647674,INPP5D;PIP5K1B,posterior_up
GO_Biological_Process_2021,purine ribonucleotide metabolic process (GO:0009150),1/77,0.9289751362028408,0.9946918566175752,0,0,0.376358801908188,0.0277275966408707,LRRK2,posterior_up
GO_Biological_Process_2021,regulation of organelle assembly (GO:1902115),1/77,0.9289751362028408,0.9946918566175752,0,0,0.376358801908188,0.0277275966408707,HCK,posterior_up
GO_Biological_Process_2021,neutrophil migration (GO:1990266),1/77,0.9289751362028408,0.9946918566175752,0,0,0.376358801908188,0.0277275966408707,CCL17,posterior_up
GO_Biological_Process_2021,phosphatidylcholine metabolic process (GO:0046470),1/77,0.9289751362028408,0.9946918566175752,0,0,0.376358801908188,0.0277275966408707,ENPP2,posterior_up
GO_Biological_Process_2021,positive regulation of protein modification by small protein conjugation or removal (GO:1903322),1/77,0.9289751362028408,0.9946918566175752,0,0,0.376358801908188,0.0277275966408707,LRRK2,posterior_up
GO_Biological_Process_2021,positive regulation of tumor necrosis factor production (GO:0032760),1/77,0.9289751362028408,0.9946918566175752,0,0,0.376358801908188,0.0277275966408707,IL33,posterior_up
GO_Biological_Process_2021,cellular protein localization (GO:0034613),7/329,0.929915863041741,0.995220199744047,0,0,0.6193859591943159,0.0450053064791544,ARL4C;LRRK2;ID1;HEY2;SYNDIG1;SNX31;FBLN5,posterior_up
GO_Biological_Process_2021,positive regulation of I-kappaB kinase/NF-kappaB signaling (GO:0043123),3/171,0.930699983430582,0.9955805111216564,0,0,0.5098467106663828,0.0366163268725558,F2R;TNFRSF19;REL,posterior_up
GO_Biological_Process_2021,protein modification process (GO:0036211),1/78,0.9313778566598714,0.9957342387379884,0,0,0.3714517280639123,0.026406586170812,ST3GAL6,posterior_up
GO_Biological_Process_2021,microtubule cytoskeleton organization involved in mitosis (GO:1902850),2/128,0.9326994440553664,0.9957342387379884,0,0,0.4535147392290249,0.0315974010471338,DSN1;DLGAP5,posterior_up
GO_Biological_Process_2021,axon development (GO:0061564),1/79,0.9336994085400728,0.9957342387379884,0,0,0.3666704766259001,0.0251538605145421,EPHB3,posterior_up
GO_Biological_Process_2021,regulation of cellular response to heat (GO:1900034),1/79,0.9336994085400728,0.9957342387379884,0,0,0.3666704766259001,0.0251538605145421,CRYAB,posterior_up
GO_Biological_Process_2021,negative regulation of NF-kappaB transcription factor activity (GO:0032088),1/79,0.9336994085400728,0.9957342387379884,0,0,0.3666704766259001,0.0251538605145421,PKHD1,posterior_up
GO_Biological_Process_2021,regulation of protein localization to plasma membrane (GO:1903076),1/80,0.9359425300769312,0.9957342387379884,0,0,0.3620102695280907,0.0239655156596933,EPHA3,posterior_up
GO_Biological_Process_2021,glycerophospholipid metabolic process (GO:0006650),1/80,0.9359425300769312,0.9957342387379884,0,0,0.3620102695280907,0.0239655156596933,PDGFRB,posterior_up
GO_Biological_Process_2021,response to interferon-gamma (GO:0034341),1/80,0.9359425300769312,0.9957342387379884,0,0,0.3620102695280907,0.0239655156596933,CCL17,posterior_up
GO_Biological_Process_2021,skin development (GO:0043588),1/80,0.9359425300769312,0.9957342387379884,0,0,0.3620102695280907,0.0239655156596933,CDSN,posterior_up
GO_Biological_Process_2021,lipid biosynthetic process (GO:0008610),1/80,0.9359425300769312,0.9957342387379884,0,0,0.3620102695280907,0.0239655156596933,PAM,posterior_up
GO_Biological_Process_2021,negative regulation of extrinsic apoptotic signaling pathway (GO:2001237),1/80,0.9359425300769312,0.9957342387379884,0,0,0.3620102695280907,0.0239655156596933,BMP5,posterior_up
GO_Biological_Process_2021,Golgi organization (GO:0007030),2/130,0.9363790460705836,0.9957342387379884,0,0,0.4463820684523809,0.0293428898848367,SEC16B;LRRK2,posterior_up
GO_Biological_Process_2021,regulation of interleukin-8 production (GO:0032677),1/81,0.9381098668750107,0.9957342387379884,0,0,0.3574665676077266,0.0228378984137679,F2R,posterior_up
GO_Biological_Process_2021,positive regulation of cellular amide metabolic process (GO:0034250),1/81,0.9381098668750107,0.9957342387379884,0,0,0.3574665676077266,0.0228378984137679,VIM,posterior_up
GO_Biological_Process_2021,positive regulation of tumor necrosis factor superfamily cytokine production (GO:1903557),1/81,0.9381098668750107,0.9957342387379884,0,0,0.3574665676077266,0.0228378984137679,IL33,posterior_up
GO_Biological_Process_2021,cellular response to hypoxia (GO:0071456),2/131,0.9381465621242756,0.9957342387379884,0,0,0.4428986710963455,0.0282786782553499,SFRP1;HIF3A,posterior_up
GO_Biological_Process_2021,intracellular protein transport (GO:0006886),7/336,0.938451549947668,0.9957342387379884,0,0,0.6059842419215924,0.0384945728451277,ARL4C;EGR2;SYNDIG1;AP1S3;CCHCR1;SNX31;CACNG3,posterior_up
GO_Biological_Process_2021,regulation of cyclin-dependent protein serine/threonine kinase activity (GO:0000079),1/82,0.9402039758271424,0.996643090145494,0,0,0.3530350558582356,0.0217675878784331,MYOCD,posterior_up
GO_Biological_Process_2021,positive regulation of cytoskeleton organization (GO:0051495),1/82,0.9402039758271424,0.996643090145494,0,0,0.3530350558582356,0.0217675878784331,HCK,posterior_up
GO_Biological_Process_2021,regulation of interleukin-1 beta production (GO:0032651),1/83,0.9422273275685362,0.9978371270061844,0,0,0.3487116297611713,0.0207513789481761,F2R,posterior_up
GO_Biological_Process_2021,peptide metabolic process (GO:0006518),1/83,0.9422273275685362,0.9978371270061844,0,0,0.3487116297611713,0.0207513789481761,CPN1,posterior_up
GO_Biological_Process_2021,regulation of cytokinesis (GO:0032465),1/84,0.9441823092957988,0.9980074290656308,0,0,0.3444923826062049,0.0197862669776021,E2F8,posterior_up
GO_Biological_Process_2021,response to insulin (GO:0032868),1/84,0.9441823092957988,0.9980074290656308,0,0,0.3444923826062049,0.0197862669776021,PCSK9,posterior_up
GO_Biological_Process_2021,lymphocyte differentiation (GO:0030098),1/84,0.9441823092957988,0.9980074290656308,0,0,0.3444923826062049,0.0197862669776021,CR2,posterior_up
GO_Biological_Process_2021,vascular transport (GO:0010232),1/84,0.9441823092957988,0.9980074290656308,0,0,0.3444923826062049,0.0197862669776021,SLC6A1,posterior_up
GO_Biological_Process_2021,"negative regulation of transcription, DNA-templated (GO:0045892)",24/948,0.9453564385220375,0.9985808740663784,0,0,0.7353446553446553,0.0413213979526911,MESP1;IL33;LEFTY1;FST;WWC1;NR2F1;MEIS2;POU3F3;BMP6;ZFP36;SFRP1;BMP2;EDNRB;CUX2;CUX1;SOX18;NACC2;ID2;HEY2;ID1;CRYAB;L3MBTL4;E2F8;DACT1,posterior_up
GO_Biological_Process_2021,regulation of cell cycle G2/M phase transition (GO:1902749),1/85,0.9460712281042364,0.9985808740663784,0,0,0.3403735937168329,0.0188694334584397,KCNH5,posterior_up
GO_Biological_Process_2021,negative regulation of defense response (GO:0031348),1/85,0.9460712281042364,0.9985808740663784,0,0,0.3403735937168329,0.0188694334584397,PROC,posterior_up
GO_Biological_Process_2021,regulation of Ras protein signal transduction (GO:0046578),1/86,0.947896313032662,0.999085408099324,0,0,0.3363517175072109,0.0179982332604928,NGF,posterior_up
GO_Biological_Process_2021,glucose homeostasis (GO:0042593),1/86,0.947896313032662,0.999085408099324,0,0,0.3363517175072109,0.0179982332604928,CARTPT,posterior_up
GO_Biological_Process_2021,transport across blood-brain barrier (GO:0150104),1/86,0.947896313032662,0.999085408099324,0,0,0.3363517175072109,0.0179982332604928,SLC6A1,posterior_up
GO_Biological_Process_2021,regulation of transcription from RNA polymerase II promoter in response to stress (GO:0043618),1/87,0.9496597181949122,0.9999814069497068,0,0,0.3324233733024638,0.0171701824630938,HIF3A,posterior_up
GO_Biological_Process_2021,sodium ion transmembrane transport (GO:0035725),1/87,0.9496597181949122,0.9999814069497068,0,0,0.3324233733024638,0.0171701824630938,SLC6A1,posterior_up
GO_Biological_Process_2021,post-Golgi vesicle-mediated transport (GO:0006892),1/89,0.9530097453270384,0.9999814069497068,0,0,0.3248345265432932,0.0156343343037521,AP1S3,posterior_up
GO_Biological_Process_2021,regulation of small GTPase mediated signal transduction (GO:0051056),2/141,0.9534353244174322,0.9999814069497068,0,0,0.4108213429256594,0.019589475878744,RHOJ;ARHGAP28,posterior_up
GO_Biological_Process_2021,apoptotic process (GO:0006915),4/231,0.9545313966084178,0.9999814069497068,0,0,0.5023078440397133,0.0233747664824923,SEMA6A;TNFRSF19;PAWR;IFIT2,posterior_up
GO_Biological_Process_2021,positive regulation of autophagy (GO:0010508),1/90,0.9546003221122226,0.9999814069497068,0,0,0.3211680050753794,0.0149222803122157,LRRK2,posterior_up
GO_Biological_Process_2021,protein complex oligomerization (GO:0051259),1/90,0.9546003221122226,0.9999814069497068,0,0,0.3211680050753794,0.0149222803122157,NACC2,posterior_up
GO_Biological_Process_2021,Ras protein signal transduction (GO:0007265),2/142,0.9547482107915112,0.9999814069497068,0,0,0.4078656462585034,0.0188872901663878,GRAP2;RASGRP2,posterior_up
GO_Biological_Process_2021,receptor-mediated endocytosis (GO:0006898),2/143,0.9560256645955066,0.9999814069497068,0,0,0.404951874366768,0.018210896559576,CD163;CD9,posterior_up
GO_Biological_Process_2021,regulation of stem cell differentiation (GO:2000736),1/91,0.956137133614664,0.9999814069497068,0,0,0.317582961862308,0.0142448442627181,PTN,posterior_up
GO_Biological_Process_2021,toll-like receptor signaling pathway (GO:0002224),1/91,0.956137133614664,0.9999814069497068,0,0,0.317582961862308,0.0142448442627181,BTK,posterior_up
GO_Biological_Process_2021,positive regulation of supramolecular fiber organization (GO:1902905),1/91,0.956137133614664,0.9999814069497068,0,0,0.317582961862308,0.0142448442627181,HCK,posterior_up
GO_Biological_Process_2021,positive regulation of transport (GO:0051050),1/91,0.956137133614664,0.9999814069497068,0,0,0.317582961862308,0.0142448442627181,SGK1,posterior_up
GO_Biological_Process_2021,negative regulation of cell migration (GO:0030336),2/144,0.9572685782810038,0.9999814069497068,0,0,0.4020791415157612,0.0175593111095504,SFRP1;ENG,posterior_up
GO_Biological_Process_2021,regulation of lipid metabolic process (GO:0019216),1/92,0.957621994698968,0.9999814069497068,0,0,0.3140767108077658,0.0136001988642937,ID2,posterior_up
GO_Biological_Process_2021,negative regulation of mitotic cell cycle phase transition (GO:1901991),1/92,0.957621994698968,0.9999814069497068,0,0,0.3140767108077658,0.0136001988642937,DACT1,posterior_up
GO_Biological_Process_2021,positive regulation of peptidyl-serine phosphorylation (GO:0033138),1/93,0.9590566588988356,0.9999814069497068,0,0,0.3106466826022352,0.012986623277327,NGF,posterior_up
GO_Biological_Process_2021,regulation of mRNA stability (GO:0043488),2/146,0.959654256431454,0.9999814069497068,0,0,0.396453373015873,0.0163268256426061,ZFP36;VIM,posterior_up
GO_Biological_Process_2021,negative regulation of cell death (GO:0060548),1/94,0.9604428207381612,0.9999814069497068,0,0,0.3072904184441355,0.0124024961154518,LRRK2,posterior_up
GO_Biological_Process_2021,negative regulation of cellular protein metabolic process (GO:0032269),1/94,0.9604428207381612,0.9999814069497068,0,0,0.3072904184441355,0.0124024961154518,EDNRB,posterior_up
GO_Biological_Process_2021,transcription by RNA polymerase II (GO:0006366),6/320,0.9609141052659856,0.9999814069497068,0,0,0.5438422518021282,0.0216831290323559,WWTR1;NR4A1;MAF;MAML2;NR2F1;MAML3,posterior_up
GO_Biological_Process_2021,regulation of intracellular signal transduction (GO:1902531),9/437,0.9609478012889396,0.9999814069497068,0,0,0.5975757149884056,0.0238045412879118,PKHD1;LRRK2;FSHR;WWC1;RHOJ;PIP5K1B;ARHGAP28;FGF1;SGK1,posterior_up
GO_Biological_Process_2021,regulation of cell cycle phase transition (GO:1901987),1/95,0.9617821176924722,0.9999814069497068,0,0,0.30400556416174,0.0118462890482371,MN1,posterior_up
GO_Biological_Process_2021,mRNA metabolic process (GO:0016071),1/95,0.9617821176924722,0.9999814069497068,0,0,0.30400556416174,0.0118462890482371,ZFP36,posterior_up
GO_Biological_Process_2021,cellular transition metal ion homeostasis (GO:0046916),1/96,0.9630761317157795,0.9999814069497068,0,0,0.3007898647063424,0.0113165609797666,BMP6,posterior_up
GO_Biological_Process_2021,antigen processing and presentation of exogenous peptide antigen via MHC class II (GO:0019886),1/98,0.9655343752862332,0.9999814069497068,0,0,0.2945573750402108,0.0103311799309419,AP1S3,posterior_up
GO_Biological_Process_2021,regulation of peptidyl-serine phosphorylation (GO:0033135),1/98,0.9655343752862332,0.9999814069497068,0,0,0.2945573750402108,0.0103311799309419,NGF,posterior_up
GO_Biological_Process_2021,endomembrane system organization (GO:0010256),3/199,0.9658562200066522,0.9999814069497068,0,0,0.4363727607287326,0.0151597190574609,SEC16B;LRRK2;MYOF,posterior_up
GO_Biological_Process_2021,response to UV (GO:0009411),1/99,0.966701509613684,0.9999814069497068,0,0,0.2915365254571368,0.009873032505225,MFAP4,posterior_up
GO_Biological_Process_2021,organic anion transport (GO:0015711),1/99,0.966701509613684,0.9999814069497068,0,0,0.2915365254571368,0.009873032505225,CFTR,posterior_up
GO_Biological_Process_2021,proteolysis (GO:0006508),5/287,0.9669751163767064,0.9999814069497068,0,0,0.5047228317908596,0.0169498629102389,PROC;MMEL1;KLKB1;CPN1;PAPPA2,posterior_up
GO_Biological_Process_2021,modification-dependent protein catabolic process (GO:0019941),3/201,0.9675800723195502,0.9999814069497068,0,0,0.4319197940658447,0.0142348218648289,RNF144B;MYLIP;SPSB4,posterior_up
GO_Biological_Process_2021,cellular protein modification process (GO:0006464),25/1025,0.9677427992845172,0.9999814069497068,0,0,0.7059322033898305,0.0231467617636272,LRRK2;PCSK9;PTPRM;ASB14;ZC3HAV1;HIF3A;AFP;PRSS23;FSTL1;ART3;NUAK2;MAP3K20;ST3GAL6;IGFBP4;DUSP9;DUSP6;HCK;BMP2;B3GNT8;PROC;TEC;BTK;SGK1;BMPR1B;SPSB4,posterior_up
GO_Biological_Process_2021,antigen processing and presentation of peptide antigen via MHC class II (GO:0002495),1/100,0.9678291741233328,0.9999814069497068,0,0,0.2885767031383673,0.0094363659322979,AP1S3,posterior_up
GO_Biological_Process_2021,organic acid transport (GO:0015849),1/100,0.9678291741233328,0.9999814069497068,0,0,0.2885767031383673,0.0094363659322979,SLC25A45,posterior_up
GO_Biological_Process_2021,positive regulation of translation (GO:0045727),1/100,0.9678291741233328,0.9999814069497068,0,0,0.2885767031383673,0.0094363659322979,VIM,posterior_up
GO_Biological_Process_2021,positive regulation of protein kinase activity (GO:0045860),2/154,0.9679806007324496,0.9999814069497068,0,0,0.3754307644110276,0.0122177306433785,ADCYAP1;AGT,posterior_up
GO_Biological_Process_2021,cellular response to interleukin-1 (GO:0071347),2/155,0.9688970403709916,0.9999814069497068,0,0,0.3729575163398693,0.0117843111283955,SFRP1;CCL17,posterior_up
GO_Biological_Process_2021,positive regulation of protein localization to membrane (GO:1905477),1/101,0.9689187016253786,0.9999814069497068,0,0,0.2856760772659732,0.0090200992596865,EPHA3,posterior_up
GO_Biological_Process_2021,mitotic spindle organization (GO:0007052),2/157,0.9706547284144385,0.9999814069497068,0,0,0.3681067588325653,0.0109638600892078,DSN1;DLGAP5,posterior_up
GO_Biological_Process_2021,antigen processing and presentation of exogenous peptide antigen (GO:0002478),1/103,0.9709884540956732,0.9999814069497068,0,0,0.2800454505725024,0.008244734515945,AP1S3,posterior_up
GO_Biological_Process_2021,steroid metabolic process (GO:0008202),1/104,0.9719711260158966,0.9999814069497068,0,0,0.2773121366436331,0.0078837568451314,CYP26B1,posterior_up
GO_Biological_Process_2021,mRNA transport (GO:0051028),1/104,0.9719711260158966,0.9999814069497068,0,0,0.2773121366436331,0.0078837568451314,ZFP36,posterior_up
GO_Biological_Process_2021,regulation of cell cycle process (GO:0010564),1/106,0.973837872297934,0.9999814069497068,0,0,0.2720016981532583,0.0072108859883862,SFRP1,posterior_up
GO_Biological_Process_2021,chromosome organization (GO:0051276),1/106,0.973837872297934,0.9999814069497068,0,0,0.2720016981532583,0.0072108859883862,GEM,posterior_up
GO_Biological_Process_2021,peptidyl-lysine modification (GO:0018205),1/106,0.973837872297934,0.9999814069497068,0,0,0.2720016981532583,0.0072108859883862,EGR2,posterior_up
GO_Biological_Process_2021,lipid transport (GO:0006869),1/109,0.9764077789004963,0.9999814069497068,0,0,0.2644048208684167,0.0063126581114058,PLTP,posterior_up
GO_Biological_Process_2021,response to endoplasmic reticulum stress (GO:0034976),1/110,0.977207113156785,0.9999814069497068,0,0,0.2619654566026418,0.0060400485967427,CFTR,posterior_up
GO_Biological_Process_2021,negative regulation of cellular macromolecule biosynthetic process (GO:2000113),11/547,0.9786194357986366,0.9999814069497068,0,0,0.5816224308322641,0.0125702796006182,MESP1;SFRP1;BMP2;SOX18;NACC2;ID2;HEY2;ID1;CRYAB;L3MBTL4;POU3F3,posterior_up
GO_Biological_Process_2021,protein-containing complex subunit organization (GO:0043933),1/112,0.9787255555902582,0.9999814069497068,0,0,0.2572185855989719,0.005531230296191,CARD10,posterior_up
GO_Biological_Process_2021,regulation of macroautophagy (GO:0016241),1/112,0.9787255555902582,0.9999814069497068,0,0,0.2572185855989719,0.005531230296191,LRRK2,posterior_up
GO_Biological_Process_2021,positive regulation of cellular component organization (GO:0051130),1/114,0.9801429688320332,0.9999814069497068,0,0,0.2526397454272903,0.0050671527776174,HAS3,posterior_up
GO_Biological_Process_2021,protein-containing complex assembly (GO:0065003),4/267,0.9808114813067972,0.9999814069497068,0,0,0.4327336700527779,0.0083842182349729,CARD10;SEC16B;LRRK2;TSPAN33,posterior_up
GO_Biological_Process_2021,regulation of I-kappaB kinase/NF-kappaB signaling (GO:0043122),3/224,0.9823162146248718,0.9999814069497068,0,0,0.3865035639384723,0.0068960010876204,F2R;TNFRSF19;REL,posterior_up
GO_Biological_Process_2021,mitochondrion organization (GO:0007005),2/175,0.982706191331756,0.9999814069497068,0,0,0.3294969721992843,0.0057481054241211,LRRK2;IFIT2,posterior_up
GO_Biological_Process_2021,glycerophospholipid biosynthetic process (GO:0046474),2/177,0.983701823895582,0.9999814069497068,0,0,0.3256972789115646,0.0053520050154061,INPP5D;PIP5K1B,posterior_up
GO_Biological_Process_2021,protein homooligomerization (GO:0051260),1/121,0.9844012846494818,0.9999814069497068,0,0,0.237815750371471,0.0037388572899419,NACC2,posterior_up
GO_Biological_Process_2021,positive regulation of cellular biosynthetic process (GO:0031328),2/180,0.9850916490779196,0.9999814069497068,0,0,0.3201578384162654,0.0048089619918745,PDGFRB;VIM,posterior_up
GO_Biological_Process_2021,protein modification by small protein conjugation (GO:0032446),7/409,0.9857701129319588,0.9999814069497068,0,0,0.4940365638076484,0.0070805827938046,MYLIP;EGR2;TRIM7;HIF3A;TRIM54;PDZRN3;SPSB4,posterior_up
GO_Biological_Process_2021,defense response to symbiont (GO:0140546),1/124,0.9859345566429328,0.9999814069497068,0,0,0.2319791251404341,0.0032860537054103,IFIT2,posterior_up
GO_Biological_Process_2021,fatty acid metabolic process (GO:0006631),1/124,0.9859345566429328,0.9999814069497068,0,0,0.2319791251404341,0.0032860537054103,HPGD,posterior_up
GO_Biological_Process_2021,endoplasmic reticulum to Golgi vesicle-mediated transport (GO:0006888),2/185,0.9871559479658444,0.9999814069497068,0,0,0.3113290398126463,0.0040246283417232,SEC16B;PROC,posterior_up
GO_Biological_Process_2021,regulation of mitotic cell cycle phase transition (GO:1901990),2/188,0.988257986579837,0.9999814069497068,0,0,0.3062596006144393,0.0036173838332649,KCNH5;ID2,posterior_up
GO_Biological_Process_2021,regulation of primary metabolic process (GO:0080090),1/130,0.988564247917996,0.9999814069497068,0,0,0.2211202875012958,0.0025432466331846,ID2,posterior_up
GO_Biological_Process_2021,G2/M transition of mitotic cell cycle (GO:0000086),1/130,0.988564247917996,0.9999814069497068,0,0,0.2211202875012958,0.0025432466331846,PHLDA1,posterior_up
GO_Biological_Process_2021,cell cycle G2/M phase transition (GO:0044839),1/131,0.988952067505992,0.9999814069497068,0,0,0.219407932335124,0.0024374935880407,PHLDA1,posterior_up
GO_Biological_Process_2021,positive regulation of cytokine production (GO:0001819),5/335,0.989090266033232,0.9999814069497068,0,0,0.4302214974860714,0.0047193928109142,IL33;F2R;CRTAM;SLAMF6;AGT,posterior_up
GO_Biological_Process_2021,defense response to virus (GO:0051607),1/133,0.989688741636684,0.9999814069497068,0,0,0.2160610563285154,0.0022394269737853,IFIT2,posterior_up
GO_Biological_Process_2021,RNA metabolic process (GO:0016070),1/133,0.989688741636684,0.9999814069497068,0,0,0.2160610563285154,0.0022394269737853,RBMS1,posterior_up
GO_Biological_Process_2021,ribonucleoprotein complex assembly (GO:0022618),1/136,0.9907027830100938,0.9999814069497068,0,0,0.2112266798745253,0.0019730062890372,SRPK3,posterior_up
GO_Biological_Process_2021,organic substance transport (GO:0071702),1/136,0.9907027830100938,0.9999814069497068,0,0,0.2112266798745253,0.0019730062890372,PLTP,posterior_up
GO_Biological_Process_2021,regulation of nucleic acid-templated transcription (GO:1903506),7/430,0.9909599053087508,0.9999814069497068,0,0,0.4689889098004189,0.0042589841002348,WWTR1;BMP2;SOX18;WWC1;POU6F2;MAFA;ENG,posterior_up
GO_Biological_Process_2021,regulation of macromolecule metabolic process (GO:0060255),2/200,0.991814679730169,0.9999814069497068,0,0,0.2875180375180375,0.0023631118824504,TCF19;RSPO1,posterior_up
GO_Biological_Process_2021,protein localization to organelle (GO:0033365),1/142,0.9924417850619004,0.9999814069497068,0,0,0.20217508140748,0.0015338867732417,LRRK2,posterior_up
GO_Biological_Process_2021,neutrophil degranulation (GO:0043312),8/481,0.9925331550660976,0.9999814069497068,0,0,0.4787789904068973,0.0035883821602495,VAT1;DSN1;LRG1;ADGRE5;ARG1;HVCN1;FGL2;STOM,posterior_up
GO_Biological_Process_2021,monocarboxylic acid metabolic process (GO:0032787),1/143,0.9926982284939608,0.9999814069497068,0,0,0.2007408492560115,0.0014711413424021,CYP26B1,posterior_up
GO_Biological_Process_2021,nitrogen compound transport (GO:0071705),1/143,0.9926982284939608,0.9999814069497068,0,0,0.2007408492560115,0.0014711413424021,SLC25A45,posterior_up
GO_Biological_Process_2021,neutrophil activation involved in immune response (GO:0002283),8/485,0.993144485447876,0.9999814069497068,0,0,0.4746633425878709,0.0032652668270619,VAT1;DSN1;LRG1;ADGRE5;ARG1;HVCN1;FGL2;STOM,posterior_up
GO_Biological_Process_2021,neutrophil mediated immunity (GO:0002446),8/488,0.993571674263548,0.9999814069497068,0,0,0.4716216216216216,0.003041523868857,VAT1;DSN1;LRG1;ADGRE5;ARG1;HVCN1;FGL2;STOM,posterior_up
GO_Biological_Process_2021,positive regulation of intracellular protein transport (GO:0090316),1/148,0.9938558059546008,0.9999814069497068,0,0,0.1938623889377445,0.0011948024551567,SEC16B,posterior_up
GO_Biological_Process_2021,regulation of G2/M transition of mitotic cell cycle (GO:0010389),1/149,0.9940643176692628,0.9999814069497068,0,0,0.1925424681739689,0.0011462762676749,KCNH5,posterior_up
GO_Biological_Process_2021,cilium assembly (GO:0060271),4/314,0.9941721679891958,0.9999814069497068,0,0,0.3662205103514684,0.0021405149700934,PKHD1;CFAP52;VANGL2;CFAP206,posterior_up
GO_Biological_Process_2021,regulation of gene expression (GO:0010468),23/1079,0.9945460153225052,0.9999814069497068,0,0,0.6112536656891495,0.0033428924780424,TCF19;SEC16B;WWTR1;IL33;WWC1;POU6F2;FGF1;MAFA;NGF;FGF3;POU3F3;BMP6;TTN;SFRP1;BMP2;C1QTNF1;CUX2;SOX18;ID2;HEY2;REL;EMILIN1;ENG,posterior_up
GO_Biological_Process_2021,cytokine-mediated signaling pathway (GO:0019221),11/621,0.994693694003454,0.9999814069497068,0,0,0.5090522463714363,0.0027083791034919,HCK;IL33;IL1RL2;TEC;GRAP2;INPP5D;STAT4;SLA;VIM;CCL17;IFIT2,posterior_up
GO_Biological_Process_2021,regulation of signal transduction by p53 class mediator (GO:1901796),1/156,0.9953388095695824,0.9999814069497068,0,0,0.1837798974260653,0.0008586357898928631,SGK1,posterior_up
GO_Biological_Process_2021,organelle organization (GO:0006996),6/420,0.995812037185994,0.9999814069497068,0,0,0.4103098151523041,0.0017219705444753,SEC16B;SEMA6A;MAST4;LRRK2;NECTIN2;GEM,posterior_up
GO_Biological_Process_2021,plasma membrane bounded cell projection assembly (GO:0120031),3/278,0.9959947504845892,0.9999814069497068,0,0,0.3097303888362011,0.0012430384945321,PKHD1;CFAP52;EMP1,posterior_up
GO_Biological_Process_2021,regulation of cellular macromolecule biosynthetic process (GO:2000112),7/468,0.9961427787284428,0.9999814069497068,0,0,0.4294653107285836,0.0016597457971434,WWTR1;BMP2;SOX18;WWC1;POU6F2;MAFA;ENG,posterior_up
GO_Biological_Process_2021,cilium organization (GO:0044782),2/228,0.9965117600441792,0.9999814069497068,0,0,0.251527602191319,0.0008789224709681214,PKHD1;CFAP52,posterior_up
GO_Biological_Process_2021,regulation of autophagy (GO:0010506),2/231,0.9968189704911314,0.9999814069497068,0,0,0.2481934913703472,0.0007907692179421605,LRRK2;NUPR1,posterior_up
GO_Biological_Process_2021,protein ubiquitination (GO:0016567),8/525,0.997145721149986,0.9999814069497068,0,0,0.4370095433925221,0.0012491306297868,MYLIP;RNF144B;TRIM7;TRIM36;HIF3A;TRIM54;PDZRN3;SPSB4,posterior_up
GO_Biological_Process_2021,nuclear-transcribed mRNA catabolic process (GO:0000956),1/171,0.997223573435528,0.9999814069497068,0,0,0.1674329167030853,0.00046551172671418714,ZFP36,posterior_up
GO_Biological_Process_2021,regulation of transcription by RNA polymerase II (GO:0006357),53/2206,0.9977832072439464,0.9999814069497068,0,0,0.6807480555536857,0.0015107524901983,MESP1;MAML2;TCF24;WWC1;ZBTB20;HMGB3;HIF3A;FGF1;MEOX1;ZFP36;EDNRB;SOX18;HEY2;DACT1;LEFTY1;EMX2;MYOCD;FST;POU3F2;ETV4;POU3F3;POU3F4;NPAS4;ADCYAP1;MAF;MAML3;ENG;VGLL3;CUX2;CUX1;NACC2;STAT4;E2F8;WWTR1;IL33;EGR2;TFAP2D;MACC1;NR2F1;POU6F2;MAFA;ZFHX4;MEIS2;BMP6;BMP5;NR4A1;BMP2;KLF5;ID2;ID1;REL;SP6;BMPR1B,posterior_up
GO_Biological_Process_2021,regulation of translation (GO:0006417),1/178,0.9978199733604994,0.9999814069497068,0,0,0.1607525121515098,0.0003508273043860038,VIM,posterior_up
GO_Biological_Process_2021,protein stabilization (GO:0050821),1/179,0.9978940020630064,0.9999814069497068,0,0,0.1598410604871696,0.0003369799078080255,CRYAB,posterior_up
GO_Biological_Process_2021,RNA processing (GO:0006396),1/179,0.9978940020630064,0.9999814069497068,0,0,0.1598410604871696,0.0003369799078080255,RBMS1,posterior_up
GO_Biological_Process_2021,negative regulation of cytokine production (GO:0001818),1/182,0.9981013436611657,0.9999814069497068,0,0,0.1571671332288015,0.00029869001842387056,ZFP36,posterior_up
GO_Biological_Process_2021,protein polyubiquitination (GO:0000209),3/314,0.9985659777884038,0.9999814069497068,0,0,0.2733598171371615,0.000392285389787204,RNF144B;MYLIP;TRIM36,posterior_up
GO_Biological_Process_2021,protein transport (GO:0015031),4/369,0.9986550074171714,0.9999814069497068,0,0,0.3101369863013699,0.00041741271770830385,ARL4C;RAB3C;SYNDIG1;SNX31,posterior_up
GO_Biological_Process_2021,organelle assembly (GO:0070925),5/425,0.9988525911772708,0.9999814069497068,0,0,0.336429639120222,0.0003862439684226888,PKHD1;CFAP52;PGM5;DLGAP5;MYH6,posterior_up
GO_Biological_Process_2021,protein deubiquitination (GO:0016579),2/267,0.998958053515209,0.9999814069497068,0,0,0.2140723270440251,0.00022316819351269755,IL33;CFTR,posterior_up
GO_Biological_Process_2021,proteasomal protein catabolic process (GO:0010498),1/205,0.9991420673600152,0.9999814069497068,0,0,0.1392797832357311,0.00011954395979611055,SPSB4,posterior_up
GO_Biological_Process_2021,protein modification by small protein removal (GO:0070646),2/276,0.9992135720828316,0.9999814069497068,0,0,0.2069429961765728,0.00016280977692696138,IL33;CFTR,posterior_up
GO_Biological_Process_2021,DNA metabolic process (GO:0006259),2/277,0.999237809115012,0.9999814069497068,0,0,0.2061796536796536,0.00015720817163588635,HMGB3;TICRR,posterior_up
GO_Biological_Process_2021,mitotic cell cycle phase transition (GO:0044772),1/209,0.9992526962531832,0.9999814069497068,0,0,0.1365727511715624,0.00010209948308006328,PHLDA1,posterior_up
GO_Biological_Process_2021,cellular response to DNA damage stimulus (GO:0006974),3/350,0.9994972371999608,0.9999814069497068,0,0,0.2445358770298535,0.00012297445832806645,STK33;MAPK12;TICRR,posterior_up
GO_Biological_Process_2021,"transcription, DNA-templated (GO:0006351)",1/221,0.999505927227712,0.9999814069497068,0,0,0.1290422801566932,6.377203240940785e-05,MAF,posterior_up
GO_Biological_Process_2021,ubiquitin-dependent protein catabolic process (GO:0006511),3/354,0.9995529172297554,0.9999814069497068,0,0,0.2416981925178646,0.00010808326035647272,RNF144B;MYLIP;SPSB4,posterior_up
GO_Biological_Process_2021,cellular macromolecule biosynthetic process (GO:0034645),2/314,0.9997614285513396,0.9999814069497068,0,0,0.1813759157509157,4.32762774201975e-05,RBMS1;TICRR,posterior_up
GO_Biological_Process_2021,"mRNA splicing, via spliceosome (GO:0000398)",1/274,0.9999187949250786,0.9999814069497068,0,0,0.1037016475352285,8.421441994110304e-06,SRPK3,posterior_up
GO_Biological_Process_2021,"regulation of transcription, DNA-templated (GO:0006355)",47/2244,0.9999317246644428,0.9999814069497068,0,0,0.5844296884471285,3.9903495316149994e-05,MESP1;TCF24;WWC1;ZBTB20;HMGB3;HIF3A;MEOX1;CUX2;CUX1;SOX18;ERBB4;NACC2;HEY2;HAS3;STAT4;E2F8;FZD1;WWTR1;EMX2;EGR2;MYOCD;TFAP2D;F2R;NR2F1;POU6F2;MAFA;POU3F2;ZFHX4;ETV4;MEIS2;AGT;POU3F3;POU3F4;NPAS4;NR4A1;SFRP1;BMP2;MAF;KLF5;ID2;ID1;REL;SP6;CRYAB;L3MBTL4;ENG;VGLL3,posterior_up
GO_Biological_Process_2021,gene expression (GO:0010467),2/356,0.9999353090218922,0.9999814069497068,0,0,0.159503631961259,1.031877973289528e-05,RBMS1;TSPAN33,posterior_up
GO_Biological_Process_2021,DNA repair (GO:0006281),1/298,0.999962844710462,0.9999814069497068,0,0,0.0952016449787623,3.537310398978981e-06,TICRR,posterior_up
GO_Biological_Process_2021,proteasome-mediated ubiquitin-dependent protein catabolic process (GO:0043161),1/321,0.9999814069497068,0.9999814069497068,0,0,0.0882522288261515,1.6408933837126324e-06,SPSB4,posterior_up
KEGG_2019_Mouse,Hypertrophic cardiomyopathy (HCM),10/86,0.0006232554684416765,0.0892988530894137,0,0,3.8146005072923272,28.153865267191748,CACNG6;CACNA2D2;TNNI3;ITGB6;CACNG1;CACNG3;MYH6;AGT;TTN;CACNG5,posterior_up
KEGG_2019_Mouse,Dilated cardiomyopathy (DCM),10/90,0.0008929885308941375,0.0892988530894137,0,0,3.623117469879518,25.437678849324207,CACNG6;CACNA2D2;TNNI3;ITGB6;CACNG1;CACNG3;MYH6;AGT;TTN;CACNG5,posterior_up
KEGG_2019_Mouse,TGF-beta signaling pathway,9/91,0.0035621480803274,0.2350067263135703,0,0,3.1761599119750596,17.905256962623252,LEFTY1;BMP2;FST;ID2;ID1;BMPR1B;FMOD;BMP6;BMP5,posterior_up
KEGG_2019_Mouse,Cardiac muscle contraction,8/78,0.0047001345262714,0.2350067263135703,0,0,3.304332904332904,17.71176676707609,CACNG6;CACNA2D2;TNNI3;CACNG1;COX6A2;CACNG3;MYH6;CACNG5,posterior_up
KEGG_2019_Mouse,Hippo signaling pathway,12/159,0.0077088717533572,0.3083548701342886,0,0,2.365004007645354,11.506651328671676,FZD1;WWTR1;BMP2;WWC1;ID2;ID1;AFP;FGF1;BMPR1B;BMP6;NKD1;BMP5,posterior_up
KEGG_2019_Mouse,Adrenergic signaling in cardiomyocytes,11/148,0.0116738898452285,0.389129661507618,0,0,2.3238652002069777,10.34213100730856,CACNG6;KCNQ1;CACNA2D2;TNNI3;CACNG1;ADRA1B;CACNG3;MYH6;AGT;MAPK12;CACNG5,posterior_up
KEGG_2019_Mouse,Neuroactive ligand-receptor interaction,20/348,0.0147563093084554,0.4216088373844413,0,0,1.771276199000522,7.467850195008371,GRP;NPY2R;F2R;HTR1D;NPY1R;HTR2C;NMBR;ADRA1B;HTR5B;RXFP2;AGT;HCRTR2;GABRG1;GRIN2D;ADCYAP1;EDNRB;HRH2;FSHR;CRH;S1PR5,posterior_up
KEGG_2019_Mouse,Arrhythmogenic right ventricular cardiomyopathy (ARVC),6/72,0.0342966128646221,0.8574153216155544,0,0,2.621121393576483,8.8402788754201,CACNG6;CACNA2D2;ITGB6;CACNG1;CACNG3;CACNG5,posterior_up
KEGG_2019_Mouse,MAPK signaling pathway,16/294,0.0415475168951631,0.923278153225848,0,0,1.6660908355382564,5.299697530867242,PDGFRB;CACNA2D2;FGF1;RASGRP2;NGF;DUSP9;DUSP6;FGF3;MAPK12;CACNG6;NR4A1;ERBB4;MAP3K20;CACNG1;CACNG3;CACNG5,posterior_up
KEGG_2019_Mouse,Axon guidance,10/180,0.0840254047567357,0.999995917565222,0,0,1.6970233876683205,4.202909364560758,ROBO2;SEMA6A;TRPC4;SEMA3D;SEMA3A;UNC5C;BMPR1B;EPHA3;EPHB3;RND1,posterior_up
KEGG_2019_Mouse,Rap1 signaling pathway,11/209,0.096829491586244,0.999995917565222,0,0,1.6028154851684264,3.7422594706182135,APBB1IP;PDGFRB;PRKD3;ID1;F2R;SIPA1L2;FGF1;RASGRP2;NGF;FGF3;MAPK12,posterior_up
KEGG_2019_Mouse,Calcium signaling pathway,10/189,0.1069767395123762,0.999995917565222,0,0,1.6109409705862556,3.6006848126027857,PDGFRB;EDNRB;HRH2;ERBB4;F2R;HTR2C;ADRA1B;PLCD3;HTR5B;GRIN2D,posterior_up
KEGG_2019_Mouse,"Alanine, aspartate and glutamate metabolism",3/37,0.1277383064728844,0.999995917565222,0,0,2.5368633295344964,5.22028528354204,GFPT2;ADSSL1;GAD2,posterior_up
KEGG_2019_Mouse,Arginine biosynthesis,2/19,0.133127200005515,0.999995917565222,0,0,3.3804271708683475,6.81646310154696,ARG2;ARG1,posterior_up
KEGG_2019_Mouse,Nicotine addiction,3/40,0.1512261379139659,0.999995917565222,0,0,2.3308091996616587,4.402849538810775,SLC17A6;GABRG1;GRIN2D,posterior_up
KEGG_2019_Mouse,Tyrosine metabolism,3/40,0.1512261379139659,0.999995917565222,0,0,2.3308091996616587,4.402849538810775,PNMT;TPO;DBH,posterior_up
KEGG_2019_Mouse,Th1 and Th2 cell differentiation,5/87,0.1699847791072394,0.999995917565222,0,0,1.7539830106821248,3.108139245719535,MAF;MAML2;STAT4;MAML3;MAPK12,posterior_up
KEGG_2019_Mouse,Wnt signaling pathway,8/160,0.1732561453620235,0.999995917565222,0,0,1.5152520941994627,2.6562129354124746,FZD1;SFRP1;VANGL2;WIF1;RSPO1;LGR5;DKK2;NKD1,posterior_up
KEGG_2019_Mouse,Complement and coagulation cascades,5/88,0.1756101817239175,0.999995917565222,0,0,1.7327606389684298,3.014117407435871,C1QA;CR2;PROC;F2R;KLKB1,posterior_up
KEGG_2019_Mouse,Protein digestion and absorption,5/90,0.1870683867900987,0.999995917565222,0,0,1.6918139453090653,2.835955613034645,COL17A1;KCNQ1;COL11A1;COL12A1;COL10A1,posterior_up
KEGG_2019_Mouse,Cholesterol metabolism,3/49,0.2282471453443212,0.999995917565222,0,0,1.8739065638566708,2.7683713873613582,MYLIP;PCSK9;PLTP,posterior_up
KEGG_2019_Mouse,Arginine and proline metabolism,3/50,0.2372407674278223,0.999995917565222,0,0,1.8339410850746745,2.6384539149953077,ARG2;ARG1;L3HYPDH,posterior_up
KEGG_2019_Mouse,Gastric acid secretion,4/74,0.2389889110572227,0.999995917565222,0,0,1.6423027718550107,2.350690570768609,HRH2;KCNQ1;KCNK2;CFTR,posterior_up
KEGG_2019_Mouse,Platelet activation,6/125,0.2462265135415969,0.999995917565222,0,0,1.4497307905198007,2.031802602944698,APBB1IP;F2R;TBXAS1;BTK;RASGRP2;MAPK12,posterior_up
KEGG_2019_Mouse,Amyotrophic lateral sclerosis (ALS),3/52,0.2553998667971316,0.999995917565222,0,0,1.7589038596064357,2.400771598926785,NEFM;MAPK12;GRIN2D,posterior_up
KEGG_2019_Mouse,Glycosaminoglycan biosynthesis,3/53,0.2645513903186386,0.999995917565222,0,0,1.7236363636363636,2.291953321846944,NDST4;HS3ST1;HS6ST3,posterior_up
KEGG_2019_Mouse,Transcriptional misregulation in cancer,8/183,0.2767079527137084,0.999995917565222,0,0,1.3145259545259544,1.6888932863400712,MAF;HPGD;ID2;REL;HIST2H3C2;NUPR1;ETV4;DUSP6,posterior_up
KEGG_2019_Mouse,cAMP signaling pathway,9/211,0.2827433859839269,0.999995917565222,0,0,1.2812923397602918,1.6185484153753915,ADCYAP1;FSHR;F2R;HTR1D;PDE3A;NPY1R;TNNI3;CFTR;GRIN2D,posterior_up
KEGG_2019_Mouse,Taurine and hypotaurine metabolism,1/11,0.3142111344105642,0.999995917565222,0,0,2.8701337295690936,3.322725451622821,GAD2,posterior_up
KEGG_2019_Mouse,Signaling pathways regulating pluripotency of stem cells,6/137,0.3157422068130966,0.999995917565222,0,0,1.3161082415322027,1.5172480106284605,FZD1;ID2;ID1;BMPR1B;DUSP9;MAPK12,posterior_up
KEGG_2019_Mouse,Fc gamma R-mediated phagocytosis,4/87,0.3371769210999343,0.999995917565222,0,0,1.3841395432476171,1.504763841270366,HCK;MARCKSL1;INPP5D;PIP5K1B,posterior_up
KEGG_2019_Mouse,GABAergic synapse,4/90,0.3602653978585665,0.999995917565222,0,0,1.335647344671989,1.3635814777641275,GNG8;GAD2;SLC6A1;GABRG1,posterior_up
KEGG_2019_Mouse,Fc epsilon RI signaling pathway,3/68,0.4031648504938937,0.999995917565222,0,0,1.32484237074401,1.2034997167009958,INPP5D;BTK;MAPK12,posterior_up
KEGG_2019_Mouse,Cortisol synthesis and secretion,3/69,0.4122564841896496,0.999995917565222,0,0,1.304701259991871,1.156108297110306,NR4A1;KCNK2;AGT,posterior_up
KEGG_2019_Mouse,Oxytocin signaling pathway,6/154,0.4179664730896008,0.999995917565222,0,0,1.1639019258779737,1.0153345676809156,CACNG6;KCNJ14;CACNA2D2;CACNG1;CACNG3;CACNG5,posterior_up
KEGG_2019_Mouse,Adherens junction,3/72,0.4392540336256167,0.999995917565222,0,0,1.247780729605391,1.0265209676873894,PTPRM;NECTIN2;NECTIN1,posterior_up
KEGG_2019_Mouse,B cell receptor signaling pathway,3/72,0.4392540336256167,0.999995917565222,0,0,1.247780729605391,1.0265209676873894,CR2;INPP5D;BTK,posterior_up
KEGG_2019_Mouse,Melanoma,3/72,0.4392540336256167,0.999995917565222,0,0,1.247780729605391,1.0265209676873894,PDGFRB;FGF1;FGF3,posterior_up
KEGG_2019_Mouse,Nitrogen metabolism,1/17,0.4417855421756561,0.999995917565222,0,0,1.7932763744427935,1.4649825478055067,CAR4,posterior_up
KEGG_2019_Mouse,T cell receptor signaling pathway,4/101,0.4441639406268565,0.999995917565222,0,0,1.1835051546391753,0.9604872766130078,TEC;GRAP2;PDCD1;MAPK12,posterior_up
KEGG_2019_Mouse,Inositol phosphate metabolism,3/73,0.4481491835481503,0.999995917565222,0,0,1.2298914200553546,0.9871466472757772,INPP5D;PIP5K1B;PLCD3,posterior_up
KEGG_2019_Mouse,Serotonergic synapse,5/132,0.4598021087524219,0.999995917565222,0,0,1.129844755952591,0.8778431426081149,CYP2C23;HTR1D;HTR2C;GNG8;HTR5B,posterior_up
KEGG_2019_Mouse,Renin secretion,3/76,0.4744784723182348,0.999995917565222,0,0,1.1791641998244289,0.8791129351082411,ADCYAP1;PDE3A;AGT,posterior_up
KEGG_2019_Mouse,One carbon pool by folate,1/19,0.478807001603519,0.999995917565222,0,0,1.593858345715701,1.173809222998131,ALDH1L1,posterior_up
KEGG_2019_Mouse,ABC transporters,2/48,0.4843604645372243,0.999995917565222,0,0,1.2474120082815734,0.9042812578329994,ABCC12;CFTR,posterior_up
KEGG_2019_Mouse,Notch signaling pathway,2/49,0.4952588985247591,0.999995917565222,0,0,1.220808004052685,0.8578308074479999,MAML2;MAML3,posterior_up
KEGG_2019_Mouse,Glycosaminoglycan degradation,1/21,0.5133765468829433,0.999995917565222,0,0,1.4343239227340268,0.9563292986332016,HPSE2,posterior_up
KEGG_2019_Mouse,Ras signaling pathway,8/233,0.528979843761129,0.999995917565222,0,0,1.0197397397397396,0.6493753143661974,PDGFRB;REL;GAB1;GNG8;FGF1;RASGRP2;NGF;FGF3,posterior_up
KEGG_2019_Mouse,Proximal tubule bicarbonate reclamation,1/22,0.5297929548402265,0.999995917565222,0,0,1.3659520271704522,0.8677469783552403,CAR4,posterior_up
KEGG_2019_Mouse,ECM-receptor interaction,3/83,0.5335011062341225,0.999995917565222,0,0,1.075596125186289,0.6757907367621849,SV2C;ITGB6;NPNT,posterior_up
KEGG_2019_Mouse,Gap junction,3/86,0.5576253865735268,0.999995917565222,0,0,1.0365575566049594,0.6054199873172665,PDGFRB;GJD2;HTR2C,posterior_up
KEGG_2019_Mouse,Phospholipase D signaling pathway,5/149,0.5669551230615069,0.999995917565222,0,0,0.9955779770802192,0.5649657384109636,PDGFRB;F2R;GAB1;PIP5K1B;AGT,posterior_up
KEGG_2019_Mouse,Ovarian steroidogenesis,2/57,0.5769646151653067,0.999995917565222,0,0,1.0428030303030302,0.5735149082275096,FSHR;BMP6,posterior_up
KEGG_2019_Mouse,Arachidonic acid metabolism,3/89,0.5809848537895596,0.999995917565222,0,0,1.0002426090874432,0.5431623358353542,CYP2C23;TBXAS1;GPX8,posterior_up
KEGG_2019_Mouse,Neurotrophin signaling pathway,4/121,0.5857189813623833,0.999995917565222,0,0,0.98017604286261,0.524311023244421,GAB1;NGF;SH2B2;MAPK12,posterior_up
KEGG_2019_Mouse,Inflammatory bowel disease (IBD),2/59,0.5958196514748446,0.999995917565222,0,0,1.006109022556391,0.5209806132018436,MAF;STAT4,posterior_up
KEGG_2019_Mouse,Retinol metabolism,3/91,0.596117519147765,0.999995917565222,0,0,0.9774082102696112,0.5056303244861691,CYP26B1;CYP2C23;ALDH1A1,posterior_up
KEGG_2019_Mouse,Morphine addiction,3/92,0.6035489979701085,0.999995917565222,0,0,0.9663758602789732,0.4879502806915511,PDE3A;GNG8;GABRG1,posterior_up
KEGG_2019_Mouse,Butanoate metabolism,1/27,0.6039424903445395,0.999995917565222,0,0,1.1029831980797806,0.5562082863566331,GAD2,posterior_up
KEGG_2019_Mouse,Maturity onset diabetes of the young,1/27,0.6039424903445395,0.999995917565222,0,0,1.1029831980797806,0.5562082863566331,MAFA,posterior_up
KEGG_2019_Mouse,Mucin type O-glycan biosynthesis,1/28,0.6173076286878929,0.999995917565222,0,0,1.0620769357767872,0.5123329474583713,GALNT6,posterior_up
KEGG_2019_Mouse,Inflammatory mediator regulation of TRP channels,4/127,0.6239227533102447,0.999995917565222,0,0,0.932071350564252,0.4396848168061735,CYP2C23;HTR2C;NGF;MAPK12,posterior_up
KEGG_2019_Mouse,Cushing syndrome,5/159,0.6246198789030724,0.999995917565222,0,0,0.9304447421039348,0.4378784684384558,FZD1;NR4A1;CRH;KCNK2;AGT,posterior_up
KEGG_2019_Mouse,Basal cell carcinoma,2/63,0.631620421259711,0.999995917565222,0,0,0.93993950039032,0.431870867113622,FZD1;BMP2,posterior_up
KEGG_2019_Mouse,Glutathione metabolism,2/64,0.6401746543047301,0.999995917565222,0,0,0.9247311827956988,0.4124432780172145,GPX8;MGST2,posterior_up
KEGG_2019_Mouse,Phosphatidylinositol signaling system,3/98,0.6462098293323174,0.999995917565222,0,0,0.9050592203310064,0.3951769257656831,INPP5D;PIP5K1B;PLCD3,posterior_up
KEGG_2019_Mouse,Relaxin signaling pathway,4/131,0.6481172997352851,0.999995917565222,0,0,0.9025267363967564,0.3914110269000299,EDNRB;GNG8;RXFP2;MAPK12,posterior_up
KEGG_2019_Mouse,Circadian entrainment,3/99,0.6529946924592549,0.999995917565222,0,0,0.8955849478390462,0.381686015259041,ADCYAP1;GNG8;GRIN2D,posterior_up
KEGG_2019_Mouse,Cytokine-cytokine receptor interaction,9/292,0.6541637547930584,0.999995917565222,0,0,0.9106883817317144,0.3864939355742398,IL33;BMP2;IL1RL2;TNFRSF19;BMPR1B;NGF;CCL17;BMP6;BMP5,posterior_up
KEGG_2019_Mouse,Leishmaniasis,2/67,0.664898069528462,0.999995917565222,0,0,0.8819139194139194,0.3599280572193035,MARCKSL1;MAPK12,posterior_up
KEGG_2019_Mouse,Alcoholism,6/199,0.6654441996063721,0.999995917565222,0,0,0.8904315720889826,0.3626732173913641,CRH;HIST2H3C2;GNG8;HIST1H2BG;GRIN2D;HIST1H2BC,posterior_up
KEGG_2019_Mouse,AGE-RAGE signaling pathway in diabetic complications,3/101,0.6662835753552645,0.999995917565222,0,0,0.8772164603546336,0.3561848928255221,PLCD3;AGT;MAPK12,posterior_up
KEGG_2019_Mouse,beta-Alanine metabolism,1/32,0.6664135174177162,0.999995917565222,0,0,0.9248430235344868,0.3753428281892431,GAD2,posterior_up
KEGG_2019_Mouse,Aldosterone synthesis and secretion,3/102,0.6727874998116463,0.999995917565222,0,0,0.8683105270288579,0.344133820726045,NR4A1;PRKD3;AGT,posterior_up
KEGG_2019_Mouse,Prion diseases,1/34,0.6885536672321901,0.999995917565222,0,0,0.8687018776171822,0.3241665437822278,C1QA,posterior_up
KEGG_2019_Mouse,Primary immunodeficiency,1/36,0.7092264013949886,0.999995917565222,0,0,0.8189768626618552,0.2813844623256997,BTK,posterior_up
KEGG_2019_Mouse,Renin-angiotensin system,1/36,0.7092264013949886,0.999995917565222,0,0,0.8189768626618552,0.2813844623256997,AGT,posterior_up
KEGG_2019_Mouse,Thyroid hormone synthesis,2/73,0.7102177028712633,0.999995917565222,0,0,0.807134473507713,0.2761882865191498,TPO;GPX8,posterior_up
KEGG_2019_Mouse,Fluid shear stress and atherosclerosis,4/143,0.7143254928778355,0.999995917565222,0,0,0.8240953505852034,0.2772393131844668,NPPC;MGST2;BMPR1B;MAPK12,posterior_up
KEGG_2019_Mouse,Systemic lupus erythematosus,4/143,0.7143254928778355,0.999995917565222,0,0,0.8240953505852034,0.2772393131844668,C1QA;HIST2H3C2;HIST1H2BG;HIST1H2BC,posterior_up
KEGG_2019_Mouse,Bacterial invasion of epithelial cells,2/74,0.7172518827879443,0.999995917565222,0,0,0.7958829365079365,0.2644943429958613,SEPT6;GAB1,posterior_up
KEGG_2019_Mouse,Insulin resistance,3/110,0.7214643673037073,0.999995917565222,0,0,0.8030558379876597,0.2621754775858937,PPP1R3C;GFPT2;AGT,posterior_up
KEGG_2019_Mouse,Aldosterone-regulated sodium reabsorption,1/38,0.7285288428451139,0.999995917565222,0,0,0.774627524998996,0.2453462747882302,SGK1,posterior_up
KEGG_2019_Mouse,Pertussis,2/76,0.7308895985926369,0.999995917565222,0,0,0.7742921492921493,0.2427350592385014,C1QA;MAPK12,posterior_up
KEGG_2019_Mouse,C-type lectin receptor signaling pathway,3/112,0.7327131267152336,0.999995917565222,0,0,0.7882388329072041,0.2451430829594462,EGR2;CCL17;MAPK12,posterior_up
KEGG_2019_Mouse,Breast cancer,4/147,0.7342480167254425,0.999995917565222,0,0,0.8008767352050934,0.2473975588749929,FZD1;HEY2;FGF1;FGF3,posterior_up
KEGG_2019_Mouse,Synaptic vesicle cycle,2/77,0.7374965999321895,0.999995917565222,0,0,0.7639285714285714,0.2326115144375165,SLC17A6;SLC6A1,posterior_up
KEGG_2019_Mouse,Cholinergic synapse,3/113,0.738201910816598,0.999995917565222,0,0,0.7810323804362552,0.2370729285183076,KCNQ1;KCNJ14;GNG8,posterior_up
KEGG_2019_Mouse,Regulation of actin cytoskeleton,6/217,0.7435227051523811,0.999995917565222,0,0,0.8137043448647728,0.2411461447667295,PDGFRB;F2R;PIP5K1B;ITGB6;FGF1;FGF3,posterior_up
KEGG_2019_Mouse,Glutamatergic synapse,3/114,0.7436010597328405,0.999995917565222,0,0,0.773955773955774,0.2292848608580645,GNG8;SLC17A6;GRIN2D,posterior_up
KEGG_2019_Mouse,Gastric cancer,4/150,0.7484915828200206,0.999995917565222,0,0,0.7842976896340217,0.2272073706311267,FZD1;GAB1;FGF1;FGF3,posterior_up
KEGG_2019_Mouse,Retrograde endocannabinoid signaling,4/150,0.7484915828200206,0.999995917565222,0,0,0.7842976896340217,0.2272073706311267,GNG8;SLC17A6;MAPK12;GABRG1,posterior_up
KEGG_2019_Mouse,PI3K-Akt signaling pathway,10/357,0.7671564671904929,0.999995917565222,0,0,0.8237127183083921,0.2183369993898165,PDGFRB;NR4A1;ERBB4;F2R;GNG8;ITGB6;SGK1;FGF1;NGF;FGF3,posterior_up
KEGG_2019_Mouse,Hedgehog signaling pathway,1/44,0.7790918664752433,0.999995917565222,0,0,0.6663326307059677,0.1663341567295421,GAS1,posterior_up
KEGG_2019_Mouse,ErbB signaling pathway,2/84,0.7799628815970214,0.999995917565222,0,0,0.6984610917537747,0.1735738312193361,ERBB4;GAB1,posterior_up
KEGG_2019_Mouse,PPAR signaling pathway,2/85,0.7855121672349744,0.999995917565222,0,0,0.6900100401606426,0.166581762699876,ACADL;PLTP,posterior_up
KEGG_2019_Mouse,Glycosphingolipid biosynthesis,1/45,0.7865528329944644,0.999995917565222,0,0,0.6511549371876266,0.1563392946366355,ST3GAL6,posterior_up
KEGG_2019_Mouse,Ether lipid metabolism,1/47,0.8007283556926807,0.999995917565222,0,0,0.6227792493055107,0.1384024253176632,ENPP2,posterior_up
KEGG_2019_Mouse,Pathways in cancer,15/535,0.8018735707699428,0.999995917565222,0,0,0.8231878137037469,0.1817634303548578,FZD1;ALK;PDGFRB;F2R;MGST2;FGF1;RASGRP2;AGT;FGF3;CKS1B;BMP2;EDNRB;HEY2;STAT4;GNG8,posterior_up
KEGG_2019_Mouse,Cocaine addiction,1/48,0.8074595751670591,0.999995917565222,0,0,0.6094970124245203,0.130348424906006,GRIN2D,posterior_up
KEGG_2019_Mouse,Tryptophan metabolism,1/48,0.8074595751670591,0.999995917565222,0,0,0.6094970124245203,0.130348424906006,AADAT,posterior_up
KEGG_2019_Mouse,Type II diabetes mellitus,1/48,0.8074595751670591,0.999995917565222,0,0,0.6094970124245203,0.130348424906006,MAFA,posterior_up
KEGG_2019_Mouse,Osteoclast differentiation,3/128,0.8101731932463433,0.999995917565222,0,0,0.6867719821162445,0.1445704712704387,TEC;BTK;MAPK12,posterior_up
KEGG_2019_Mouse,Amino sugar and nucleotide sugar metabolism,1/49,0.8139637437431516,0.999995917565222,0,0,0.5967682020802377,0.1228384413746725,GFPT2,posterior_up
KEGG_2019_Mouse,IL-17 signaling pathway,2/91,0.8162862767541568,0.999995917565222,0,0,0.6432918673087212,0.1305819166199013,CCL17;MAPK12,posterior_up
KEGG_2019_Mouse,Proteoglycans in cancer,5/203,0.8181432113293942,0.999995917565222,0,0,0.7220183901798252,0.1449220025678734,FZD1;HPSE2;ERBB4;GAB1;MAPK12,posterior_up
KEGG_2019_Mouse,Fatty acid degradation,1/50,0.8202485088933136,0.999995917565222,0,0,0.5845589350153138,0.1158291400200053,ACADL,posterior_up
KEGG_2019_Mouse,Linoleic acid metabolism,1/50,0.8202485088933136,0.999995917565222,0,0,0.5845589350153138,0.1158291400200053,CYP2C23,posterior_up
KEGG_2019_Mouse,Cell adhesion molecules (CAMs),4/170,0.828838487003337,0.999995917565222,0,0,0.689084696996943,0.1293618505515325,PTPRM;PDCD1;NECTIN2;NECTIN1,posterior_up
KEGG_2019_Mouse,Chemical carcinogenesis,2/94,0.8301425824698557,0.999995917565222,0,0,0.6222179089026915,0.1158307212958908,CYP2C23;MGST2,posterior_up
KEGG_2019_Mouse,Hematopoietic cell lineage,2/94,0.8301425824698557,0.999995917565222,0,0,0.6222179089026915,0.1158307212958908,CR2;CD9,posterior_up
KEGG_2019_Mouse,cGMP-PKG signaling pathway,4/172,0.8355590404711104,0.999995917565222,0,0,0.6808102345415779,0.122310464746437,NPPC;EDNRB;PDE3A;ADRA1B,posterior_up
KEGG_2019_Mouse,Purine metabolism,3/136,0.841221009110394,0.999995917565222,0,0,0.6451934605515278,0.1115545043883702,ENTPD1;PDE3A;ADSSL1,posterior_up
KEGG_2019_Mouse,Choline metabolism in cancer,2/99,0.8511541647559473,0.999995917565222,0,0,0.5899914089347079,0.0950842011346751,PDGFRB;PIP5K1B,posterior_up
KEGG_2019_Mouse,Regulation of lipolysis in adipocytes,1/56,0.8537465529240627,0.999995917565222,0,0,0.5206267729298932,0.0823219768548126,NPY1R,posterior_up
KEGG_2019_Mouse,Vascular smooth muscle contraction,3/140,0.8550298727666698,0.999995917565222,0,0,0.6262251569179893,0.0980786775362968,NPPC;ADRA1B;AGT,posterior_up
KEGG_2019_Mouse,Melanogenesis,2/100,0.8550616701763932,0.999995917565222,0,0,0.5839407191448007,0.0914344210344681,FZD1;EDNRB,posterior_up
KEGG_2019_Mouse,NF-kappa B signaling pathway,2/102,0.8625971086206631,0.999995917565222,0,0,0.572202380952381,0.0845758301497635,CARD10;BTK,posterior_up
KEGG_2019_Mouse,Pyrimidine metabolism,1/58,0.8634648057140722,0.999995917565222,0,0,0.5023070305779307,0.0737397469956935,ENTPD1,posterior_up
KEGG_2019_Mouse,VEGF signaling pathway,1/58,0.8634648057140722,0.999995917565222,0,0,0.5023070305779307,0.0737397469956935,MAPK12,posterior_up
KEGG_2019_Mouse,Chagas disease (American trypanosomiasis),2/103,0.8662287694536746,0.999995917565222,0,0,0.566507543611504,0.0813540167659184,C1QA;MAPK12,posterior_up
KEGG_2019_Mouse,Lysine degradation,1/59,0.8680793649833077,0.999995917565222,0,0,0.4936209458420864,0.0698336086887133,AADAT,posterior_up
KEGG_2019_Mouse,Pancreatic secretion,2/105,0.8732291425218316,0.999995917565222,0,0,0.555449607027277,0.0752952381657071,KCNQ1;CFTR,posterior_up
KEGG_2019_Mouse,Amoebiasis,2/106,0.8766014584974455,0.999995917565222,0,0,0.5500801282051282,0.072447108063996,ARG2;ARG1,posterior_up
KEGG_2019_Mouse,Cytosolic DNA-sensing pathway,1/61,0.8768465125838829,0.999995917565222,0,0,0.4771173848439822,0.0627043488776208,IL33,posterior_up
KEGG_2019_Mouse,Long-term depression,1/61,0.8768465125838829,0.999995917565222,0,0,0.4771173848439822,0.0627043488776208,CRH,posterior_up
KEGG_2019_Mouse,Epstein-Barr virus infection,5/229,0.8885318016683169,0.999995917565222,0,0,0.6373451847106556,0.0753245383559498,ENTPD1;CR2;BTK;VIM;MAPK12,posterior_up
KEGG_2019_Mouse,Central carbon metabolism in cancer,1/64,0.888918421640215,0.999995917565222,0,0,0.4543267529894573,0.0534968896888626,PDGFRB,posterior_up
KEGG_2019_Mouse,mTOR signaling pathway,3/154,0.8954152687958775,0.999995917565222,0,0,0.5677500222066502,0.0627180282470526,FZD1;DEPTOR;SGK1,posterior_up
KEGG_2019_Mouse,Metabolism of xenobiotics by cytochrome P450,1/66,0.8963024488090654,0.999995917565222,0,0,0.4403017487712881,0.048203076797685,MGST2,posterior_up
KEGG_2019_Mouse,Non-small cell lung cancer,1/66,0.8963024488090654,0.999995917565222,0,0,0.4403017487712881,0.048203076797685,ALK,posterior_up
KEGG_2019_Mouse,Long-term potentiation,1/67,0.899808563573347,0.999995917565222,0,0,0.433607996758071,0.0457774034595159,GRIN2D,posterior_up
KEGG_2019_Mouse,Chemokine signaling pathway,4/197,0.9024184786080236,0.999995917565222,0,0,0.5918490449307865,0.0607692377883785,HCK;GNG8;RASGRP2;CCL17,posterior_up
KEGG_2019_Mouse,Amphetamine addiction,1/68,0.9031963005201968,0.999995917565222,0,0,0.4271140582377858,0.0434867725080476,GRIN2D,posterior_up
KEGG_2019_Mouse,RIG-I-like receptor signaling pathway,1/68,0.9031963005201968,0.999995917565222,0,0,0.4271140582377858,0.0434867725080476,MAPK12,posterior_up
KEGG_2019_Mouse,Renal cell carcinoma,1/68,0.9031963005201968,0.999995917565222,0,0,0.4271140582377858,0.0434867725080476,GAB1,posterior_up
KEGG_2019_Mouse,Thyroid hormone signaling pathway,2/115,0.9034271361960836,0.999995917565222,0,0,0.5060313948588285,0.0513924565463762,PLCD3;MYH6,posterior_up
KEGG_2019_Mouse,Acute myeloid leukemia,1/69,0.9064696506946632,0.999995917565222,0,0,0.4208111179092736,0.0413226961168811,DUSP6,posterior_up
KEGG_2019_Mouse,Type I diabetes mellitus,1/69,0.9064696506946632,0.999995917565222,0,0,0.4208111179092736,0.0413226961168811,GAD2,posterior_up
KEGG_2019_Mouse,p53 signaling pathway,1/71,0.9126884878056228,0.999995917565222,0,0,0.4087454892804075,0.0373432547614786,RPRM,posterior_up
KEGG_2019_Mouse,Bile secretion,1/72,0.9156413029616728,0.999995917565222,0,0,0.4029675826130632,0.0355137674429297,CFTR,posterior_up
KEGG_2019_Mouse,Prolactin signaling pathway,1/72,0.9156413029616728,0.999995917565222,0,0,0.4029675826130632,0.0355137674429297,MAPK12,posterior_up
KEGG_2019_Mouse,Hepatitis B,3/163,0.9157302209741764,0.999995917565222,0,0,0.5355625931445603,0.0471474368369766,EGR2;STAT4;MAPK12,posterior_up
KEGG_2019_Mouse,Glioma,1/75,0.923914756867702,0.999995917565222,0,0,0.3865708204489779,0.0305914620446513,PDGFRB,posterior_up
KEGG_2019_Mouse,Sphingolipid signaling pathway,2/124,0.9247281595047978,0.999995917565222,0,0,0.4684816549570648,0.0366612503512658,S1PR5;MAPK12,posterior_up
KEGG_2019_Mouse,Hepatocellular carcinoma,3/171,0.930699983430582,0.999995917565222,0,0,0.5098467106663828,0.0366163268725558,FZD1;GAB1;MGST2,posterior_up
KEGG_2019_Mouse,Autoimmune thyroid disease,1/78,0.9313778566598714,0.999995917565222,0,0,0.3714517280639123,0.026406586170812,TPO,posterior_up
KEGG_2019_Mouse,Salivary secretion,1/78,0.9313778566598714,0.999995917565222,0,0,0.3714517280639123,0.026406586170812,ADRA1B,posterior_up
KEGG_2019_Mouse,Salmonella infection,1/78,0.9313778566598714,0.999995917565222,0,0,0.3714517280639123,0.026406586170812,MAPK12,posterior_up
KEGG_2019_Mouse,Kaposi sarcoma-associated herpesvirus infection,4/216,0.9358780105467256,0.999995917565222,0,0,0.5382709096029288,0.0356712894043548,HCK;ZFP36;GNG8;MAPK12,posterior_up
KEGG_2019_Mouse,FoxO signaling pathway,2/132,0.9398674341920488,0.999995917565222,0,0,0.4394688644688644,0.0272542949568182,SGK1;MAPK12,posterior_up
KEGG_2019_Mouse,Dopaminergic synapse,2/135,0.9447613750765026,0.999995917565222,0,0,0.4294889008234873,0.0244048033687396,GNG8;MAPK12,posterior_up
KEGG_2019_Mouse,Insulin secretion,1/86,0.947896313032662,0.999995917565222,0,0,0.3363517175072109,0.0179982332604928,ADCYAP1,posterior_up
KEGG_2019_Mouse,Viral myocarditis,1/87,0.9496597181949122,0.999995917565222,0,0,0.3324233733024638,0.0171701824630938,MYH6,posterior_up
KEGG_2019_Mouse,Insulin signaling pathway,2/139,0.950699583814304,0.999995917565222,0,0,0.4168621828293361,0.0210753686525598,PPP1R3C;SH2B2,posterior_up
KEGG_2019_Mouse,Taste transduction,1/88,0.9513635252065598,0.999995917565222,0,0,0.3285853358610442,0.0163829473472145,HTR1D,posterior_up
KEGG_2019_Mouse,Viral carcinogenesis,4/229,0.9523712416488458,0.999995917565222,0,0,0.5068258706467662,0.0247332851932842,EGR2;REL;HIST1H2BG;HIST1H2BC,posterior_up
KEGG_2019_Mouse,Steroid hormone biosynthesis,1/89,0.9530097453270384,0.999995917565222,0,0,0.3248345265432932,0.0156343343037521,CYP2C23,posterior_up
KEGG_2019_Mouse,GnRH signaling pathway,1/90,0.9546003221122226,0.999995917565222,0,0,0.3211680050753794,0.0149222803122157,MAPK12,posterior_up
KEGG_2019_Mouse,Progesterone-mediated oocyte maturation,1/90,0.9546003221122226,0.999995917565222,0,0,0.3211680050753794,0.0149222803122157,MAPK12,posterior_up
KEGG_2019_Mouse,Parkinson disease,2/144,0.9572685782810038,0.999995917565222,0,0,0.4020791415157612,0.0175593111095504,LRRK2;COX6A2,posterior_up
KEGG_2019_Mouse,Small cell lung cancer,1/92,0.957621994698968,0.999995917565222,0,0,0.3140767108077658,0.0136001988642937,CKS1B,posterior_up
KEGG_2019_Mouse,Staphylococcus aureus infection,1/95,0.9617821176924722,0.999995917565222,0,0,0.30400556416174,0.0118462890482371,C1QA,posterior_up
KEGG_2019_Mouse,Prostate cancer,1/97,0.9643263918729458,0.999995917565222,0,0,0.2976411589895988,0.0108119522819362,PDGFRB,posterior_up
KEGG_2019_Mouse,Toll-like receptor signaling pathway,1/99,0.966701509613684,0.999995917565222,0,0,0.2915365254571368,0.009873032505225,MAPK12,posterior_up
KEGG_2019_Mouse,Longevity regulating pathway,1/102,0.969971380154798,0.999995917565222,0,0,0.2828328895296662,0.008623210771802,CRYAB,posterior_up
KEGG_2019_Mouse,Th17 cell differentiation,1/102,0.969971380154798,0.999995917565222,0,0,0.2828328895296662,0.008623210771802,MAPK12,posterior_up
KEGG_2019_Mouse,Toxoplasmosis,1/108,0.9755804521860686,0.999995917565222,0,0,0.2668897807279443,0.0065982225176151,MAPK12,posterior_up
KEGG_2019_Mouse,JAK-STAT signaling pathway,2/164,0.9760832073485732,0.999995917565222,0,0,0.3520723104056437,0.0085227703057491,PDGFRB;STAT4,posterior_up
KEGG_2019_Mouse,TNF signaling pathway,1/110,0.977207113156785,0.999995917565222,0,0,0.2619654566026418,0.0060400485967427,MAPK12,posterior_up
KEGG_2019_Mouse,Influenza A,2/168,0.9787350663040512,0.999995917565222,0,0,0.343516924842226,0.0073836523064275,IL33;MAPK12,posterior_up
KEGG_2019_Mouse,Drug metabolism,1/114,0.9801429688320332,0.999995917565222,0,0,0.2526397454272903,0.0050671527776174,MGST2,posterior_up
KEGG_2019_Mouse,Leukocyte transendothelial migration,1/115,0.9808159050791884,0.999995917565222,0,0,0.2504105732384453,0.0048505773821225,MAPK12,posterior_up
KEGG_2019_Mouse,Oocyte meiosis,1/116,0.9814660656977628,0.999995917565222,0,0,0.2482201692615802,0.004643663157471,MAPK12,posterior_up
KEGG_2019_Mouse,Alzheimer disease,2/175,0.982706191331756,0.999995917565222,0,0,0.3294969721992843,0.0057481054241211,COX6A2;GRIN2D,posterior_up
KEGG_2019_Mouse,Necroptosis,2/176,0.9832111728635362,0.999995917565222,0,0,0.3275862068965517,0.0055464790237681,IL33;STAT4,posterior_up
KEGG_2019_Mouse,Human papillomavirus infection,6/360,0.9833888545195332,0.999995917565222,0,0,0.4813762305896681,0.008063368457294,FZD1;PDGFRB;MAML2;HEY2;MAML3;ITGB6,posterior_up
KEGG_2019_Mouse,Lysosome,1/124,0.9859345566429328,0.999995917565222,0,0,0.2319791251404341,0.0032860537054103,AP1S3,posterior_up
KEGG_2019_Mouse,AMPK signaling pathway,1/126,0.9868721637730304,0.999995917565222,0,0,0.2282436849925705,0.0030161873272705,CFTR,posterior_up
KEGG_2019_Mouse,Human immunodeficiency virus 1 infection,3/238,0.9878752118269342,0.999995917565222,0,0,0.3632114658972001,0.0044307778198078,GNG8;AP1S3;MAPK12,posterior_up
KEGG_2019_Mouse,Autophagy,1/130,0.988564247917996,0.999995917565222,0,0,0.2211202875012958,0.0025432466331846,DEPTOR,posterior_up
KEGG_2019_Mouse,Estrogen signaling pathway,1/134,0.9900384698586224,0.999995917565222,0,0,0.2144253650470902,0.0021467148602807,KRT20,posterior_up
KEGG_2019_Mouse,Oxidative phosphorylation,1/134,0.9900384698586224,0.999995917565222,0,0,0.2144253650470902,0.0021467148602807,COX6A2,posterior_up
KEGG_2019_Mouse,Apelin signaling pathway,1/138,0.991322843407378,0.999995917565222,0,0,0.2081213869697725,0.0018137825326229,GNG8,posterior_up
KEGG_2019_Mouse,Focal adhesion,2/199,0.991563825854007,0.999995917565222,0,0,0.2889926275078559,0.0024483340006043,PDGFRB;ITGB6,posterior_up
KEGG_2019_Mouse,Apoptosis,1/141,0.992176345414128,0.999995917565222,0,0,0.2036298025896837,0.0015993939821398,NGF,posterior_up
KEGG_2019_Mouse,Non-alcoholic fatty liver disease (NAFLD),1/151,0.9944603724351092,0.999995917565222,0,0,0.1899554234769688,0.0010552077348932,COX6A2,posterior_up
KEGG_2019_Mouse,Protein processing in endoplasmic reticulum,1/163,0.9963398285893486,0.999995917565222,0,0,0.1757745858785977,0.0006445454081832671,CRYAB,posterior_up
KEGG_2019_Mouse,Tight junction,1/167,0.9968121633628062,0.999995917565222,0,0,0.1715032492525824,0.0005475976317399967,CFTR,posterior_up
KEGG_2019_Mouse,Thermogenesis,2/231,0.9968189704911314,0.999995917565222,0,0,0.2481934913703472,0.0007907692179421605,COX6A2;MAPK12,posterior_up
KEGG_2019_Mouse,Tuberculosis,1/178,0.9978199733604994,0.999995917565222,0,0,0.1607525121515098,0.0003508273043860038,MAPK12,posterior_up
KEGG_2019_Mouse,Human T-cell leukemia virus 1 infection,2/245,0.9979348959445542,0.999995917565222,0,0,0.233722810111699,0.0004831609837524452,EGR2;ZFP36,posterior_up
KEGG_2019_Mouse,Cellular senescence,1/185,0.9982882694859284,0.999995917565222,0,0,0.1545803992505975,0.0002648267069699921,MAPK12,posterior_up
KEGG_2019_Mouse,Human cytomegalovirus infection,2/255,0.9984857149514328,0.999995917565222,0,0,0.2243671183888575,0.00034001327629845114,GNG8;MAPK12,posterior_up
KEGG_2019_Mouse,Huntington disease,1/192,0.9986559444425516,0.999995917565222,0,0,0.148860692530904,0.00020021161901158477,COX6A2,posterior_up
KEGG_2019_Mouse,NOD-like receptor signaling pathway,1/205,0.9991420673600152,0.999995917565222,0,0,0.1392797832357311,0.00011954395979611055,MAPK12,posterior_up
KEGG_2019_Mouse,MicroRNAs in cancer,2/281,0.999327566227131,0.999995917565222,0,0,0.2031810035842293,0.00013667172530899732,PDGFRB;VIM,posterior_up
KEGG_2019_Mouse,Endocytosis,1/269,0.9999040117575726,0.999995917565222,0,0,0.1056641014836663,1.0142998201161284e-05,PIP5K1B,posterior_up
KEGG_2019_Mouse,Olfactory transduction,2/1133,0.9999949038565455,0.999995917565222,0,0,0.0478795629657698,2.440017431445376e-07,OLFR920;OLFR1307,posterior_up
KEGG_2019_Mouse,Herpes simplex virus 1 infection,1/433,0.999995917565222,0.999995917565222,0,0,0.064986792141324,2.653048819014232e-07,NECTIN1,posterior_up
Reactome_2022,NOTCH3 Intracellular Domain Regulates Transcription R-HSA-9013508,5/25,0.0012987532791974,0.8154313667896739,0,0,7.214499252615845,47.95009064753784,MAML2;WWC1;HEY2;MAML3;DLGAP5,posterior_up
Reactome_2022,Adherens Junctions Interactions R-HSA-418990,5/29,0.0025977869361248,0.8154313667896739,0,0,6.0108370702541105,35.78308636176408,CDH6;CDH10;CDH8;NECTIN2;NECTIN1,posterior_up
Reactome_2022,Collagen Chain Trimerization R-HSA-8948216,6/44,0.0033976306949569,0.8154313667896739,0,0,4.559092341632525,25.916967123238315,COL17A1;COL26A1;COL11A1;COL12A1;COL10A1;COL19A1,posterior_up
Reactome_2022,Cardiac Conduction R-HSA-5576891,10/126,0.0102849663863222,0.992220925457291,0,0,2.49402783547985,11.415345033116369,CACNG6;NPPC;WWTR1;KCNQ1;KCNJ14;CACNA2D2;TNNI3;KCNK2;FGF11;TRDN,posterior_up
Reactome_2022,Phase 2 - Plateau Phase R-HSA-5576893,3/15,0.0128074136094012,0.992220925457291,0,0,7.1959761549925485,31.358128995425176,CACNG6;KCNQ1;CACNA2D2,posterior_up
Reactome_2022,Negative Regulation Of TCF-dependent Signaling By WNT Ligand Antagonists R-HSA-3772470,3/15,0.0128074136094012,0.992220925457291,0,0,7.1959761549925485,31.358128995425176,SFRP1;WIF1;DKK2,posterior_up
Reactome_2022,Molecules Associated With Elastic Fibres R-HSA-2129379,4/28,0.0137597873879738,0.992220925457291,0,0,4.8014925373134325,20.579220532884083,MFAP4;BMP2;ITGB6;FBLN5,posterior_up
Reactome_2022,Activation Of TRKA Receptors R-HSA-187015,2/6,0.0155429717902013,0.992220925457291,0,0,14.376488095238097,59.86580571002909,ADCYAP1;NGF,posterior_up
Reactome_2022,FGFR1b Ligand Binding And Activation R-HSA-190370,2/6,0.0155429717902013,0.992220925457291,0,0,14.376488095238097,59.86580571002909,FGF1;FGF3,posterior_up
Reactome_2022,Signaling By MAPK Mutants R-HSA-9652817,2/7,0.0212782592227328,0.992220925457291,0,0,11.500595238095238,44.27809005291335,DUSP9;DUSP6,posterior_up
Reactome_2022,Nectin/Necl Trans Heterodimerization R-HSA-420597,2/7,0.0212782592227328,0.992220925457291,0,0,11.500595238095238,44.27809005291335,NECTIN2;NECTIN1,posterior_up
Reactome_2022,GPCR Ligand Binding R-HSA-500792,24/458,0.0224728128333534,0.992220925457291,0,0,1.6072598369372564,6.100272771212531,FZD1;F2R;HTR1D;NPY2R;NPY1R;HTR2C;NMBR;ADRA1B;OPN5;RXFP2;CRHBP;ADCYAP1;C1QTNF1;EDNRB;ADGRE5;HRH2;FSHR;PNOC;CRH;GNG8;ACKR2;QRFPR;S1PR5;CCL17,posterior_up
Reactome_2022,Regulation Of IGF Transport And Uptake By IGFBPs R-HSA-381426,9/123,0.0233950103603053,0.992220925457291,0,0,2.280807281361298,8.564961656166787,PROC;IGFBP4;PAPPA;PCSK9;TNNI3;PRSS23;FSTL1;KLKB1;PAPPA2,posterior_up
Reactome_2022,Signaling By NOTCH3 R-HSA-9012852,5/49,0.0240909539778441,0.992220925457291,0,0,3.2752412012501697,12.203282971187251,MAML2;WWC1;HEY2;MAML3;DLGAP5,posterior_up
Reactome_2022,Collagen Biosynthesis And Modifying Enzymes R-HSA-1650814,6/67,0.0251700178603764,0.992220925457291,0,0,2.836703641896535,10.445031473121537,COL17A1;COL26A1;COL11A1;COL12A1;COL10A1;COL19A1,posterior_up
Reactome_2022,Defective B4GALT1 Causes B4GALT1-CDG (CDG-2d) R-HSA-3656244,2/8,0.0277445304743319,0.992220925457291,0,0,9.583333333333334,34.3535336831384,PRELP;FMOD,posterior_up
Reactome_2022,Defective CHST6 Causes MCDC1 R-HSA-3656225,2/8,0.0277445304743319,0.992220925457291,0,0,9.583333333333334,34.3535336831384,PRELP;FMOD,posterior_up
Reactome_2022,Defective ST3GAL3 Causes MCT12 And EIEE15 R-HSA-3656243,2/8,0.0277445304743319,0.992220925457291,0,0,9.583333333333334,34.3535336831384,PRELP;FMOD,posterior_up
Reactome_2022,NOTCH4 Intracellular Domain Regulates Transcription R-HSA-9013695,3/20,0.028338703515341,0.992220925457291,0,0,5.078197597966161,18.096293201942924,MAML2;HEY2;MAML3,posterior_up
Reactome_2022,Degradation Of Extracellular Matrix R-HSA-1474228,8/109,0.0310543842899944,0.992220925457291,0,0,2.2864448607022863,7.938571492331663,COL17A1;ADAMTS5;COL26A1;OPTC;ADAMTS1;COL12A1;KLKB1;COL19A1,posterior_up
Reactome_2022,Muscle Contraction R-HSA-397014,12/196,0.0341072741934396,0.992220925457291,0,0,1.885787468803363,6.370651329435249,CACNG6;WWTR1;NPPC;KCNQ1;KCNJ14;CACNA2D2;TNNI3;VIM;KCNK2;FGF11;MYH6;TRDN,posterior_up
Reactome_2022,Class B/2 (Secretin Family Receptors) R-HSA-373080,7/92,0.0357309963954179,0.992220925457291,0,0,2.3756415909692215,7.915012323460296,FZD1;CRHBP;ADCYAP1;C1QTNF1;ADGRE5;CRH;GNG8,posterior_up
Reactome_2022,Extracellular Matrix Organization R-HSA-1474244,16/291,0.038435275725179,0.992220925457291,0,0,1.6845316385741915,5.489517343386721,COL17A1;COL26A1;COL11A1;COL12A1;COL19A1;FBLN5;ADAMTS5;MFAP4;BMP2;OPTC;ADAMTS1;COL10A1;TNNI3;ITGB6;FMOD;KLKB1,posterior_up
Reactome_2022,Signaling By NTRK1 (TRKA) R-HSA-187037,8/114,0.0389860036234994,0.992220925457291,0,0,2.178027083687461,7.06672339088835,ADCYAP1;EGR2;ID2;ID1;NGF;SGK1;DUSP6;MAPK12,posterior_up
Reactome_2022,Elastic Fibre Formation R-HSA-1566948,4/39,0.0414317943909236,0.992220925457291,0,0,3.2905756929637526,10.476227921480175,MFAP4;BMP2;ITGB6;FBLN5,posterior_up
Reactome_2022,NGF-stimulated Transcription R-HSA-9031628,4/39,0.0414317943909236,0.992220925457291,0,0,3.2905756929637526,10.476227921480175,EGR2;ID2;ID1;SGK1,posterior_up
Reactome_2022,FGFR2b Ligand Binding And Activation R-HSA-190377,2/10,0.0426504099103873,0.992220925457291,0,0,7.1867559523809526,22.672191196608058,FGF1;FGF3,posterior_up
Reactome_2022,Neurotoxicity Of Clostridium Toxins R-HSA-168799,2/10,0.0426504099103873,0.992220925457291,0,0,7.1867559523809526,22.672191196608058,SV2C;SYT2,posterior_up
Reactome_2022,Amine Ligand-Binding Receptors R-HSA-375280,4/40,0.0448544044211494,0.992220925457291,0,0,3.199004975124378,9.93077828512565,HRH2;HTR1D;HTR2C;ADRA1B,posterior_up
Reactome_2022,Collagen Degradation R-HSA-1442490,4/40,0.0448544044211494,0.992220925457291,0,0,3.199004975124378,9.93077828512565,COL17A1;COL26A1;COL12A1;COL19A1,posterior_up
Reactome_2022,RUNX2 Regulates Osteoblast Differentiation R-HSA-8940973,3/24,0.0455906954817051,0.992220925457291,0,0,4.110070257611241,12.692109157345609,WWTR1;MAF;HEY2,posterior_up
Reactome_2022,Glycosaminoglycan Metabolism R-HSA-1630316,8/120,0.0501602205678702,0.992220925457291,0,0,2.0607035607035606,6.166723378497586,HPSE2;NDST4;HAS3;ST3GAL6;PRELP;FMOD;HS3ST1;HS6ST3,posterior_up
Reactome_2022,Serotonin Receptors R-HSA-390666,2/11,0.0509873527797063,0.992220925457291,0,0,6.387896825396825,19.01151583713567,HTR1D;HTR2C,posterior_up
Reactome_2022,Class A/1 (Rhodopsin-like Receptors) R-HSA-373076,17/327,0.0520454442853882,0.992220925457291,0,0,1.5872342514852458,4.691289890001198,NPY2R;F2R;HTR1D;NPY1R;HTR2C;NMBR;ADRA1B;OPN5;RXFP2;EDNRB;HRH2;FSHR;PNOC;ACKR2;QRFPR;S1PR5;CCL17,posterior_up
Reactome_2022,Cell-cell Junction Organization R-HSA-421270,5/61,0.0543621352383944,0.992220925457291,0,0,2.5718022635062994,7.489312994836552,CDH6;CDH10;CDH8;NECTIN2;NECTIN1,posterior_up
Reactome_2022,Nuclear Events (Kinase And Transcription Factor Activation) R-HSA-198725,5/61,0.0543621352383944,0.992220925457291,0,0,2.5718022635062994,7.489312994836552,EGR2;ID2;ID1;SGK1;DUSP6,posterior_up
Reactome_2022,Signal Transduction R-HSA-162582,97/2465,0.0569522213202237,0.992220925457291,0,0,1.2038956742704576,3.449814322645311,CPNE8;MAML2;WWC1;NPY2R;FGF1;RXFP2;FGF3;RGS4;CRHBP;ARHGAP42;EDNRB;GRAP2;NRTN;TNS3;PDGFRB;MYLIP;FST;F2R;NPY1R;DKK2;ADCYAP1;SFRP1;BTK;MAML3;CFTR;RASGRP2;DSN1;HRH2;PIP5K1B;ST3GAL6;PLTP;FZD1;WWTR1;EGR2;HTR1D;ARHGAP28;NMBR;OPN5;GRIN2D;NR4A1;BMP2;VANGL2;PROC;ID2;PNOC;ID1;NOX3;PDE3A;BMPR1B;ALK;DOCK5;LRRK2;HTR2C;ADRA1B;RND2;RND1;CYP26B1;C1QTNF1;ADGRE5;HEY2;RSPO1;ITGB6;QRFPR;DLGAP5;DACT1;NGF;DUSP9;ETV4;DUSP6;APBB1IP;ARL4C;FSHR;RHOJ;ALDH1A1;CRH;GAS1;SGK1;RGS18;CCDC187;PTN;FSTL1;WIF1;ERBB4;NHS;GNG8;STOM;S1PR5;CCL17;SH2B2;IL33;MAPK12;TEC;RGS10;ACKR2;VIM;KLKB1;LGR5,posterior_up
Reactome_2022,Keratan Sulfate Degradation R-HSA-2022857,2/12,0.0598496895118914,0.992220925457291,0,0,5.748809523809523,16.188182165321187,PRELP;FMOD,posterior_up
Reactome_2022,NOTCH2 Intracellular Domain Regulates Transcription R-HSA-2197563,2/12,0.0598496895118914,0.992220925457291,0,0,5.748809523809523,16.188182165321187,MAML2;MAML3,posterior_up
Reactome_2022,Signaling By BMP R-HSA-201451,3/27,0.0612217008722665,0.992220925457291,0,0,3.59575260804769,10.043848783735124,BMP2;BMPR1B;FSTL1,posterior_up
Reactome_2022,Keratan Sulfate Biosynthesis R-HSA-2022854,3/28,0.0669171365221463,0.992220925457291,0,0,3.4517436661698957,9.334551063805677,PRELP;ST3GAL6;FMOD,posterior_up
Reactome_2022,Cell Junction Organization R-HSA-446728,6/86,0.0701908330809649,0.992220925457291,0,0,2.1608532934131737,5.740387934238939,CDH6;COL17A1;CDH10;CDH8;NECTIN2;NECTIN1,posterior_up
Reactome_2022,EGR2 And SOX10-mediated Initiation Of Schwann Cell Myelination R-HSA-9619665,3/29,0.0728446144957556,0.992220925457291,0,0,3.3188123352057777,8.693385560180046,WWTR1;EGR2;POU3F2,posterior_up
Reactome_2022,FCERI Mediated Ca+2 Mobilization R-HSA-2871809,3/29,0.0728446144957556,0.992220925457291,0,0,3.3188123352057777,8.693385560180046,TEC;GRAP2;BTK,posterior_up
Reactome_2022,Uptake And Actions Of Bacterial Toxins R-HSA-5339562,3/29,0.0728446144957556,0.992220925457291,0,0,3.3188123352057777,8.693385560180046,SV2C;SYT2;CD9,posterior_up
Reactome_2022,Protein-protein Interactions At Synapses R-HSA-6794362,6/88,0.0766031150691429,0.992220925457291,0,0,2.10793048050241,5.415521162893807,SYT2;PPFIBP2;IL1RAPL2;EPB41L2;SYT9;GRIN2D,posterior_up
Reactome_2022,Signaling By NTRKs R-HSA-166520,8/132,0.078222662484933,0.992220925457291,0,0,1.860118182698828,4.739945474246072,ADCYAP1;EGR2;ID2;ID1;NGF;SGK1;DUSP6;MAPK12,posterior_up
Reactome_2022,Physiological Factors R-HSA-5578768,2/14,0.078973898824717,0.992220925457291,0,0,4.790178571428571,12.160528752944924,WWTR1;NPPC,posterior_up
Reactome_2022,RUNX3 Regulates NOTCH Signaling R-HSA-8941856,2/14,0.078973898824717,0.992220925457291,0,0,4.790178571428571,12.160528752944924,MAML2;MAML3,posterior_up
Reactome_2022,SEMA3A-Plexin Repulsion Signaling By Inhibiting Integrin Adhesion R-HSA-399955,2/14,0.078973898824717,0.992220925457291,0,0,4.790178571428571,12.160528752944924,SEMA3A;RND1,posterior_up
Reactome_2022,HS-GAG Biosynthesis R-HSA-2022928,3/30,0.0789972578000994,0.992220925457291,0,0,3.1957277694982613,8.111850460519905,NDST4;HS3ST1;HS6ST3,posterior_up
Reactome_2022,Collagen Formation R-HSA-1474290,6/90,0.0833357120444716,0.992220925457291,0,0,2.0575278015397775,5.112705785836501,COL17A1;COL26A1;COL11A1;COL12A1;COL10A1;COL19A1,posterior_up
Reactome_2022,RUNX2 Regulates Bone Development R-HSA-8941326,3/31,0.0853678785909831,0.992220925457291,0,0,3.081434958484139,7.582750088642953,WWTR1;MAF;HEY2,posterior_up
Reactome_2022,Synthesis Of Prostaglandins (PG) And Thromboxanes (TX) R-HSA-2162123,2/15,0.0891533687570226,0.992220925457291,0,0,4.421474358974359,10.688459504770435,HPGD;TBXAS1,posterior_up
Reactome_2022,Phase 0 - Rapid Depolarisation R-HSA-5576892,3/32,0.0919490239644271,0.992220925457291,0,0,2.9750244102985763,7.099958060635988,CACNG6;CACNA2D2;FGF11,posterior_up
Reactome_2022,Signaling By GPCR R-HSA-372790,30/689,0.0920538770798758,0.992220925457291,0,0,1.3195458958142867,3.14762004222761,RGS18;NPY2R;HTR2C;ADRA1B;RASGRP2;RXFP2;RGS4;CRHBP;C1QTNF1;EDNRB;ADGRE5;HRH2;GNG8;QRFPR;S1PR5;CCL17;FZD1;F2R;HTR1D;NPY1R;NMBR;OPN5;ADCYAP1;FSHR;PNOC;CRH;BTK;PDE3A;RGS10;ACKR2,posterior_up
Reactome_2022,Striated Muscle Contraction R-HSA-390522,3/33,0.0987330183785135,0.992220925457291,0,0,2.8757078986587183,6.65822960850256,TNNI3;VIM;MYH6,posterior_up
Reactome_2022,Glucagon-type Ligand Receptors R-HSA-420092,3/33,0.0987330183785135,0.992220925457291,0,0,2.8757078986587183,6.65822960850256,ADCYAP1;C1QTNF1;GNG8,posterior_up
Reactome_2022,Keratan Sulfate/Keratin Metabolism R-HSA-1638074,3/33,0.0987330183785135,0.992220925457291,0,0,2.8757078986587183,6.65822960850256,PRELP;ST3GAL6;FMOD,posterior_up
Reactome_2022,Phospholipase C-mediated Cascade: FGFR1 R-HSA-5654219,2/16,0.0996932092448903,0.992220925457291,0,0,4.105442176870748,9.465744433600443,FGF1;FGF3,posterior_up
Reactome_2022,Regulation Of Gene Expression In Late Stage (Branching Morphogenesis) Pancreatic Bud Precursor Cells R-HSA-210744,2/16,0.0996932092448903,0.992220925457291,0,0,4.105442176870748,9.465744433600443,MAML2;MAML3,posterior_up
Reactome_2022,FGFR1 Ligand Binding And Activation R-HSA-190242,2/16,0.0996932092448903,0.992220925457291,0,0,4.105442176870748,9.465744433600443,FGF1;FGF3,posterior_up
Reactome_2022,Gap Junction Assembly R-HSA-190861,2/16,0.0996932092448903,0.992220925457291,0,0,4.105442176870748,9.465744433600443,GJD2;GJA3,posterior_up
Reactome_2022,VLDLR Internalisation And Degradation R-HSA-8866427,2/16,0.0996932092448903,0.992220925457291,0,0,4.105442176870748,9.465744433600443,MYLIP;PCSK9,posterior_up
Reactome_2022,Heparan Sulfate/Heparin (HS-GAG) Metabolism R-HSA-1638091,4/53,0.1028744766416464,0.992220925457291,0,0,2.348705452330186,5.3415332927229855,HPSE2;NDST4;HS3ST1;HS6ST3,posterior_up
Reactome_2022,Neuronal System R-HSA-112316,18/386,0.1040714157930665,0.992220925457291,0,0,1.413557131495228,3.198424517424533,KCNH5;SYT2;KCNJ14;CACNA2D2;GAD2;SLC6A1;KCNAB3;SYT9;GRIN2D;GJD2;PPFIBP2;ERBB4;EPB41L2;IL1RAPL2;KCNQ1;GNG8;CACNG3;KCNK2,posterior_up
Reactome_2022,G Alpha (Q) Signaling Events R-HSA-416476,11/212,0.1042390591273886,0.992220925457291,0,0,1.5786452353616534,3.569424812646289,RGS4;RGS18;EDNRB;F2R;BTK;HTR2C;GNG8;NMBR;RASGRP2;ADRA1B;QRFPR,posterior_up
Reactome_2022,Anti-inflammatory Response Favoring Leishmania Infection R-HSA-9662851,9/165,0.1063020121126007,0.992220925457291,0,0,1.6631000578369,3.7277906581582343,ADCYAP1;HCK;CD163;C1QTNF1;HRH2;FSHR;CRH;GNG8;RXFP2,posterior_up
Reactome_2022,Activated Point Mutants Of FGFR2 R-HSA-2033519,2/17,0.1105576568141873,0.992220925457291,0,0,3.831547619047619,8.437903567415502,FGF1;FGF3,posterior_up
Reactome_2022,Stimuli-sensing Channels R-HSA-2672351,6/100,0.1216666600847961,0.992220925457291,0,0,1.8376863294687225,3.871031615239727,TRPC4;STOM;SGK1;BEST3;ANO3;TRDN,posterior_up
Reactome_2022,Phospholipase C-mediated Cascade; FGFR2 R-HSA-5654221,2/18,0.1217129428171003,0.992220925457291,0,0,3.591889880952381,7.5648431239691405,FGF1;FGF3,posterior_up
Reactome_2022,G Beta:Gamma Signaling Thru BTK R-HSA-8964315,2/18,0.1217129428171003,0.992220925457291,0,0,3.591889880952381,7.5648431239691405,BTK;GNG8,posterior_up
Reactome_2022,Metabolism Of Amine-Derived Hormones R-HSA-209776,2/18,0.1217129428171003,0.992220925457291,0,0,3.591889880952381,7.5648431239691405,TPO;DBH,posterior_up
Reactome_2022,Neurexins And Neuroligins R-HSA-6794361,4/57,0.1253753477401773,0.992220925457291,0,0,2.170994086172909,4.507946035786794,SYT2;EPB41L2;SYT9;GRIN2D,posterior_up
Reactome_2022,Peptide Ligand-Binding Receptors R-HSA-375276,10/196,0.1270770555068614,0.992220925457291,0,0,1.5497473766031868,3.1970693899935227,EDNRB;PNOC;NPY2R;F2R;NPY1R;ACKR2;NMBR;QRFPR;CCL17;RXFP2,posterior_up
Reactome_2022,Defective B3GALTL Causes PpS R-HSA-5083635,3/37,0.1277383064728844,0.992220925457291,0,0,2.5368633295344964,5.22028528354204,ADAMTS5;ADAMTS1;THSD7A,posterior_up
Reactome_2022,Formation Of Fibrin Clot (Clotting Cascade) R-HSA-140877,3/37,0.1277383064728844,0.992220925457291,0,0,2.5368633295344964,5.22028528354204,PROC;F2R;KLKB1,posterior_up
Reactome_2022,Potassium Channels R-HSA-1296071,6/102,0.130226088811516,0.992220925457291,0,0,1.7992140718562877,3.667667648577528,KCNH5;KCNQ1;KCNJ14;GNG8;KCNAB3;KCNK2,posterior_up
Reactome_2022,Phase 4 - Resting Membrane Potential R-HSA-5576886,2/19,0.133127200005515,0.992220925457291,0,0,3.3804271708683475,6.81646310154696,KCNJ14;KCNK2,posterior_up
Reactome_2022,Signaling To RAS R-HSA-167044,2/19,0.133127200005515,0.992220925457291,0,0,3.3804271708683475,6.81646310154696,NGF;MAPK12,posterior_up
Reactome_2022,"GABA Synthesis, Release, Reuptake And Degradation R-HSA-888590",2/19,0.133127200005515,0.992220925457291,0,0,3.3804271708683475,6.81646310154696,GAD2;SLC6A1,posterior_up
Reactome_2022,O-glycosylation Of TSR Domain-Containing Proteins R-HSA-5173214,3/38,0.1354162163015178,0.992220925457291,0,0,2.4642537790078776,4.927034328007282,ADAMTS5;ADAMTS1;THSD7A,posterior_up
Reactome_2022,Transcriptional Regulation By MECP2 R-HSA-8986944,4/60,0.1434874407547647,0.992220925457291,0,0,2.0543710021321964,3.9885772599907057,CRH;GAD2;SGK1;PVALB,posterior_up
Reactome_2022,Receptor-type Tyrosine-Protein Phosphatases R-HSA-388844,2/20,0.1447703729009083,0.992220925457291,0,0,3.1924603174603177,6.169769327476877,PPFIBP2;IL1RAPL2,posterior_up
Reactome_2022,Regulation Of FZD By Ubiquitination R-HSA-4641263,2/20,0.1447703729009083,0.992220925457291,0,0,3.1924603174603177,6.169769327476877,RSPO1;LGR5,posterior_up
Reactome_2022,SHC-mediated cascade:FGFR1 R-HSA-5654688,2/20,0.1447703729009083,0.992220925457291,0,0,3.1924603174603177,6.169769327476877,FGF1;FGF3,posterior_up
Reactome_2022,Signaling By Hippo R-HSA-2028269,2/20,0.1447703729009083,0.992220925457291,0,0,3.1924603174603177,6.169769327476877,WWTR1;WWC1,posterior_up
Reactome_2022,FGFR2 Ligand Binding And Activation R-HSA-190241,2/20,0.1447703729009083,0.992220925457291,0,0,3.1924603174603177,6.169769327476877,FGF1;FGF3,posterior_up
Reactome_2022,G Alpha (S) Signaling Events R-HSA-418555,8/153,0.1458455469116114,0.992220925457291,0,0,1.5889820855338097,3.0591196168494497,ADCYAP1;C1QTNF1;HRH2;FSHR;PDE3A;CRH;GNG8;RXFP2,posterior_up
Reactome_2022,"PI5P, PP2A And IER3 Regulate PI3K/AKT Signaling R-HSA-6811558",6/106,0.1481770715086016,0.992220925457291,0,0,1.7268862275449102,3.2972255408715436,PDGFRB;IL33;ERBB4;PIP5K1B;FGF1;FGF3,posterior_up
Reactome_2022,Post-translational Protein Phosphorylation R-HSA-8957275,6/106,0.1481770715086016,0.992220925457291,0,0,1.7268862275449102,3.2972255408715436,PROC;IGFBP4;PCSK9;TNNI3;PRSS23;FSTL1,posterior_up
Reactome_2022,ADORA2B Mediated Anti-Inflammatory Cytokine Production R-HSA-9660821,7/131,0.154101952460864,0.992220925457291,0,0,1.6251632248391934,3.0392841617425685,ADCYAP1;C1QTNF1;HRH2;FSHR;CRH;GNG8;RXFP2,posterior_up
Reactome_2022,PI-3K cascade:FGFR1 R-HSA-5654689,2/21,0.1566141323930074,0.992220925457291,0,0,3.024279448621554,5.606924138529549,FGF1;FGF3,posterior_up
Reactome_2022,Intrinsic Pathway Of Fibrin Clot Formation R-HSA-140837,2/21,0.1566141323930074,0.992220925457291,0,0,3.024279448621554,5.606924138529549,PROC;KLKB1,posterior_up
Reactome_2022,Beta Oxidation Of lauroyl-CoA To decanoyl-CoA-CoA R-HSA-77310,1/5,0.1575337437365932,0.992220925457291,0,0,7.1775631500742945,13.264966411252582,ACADL,posterior_up
Reactome_2022,Biosynthesis Of E-series 18(S)-resolvins R-HSA-9018896,1/5,0.1575337437365932,0.992220925457291,0,0,7.1775631500742945,13.264966411252582,HPGD,posterior_up
Reactome_2022,Signaling To P38 Via RIT And RIN R-HSA-187706,1/5,0.1575337437365932,0.992220925457291,0,0,7.1775631500742945,13.264966411252582,NGF,posterior_up
Reactome_2022,Fructose Catabolism R-HSA-70350,1/5,0.1575337437365932,0.992220925457291,0,0,7.1775631500742945,13.264966411252582,ALDH1A1,posterior_up
Reactome_2022,Toxicity Of Botulinum Toxin Type D (botD) R-HSA-5250955,1/5,0.1575337437365932,0.992220925457291,0,0,7.1775631500742945,13.264966411252582,SV2C,posterior_up
Reactome_2022,Toxicity Of Botulinum Toxin Type F (botF) R-HSA-5250981,1/5,0.1575337437365932,0.992220925457291,0,0,7.1775631500742945,13.264966411252582,SV2C,posterior_up
Reactome_2022,MET Interacts With TNS Proteins R-HSA-8875513,1/5,0.1575337437365932,0.992220925457291,0,0,7.1775631500742945,13.264966411252582,TNS3,posterior_up
Reactome_2022,Melanin Biosynthesis R-HSA-5662702,1/5,0.1575337437365932,0.992220925457291,0,0,7.1775631500742945,13.264966411252582,OCA2,posterior_up
Reactome_2022,NGF-independant TRKA Activation R-HSA-187024,1/5,0.1575337437365932,0.992220925457291,0,0,7.1775631500742945,13.264966411252582,ADCYAP1,posterior_up
Reactome_2022,NR1H2 And NR1H3 Regulate Gene Expression To Limit Cholesterol Uptake R-HSA-9031525,1/5,0.1575337437365932,0.992220925457291,0,0,7.1775631500742945,13.264966411252582,MYLIP,posterior_up
Reactome_2022,Regulation Of Beta-Cell Development R-HSA-186712,3/41,0.1593416000493208,0.992220925457291,0,0,2.2693544591732686,4.168134576070321,MAML2;MAML3;MAFA,posterior_up
Reactome_2022,Negative Regulation Of MAPK Pathway R-HSA-5675221,3/41,0.1593416000493208,0.992220925457291,0,0,2.2693544591732686,4.168134576070321,DUSP9;DUSP6;MAPK12,posterior_up
Reactome_2022,Signaling By SCF-KIT R-HSA-1433557,3/42,0.1675864156456801,0.992220925457291,0,0,2.211051243838129,3.949503874427251,TEC;GRAP2;SH2B2,posterior_up
Reactome_2022,RA Biosynthesis Pathway R-HSA-5365859,2/22,0.1686317935811626,0.992220925457291,0,0,2.872916666666667,5.113899910019021,CYP26B1;ALDH1A1,posterior_up
Reactome_2022,Common Pathway Of Fibrin Clot Formation R-HSA-140875,2/22,0.1686317935811626,0.992220925457291,0,0,2.872916666666667,5.113899910019021,PROC;F2R,posterior_up
Reactome_2022,SHC-mediated cascade:FGFR2 R-HSA-5654699,2/22,0.1686317935811626,0.992220925457291,0,0,2.872916666666667,5.113899910019021,FGF1;FGF3,posterior_up
Reactome_2022,FRS-mediated FGFR1 Signaling R-HSA-5654693,2/22,0.1686317935811626,0.992220925457291,0,0,2.872916666666667,5.113899910019021,FGF1;FGF3,posterior_up
Reactome_2022,Voltage Gated Potassium Channels R-HSA-1296072,3/43,0.1759524169519633,0.992220925457291,0,0,2.155663189269746,3.7455546366491,KCNH5;KCNQ1;KCNAB3,posterior_up
Reactome_2022,PI-3K cascade:FGFR2 R-HSA-5654695,2/23,0.1807982374770081,0.992220925457291,0,0,2.735969387755102,4.67952975524506,FGF1;FGF3,posterior_up
Reactome_2022,RAF-independent MAPK1/3 Activation R-HSA-112409,2/23,0.1807982374770081,0.992220925457291,0,0,2.735969387755102,4.67952975524506,DUSP9;DUSP6,posterior_up
Reactome_2022,Long-term Potentiation R-HSA-9620244,2/23,0.1807982374770081,0.992220925457291,0,0,2.735969387755102,4.67952975524506,ERBB4;GRIN2D,posterior_up
Reactome_2022,Negative Regulation Of PI3K/AKT Network R-HSA-199418,6/113,0.1820597119844342,0.992220925457291,0,0,1.61332475236443,2.74817054972685,PDGFRB;IL33;ERBB4;PIP5K1B;FGF1;FGF3,posterior_up
Reactome_2022,"Interleukin-3, Interleukin-5 And GM-CSF Signaling R-HSA-512988",3/44,0.184431510973554,0.992220925457291,0,0,2.102976991021773,3.5550344423188056,HCK;TEC;INPP5D,posterior_up
Reactome_2022,Acrosome Reaction And Sperm:Oocyte Membrane Binding R-HSA-1300645,1/6,0.1859319165670405,0.992220925457291,0,0,5.741753343239227,9.659780628585512,CD9,posterior_up
Reactome_2022,PTK6 Promotes HIF1A Stabilization R-HSA-8857538,1/6,0.1859319165670405,0.992220925457291,0,0,5.741753343239227,9.659780628585512,LRRK2,posterior_up
Reactome_2022,Biosynthesis Of EPA-derived SPMs R-HSA-9018679,1/6,0.1859319165670405,0.992220925457291,0,0,5.741753343239227,9.659780628585512,HPGD,posterior_up
Reactome_2022,Classical Antibody-Mediated Complement Activation R-HSA-173623,1/6,0.1859319165670405,0.992220925457291,0,0,5.741753343239227,9.659780628585512,C1QA,posterior_up
Reactome_2022,Signaling By LRP5 Mutants R-HSA-5339717,1/6,0.1859319165670405,0.992220925457291,0,0,5.741753343239227,9.659780628585512,DKK2,posterior_up
Reactome_2022,FLT3 Signaling Thru SRC Family Kinases R-HSA-9706374,1/6,0.1859319165670405,0.992220925457291,0,0,5.741753343239227,9.659780628585512,HCK,posterior_up
Reactome_2022,Synthesis Of Lipoxins (LX) R-HSA-2142700,1/6,0.1859319165670405,0.992220925457291,0,0,5.741753343239227,9.659780628585512,HPGD,posterior_up
Reactome_2022,Uptake And Function Of Diphtheria Toxin R-HSA-5336415,1/6,0.1859319165670405,0.992220925457291,0,0,5.741753343239227,9.659780628585512,CD9,posterior_up
Reactome_2022,Vitamins R-HSA-211916,1/6,0.1859319165670405,0.992220925457291,0,0,5.741753343239227,9.659780628585512,CYP26B1,posterior_up
Reactome_2022,WNT Mediated Activation Of DVL R-HSA-201688,1/6,0.1859319165670405,0.992220925457291,0,0,5.741753343239227,9.659780628585512,PIP5K1B,posterior_up
Reactome_2022,Mitochondrial Fatty Acid Beta-Oxidation Of Unsaturated Fatty Acids R-HSA-77288,1/6,0.1859319165670405,0.992220925457291,0,0,5.741753343239227,9.659780628585512,ACADL,posterior_up
Reactome_2022,p75NTR Negatively Regulates Cell Cycle Via SC1 R-HSA-193670,1/6,0.1859319165670405,0.992220925457291,0,0,5.741753343239227,9.659780628585512,NGF,posterior_up
Reactome_2022,NADE Modulates Death Signaling R-HSA-205025,1/6,0.1859319165670405,0.992220925457291,0,0,5.741753343239227,9.659780628585512,NGF,posterior_up
Reactome_2022,FRS-mediated FGFR2 Signaling R-HSA-5654700,2/24,0.1930898360940078,0.992220925457291,0,0,2.6114718614718613,4.294825908841505,FGF1;FGF3,posterior_up
Reactome_2022,NR1H2 And NR1H3-mediated Signaling R-HSA-9024446,3/46,0.201697068646502,0.992220925457291,0,0,2.004956157072055,3.209911484544325,ARL4C;MYLIP;PLTP,posterior_up
Reactome_2022,GPCR Downstream Signaling R-HSA-388396,25/619,0.2019165113113046,0.992220925457291,0,0,1.2147670853371932,1.9435070470924167,RGS18;NPY2R;HTR2C;ADRA1B;RASGRP2;RXFP2;RGS4;C1QTNF1;EDNRB;HRH2;GNG8;QRFPR;S1PR5;F2R;HTR1D;NPY1R;NMBR;OPN5;ADCYAP1;FSHR;PNOC;CRH;BTK;PDE3A;RGS10,posterior_up
Reactome_2022,Fertilization R-HSA-1187000,2/25,0.2054843806669612,0.992220925457291,0,0,2.4978002070393375,3.952482216109502,HVCN1;CD9,posterior_up
Reactome_2022,Gap Junction Trafficking R-HSA-190828,2/25,0.2054843806669612,0.992220925457291,0,0,2.4978002070393375,3.952482216109502,GJD2;GJA3,posterior_up
Reactome_2022,Leishmania Infection R-HSA-9658195,11/247,0.2132636968858057,0.992220925457291,0,0,1.3420635529309508,2.0737913150413942,HCK;ADCYAP1;ENTPD1;CD163;C1QTNF1;HRH2;FSHR;BTK;CRH;GNG8;RXFP2,posterior_up
Reactome_2022,Signaling By TGFB Family Members R-HSA-9006936,6/119,0.2133004734959479,0.992220925457291,0,0,1.5271845689152668,2.359581762017059,WWTR1;BMP2;FST;ITGB6;BMPR1B;FSTL1,posterior_up
Reactome_2022,APEX1-Independent Resolution Of AP Sites Via Single Nucleotide Replacement Pathway R-HSA-5649702,1/7,0.2133742056748744,0.992220925457291,0,0,4.784546805349183,7.390726867993192,LRIG3,posterior_up
Reactome_2022,ARMS-mediated Activation R-HSA-170984,1/7,0.2133742056748744,0.992220925457291,0,0,4.784546805349183,7.390726867993192,NGF,posterior_up
Reactome_2022,Defective HLCS Causes Multiple Carboxylase Deficiency R-HSA-3371599,1/7,0.2133742056748744,0.992220925457291,0,0,4.784546805349183,7.390726867993192,PROC,posterior_up
Reactome_2022,FGFR3b Ligand Binding And Activation R-HSA-190371,1/7,0.2133742056748744,0.992220925457291,0,0,4.784546805349183,7.390726867993192,FGF1,posterior_up
Reactome_2022,Fructose Metabolism R-HSA-5652084,1/7,0.2133742056748744,0.992220925457291,0,0,4.784546805349183,7.390726867993192,ALDH1A1,posterior_up
Reactome_2022,Interleukin-36 Pathway R-HSA-9014826,1/7,0.2133742056748744,0.992220925457291,0,0,4.784546805349183,7.390726867993192,IL1RL2,posterior_up
Reactome_2022,MECP2 Regulates Transcription Of Neuronal Ligands R-HSA-9022702,1/7,0.2133742056748744,0.992220925457291,0,0,4.784546805349183,7.390726867993192,CRH,posterior_up
Reactome_2022,Signaling By ALK R-HSA-201556,2/26,0.2179610130560336,0.992220925457291,0,0,2.3936011904761907,3.64650557487117,ALK;PTN,posterior_up
Reactome_2022,Synthesis Of IP3 And IP4 In Cytosol R-HSA-1855204,2/26,0.2179610130560336,0.992220925457291,0,0,2.3936011904761907,3.64650557487117,INPP5D;PLCD3,posterior_up
Reactome_2022,Cell-Cell Communication R-HSA-1500931,6/120,0.2186802977416191,0.992220925457291,0,0,1.5137094232587456,2.3010569687132625,CDH6;COL17A1;CDH10;CDH8;NECTIN2;NECTIN1,posterior_up
Reactome_2022,NOTCH1 Intracellular Domain Regulates Transcription R-HSA-2122947,3/48,0.2193203816404106,0.992220925457291,0,0,1.9156482861400896,2.9064631269633807,MAML2;HEY2;MAML3,posterior_up
Reactome_2022,TCF Dependent Signaling In Response To WNT R-HSA-201681,9/198,0.22564336427137,0.992220925457291,0,0,1.3703544575725026,2.0401831139092512,FZD1;SFRP1;PROC;WIF1;PIP5K1B;RSPO1;LGR5;DKK2;DACT1,posterior_up
Reactome_2022,Netrin-1 Signaling R-HSA-373752,3/49,0.2282471453443212,0.992220925457291,0,0,1.8739065638566708,2.7683713873613582,TRPC4;UNC5C;MAPK12,posterior_up
Reactome_2022,Gap Junction Trafficking And Regulation R-HSA-157858,2/27,0.2305001601624184,0.992220925457291,0,0,2.297738095238095,3.3719392062488858,GJD2;GJA3,posterior_up
Reactome_2022,Role Of Nef In HIV-1 Replication And Disease Pathogenesis R-HSA-164952,2/27,0.2305001601624184,0.992220925457291,0,0,2.297738095238095,3.3719392062488858,HCK;AP1S3,posterior_up
Reactome_2022,Integrin Signaling R-HSA-354192,2/27,0.2305001601624184,0.992220925457291,0,0,2.297738095238095,3.3719392062488858,APBB1IP;RASGRP2,posterior_up
Reactome_2022,Orexin And Neuropeptides FF And QRFP Bind To Their Respective Receptors R-HSA-389397,1/8,0.2398927393889067,0.992220925457291,0,0,4.100827849713436,5.854191644410584,QRFPR,posterior_up
Reactome_2022,Phosphate Bond Hydrolysis By NTPDase Proteins R-HSA-8850843,1/8,0.2398927393889067,0.992220925457291,0,0,4.100827849713436,5.854191644410584,ENTPD1,posterior_up
Reactome_2022,ROBO Receptors Bind AKAP5 R-HSA-9010642,1/8,0.2398927393889067,0.992220925457291,0,0,4.100827849713436,5.854191644410584,ROBO2,posterior_up
Reactome_2022,RUNX3 Regulates YAP1-mediated Transcription R-HSA-8951671,1/8,0.2398927393889067,0.992220925457291,0,0,4.100827849713436,5.854191644410584,WWTR1,posterior_up
Reactome_2022,Relaxin Receptors R-HSA-444821,1/8,0.2398927393889067,0.992220925457291,0,0,4.100827849713436,5.854191644410584,RXFP2,posterior_up
Reactome_2022,Defects In Biotin (Btn) Metabolism R-HSA-3323169,1/8,0.2398927393889067,0.992220925457291,0,0,4.100827849713436,5.854191644410584,PROC,posterior_up
Reactome_2022,Sema4D Mediated Inhibition Of Cell Attachment And Migration R-HSA-416550,1/8,0.2398927393889067,0.992220925457291,0,0,4.100827849713436,5.854191644410584,RND1,posterior_up
Reactome_2022,Synthesis Of UDP-N-acetyl-glucosamine R-HSA-446210,1/8,0.2398927393889067,0.992220925457291,0,0,4.100827849713436,5.854191644410584,GFPT2,posterior_up
Reactome_2022,Ligand-receptor Interactions R-HSA-5632681,1/8,0.2398927393889067,0.992220925457291,0,0,4.100827849713436,5.854191644410584,GAS1,posterior_up
Reactome_2022,Myoclonic Epilepsy Of Lafora R-HSA-3785653,1/8,0.2398927393889067,0.992220925457291,0,0,4.100827849713436,5.854191644410584,PPP1R3C,posterior_up
Reactome_2022,Nef And Signal Transduction R-HSA-164944,1/8,0.2398927393889067,0.992220925457291,0,0,4.100827849713436,5.854191644410584,HCK,posterior_up
Reactome_2022,Netrin Mediated Repulsion Signals R-HSA-418886,1/8,0.2398927393889067,0.992220925457291,0,0,4.100827849713436,5.854191644410584,UNC5C,posterior_up
Reactome_2022,"Adrenaline,noradrenaline Inhibits Insulin Secretion R-HSA-400042",2/28,0.2430834712809244,0.992220925457291,0,0,2.2092490842490844,3.124652307033477,GNG8;CACNA2D2,posterior_up
Reactome_2022,DAP12 Signaling R-HSA-2424491,2/28,0.2430834712809244,0.992220925457291,0,0,2.2092490842490844,3.124652307033477,GRAP2;BTK,posterior_up
Reactome_2022,Notch-HLH Transcription Pathway R-HSA-350054,2/28,0.2430834712809244,0.992220925457291,0,0,2.2092490842490844,3.124652307033477,MAML2;MAML3,posterior_up
Reactome_2022,Disassembly Of Destruction Complex And Recruitment Of AXIN To Membrane R-HSA-4641262,2/29,0.255693758070071,0.992220925457291,0,0,2.127314814814815,2.9011783534030946,FZD1;PROC,posterior_up
Reactome_2022,Downstream Signaling Of Activated FGFR2 R-HSA-5654696,2/29,0.255693758070071,0.992220925457291,0,0,2.127314814814815,2.9011783534030946,FGF1;FGF3,posterior_up
Reactome_2022,Opsins R-HSA-419771,1/9,0.2655185678316712,0.992220925457291,0,0,3.588038632986627,4.757992203473903,OPN5,posterior_up
Reactome_2022,PI3K/AKT Activation R-HSA-198203,1/9,0.2655185678316712,0.992220925457291,0,0,3.588038632986627,4.757992203473903,NGF,posterior_up
Reactome_2022,Phase 3 - Rapid Repolarisation R-HSA-5576890,1/9,0.2655185678316712,0.992220925457291,0,0,3.588038632986627,4.757992203473903,KCNQ1,posterior_up
Reactome_2022,Adrenoceptors R-HSA-390696,1/9,0.2655185678316712,0.992220925457291,0,0,3.588038632986627,4.757992203473903,ADRA1B,posterior_up
Reactome_2022,CD163 Mediating An Anti-Inflammatory Response R-HSA-9662834,1/9,0.2655185678316712,0.992220925457291,0,0,3.588038632986627,4.757992203473903,CD163,posterior_up
Reactome_2022,Regulation Of Commissural Axon Pathfinding By SLIT And ROBO R-HSA-428542,1/9,0.2655185678316712,0.992220925457291,0,0,3.588038632986627,4.757992203473903,ROBO2,posterior_up
Reactome_2022,Downregulation Of ERBB4 Signaling R-HSA-1253288,1/9,0.2655185678316712,0.992220925457291,0,0,3.588038632986627,4.757992203473903,ERBB4,posterior_up
Reactome_2022,Sperm Motility And Taxes R-HSA-1300642,1/9,0.2655185678316712,0.992220925457291,0,0,3.588038632986627,4.757992203473903,HVCN1,posterior_up
Reactome_2022,Transport Of Gamma-Carboxylated Protein Precursors From Endoplasmic Reticulum To Golgi Apparatus R-HSA-159763,1/9,0.2655185678316712,0.992220925457291,0,0,3.588038632986627,4.757992203473903,PROC,posterior_up
Reactome_2022,Type I Hemidesmosome Assembly R-HSA-446107,1/9,0.2655185678316712,0.992220925457291,0,0,3.588038632986627,4.757992203473903,COL17A1,posterior_up
Reactome_2022,Interleukin-23 Signaling R-HSA-9020933,1/9,0.2655185678316712,0.992220925457291,0,0,3.588038632986627,4.757992203473903,STAT4,posterior_up
Reactome_2022,p75NTR Regulates Axonogenesis R-HSA-193697,1/9,0.2655185678316712,0.992220925457291,0,0,3.588038632986627,4.757992203473903,NGF,posterior_up
Reactome_2022,Multifunctional Anion Exchangers R-HSA-427601,1/9,0.2655185678316712,0.992220925457291,0,0,3.588038632986627,4.757992203473903,SLC5A12,posterior_up
Reactome_2022,Downstream Signaling Of Activated FGFR1 R-HSA-5654687,2/30,0.2683149372909035,0.992220925457291,0,0,2.051232993197279,2.69858950925293,FGF1;FGF3,posterior_up
Reactome_2022,FGFR1 Mutant Receptor Activation R-HSA-1839124,2/30,0.2683149372909035,0.992220925457291,0,0,2.051232993197279,2.69858950925293,CUX1;FGF1,posterior_up
Reactome_2022,Oncogenic MAPK Signaling R-HSA-6802957,4/78,0.2686302888497838,0.992220925457291,0,0,1.5532069382815652,2.04156507656756,APBB1IP;ZC3HAV1;DUSP9;DUSP6,posterior_up
Reactome_2022,Constitutive Signaling By Aberrant PI3K In Cancer R-HSA-2219530,4/78,0.2686302888497838,0.992220925457291,0,0,1.5532069382815652,2.04156507656756,PDGFRB;ERBB4;FGF1;FGF3,posterior_up
Reactome_2022,RHOJ GTPase Cycle R-HSA-9013409,3/54,0.2737418753444101,0.992220925457291,0,0,1.6897519067239417,2.1891913326787455,CPNE8;RHOJ;STOM,posterior_up
Reactome_2022,PI3K/AKT Signaling In Cancer R-HSA-2219528,5/105,0.2800559854074595,0.992220925457291,0,0,1.4369207772795216,1.8288635477902355,PDGFRB;NR4A1;ERBB4;FGF1;FGF3,posterior_up
Reactome_2022,ECM Proteoglycans R-HSA-3000178,3/55,0.2829647738172431,0.992220925457291,0,0,1.6571706981543046,2.092066749332569,TNNI3;ITGB6;FMOD,posterior_up
Reactome_2022,AKT Phosphorylates Targets In Nucleus R-HSA-198693,1/10,0.290281699191608,0.992220925457291,0,0,3.189202575532442,3.944735671485662,NR4A1,posterior_up
Reactome_2022,Organic Anion Transporters R-HSA-428643,1/10,0.290281699191608,0.992220925457291,0,0,3.189202575532442,3.944735671485662,SLC17A6,posterior_up
Reactome_2022,PI3K Events In ERBB4 Signaling R-HSA-1250342,1/10,0.290281699191608,0.992220925457291,0,0,3.189202575532442,3.944735671485662,ERBB4,posterior_up
Reactome_2022,Activation Of PPARGC1A (PGC-1alpha) By Phosphorylation R-HSA-2151209,1/10,0.290281699191608,0.992220925457291,0,0,3.189202575532442,3.944735671485662,MAPK12,posterior_up
Reactome_2022,Condensation Of Prometaphase Chromosomes R-HSA-2514853,1/10,0.290281699191608,0.992220925457291,0,0,3.189202575532442,3.944735671485662,NCAPH,posterior_up
Reactome_2022,Removal Of Aminoterminal Propeptides From Gamma-Carboxylated Proteins R-HSA-159782,1/10,0.290281699191608,0.992220925457291,0,0,3.189202575532442,3.944735671485662,PROC,posterior_up
Reactome_2022,Role Of Second Messengers In Netrin-1 Signaling R-HSA-418890,1/10,0.290281699191608,0.992220925457291,0,0,3.189202575532442,3.944735671485662,TRPC4,posterior_up
Reactome_2022,Gamma-carboxylation Of Protein Precursors R-HSA-159740,1/10,0.290281699191608,0.992220925457291,0,0,3.189202575532442,3.944735671485662,PROC,posterior_up
Reactome_2022,Thyroxine Biosynthesis R-HSA-209968,1/10,0.290281699191608,0.992220925457291,0,0,3.189202575532442,3.944735671485662,TPO,posterior_up
Reactome_2022,HDL Remodeling R-HSA-8964058,1/10,0.290281699191608,0.992220925457291,0,0,3.189202575532442,3.944735671485662,PLTP,posterior_up
Reactome_2022,HuR (ELAVL1) Binds And Stabilizes mRNA R-HSA-450520,1/10,0.290281699191608,0.992220925457291,0,0,3.189202575532442,3.944735671485662,ENPP2,posterior_up
Reactome_2022,Urea Cycle R-HSA-70635,1/10,0.290281699191608,0.992220925457291,0,0,3.189202575532442,3.944735671485662,ARG2,posterior_up
Reactome_2022,Interleukin-21 Signaling R-HSA-9020958,1/10,0.290281699191608,0.992220925457291,0,0,3.189202575532442,3.944735671485662,STAT4,posterior_up
Reactome_2022,Nef Mediated Downregulation Of MHC Class I Complex Cell Surface Expression R-HSA-164940,1/10,0.290281699191608,0.992220925457291,0,0,3.189202575532442,3.944735671485662,AP1S3,posterior_up
Reactome_2022,Negative Regulation Of Activity Of TFAP2 (AP-2) Family Transcription Factors R-HSA-8866904,1/10,0.290281699191608,0.992220925457291,0,0,3.189202575532442,3.944735671485662,TFAP2D,posterior_up
Reactome_2022,O-linked Glycosylation R-HSA-5173105,5/107,0.2931411717402414,0.992220925457291,0,0,1.4085993141651278,1.7284935864259985,ADAMTS5;GALNT6;B3GNT8;ADAMTS1;THSD7A,posterior_up
Reactome_2022,Signaling By NOTCH2 R-HSA-1980145,2/32,0.2935308391537989,0.992220925457291,0,0,1.9142857142857144,2.3464789225014835,MAML2;MAML3,posterior_up
Reactome_2022,G-protein Beta:Gamma Signaling R-HSA-397795,2/32,0.2935308391537989,0.992220925457291,0,0,1.9142857142857144,2.3464789225014835,BTK;GNG8,posterior_up
Reactome_2022,Thrombin Signaling Thru Proteinase Activated Receptors (PARs) R-HSA-456926,2/32,0.2935308391537989,0.992220925457291,0,0,1.9142857142857144,2.3464789225014835,F2R;GNG8,posterior_up
Reactome_2022,Signaling By WNT In Cancer R-HSA-4791275,2/33,0.3060984398303854,0.992220925457291,0,0,1.852438556067588,2.1930066614633437,PROC;DKK2,posterior_up
Reactome_2022,FGFR2 Mutant Receptor Activation R-HSA-1839126,2/33,0.3060984398303854,0.992220925457291,0,0,1.852438556067588,2.1930066614633437,FGF1;FGF3,posterior_up
Reactome_2022,Signaling To ERKs R-HSA-187687,2/33,0.3060984398303854,0.992220925457291,0,0,1.852438556067588,2.1930066614633437,NGF;MAPK12,posterior_up
Reactome_2022,Negative Regulation Of FGFR1 Signaling R-HSA-5654726,2/33,0.3060984398303854,0.992220925457291,0,0,1.852438556067588,2.1930066614633437,FGF1;FGF3,posterior_up
Reactome_2022,Constitutive Signaling By NOTCH1 HD+PEST Domain Mutants R-HSA-2894862,3/58,0.3107651612279084,0.992220925457291,0,0,1.5665356997696789,1.8308380949863583,MAML2;HEY2;MAML3,posterior_up
Reactome_2022,Biotin Transport And Metabolism R-HSA-196780,1/11,0.3142111344105642,0.992220925457291,0,0,2.8701337295690936,3.322725451622821,PROC,posterior_up
Reactome_2022,Regulation Of Gene Expression By Hypoxia-inducible Factor R-HSA-1234158,1/11,0.3142111344105642,0.992220925457291,0,0,2.8701337295690936,3.322725451622821,HIF3A,posterior_up
Reactome_2022,Regulation Of Signaling By NODAL R-HSA-1433617,1/11,0.3142111344105642,0.992220925457291,0,0,2.8701337295690936,3.322725451622821,LEFTY1,posterior_up
Reactome_2022,DSCAM Interactions R-HSA-376172,1/11,0.3142111344105642,0.992220925457291,0,0,2.8701337295690936,3.322725451622821,MAPK12,posterior_up
Reactome_2022,Ethanol Oxidation R-HSA-71384,1/11,0.3142111344105642,0.992220925457291,0,0,2.8701337295690936,3.322725451622821,ALDH1A1,posterior_up
Reactome_2022,Signaling By Activated Point Mutants Of FGFR1 R-HSA-1839122,1/11,0.3142111344105642,0.992220925457291,0,0,2.8701337295690936,3.322725451622821,FGF1,posterior_up
Reactome_2022,"Gamma-carboxylation, Transport, And Amino-Terminal Cleavage Of Proteins R-HSA-159854",1/11,0.3142111344105642,0.992220925457291,0,0,2.8701337295690936,3.322725451622821,PROC,posterior_up
Reactome_2022,Mitochondrial Fatty Acid Beta-Oxidation Of Saturated Fatty Acids R-HSA-77286,1/11,0.3142111344105642,0.992220925457291,0,0,2.8701337295690936,3.322725451622821,ACADL,posterior_up
Reactome_2022,Metabolic Disorders Of Biological Oxidation Enzymes R-HSA-5579029,2/34,0.3186225910325521,0.992220925457291,0,0,1.7944568452380951,2.0524063862395496,CYP26B1;TBXAS1,posterior_up
Reactome_2022,Negative Regulation Of FGFR2 Signaling R-HSA-5654727,2/34,0.3186225910325521,0.992220925457291,0,0,1.7944568452380951,2.0524063862395496,FGF1;FGF3,posterior_up
Reactome_2022,RHOQ GTPase Cycle R-HSA-9013406,3/59,0.3200558385158095,0.992220925457291,0,0,1.5384820097934853,1.7527307114717632,CPNE8;STOM;CFTR,posterior_up
Reactome_2022,Plasma Lipoprotein Clearance R-HSA-8964043,2/35,0.3310919604599081,0.992220925457291,0,0,1.7399891774891776,1.9233128991290311,MYLIP;PCSK9,posterior_up
Reactome_2022,Inwardly Rectifying K+ Channels R-HSA-1296065,2/35,0.3310919604599081,0.992220925457291,0,0,1.7399891774891776,1.9233128991290311,KCNJ14;GNG8,posterior_up
Reactome_2022,ALK Mutants Bind TKIs R-HSA-9700645,1/12,0.3373349009729135,0.992220925457291,0,0,2.609077401053627,2.835229805458863,ALK,posterior_up
Reactome_2022,PECAM1 Interactions R-HSA-210990,1/12,0.3373349009729135,0.992220925457291,0,0,2.609077401053627,2.835229805458863,INPP5D,posterior_up
Reactome_2022,Activation Of TFAP2 (AP-2) Family Of Transcription Factors R-HSA-8866907,1/12,0.3373349009729135,0.992220925457291,0,0,2.609077401053627,2.835229805458863,TFAP2D,posterior_up
Reactome_2022,Presynaptic Depolarization And Calcium Channel Opening R-HSA-112308,1/12,0.3373349009729135,0.992220925457291,0,0,2.609077401053627,2.835229805458863,CACNA2D2,posterior_up
Reactome_2022,Caspase-mediated Cleavage Of Cytoskeletal Proteins R-HSA-264870,1/12,0.3373349009729135,0.992220925457291,0,0,2.609077401053627,2.835229805458863,VIM,posterior_up
Reactome_2022,Scavenging Of Heme From Plasma R-HSA-2168880,1/12,0.3373349009729135,0.992220925457291,0,0,2.609077401053627,2.835229805458863,CD163,posterior_up
Reactome_2022,Eicosanoids R-HSA-211979,1/12,0.3373349009729135,0.992220925457291,0,0,2.609077401053627,2.835229805458863,TBXAS1,posterior_up
Reactome_2022,FGFR1c Ligand Binding And Activation R-HSA-190373,1/12,0.3373349009729135,0.992220925457291,0,0,2.609077401053627,2.835229805458863,FGF1,posterior_up
Reactome_2022,FGFR3 Mutant Receptor Activation R-HSA-2033514,1/12,0.3373349009729135,0.992220925457291,0,0,2.609077401053627,2.835229805458863,FGF1,posterior_up
Reactome_2022,Frs2-mediated Activation R-HSA-170968,1/12,0.3373349009729135,0.992220925457291,0,0,2.609077401053627,2.835229805458863,NGF,posterior_up
Reactome_2022,Tandem Pore Domain Potassium Channels R-HSA-1296346,1/12,0.3373349009729135,0.992220925457291,0,0,2.609077401053627,2.835229805458863,KCNK2,posterior_up
Reactome_2022,HDR Thru MMEJ (alt-NHEJ) R-HSA-5685939,1/12,0.3373349009729135,0.992220925457291,0,0,2.609077401053627,2.835229805458863,LRIG3,posterior_up
Reactome_2022,Hormone Ligand-Binding Receptors R-HSA-375281,1/12,0.3373349009729135,0.992220925457291,0,0,2.609077401053627,2.835229805458863,FSHR,posterior_up
Reactome_2022,Interleukin-35 Signaling R-HSA-8984722,1/12,0.3373349009729135,0.992220925457291,0,0,2.609077401053627,2.835229805458863,STAT4,posterior_up
Reactome_2022,p38MAPK Events R-HSA-171007,1/12,0.3373349009729135,0.992220925457291,0,0,2.609077401053627,2.835229805458863,MAPK12,posterior_up
Reactome_2022,Lysine Catabolism R-HSA-71064,1/12,0.3373349009729135,0.992220925457291,0,0,2.609077401053627,2.835229805458863,AADAT,posterior_up
Reactome_2022,Signaling By FGFR In Disease R-HSA-1226099,3/61,0.3386389297554032,0.992220925457291,0,0,1.485276735700704,1.6082886073284153,CUX1;FGF1;FGF3,posterior_up
Reactome_2022,Platelet Aggregation (Plug Formation) R-HSA-76009,2/36,0.3434960264772189,0.992220925457291,0,0,1.6887254901960784,1.8045378370354437,APBB1IP;RASGRP2,posterior_up
Reactome_2022,Signaling By FGFR1 In Disease R-HSA-5655302,2/36,0.3434960264772189,0.992220925457291,0,0,1.6887254901960784,1.8045378370354437,CUX1;FGF1,posterior_up
Reactome_2022,NR1H3 And NR1H2 Regulate Gene Expression Linked To Cholesterol Transport And Efflux R-HSA-9029569,2/36,0.3434960264772189,0.992220925457291,0,0,1.6887254901960784,1.8045378370354437,ARL4C;PLTP,posterior_up
Reactome_2022,FLT3 Signaling R-HSA-9607240,2/37,0.3558250369060393,0.992220925457291,0,0,1.640391156462585,1.6950426551069329,HCK;GRAP2,posterior_up
Reactome_2022,Diseases Of Signal Transduction By Growth Factor Receptors And Second Messengers R-HSA-5663202,16/424,0.357401577967079,0.992220925457291,0,0,1.1274807795458608,1.160059631098494,ALK;PDGFRB;MAML2;ZC3HAV1;FGF1;DUSP9;DKK2;DUSP6;FGF3;APBB1IP;NR4A1;PROC;CUX1;ERBB4;HEY2;MAML3,posterior_up
Reactome_2022,Phospholipase C-mediated Cascade; FGFR3 R-HSA-5654227,1/13,0.3596800854782679,0.992220925457291,0,0,2.3915304606240713,2.445436260474371,FGF1,posterior_up
Reactome_2022,SHC1 Events In ERBB4 Signaling R-HSA-1250347,1/13,0.3596800854782679,0.992220925457291,0,0,2.3915304606240713,2.445436260474371,ERBB4,posterior_up
Reactome_2022,ERBB2 Activates PTK6 Signaling R-HSA-8847993,1/13,0.3596800854782679,0.992220925457291,0,0,2.3915304606240713,2.445436260474371,ERBB4,posterior_up
Reactome_2022,ERKs Are Inactivated R-HSA-202670,1/13,0.3596800854782679,0.992220925457291,0,0,2.3915304606240713,2.445436260474371,DUSP6,posterior_up
Reactome_2022,FCGR Activation R-HSA-2029481,1/13,0.3596800854782679,0.992220925457291,0,0,2.3915304606240713,2.445436260474371,HCK,posterior_up
Reactome_2022,FGFR2c Ligand Binding And Activation R-HSA-190375,1/13,0.3596800854782679,0.992220925457291,0,0,2.3915304606240713,2.445436260474371,FGF1,posterior_up
Reactome_2022,FGFR3 Ligand Binding And Activation R-HSA-190239,1/13,0.3596800854782679,0.992220925457291,0,0,2.3915304606240713,2.445436260474371,FGF1,posterior_up
Reactome_2022,FGFRL1 Modulation Of FGFR1 Signaling R-HSA-5658623,1/13,0.3596800854782679,0.992220925457291,0,0,2.3915304606240713,2.445436260474371,FGF3,posterior_up
Reactome_2022,"Synthesis, Secretion, And Inactivation Of Glucose-dependent Insulinotropic Polypeptide (GIP) R-HSA-400511",1/13,0.3596800854782679,0.992220925457291,0,0,2.3915304606240713,2.445436260474371,C1QTNF1,posterior_up
Reactome_2022,Glycogen Synthesis R-HSA-3322077,1/13,0.3596800854782679,0.992220925457291,0,0,2.3915304606240713,2.445436260474371,PPP1R3C,posterior_up
Reactome_2022,p75NTR Recruits Signaling Complexes R-HSA-209543,1/13,0.3596800854782679,0.992220925457291,0,0,2.3915304606240713,2.445436260474371,NGF,posterior_up
Reactome_2022,NF-kB Is Activated And Signals Survival R-HSA-209560,1/13,0.3596800854782679,0.992220925457291,0,0,2.3915304606240713,2.445436260474371,NGF,posterior_up
Reactome_2022,Metabolism Of Carbohydrates R-HSA-71387,11/285,0.3663558522738537,0.99999574386894,0,0,1.153636974160804,1.1584247336819415,PROC;HPSE2;PPP1R3C;NDST4;ALDH1A1;HAS3;ST3GAL6;PRELP;FMOD;HS3ST1;HS6ST3,posterior_up
Reactome_2022,Semaphorin Interactions R-HSA-373755,3/64,0.3664389741072341,0.99999574386894,0,0,1.41201045662212,1.4175501710666183,SEMA6A;SEMA3A;RND1,posterior_up
Reactome_2022,Apoptotic Cleavage Of Cellular Proteins R-HSA-111465,2/38,0.3680699689054335,0.99999574386894,0,0,1.5947420634920637,1.5939163475004876,PROC;VIM,posterior_up
Reactome_2022,APC Truncation Mutants Have Impaired AXIN Binding R-HSA-5467337,1/14,0.3812728652643022,0.99999574386894,0,0,2.207452280260602,2.1285137390268476,PROC,posterior_up
Reactome_2022,Prolonged ERK Activation Events R-HSA-169893,1/14,0.3812728652643022,0.99999574386894,0,0,2.207452280260602,2.1285137390268476,NGF,posterior_up
Reactome_2022,Creation Of C4 And C2 Activators R-HSA-166786,1/14,0.3812728652643022,0.99999574386894,0,0,2.207452280260602,2.1285137390268476,C1QA,posterior_up
Reactome_2022,Retrograde Neurotrophin Signaling R-HSA-177504,1/14,0.3812728652643022,0.99999574386894,0,0,2.207452280260602,2.1285137390268476,NGF,posterior_up
Reactome_2022,FGFR4 Ligand Binding And Activation R-HSA-190322,1/14,0.3812728652643022,0.99999574386894,0,0,2.207452280260602,2.1285137390268476,FGF1,posterior_up
Reactome_2022,TP53 Regulates Transcription Of Genes Involved In G1 Cell Cycle Arrest R-HSA-6804116,1/14,0.3812728652643022,0.99999574386894,0,0,2.207452280260602,2.1285137390268476,E2F8,posterior_up
Reactome_2022,Tryptophan Catabolism R-HSA-71240,1/14,0.3812728652643022,0.99999574386894,0,0,2.207452280260602,2.1285137390268476,AADAT,posterior_up
Reactome_2022,LGI-ADAM Interactions R-HSA-5682910,1/14,0.3812728652643022,0.99999574386894,0,0,2.207452280260602,2.1285137390268476,CACNG3,posterior_up
Reactome_2022,Lysosphingolipid And LPA Receptors R-HSA-419408,1/14,0.3812728652643022,0.99999574386894,0,0,2.207452280260602,2.1285137390268476,S1PR5,posterior_up
Reactome_2022,RET Signaling R-HSA-8853659,2/40,0.3922749277930448,0.99999574386894,0,0,1.5106516290726817,1.4136562207938828,DOK5;NRTN,posterior_up
Reactome_2022,Diseases Associated With Glycosaminoglycan Metabolism R-HSA-3560782,2/40,0.3922749277930448,0.99999574386894,0,0,1.5106516290726817,1.4136562207938828,PRELP;FMOD,posterior_up
Reactome_2022,Immunoregulatory Interactions Between A Lymphoid And A non-Lymphoid Cell R-HSA-198933,5/123,0.400023227528373,0.99999574386894,0,0,1.216589394745509,1.1146789430410693,TREML1;CRTAM;TREML2;SLAMF6;NECTIN2,posterior_up
Reactome_2022,Phospholipase C-mediated Cascade; FGFR4 R-HSA-5654228,1/15,0.4021385387446713,0.99999574386894,0,0,2.049670982806198,1.8671654622272211,FGF1,posterior_up
Reactome_2022,CTNNB1 S33 Mutants Not Phosphorylated R-HSA-5358747,1/15,0.4021385387446713,0.99999574386894,0,0,2.049670982806198,1.8671654622272211,PROC,posterior_up
Reactome_2022,Defects Of Contact Activation System (CAS) And Kallikrein/Kinin System (KKS) R-HSA-9651496,1/15,0.4021385387446713,0.99999574386894,0,0,2.049670982806198,1.8671654622272211,KLKB1,posterior_up
Reactome_2022,Signaling By Activin R-HSA-1502540,1/15,0.4021385387446713,0.99999574386894,0,0,2.049670982806198,1.8671654622272211,FST,posterior_up
Reactome_2022,ERBB2 Regulates Cell Motility R-HSA-6785631,1/15,0.4021385387446713,0.99999574386894,0,0,2.049670982806198,1.8671654622272211,ERBB4,posterior_up
Reactome_2022,GRB2 Events In ERBB2 Signaling R-HSA-1963640,1/15,0.4021385387446713,0.99999574386894,0,0,2.049670982806198,1.8671654622272211,ERBB4,posterior_up
Reactome_2022,GRB2:SOS Provides Linkage To MAPK Signaling For Integrins R-HSA-354194,1/15,0.4021385387446713,0.99999574386894,0,0,2.049670982806198,1.8671654622272211,APBB1IP,posterior_up
Reactome_2022,Glycogen Storage Diseases R-HSA-3229121,1/15,0.4021385387446713,0.99999574386894,0,0,2.049670982806198,1.8671654622272211,PPP1R3C,posterior_up
Reactome_2022,YAP1- And WWTR1 (TAZ)-stimulated Gene Expression R-HSA-2032785,1/15,0.4021385387446713,0.99999574386894,0,0,2.049670982806198,1.8671654622272211,WWTR1,posterior_up
Reactome_2022,p130Cas Linkage To MAPK Signaling For Integrins R-HSA-372708,1/15,0.4021385387446713,0.99999574386894,0,0,2.049670982806198,1.8671654622272211,APBB1IP,posterior_up
Reactome_2022,Signaling By Retinoic Acid R-HSA-5362517,2/41,0.40422022328643,0.99999574386894,0,0,1.4718406593406594,1.333186561159902,CYP26B1;ALDH1A1,posterior_up
Reactome_2022,Signaling By WNT R-HSA-195721,11/294,0.4050922685253938,0.99999574386894,0,0,1.1164212355232932,1.0088433478059895,FZD1;SFRP1;VANGL2;PROC;WIF1;GNG8;PIP5K1B;RSPO1;LGR5;DKK2;DACT1,posterior_up
Reactome_2022,Signaling By Receptor Tyrosine Kinases R-HSA-9006934,18/496,0.4076949118721235,0.99999574386894,0,0,1.0819471374630063,0.9707620833775228,ALK;PDGFRB;EGR2;PTN;FGF1;NGF;DUSP6;FGF3;MAPK12;ADCYAP1;TEC;ERBB4;GRAP2;ID2;ID1;SGK1;TNS3;SH2B2,posterior_up
Reactome_2022,Diseases Associated With O-glycosylation Of Proteins R-HSA-3906995,3/69,0.4122564841896496,0.99999574386894,0,0,1.304701259991871,1.156108297110306,ADAMTS5;ADAMTS1;THSD7A,posterior_up
Reactome_2022,RND1 GTPase Cycle R-HSA-9696273,2/42,0.4160519100744508,0.99999574386894,0,0,1.434970238095238,1.2583903236748375,VANGL2;RND1,posterior_up
Reactome_2022,Signaling By FGFR2 In Disease R-HSA-5655253,2/42,0.4160519100744508,0.99999574386894,0,0,1.434970238095238,1.2583903236748375,FGF1;FGF3,posterior_up
Reactome_2022,PI3K Events In ERBB2 Signaling R-HSA-1963642,1/16,0.422301554957928,0.99999574386894,0,0,1.9129271916790491,1.649011406258139,ERBB4,posterior_up
Reactome_2022,CRMPs In Sema3A Signaling R-HSA-399956,1/16,0.422301554957928,0.99999574386894,0,0,1.9129271916790491,1.649011406258139,SEMA3A,posterior_up
Reactome_2022,Rap1 Signaling R-HSA-392517,1/16,0.422301554957928,0.99999574386894,0,0,1.9129271916790491,1.649011406258139,RASGRP2,posterior_up
Reactome_2022,Regulation Of KIT Signaling R-HSA-1433559,1/16,0.422301554957928,0.99999574386894,0,0,1.9129271916790491,1.649011406258139,SH2B2,posterior_up
Reactome_2022,Sema3A PAK Dependent Axon Repulsion R-HSA-399954,1/16,0.422301554957928,0.99999574386894,0,0,1.9129271916790491,1.649011406258139,SEMA3A,posterior_up
Reactome_2022,Hyaluronan Metabolism R-HSA-2142845,1/16,0.422301554957928,0.99999574386894,0,0,1.9129271916790491,1.649011406258139,HAS3,posterior_up
Reactome_2022,p75NTR Signals Via NF-kB R-HSA-193639,1/16,0.422301554957928,0.99999574386894,0,0,1.9129271916790491,1.649011406258139,NGF,posterior_up
Reactome_2022,NRIF Signals Cell Death From Nucleus R-HSA-205043,1/16,0.422301554957928,0.99999574386894,0,0,1.9129271916790491,1.649011406258139,NGF,posterior_up
Reactome_2022,RND2 GTPase Cycle R-HSA-9696270,2/43,0.4277640765965966,0.99999574386894,0,0,1.3998983739837398,1.1887705424666208,VANGL2;RND2,posterior_up
Reactome_2022,DAP12 Interactions R-HSA-2172127,2/43,0.4277640765965966,0.99999574386894,0,0,1.3998983739837398,1.1887705424666208,GRAP2;BTK,posterior_up
Reactome_2022,"Plasma Lipoprotein Assembly, Remodeling, And Clearance R-HSA-174824",3/71,0.4303046340309569,0.99999574386894,0,0,1.266196195318664,1.0677349713156412,MYLIP;PCSK9;PLTP,posterior_up
Reactome_2022,RAF/MAP Kinase Cascade R-HSA-5673001,10/271,0.4304465852658357,0.99999574386894,0,0,1.1000900152333473,0.9273011194591374,APBB1IP;PDGFRB;ERBB4;NRTN;FGF1;DUSP9;DUSP6;FGF3;MAPK12;GRIN2D,posterior_up
Reactome_2022,PI3K Cascade R-HSA-109704,2/44,0.439351337555919,0.99999574386894,0,0,1.3664965986394555,1.1238831525041246,FGF1;FGF3,posterior_up
Reactome_2022,Interleukin-2 Family Signaling R-HSA-451927,2/44,0.439351337555919,0.99999574386894,0,0,1.3664965986394555,1.1238831525041246,INPP5D;STAT4,posterior_up
Reactome_2022,Beta-catenin Phosphorylation Cascade R-HSA-196299,1/17,0.4417855421756561,0.99999574386894,0,0,1.7932763744427935,1.4649825478055067,PROC,posterior_up
Reactome_2022,Biosynthesis Of DHA-derived SPMs R-HSA-9018677,1/17,0.4417855421756561,0.99999574386894,0,0,1.7932763744427935,1.4649825478055067,HPGD,posterior_up
Reactome_2022,SHC-mediated cascade:FGFR3 R-HSA-5654704,1/17,0.4417855421756561,0.99999574386894,0,0,1.7932763744427935,1.4649825478055067,FGF1,posterior_up
Reactome_2022,Signaling By Cytosolic FGFR1 Fusion Mutants R-HSA-1839117,1/17,0.4417855421756561,0.99999574386894,0,0,1.7932763744427935,1.4649825478055067,CUX1,posterior_up
Reactome_2022,"Tristetraprolin (TTP, ZFP36) Binds And Destabilizes mRNA R-HSA-450513",1/17,0.4417855421756561,0.99999574386894,0,0,1.7932763744427935,1.4649825478055067,ZFP36,posterior_up
Reactome_2022,Vitamin B5 (Pantothenate) Metabolism R-HSA-199220,1/17,0.4417855421756561,0.99999574386894,0,0,1.7932763744427935,1.4649825478055067,ENPP2,posterior_up
Reactome_2022,Metabolism Of Folate And Pterines R-HSA-196757,1/17,0.4417855421756561,0.99999574386894,0,0,1.7932763744427935,1.4649825478055067,ALDH1L1,posterior_up
Reactome_2022,MyD88 Deficiency (TLR2/4) R-HSA-5602498,1/17,0.4417855421756561,0.99999574386894,0,0,1.7932763744427935,1.4649825478055067,BTK,posterior_up
Reactome_2022,Regulation Of Complement Cascade R-HSA-977606,2/45,0.4508088049682943,0.99999574386894,0,0,1.3346483942414176,1.0633303449395248,C1QA;CR2,posterior_up
Reactome_2022,Diseases Of Metabolism R-HSA-5668914,9/247,0.4535835908700746,0.99999574386894,0,0,1.0854362797750678,0.8581195494601893,ADAMTS5;CYP26B1;PROC;PPP1R3C;ADAMTS1;TBXAS1;PRELP;THSD7A;FMOD,posterior_up
Reactome_2022,Signaling By NOTCH1 R-HSA-1980143,3/74,0.4569869380726077,0.99999574386894,0,0,1.212506034717995,0.9495140461437304,MAML2;HEY2;MAML3,posterior_up
Reactome_2022,MAPK1/MAPK3 Signaling R-HSA-5684996,10/277,0.4576498989788216,0.99999574386894,0,0,1.075030458914309,0.8402984181168257,APBB1IP;PDGFRB;ERBB4;NRTN;FGF1;DUSP9;DUSP6;FGF3;MAPK12;GRIN2D,posterior_up
Reactome_2022,PI-3K cascade:FGFR3 R-HSA-5654710,1/18,0.4606133350022113,0.99999574386894,0,0,1.687702123940215,1.3083005105722754,FGF1,posterior_up
Reactome_2022,Activation Of SMO R-HSA-5635838,1/18,0.4606133350022113,0.99999574386894,0,0,1.687702123940215,1.3083005105722754,GAS1,posterior_up
Reactome_2022,Pre-NOTCH Processing In Golgi R-HSA-1912420,1/18,0.4606133350022113,0.99999574386894,0,0,1.687702123940215,1.3083005105722754,ST3GAL6,posterior_up
Reactome_2022,Regulation Of Signaling By CBL R-HSA-912631,1/18,0.4606133350022113,0.99999574386894,0,0,1.687702123940215,1.3083005105722754,HCK,posterior_up
Reactome_2022,Ephrin Signaling R-HSA-3928664,1/18,0.4606133350022113,0.99999574386894,0,0,1.687702123940215,1.3083005105722754,EPHB3,posterior_up
Reactome_2022,IRAK4 Deficiency (TLR2/4) R-HSA-5603041,1/18,0.4606133350022113,0.99999574386894,0,0,1.687702123940215,1.3083005105722754,BTK,posterior_up
Reactome_2022,LDL Clearance R-HSA-8964038,1/18,0.4606133350022113,0.99999574386894,0,0,1.687702123940215,1.3083005105722754,PCSK9,posterior_up
Reactome_2022,Lewis Blood Group Biosynthesis R-HSA-9037629,1/18,0.4606133350022113,0.99999574386894,0,0,1.687702123940215,1.3083005105722754,ST3GAL6,posterior_up
Reactome_2022,G Alpha (Z) Signaling Events R-HSA-418597,2/47,0.4733171325086261,0.99999574386894,0,0,1.2751984126984126,0.9538352076811158,RGS4;GNG8,posterior_up
Reactome_2022,IRS-mediated Signaling R-HSA-112399,2/47,0.4733171325086261,0.99999574386894,0,0,1.2751984126984126,0.9538352076811158,FGF1;FGF3,posterior_up
Reactome_2022,Other Semaphorin Interactions R-HSA-416700,1/19,0.478807001603519,0.99999574386894,0,0,1.593858345715701,1.173809222998131,SEMA6A,posterior_up
Reactome_2022,Aflatoxin Activation And Detoxification R-HSA-5423646,1/19,0.478807001603519,0.99999574386894,0,0,1.593858345715701,1.173809222998131,MGST2,posterior_up
Reactome_2022,Prostacyclin Signaling Thru Prostacyclin Receptor R-HSA-392851,1/19,0.478807001603519,0.99999574386894,0,0,1.593858345715701,1.173809222998131,GNG8,posterior_up
Reactome_2022,Biosynthesis Of Specialized Proresolving Mediators (SPMs) R-HSA-9018678,1/19,0.478807001603519,0.99999574386894,0,0,1.593858345715701,1.173809222998131,HPGD,posterior_up
Reactome_2022,Ras Activation Upon Ca2+ Influx Thru NMDA Receptor R-HSA-442982,1/19,0.478807001603519,0.99999574386894,0,0,1.593858345715701,1.173809222998131,GRIN2D,posterior_up
Reactome_2022,SHC-mediated cascade:FGFR4 R-HSA-5654719,1/19,0.478807001603519,0.99999574386894,0,0,1.593858345715701,1.173809222998131,FGF1,posterior_up
Reactome_2022,Signaling By FGFR2 IIIa TM R-HSA-8851708,1/19,0.478807001603519,0.99999574386894,0,0,1.593858345715701,1.173809222998131,FGF1,posterior_up
Reactome_2022,FRS-mediated FGFR3 Signaling R-HSA-5654706,1/19,0.478807001603519,0.99999574386894,0,0,1.593858345715701,1.173809222998131,FGF1,posterior_up
Reactome_2022,Na+/Cl- Dependent Neurotransmitter Transporters R-HSA-442660,1/19,0.478807001603519,0.99999574386894,0,0,1.593858345715701,1.173809222998131,SLC6A1,posterior_up
Reactome_2022,Nuclear Events Stimulated By ALK Signaling In Cancer R-HSA-9725371,1/19,0.478807001603519,0.99999574386894,0,0,1.593858345715701,1.173809222998131,ALK,posterior_up
Reactome_2022,Inositol Phosphate Metabolism R-HSA-1483249,2/48,0.4843604645372243,0.99999574386894,0,0,1.2474120082815734,0.9042812578329994,INPP5D;PLCD3,posterior_up
Reactome_2022,Pre-NOTCH Expression And Processing R-HSA-1912422,3/78,0.4917065986143802,0.99999574386894,0,0,1.1476005961251865,0.8146507751216013,MAML2;ST3GAL6;MAML3,posterior_up
Reactome_2022,G Alpha (12/13) Signaling Events R-HSA-416482,3/78,0.4917065986143802,0.99999574386894,0,0,1.1476005961251865,0.8146507751216013,BTK;GNG8;ADRA1B,posterior_up
Reactome_2022,EPH-ephrin Mediated Repulsion Of Cells R-HSA-3928665,2/49,0.4952588985247591,0.99999574386894,0,0,1.220808004052685,0.8578308074479999,EPHA3;EPHB3,posterior_up
Reactome_2022,Signaling By FGFR1 R-HSA-5654736,2/49,0.4952588985247591,0.99999574386894,0,0,1.220808004052685,0.8578308074479999,FGF1;FGF3,posterior_up
Reactome_2022,PI-3K cascade:FGFR4 R-HSA-5654720,1/20,0.4963878686077889,0.99999574386894,0,0,1.5098928599358723,1.0575254330367625,FGF1,posterior_up
Reactome_2022,Chaperone Mediated Autophagy R-HSA-9613829,1/20,0.4963878686077889,0.99999574386894,0,0,1.5098928599358723,1.0575254330367625,CFTR,posterior_up
Reactome_2022,Regulation Of Gene Expression In Beta Cells R-HSA-210745,1/20,0.4963878686077889,0.99999574386894,0,0,1.5098928599358723,1.0575254330367625,MAFA,posterior_up
Reactome_2022,Sema4D Induced Cell Migration And Growth-Cone Collapse R-HSA-416572,1/20,0.4963878686077889,0.99999574386894,0,0,1.5098928599358723,1.0575254330367625,RND1,posterior_up
Reactome_2022,Syndecan Interactions R-HSA-3000170,1/20,0.4963878686077889,0.99999574386894,0,0,1.5098928599358723,1.0575254330367625,TNNI3,posterior_up
Reactome_2022,G Beta:Gamma Signaling Thru CDC42 R-HSA-8964616,1/20,0.4963878686077889,0.99999574386894,0,0,1.5098928599358723,1.0575254330367625,GNG8,posterior_up
Reactome_2022,G Beta:Gamma Signaling Thru PLC Beta R-HSA-418217,1/20,0.4963878686077889,0.99999574386894,0,0,1.5098928599358723,1.0575254330367625,GNG8,posterior_up
Reactome_2022,Nef-mediated Downmodulation Of Cell Surface Receptors By Recruitment To Clathrin Adapters R-HSA-164938,1/20,0.4963878686077889,0.99999574386894,0,0,1.5098928599358723,1.0575254330367625,AP1S3,posterior_up
Reactome_2022,Ion Homeostasis R-HSA-5578775,2/50,0.5060096486747789,0.99999574386894,0,0,1.1953125,0.8142463267690163,TNNI3;TRDN,posterior_up
Reactome_2022,Neurotransmitter Release Cycle R-HSA-112310,2/50,0.5060096486747789,0.99999574386894,0,0,1.1953125,0.8142463267690163,GAD2;SLC6A1,posterior_up
Reactome_2022,MAPK Family Signaling Cascades R-HSA-5683057,11/318,0.508057233750359,0.99999574386894,0,0,1.0278469694066552,0.6960180593517103,APBB1IP;PDGFRB;ERBB4;NRTN;FGF1;DUSP9;ETV4;DUSP6;FGF3;MAPK12;GRIN2D,posterior_up
Reactome_2022,PD-1 Signaling R-HSA-389948,1/21,0.5133765468829433,0.99999574386894,0,0,1.4343239227340268,0.9563292986332016,PDCD1,posterior_up
Reactome_2022,Presynaptic Function Of Kainate Receptors R-HSA-500657,1/21,0.5133765468829433,0.99999574386894,0,0,1.4343239227340268,0.9563292986332016,GNG8,posterior_up
Reactome_2022,SHC1 Events In ERBB2 Signaling R-HSA-1250196,1/21,0.5133765468829433,0.99999574386894,0,0,1.4343239227340268,0.9563292986332016,ERBB4,posterior_up
Reactome_2022,Defects In Vitamin And Cofactor Metabolism R-HSA-3296482,1/21,0.5133765468829433,0.99999574386894,0,0,1.4343239227340268,0.9563292986332016,PROC,posterior_up
Reactome_2022,Signaling By ERBB2 TMD/JMD Mutants R-HSA-9665686,1/21,0.5133765468829433,0.99999574386894,0,0,1.4343239227340268,0.9563292986332016,ERBB4,posterior_up
Reactome_2022,Signaling By FGFR3 In Disease R-HSA-5655332,1/21,0.5133765468829433,0.99999574386894,0,0,1.4343239227340268,0.9563292986332016,FGF1,posterior_up
Reactome_2022,FRS-mediated FGFR4 Signaling R-HSA-5654712,1/21,0.5133765468829433,0.99999574386894,0,0,1.4343239227340268,0.9563292986332016,FGF1,posterior_up
Reactome_2022,Synaptic Adhesion-Like Molecules R-HSA-8849932,1/21,0.5133765468829433,0.99999574386894,0,0,1.4343239227340268,0.9563292986332016,GRIN2D,posterior_up
Reactome_2022,HS-GAG Degradation R-HSA-2024096,1/21,0.5133765468829433,0.99999574386894,0,0,1.4343239227340268,0.9563292986332016,HPSE2,posterior_up
Reactome_2022,"Unblocking Of NMDA Receptors, Glutamate Binding And Activation R-HSA-438066",1/21,0.5133765468829433,0.99999574386894,0,0,1.4343239227340268,0.9563292986332016,GRIN2D,posterior_up
Reactome_2022,Initial Triggering Of Complement R-HSA-166663,1/21,0.5133765468829433,0.99999574386894,0,0,1.4343239227340268,0.9563292986332016,C1QA,posterior_up
Reactome_2022,Interleukin-37 Signaling R-HSA-9008059,1/21,0.5133765468829433,0.99999574386894,0,0,1.4343239227340268,0.9563292986332016,PTPN20,posterior_up
Reactome_2022,Negative Regulation Of NMDA Receptor-Mediated Neuronal Transmission R-HSA-9617324,1/21,0.5133765468829433,0.99999574386894,0,0,1.4343239227340268,0.9563292986332016,GRIN2D,posterior_up
Reactome_2022,Synthesis Of PIPs At Plasma Membrane R-HSA-1660499,2/51,0.5166102807775141,0.99999574386894,0,0,1.170857628765792,0.7733122373429063,INPP5D;PIP5K1B,posterior_up
Reactome_2022,IRS-related Events Triggered By IGF1R R-HSA-2428928,2/51,0.5166102807775141,0.99999574386894,0,0,1.170857628765792,0.7733122373429063,FGF1;FGF3,posterior_up
Reactome_2022,Signaling By NOTCH4 R-HSA-9013694,3/81,0.5170125352375499,0.99999574386894,0,0,1.1032901524704803,0.7278274491511753,MAML2;HEY2;MAML3,posterior_up
Reactome_2022,RHO GTPase Cycle R-HSA-9012999,15/441,0.5226150709233988,0.99999574386894,0,0,1.0098527431661288,0.6553036323927731,CPNE8;DOCK5;EGR2;CCDC187;ARHGAP28;RND2;RND1;ARHGAP42;VANGL2;RHOJ;NOX3;NHS;STOM;VIM;CFTR,posterior_up
Reactome_2022,Apoptotic Execution Phase R-HSA-75153,2/52,0.5270586916325027,0.99999574386894,0,0,1.1473809523809524,0.7348325207419613,PROC;VIM,posterior_up
Reactome_2022,Signaling By Non-Receptor Tyrosine Kinases R-HSA-9006927,2/52,0.5270586916325027,0.99999574386894,0,0,1.1473809523809524,0.7348325207419613,ERBB4;LRRK2,posterior_up
Reactome_2022,IGF1R Signaling Cascade R-HSA-2428924,2/52,0.5270586916325027,0.99999574386894,0,0,1.1473809523809524,0.7348325207419613,FGF1;FGF3,posterior_up
Reactome_2022,ADP Signaling Thru P2Y Purinoceptor 12 R-HSA-392170,1/22,0.5297929548402265,0.99999574386894,0,0,1.3659520271704522,0.8677469783552403,GNG8,posterior_up
Reactome_2022,Blood Group Systems Biosynthesis R-HSA-9033658,1/22,0.5297929548402265,0.99999574386894,0,0,1.3659520271704522,0.8677469783552403,ST3GAL6,posterior_up
Reactome_2022,ERK/MAPK Targets R-HSA-198753,1/22,0.5297929548402265,0.99999574386894,0,0,1.3659520271704522,0.8677469783552403,DUSP6,posterior_up
Reactome_2022,Signaling By NODAL R-HSA-1181150,1/22,0.5297929548402265,0.99999574386894,0,0,1.3659520271704522,0.8677469783552403,LEFTY1,posterior_up
Reactome_2022,Diseases Of Glycosylation R-HSA-3781865,5/143,0.5302818872722487,0.99999574386894,0,0,1.039188925716514,0.6592059109145267,ADAMTS5;ADAMTS1;PRELP;THSD7A;FMOD,posterior_up
Reactome_2022,Signaling By Type 1 Insulin-like Growth Factor 1 Receptor (IGF1R) R-HSA-2404192,2/53,0.5373530897709767,0.99999574386894,0,0,1.1248249299719888,0.6986286264347114,FGF1;FGF3,posterior_up
Reactome_2022,Insulin Receptor Signaling Cascade R-HSA-74751,2/53,0.5373530897709767,0.99999574386894,0,0,1.1248249299719888,0.6986286264347114,FGF1;FGF3,posterior_up
Reactome_2022,Nuclear Receptor Transcription Pathway R-HSA-383280,2/53,0.5373530897709767,0.99999574386894,0,0,1.1248249299719888,0.6986286264347114,NR4A1;NR2F1,posterior_up
Reactome_2022,Ion Channel Transport R-HSA-983712,6/175,0.5408641956757138,0.99999574386894,0,0,1.0181589483754383,0.6257473109037459,TRPC4;STOM;SGK1;BEST3;ANO3;TRDN,posterior_up
Reactome_2022,RHOBTB1 GTPase Cycle R-HSA-9013422,1/23,0.5456563418127465,0.99999574386894,0,0,1.3037957584762934,0.7897950266933026,VIM,posterior_up
Reactome_2022,Complement Cascade R-HSA-166658,2/55,0.5574741291924297,0.99999574386894,0,0,1.0822663971248876,0.6324106609429612,C1QA;CR2,posterior_up
Reactome_2022,Aggrephagy R-HSA-9646399,1/24,0.5609853107781037,0.99999574386894,0,0,1.2470443827120614,0.7208671714700176,CFTR,posterior_up
Reactome_2022,RHO GTPases Activate NADPH Oxidases R-HSA-5668599,1/24,0.5609853107781037,0.99999574386894,0,0,1.2470443827120614,0.7208671714700176,NOX3,posterior_up
Reactome_2022,Sema4D In Semaphorin Signaling R-HSA-400685,1/24,0.5609853107781037,0.99999574386894,0,0,1.2470443827120614,0.7208671714700176,RND1,posterior_up
Reactome_2022,Downstream Signaling Of Activated FGFR3 R-HSA-5654708,1/24,0.5609853107781037,0.99999574386894,0,0,1.2470443827120614,0.7208671714700176,FGF1,posterior_up
Reactome_2022,Signaling By ERBB2 KD Mutants R-HSA-9664565,1/24,0.5609853107781037,0.99999574386894,0,0,1.2470443827120614,0.7208671714700176,ERBB4,posterior_up
Reactome_2022,G-protein Activation R-HSA-202040,1/24,0.5609853107781037,0.99999574386894,0,0,1.2470443827120614,0.7208671714700176,GNG8,posterior_up
Reactome_2022,Thromboxane Signaling Thru TP Receptor R-HSA-428930,1/24,0.5609853107781037,0.99999574386894,0,0,1.2470443827120614,0.7208671714700176,GNG8,posterior_up
Reactome_2022,Glycogen Metabolism R-HSA-8982491,1/24,0.5609853107781037,0.99999574386894,0,0,1.2470443827120614,0.7208671714700176,PPP1R3C,posterior_up
Reactome_2022,"Incretin Synthesis, Secretion, And Inactivation R-HSA-400508",1/24,0.5609853107781037,0.99999574386894,0,0,1.2470443827120614,0.7208671714700176,C1QTNF1,posterior_up
Reactome_2022,Chemokine Receptors Bind Chemokines R-HSA-380108,2/56,0.5672985826749706,0.99999574386894,0,0,1.062169312169312,0.6021114007366044,ACKR2;CCL17,posterior_up
Reactome_2022,Transcriptional Regulation By RUNX2 R-HSA-8878166,4/119,0.5724953228269939,0.99999574386894,0,0,0.9973264114211552,0.556259517384644,WWTR1;BMP2;MAF;HEY2,posterior_up
Reactome_2022,ADP Signaling Thru P2Y Purinoceptor 1 R-HSA-418592,1/25,0.575797839706418,0.99999574386894,0,0,1.1950222882615156,0.6596506929754125,GNG8,posterior_up
Reactome_2022,Assembly And Cell Surface Presentation Of NMDA Receptors R-HSA-9609736,1/25,0.575797839706418,0.99999574386894,0,0,1.1950222882615156,0.6596506929754125,GRIN2D,posterior_up
Reactome_2022,Cell Recruitment (Pro-Inflammatory Response) R-HSA-9664424,1/25,0.575797839706418,0.99999574386894,0,0,1.1950222882615156,0.6596506929754125,ENTPD1,posterior_up
Reactome_2022,Signaling By ERBB2 In Cancer R-HSA-1227990,1/25,0.575797839706418,0.99999574386894,0,0,1.1950222882615156,0.6596506929754125,ERBB4,posterior_up
Reactome_2022,G Beta:Gamma Signaling Thru PI3Kgamma R-HSA-392451,1/25,0.575797839706418,0.99999574386894,0,0,1.1950222882615156,0.6596506929754125,GNG8,posterior_up
Reactome_2022,Gap-filling DNA Repair Synthesis And Ligation In GG-NER R-HSA-5696397,1/25,0.575797839706418,0.99999574386894,0,0,1.1950222882615156,0.6596506929754125,LRIG3,posterior_up
Reactome_2022,TRP Channels R-HSA-3295583,1/25,0.575797839706418,0.99999574386894,0,0,1.1950222882615156,0.6596506929754125,TRPC4,posterior_up
Reactome_2022,Inactivation Of CSF3 (G-CSF) Signaling R-HSA-9705462,1/25,0.575797839706418,0.99999574386894,0,0,1.1950222882615156,0.6596506929754125,HCK,posterior_up
Reactome_2022,Assembly Of Collagen Fibrils And Other Multimeric Structures R-HSA-2022090,2/57,0.5769646151653067,0.99999574386894,0,0,1.0428030303030302,0.5735149082275096,COL11A1;COL10A1,posterior_up
Reactome_2022,Constitutive Signaling By AKT1 E17K In Cancer R-HSA-5674400,1/26,0.5901113027934326,0.99999574386894,0,0,1.1471619613670134,0.6050638209687119,NR4A1,posterior_up
Reactome_2022,Downstream Signaling Of Activated FGFR4 R-HSA-5654716,1/26,0.5901113027934326,0.99999574386894,0,0,1.1471619613670134,0.6050638209687119,FGF1,posterior_up
Reactome_2022,Interleukin-20 Family Signaling R-HSA-8854691,1/26,0.5901113027934326,0.99999574386894,0,0,1.1471619613670134,0.6050638209687119,STAT4,posterior_up
Reactome_2022,O-linked Glycosylation Of Mucins R-HSA-913709,2/59,0.5958196514748446,0.99999574386894,0,0,1.006109022556391,0.5209806132018436,GALNT6;B3GNT8,posterior_up
Reactome_2022,Arachidonic Acid Metabolism R-HSA-2142753,2/59,0.5958196514748446,0.99999574386894,0,0,1.006109022556391,0.5209806132018436,HPGD;TBXAS1,posterior_up
Reactome_2022,Post-translational Modification: Synthesis Of GPI-anchored Proteins R-HSA-163125,3/92,0.6035489979701085,0.99999574386894,0,0,0.9663758602789732,0.4879502806915511,CNTN5;NTM;ART3,posterior_up
Reactome_2022,CREB1 Phosphorylation Thru NMDA Receptor-Mediated Activation Of RAS Signaling R-HSA-442742,1/27,0.6039424903445395,0.99999574386894,0,0,1.1029831980797806,0.5562082863566331,GRIN2D,posterior_up
Reactome_2022,Effects Of PIP2 Hydrolysis R-HSA-114508,1/27,0.6039424903445395,0.99999574386894,0,0,1.1029831980797806,0.5562082863566331,RASGRP2,posterior_up
Reactome_2022,Interleukin Receptor SHC Signaling R-HSA-912526,1/27,0.6039424903445395,0.99999574386894,0,0,1.1029831980797806,0.5562082863566331,INPP5D,posterior_up
Reactome_2022,FCGR3A-mediated Phagocytosis R-HSA-9664422,2/60,0.6050082909917137,0.99999574386894,0,0,0.9887110016420362,0.4968402471748208,HCK;BTK,posterior_up
Reactome_2022,G Alpha (I) Signaling Events R-HSA-418594,10/312,0.6090089544564459,0.99999574386894,0,0,0.9486954440277668,0.4704792340389497,RGS4;RGS18;PNOC;NPY2R;HTR1D;NPY1R;RGS10;GNG8;S1PR5;OPN5,posterior_up
Reactome_2022,RAC3 GTPase Cycle R-HSA-9013423,3/93,0.6108895761040213,0.99999574386894,0,0,0.9555886736214604,0.4709514261873935,ARHGAP42;NHS;NOX3,posterior_up
Reactome_2022,Post NMDA Receptor Activation Events R-HSA-438064,2/61,0.614037753998805,0.99999574386894,0,0,0.9719027441485067,0.4739958643640533,ERBB4;GRIN2D,posterior_up
Reactome_2022,Downstream Signal Transduction R-HSA-186763,1/28,0.6173076286878929,0.99999574386894,0,0,1.0620769357767872,0.5123329474583713,PDGFRB,posterior_up
Reactome_2022,MET Promotes Cell Motility R-HSA-8875878,1/28,0.6173076286878929,0.99999574386894,0,0,1.0620769357767872,0.5123329474583713,TNS3,posterior_up
Reactome_2022,Pre-NOTCH Transcription And Translation R-HSA-1912408,2/62,0.622908317747808,0.99999574386894,0,0,0.955654761904762,0.4523648519707653,MAML2;MAML3,posterior_up
Reactome_2022,Asymmetric Localization Of PCP Proteins R-HSA-4608870,2/62,0.622908317747808,0.99999574386894,0,0,0.955654761904762,0.4523648519707653,FZD1;VANGL2,posterior_up
Reactome_2022,Signaling By BRAF And RAF1 Fusions R-HSA-6802952,2/62,0.622908317747808,0.99999574386894,0,0,0.955654761904762,0.4523648519707653,APBB1IP;ZC3HAV1,posterior_up
Reactome_2022,Transcriptional Regulation By RUNX3 R-HSA-8878159,3/95,0.6252955869197011,0.99999574386894,0,0,0.9347178124797512,0.4388788041136062,WWTR1;MAML2;MAML3,posterior_up
Reactome_2022,PIWI-interacting RNA (piRNA) Biogenesis R-HSA-5601884,1/29,0.6302223991813279,0.99999574386894,0,0,1.024092549352579,0.472805615910788,TDRD9,posterior_up
Reactome_2022,Activation Of G Protein Gated Potassium Channels R-HSA-1296041,1/29,0.6302223991813279,0.99999574386894,0,0,1.024092549352579,0.472805615910788,GNG8,posterior_up
Reactome_2022,Activation Of Kainate Receptors Upon Glutamate Binding R-HSA-451326,1/29,0.6302223991813279,0.99999574386894,0,0,1.024092549352579,0.472805615910788,GNG8,posterior_up
Reactome_2022,Downregulation Of ERBB2 Signaling R-HSA-8863795,1/29,0.6302223991813279,0.99999574386894,0,0,1.024092549352579,0.472805615910788,ERBB4,posterior_up
Reactome_2022,FCERI Mediated MAPK Activation R-HSA-2871796,1/29,0.6302223991813279,0.99999574386894,0,0,1.024092549352579,0.472805615910788,GRAP2,posterior_up
Reactome_2022,Surfactant Metabolism R-HSA-5683826,1/29,0.6302223991813279,0.99999574386894,0,0,1.024092549352579,0.472805615910788,LMCD1,posterior_up
Reactome_2022,Myogenesis R-HSA-525793,1/29,0.6302223991813279,0.99999574386894,0,0,1.024092549352579,0.472805615910788,MAPK12,posterior_up
Reactome_2022,Negative Regulation Of FGFR3 Signaling R-HSA-5654732,1/29,0.6302223991813279,0.99999574386894,0,0,1.024092549352579,0.472805615910788,FGF1,posterior_up
Reactome_2022,Synthesis Of Substrates In N-glycan Biosythesis R-HSA-446219,2/63,0.631620421259711,0.99999574386894,0,0,0.93993950039032,0.431870867113622,GFPT2;ST3GAL6,posterior_up
Reactome_2022,Fc Epsilon Receptor (FCERI) Signaling R-HSA-2454202,4/130,0.6421665578768099,0.99999574386894,0,0,0.9097370291400142,0.4029294196397891,TEC;GRAP2;BTK;RASGRP2,posterior_up
Reactome_2022,Signaling By CSF3 (G-CSF) R-HSA-9674555,1/30,0.6427019560575148,0.99999574386894,0,0,0.9887277757852128,0.4370910237978488,HCK,posterior_up
Reactome_2022,Transcriptional Regulation Of Pluripotent Stem Cells R-HSA-452723,1/30,0.6427019560575148,0.99999574386894,0,0,0.9887277757852128,0.4370910237978488,HIF3A,posterior_up
Reactome_2022,MAPK Targets/ Nuclear Events Mediated By MAP Kinases R-HSA-450282,1/30,0.6427019560575148,0.99999574386894,0,0,0.9887277757852128,0.4370910237978488,DUSP6,posterior_up
Reactome_2022,Cytochrome P450 - Arranged By Substrate Type R-HSA-211897,2/65,0.6485717467625578,0.99999574386894,0,0,0.9100056689342404,0.3940166627733437,CYP26B1;TBXAS1,posterior_up
Reactome_2022,Antigen Activates B Cell Receptor Leading To Second Messenger Generation R-HSA-983695,1/31,0.6547609444471321,0.99999574386894,0,0,0.9557206537890044,0.4047334377898152,BTK,posterior_up
Reactome_2022,Diseases Associated With TLR Signaling Cascade R-HSA-5602358,1/31,0.6547609444471321,0.99999574386894,0,0,0.9557206537890044,0.4047334377898152,BTK,posterior_up
Reactome_2022,Downregulation Of SMAD2/3:SMAD4 Transcriptional Activity R-HSA-2173795,1/31,0.6547609444471321,0.99999574386894,0,0,0.9557206537890044,0.4047334377898152,WWTR1,posterior_up
Reactome_2022,"Glutamate Binding, Activation Of AMPA Receptors And Synaptic Plasticity R-HSA-399721",1/31,0.6547609444471321,0.99999574386894,0,0,0.9557206537890044,0.4047334377898152,CACNG3,posterior_up
Reactome_2022,Late Endosomal Microautophagy R-HSA-9615710,1/31,0.6547609444471321,0.99999574386894,0,0,0.9557206537890044,0.4047334377898152,CFTR,posterior_up
Reactome_2022,Negative Regulation Of FGFR4 Signaling R-HSA-5654733,1/31,0.6547609444471321,0.99999574386894,0,0,0.9557206537890044,0.4047334377898152,FGF1,posterior_up
Reactome_2022,Integrin Cell Surface Interactions R-HSA-216083,2/66,0.6568125583810036,0.99999574386894,0,0,0.8957403273809523,0.3765303589226232,TNNI3;ITGB6,posterior_up
Reactome_2022,Sensory Processing Of Sound By Inner Hair Cells Of Cochlea R-HSA-9662360,2/67,0.664898069528462,0.99999574386894,0,0,0.8819139194139194,0.3599280572193035,TMC1;CACNA2D2,posterior_up
Reactome_2022,Generation Of Second Messenger Molecules R-HSA-202433,1/32,0.6664135174177162,0.99999574386894,0,0,0.9248430235344868,0.3753428281892431,GRAP2,posterior_up
Reactome_2022,Glucagon Signaling In Metabolic Regulation R-HSA-163359,1/32,0.6664135174177162,0.99999574386894,0,0,0.9248430235344868,0.3753428281892431,GNG8,posterior_up
Reactome_2022,Termination Of Translesion DNA Synthesis R-HSA-5656169,1/32,0.6664135174177162,0.99999574386894,0,0,0.9248430235344868,0.3753428281892431,USP43,posterior_up
Reactome_2022,Gluconeogenesis R-HSA-70263,1/32,0.6664135174177162,0.99999574386894,0,0,0.9248430235344868,0.3753428281892431,PROC,posterior_up
Reactome_2022,Nuclear Signaling By ERBB4 R-HSA-1251985,1/32,0.6664135174177162,0.99999574386894,0,0,0.9248430235344868,0.3753428281892431,ERBB4,posterior_up
Reactome_2022,Costimulation By CD28 Family R-HSA-388841,2/68,0.6728293716831932,0.99999574386894,0,0,0.8685064935064936,0.3441574362521847,GRAP2;PDCD1,posterior_up
Reactome_2022,Oncogene Induced Senescence R-HSA-2559585,1/33,0.6776733524416771,0.99999574386894,0,0,0.8958952451708767,0.3485837807779674,ID1,posterior_up
Reactome_2022,Activation Of Matrix Metalloproteinases R-HSA-1592389,1/33,0.6776733524416771,0.99999574386894,0,0,0.8958952451708767,0.3485837807779674,KLKB1,posterior_up
Reactome_2022,Plasma Lipoprotein Remodeling R-HSA-8963899,1/33,0.6776733524416771,0.99999574386894,0,0,0.8958952451708767,0.3485837807779674,PLTP,posterior_up
Reactome_2022,Diseases Of Carbohydrate Metabolism R-HSA-5663084,1/33,0.6776733524416771,0.99999574386894,0,0,0.8958952451708767,0.3485837807779674,PPP1R3C,posterior_up
Reactome_2022,Sialic Acid Metabolism R-HSA-4085001,1/33,0.6776733524416771,0.99999574386894,0,0,0.8958952451708767,0.3485837807779674,ST3GAL6,posterior_up
Reactome_2022,Signal Amplification R-HSA-392518,1/33,0.6776733524416771,0.99999574386894,0,0,0.8958952451708767,0.3485837807779674,GNG8,posterior_up
Reactome_2022,Signaling By High-Kinase Activity BRAF Mutants R-HSA-6802948,1/33,0.6776733524416771,0.99999574386894,0,0,0.8958952451708767,0.3485837807779674,APBB1IP,posterior_up
Reactome_2022,NOD1/2 Signaling Pathway R-HSA-168638,1/33,0.6776733524416771,0.99999574386894,0,0,0.8958952451708767,0.3485837807779674,MAPK12,posterior_up
Reactome_2022,Signaling By NOTCH R-HSA-157118,6/203,0.6840018943770462,0.99999574386894,0,0,0.8721693668500562,0.3312452086688082,MAML2;WWC1;HEY2;ST3GAL6;MAML3;DLGAP5,posterior_up
Reactome_2022,Phase I - Functionalization Of Compounds R-HSA-211945,3/104,0.6855145587868214,0.99999574386894,0,0,0.851027725723392,0.3213357650779052,CYP26B1;TBXAS1;ALDH1A1,posterior_up
Reactome_2022,Cargo Recognition For Clathrin-Mediated Endocytosis R-HSA-8856825,3/104,0.6855145587868214,0.99999574386894,0,0,0.851027725723392,0.3213357650779052,SYT2;SYT9;CFTR,posterior_up
Reactome_2022,CD28 Co-Stimulation R-HSA-389356,1/34,0.6885536672321901,0.99999574386894,0,0,0.8687018776171822,0.3241665437822278,GRAP2,posterior_up
Reactome_2022,Detoxification Of Reactive Oxygen Species R-HSA-3299685,1/34,0.6885536672321901,0.99999574386894,0,0,0.8687018776171822,0.3241665437822278,GPX8,posterior_up
Reactome_2022,Lysosome Vesicle Biogenesis R-HSA-432720,1/34,0.6885536672321901,0.99999574386894,0,0,0.8687018776171822,0.3241665437822278,AP1S3,posterior_up
Reactome_2022,Nucleotide Catabolism R-HSA-8956319,1/35,0.6990672355425673,0.99999574386894,0,0,0.8431081199195875,0.3018397495712708,ENTPD1,posterior_up
Reactome_2022,RHOBTB GTPase Cycle R-HSA-9706574,1/35,0.6990672355425673,0.99999574386894,0,0,0.8431081199195875,0.3018397495712708,VIM,posterior_up
Reactome_2022,Gene And Protein Expression By JAK-STAT Signaling After Interleukin-12 Stimulation R-HSA-8950505,1/35,0.6990672355425673,0.99999574386894,0,0,0.8431081199195875,0.3018397495712708,STAT4,posterior_up
Reactome_2022,Signaling By FGFR2 R-HSA-5654738,2/72,0.7030377511218153,0.99999574386894,0,0,0.8187074829931973,0.2884672331351839,FGF1;FGF3,posterior_up
Reactome_2022,Activated PKN1 Stimulates Transcription Of Androgen Receptor Regulated KLK2 And KLK3 R-HSA-5625886,1/36,0.7092264013949886,0.99999574386894,0,0,0.8189768626618552,0.2813844623256997,KLKB1,posterior_up
Reactome_2022,RHO GTPases Activate WASPs And WAVEs R-HSA-5663213,1/36,0.7092264013949886,0.99999574386894,0,0,0.8189768626618552,0.2813844623256997,BTK,posterior_up
Reactome_2022,RHOH GTPase Cycle R-HSA-9013407,1/36,0.7092264013949886,0.99999574386894,0,0,0.8189768626618552,0.2813844623256997,STOM,posterior_up
Reactome_2022,ROS And RNS Production In Phagocytes R-HSA-1222556,1/36,0.7092264013949886,0.99999574386894,0,0,0.8189768626618552,0.2813844623256997,HVCN1,posterior_up
Reactome_2022,Regulation Of TP53 Degradation R-HSA-6804757,1/36,0.7092264013949886,0.99999574386894,0,0,0.8189768626618552,0.2813844623256997,SGK1,posterior_up
Reactome_2022,SMAD2/SMAD3:SMAD4 Heterotrimer Regulates Transcription R-HSA-2173796,1/36,0.7092264013949886,0.99999574386894,0,0,0.8189768626618552,0.2813844623256997,WWTR1,posterior_up
Reactome_2022,Glutathione Conjugation R-HSA-156590,1/36,0.7092264013949886,0.99999574386894,0,0,0.8189768626618552,0.2813844623256997,MGST2,posterior_up
Reactome_2022,Transcriptional Regulation By AP-2 (TFAP2) Family Of Transcription Factors R-HSA-8864260,1/36,0.7092264013949886,0.99999574386894,0,0,0.8189768626618552,0.2813844623256997,TFAP2D,posterior_up
Reactome_2022,HSF1-dependent Transactivation R-HSA-3371571,1/36,0.7092264013949886,0.99999574386894,0,0,0.8189768626618552,0.2813844623256997,CRYAB,posterior_up
Reactome_2022,Mitochondrial Fatty Acid Beta-Oxidation R-HSA-77289,1/36,0.7092264013949886,0.99999574386894,0,0,0.8189768626618552,0.2813844623256997,ACADL,posterior_up
Reactome_2022,RHOC GTPase Cycle R-HSA-9013106,2/73,0.7102177028712633,0.99999574386894,0,0,0.807134473507713,0.2761882865191498,CCDC187;STOM,posterior_up
Reactome_2022,Activation Of NMDA Receptors And Postsynaptic Events R-HSA-442755,2/74,0.7172518827879443,0.99999574386894,0,0,0.7958829365079365,0.2644943429958613,ERBB4;GRIN2D,posterior_up
Reactome_2022,Formation Of Cornified Envelope R-HSA-6809371,2/74,0.7172518827879443,0.99999574386894,0,0,0.7958829365079365,0.2644943429958613,CDSN;KLK8,posterior_up
Reactome_2022,Regulation Of TP53 Expression And Degradation R-HSA-6806003,1/37,0.7190430943889163,0.99999574386894,0,0,0.7961862308073303,0.2626092784988523,SGK1,posterior_up
Reactome_2022,Cooperation Of PDCL (PhLP1) And TRiC/CCT In G-protein Beta Folding R-HSA-6814122,1/37,0.7190430943889163,0.99999574386894,0,0,0.7961862308073303,0.2626092784988523,GNG8,posterior_up
Reactome_2022,MAP2K And MAPK Activation R-HSA-5674135,1/37,0.7190430943889163,0.99999574386894,0,0,0.7961862308073303,0.2626092784988523,APBB1IP,posterior_up
Reactome_2022,NCAM1 Interactions R-HSA-419037,1/37,0.7190430943889163,0.99999574386894,0,0,0.7961862308073303,0.2626092784988523,NRTN,posterior_up
Reactome_2022,RAC1 GTPase Cycle R-HSA-9013149,5/178,0.7205312178838252,0.99999574386894,0,0,0.8274363427425975,0.2712059441507033,DOCK5;ARHGAP42;EGR2;NOX3;NHS,posterior_up
Reactome_2022,Sensory Processing Of Sound R-HSA-9659379,2/75,0.7241419452511072,0.99999574386894,0,0,0.7849396607958252,0.2533532857814504,TMC1;CACNA2D2,posterior_up
Reactome_2022,Transmission Across Chemical Synapses R-HSA-112315,7/246,0.7268114952166367,0.99999574386894,0,0,0.8381311436332043,0.2674376962841445,ERBB4;CACNA2D2;GAD2;GNG8;SLC6A1;CACNG3;GRIN2D,posterior_up
Reactome_2022,Resolution Of Abasic Sites (AP Sites) R-HSA-73933,1/38,0.7285288428451139,0.99999574386894,0,0,0.774627524998996,0.2453462747882302,LRIG3,posterior_up
Reactome_2022,Signaling By RAF1 Mutants R-HSA-9656223,1/38,0.7285288428451139,0.99999574386894,0,0,0.774627524998996,0.2453462747882302,APBB1IP,posterior_up
Reactome_2022,FCGR3A-mediated IL10 Synthesis R-HSA-9664323,1/38,0.7285288428451139,0.99999574386894,0,0,0.774627524998996,0.2453462747882302,HCK,posterior_up
Reactome_2022,Biosynthesis Of N-glycan Precursor (Dolichol LLO) And Transfer To Protein R-HSA-446193,2/77,0.7374965999321895,0.99999574386894,0,0,0.7639285714285714,0.2326115144375165,GFPT2;ST3GAL6,posterior_up
Reactome_2022,Regulation Of Insulin Secretion R-HSA-422356,2/77,0.7374965999321895,0.99999574386894,0,0,0.7639285714285714,0.2326115144375165,CACNA2D2;GNG8,posterior_up
Reactome_2022,Signaling By Insulin Receptor R-HSA-74752,2/77,0.7374965999321895,0.99999574386894,0,0,0.7639285714285714,0.2326115144375165,FGF1;FGF3,posterior_up
Reactome_2022,Ovarian Tumor Domain Proteases R-HSA-5689896,1/39,0.7376947877509156,0.99999574386894,0,0,0.7542034879174161,0.2294476365528693,PROC,posterior_up
Reactome_2022,Signaling By FGFR3 R-HSA-5654741,1/39,0.7376947877509156,0.99999574386894,0,0,0.7542034879174161,0.2294476365528693,FGF1,posterior_up
Reactome_2022,Translesion Synthesis By Y Family DNA Polymerases Bypasses Lesions On DNA Template R-HSA-110313,1/39,0.7376947877509156,0.99999574386894,0,0,0.7542034879174161,0.2294476365528693,USP43,posterior_up
Reactome_2022,CDC42 GTPase Cycle R-HSA-9013148,4/149,0.7438097918632269,0.99999574386894,0,0,0.7897478126608337,0.2337416071467757,CPNE8;ARHGAP42;EGR2;STOM,posterior_up
Reactome_2022,Signaling By FGFR4 R-HSA-5654743,1/40,0.7465516953732946,0.99999574386894,0,0,0.7348268373528404,0.2147828405581214,FGF1,posterior_up
Reactome_2022,Paradoxical Activation Of RAF Signaling By Kinase Inactive BRAF R-HSA-6802955,1/41,0.7551099702849503,0.99999574386894,0,0,0.7164190193164933,0.2012362883080689,APBB1IP,posterior_up
Reactome_2022,Binding And Uptake Of Ligands By Scavenger Receptors R-HSA-2173782,1/41,0.7551099702849503,0.99999574386894,0,0,0.7164190193164933,0.2012362883080689,CD163,posterior_up
Reactome_2022,Non-integrin membrane-ECM Interactions R-HSA-3000171,1/41,0.7551099702849503,0.99999574386894,0,0,0.7164190193164933,0.2012362883080689,TNNI3,posterior_up
Reactome_2022,Activation Of GABAB Receptors R-HSA-991365,1/42,0.7633796671564044,0.99999574386894,0,0,0.6989091436233827,0.1887053105540595,GNG8,posterior_up
Reactome_2022,RND3 GTPase Cycle R-HSA-9696264,1/42,0.7633796671564044,0.99999574386894,0,0,0.6989091436233827,0.1887053105540595,VANGL2,posterior_up
Reactome_2022,Deactivation Of Beta-Catenin Transactivating Complex R-HSA-3769402,1/42,0.7633796671564044,0.99999574386894,0,0,0.6989091436233827,0.1887053105540595,PROC,posterior_up
Reactome_2022,"Gamma Carboxylation, Hypusine Formation And Arylsulfatase Activation R-HSA-163841",1/42,0.7633796671564044,0.99999574386894,0,0,0.6989091436233827,0.1887053105540595,PROC,posterior_up
Reactome_2022,Glucagon-like Peptide-1 (GLP1) Regulates Insulin Secretion R-HSA-381676,1/42,0.7633796671564044,0.99999574386894,0,0,0.6989091436233827,0.1887053105540595,GNG8,posterior_up
Reactome_2022,Vasopressin Regulates Renal Water Homeostasis Via Aquaporins R-HSA-432040,1/42,0.7633796671564044,0.99999574386894,0,0,0.6989091436233827,0.1887053105540595,GNG8,posterior_up
Reactome_2022,Intra-Golgi Traffic R-HSA-6811438,1/42,0.7633796671564044,0.99999574386894,0,0,0.6989091436233827,0.1887053105540595,CUX1,posterior_up
Reactome_2022,PI Metabolism R-HSA-1483255,2/82,0.7684860945670791,0.99999574386894,0,0,0.7159970238095238,0.1885455085317784,INPP5D;PIP5K1B,posterior_up
Reactome_2022,GPER1 Signaling R-HSA-9634597,1/43,0.7713705025285547,0.99999574386894,0,0,0.682233071534706,0.1770984766797395,GNG8,posterior_up
Reactome_2022,Signaling By Nuclear Receptors R-HSA-9006931,7/260,0.7770919900888188,0.99999574386894,0,0,0.7911716078719534,0.1995307454215331,ARL4C;MYLIP;CYP26B1;ERBB4;ALDH1A1;GNG8;PLTP,posterior_up
Reactome_2022,Sphingolipid De Novo Biosynthesis R-HSA-1660661,1/44,0.7790918664752433,0.99999574386894,0,0,0.6663326307059677,0.1663341567295421,PRKD3,posterior_up
Reactome_2022,TGF-beta Receptor Signaling Activates SMADs R-HSA-2173789,1/44,0.7790918664752433,0.99999574386894,0,0,0.6663326307059677,0.1663341567295421,ITGB6,posterior_up
Reactome_2022,Interleukin-12 Signaling R-HSA-9020591,1/44,0.7790918664752433,0.99999574386894,0,0,0.6663326307059677,0.1663341567295421,STAT4,posterior_up
Reactome_2022,Transcriptional Regulation Of White Adipocyte Differentiation R-HSA-381340,2/84,0.7799628815970214,0.99999574386894,0,0,0.6984610917537747,0.1735738312193361,EGR2;KLF5,posterior_up
Reactome_2022,Metabolism Of Water-Soluble Vitamins And Cofactors R-HSA-196849,3/122,0.7836475681902274,0.99999574386894,0,0,0.7216245663690215,0.1759291034546048,ALDH1L1;PROC;ENPP2,posterior_up
Reactome_2022,Signaling By FGFR R-HSA-190236,2/86,0.7909380344312767,0.99999574386894,0,0,0.6817602040816326,0.1598970743465567,FGF1;FGF3,posterior_up
Reactome_2022,RAC2 GTPase Cycle R-HSA-9013404,2/87,0.7962424845111736,0.99999574386894,0,0,0.6737044817927171,0.1535045839720127,ARHGAP42;NHS,posterior_up
Reactome_2022,Fcgamma Receptor (FCGR) Dependent Phagocytosis R-HSA-2029480,2/87,0.7962424845111736,0.99999574386894,0,0,0.6737044817927171,0.1535045839720127,HCK;BTK,posterior_up
Reactome_2022,Cyclin D Associated Events In G1 R-HSA-69231,1/47,0.8007283556926807,0.99999574386894,0,0,0.6227792493055107,0.1384024253176632,CKS1B,posterior_up
Reactome_2022,PCP/CE Pathway R-HSA-4086400,2/88,0.8014275242998994,0.99999574386894,0,0,0.6658361018826136,0.1473899696341756,FZD1;VANGL2,posterior_up
Reactome_2022,Regulation Of mRNA Stability By Proteins That Bind AU-rich Elements R-HSA-450531,2/88,0.8014275242998994,0.99999574386894,0,0,0.6658361018826136,0.1473899696341756,ZFP36;ENPP2,posterior_up
Reactome_2022,PIP3 Activates AKT Signaling R-HSA-1257604,7/268,0.8025828686281985,0.99999574386894,0,0,0.766599458891244,0.1685906804243937,PDGFRB;IL33;NR4A1;ERBB4;PIP5K1B;FGF1;FGF3,posterior_up
Reactome_2022,DNA Damage Bypass R-HSA-73893,1/48,0.8074595751670591,0.99999574386894,0,0,0.6094970124245203,0.130348424906006,USP43,posterior_up
Reactome_2022,Signaling By ERBB2 R-HSA-1227986,1/49,0.8139637437431516,0.99999574386894,0,0,0.5967682020802377,0.1228384413746725,ERBB4,posterior_up
Reactome_2022,TP53 Regulates Transcription Of Cell Cycle Genes R-HSA-6791312,1/49,0.8139637437431516,0.99999574386894,0,0,0.5967682020802377,0.1228384413746725,E2F8,posterior_up
Reactome_2022,EPH-Ephrin Signaling R-HSA-2682334,2/91,0.8162862767541568,0.99999574386894,0,0,0.6432918673087212,0.1305819166199013,EPHA3;EPHB3,posterior_up
Reactome_2022,Signaling By TGF-beta Receptor Complex R-HSA-170834,2/91,0.8162862767541568,0.99999574386894,0,0,0.6432918673087212,0.1305819166199013,WWTR1;ITGB6,posterior_up
Reactome_2022,Aquaporin-mediated Transport R-HSA-445717,1/50,0.8202485088933136,0.99999574386894,0,0,0.5845589350153138,0.1158291400200053,GNG8,posterior_up
Reactome_2022,Signaling By Rho GTPases R-HSA-194315,18/644,0.8237464226113337,0.99999574386894,0,0,0.8196641471207045,0.1589267601400267,CPNE8;DOCK5;EGR2;CCDC187;ARHGAP28;RND2;RND1;DSN1;ARHGAP42;VANGL2;RHOJ;NOX3;NHS;BTK;STOM;VIM;KLKB1;CFTR,posterior_up
Reactome_2022,Transcriptional Activity Of SMAD2/SMAD3:SMAD4 Heterotrimer R-HSA-2173793,1/51,0.8263212612001885,0.99999574386894,0,0,0.5728380386329867,0.1092812549482901,WWTR1,posterior_up
Reactome_2022,RHOD GTPase Cycle R-HSA-9013405,1/52,0.832189142347459,0.99999574386894,0,0,0.5615767852460449,0.1031591448899492,CPNE8,posterior_up
Reactome_2022,Signaling By PDGF R-HSA-186797,1/52,0.832189142347459,0.99999574386894,0,0,0.5615767852460449,0.1031591448899492,PDGFRB,posterior_up
Reactome_2022,"Nucleotide-binding Domain, Leucine Rich Repeat Containing NLR Signaling Pathways R-HSA-168643",1/53,0.8378590540934067,0.99999574386894,0,0,0.5507486569893703,0.0974304036722172,MAPK12,posterior_up
Reactome_2022,Sensory Processing Of Sound By Outer Hair Cells Of Cochlea R-HSA-9662361,1/53,0.8378590540934067,0.99999574386894,0,0,0.5507486569893703,0.0974304036722172,TMC1,posterior_up
Reactome_2022,Potential Therapeutics For SARS R-HSA-9679191,2/97,0.8430501210843254,0.99999574386894,0,0,0.6024749373433584,0.1028598635278447,BTK;PDCD1,posterior_up
Reactome_2022,Interleukin-12 Family Signaling R-HSA-447115,1/54,0.8433376658582408,0.99999574386894,0,0,0.540329137346155,0.0920655192269968,STAT4,posterior_up
Reactome_2022,Degradation Of DVL R-HSA-4641258,1/55,0.848631422768007,0.99999574386894,0,0,0.5302955258378735,0.0870375732623021,DACT1,posterior_up
Reactome_2022,Signaling By ALK Fusions And Activated Point Mutants R-HSA-9725370,1/55,0.848631422768007,0.99999574386894,0,0,0.5302955258378735,0.0870375732623021,ALK,posterior_up
Reactome_2022,Golgi Associated Vesicle Biogenesis R-HSA-432722,1/55,0.848631422768007,0.99999574386894,0,0,0.5302955258378735,0.0870375732623021,AP1S3,posterior_up
Reactome_2022,"Signaling By Rho GTPases, Miro GTPases And RHOBTB3 R-HSA-9716542",18/660,0.85190440556943,0.99999574386894,0,0,0.7985525416001824,0.1279927667671892,CPNE8;DOCK5;EGR2;CCDC187;ARHGAP28;RND2;RND1;DSN1;ARHGAP42;VANGL2;RHOJ;NOX3;NHS;BTK;STOM;VIM;KLKB1;CFTR,posterior_up
Reactome_2022,Signaling By ERBB4 R-HSA-1236394,1/57,0.8586890751803454,0.99999574386894,0,0,0.5113033326257694,0.0778962364056634,ERBB4,posterior_up
Reactome_2022,NCAM Signaling For Neurite Out-Growth R-HSA-375165,1/57,0.8586890751803454,0.99999574386894,0,0,0.5113033326257694,0.0778962364056634,NRTN,posterior_up
Reactome_2022,NRAGE Signals Death Thru JNK R-HSA-193648,1/57,0.8586890751803454,0.99999574386894,0,0,0.5113033326257694,0.0778962364056634,NGF,posterior_up
Reactome_2022,Beta-catenin Independent WNT Signaling R-HSA-3858494,3/142,0.8615327132806256,0.99999574386894,0,0,0.6171503929494259,0.0919814839359493,FZD1;VANGL2;GNG8,posterior_up
Reactome_2022,Clathrin-mediated Endocytosis R-HSA-8856828,3/142,0.8615327132806256,0.99999574386894,0,0,0.6171503929494259,0.0919814839359493,SYT2;SYT9;CFTR,posterior_up
Reactome_2022,Neurotransmitter Receptors And Postsynaptic Signal Transmission R-HSA-112314,4/182,0.8659304220699019,0.99999574386894,0,0,0.6422270669126279,0.0924490471940481,ERBB4;GNG8;CACNG3;GRIN2D,posterior_up
Reactome_2022,SCF(Skp2)-mediated Degradation Of P27/P21 R-HSA-187577,1/59,0.8680793649833077,0.99999574386894,0,0,0.4936209458420864,0.0698336086887133,CKS1B,posterior_up
Reactome_2022,GABA Receptor Activation R-HSA-977443,1/59,0.8680793649833077,0.99999574386894,0,0,0.4936209458420864,0.0698336086887133,GNG8,posterior_up
Reactome_2022,Transcriptional Regulation Of Granulopoiesis R-HSA-9616222,1/59,0.8680793649833077,0.99999574386894,0,0,0.4936209458420864,0.0698336086887133,KLF5,posterior_up
Reactome_2022,Transport Of Inorganic Cations/Anions And Amino Acids/Oligopeptides R-HSA-425393,2/104,0.869772176550523,0.99999574386894,0,0,0.5609243697478992,0.0782623936245722,SLC5A12;SLC17A6,posterior_up
Reactome_2022,Defective CFTR Causes Cystic Fibrosis R-HSA-5678895,1/60,0.8725381844227281,0.99999574386894,0,0,0.4852293046566097,0.0661604632475522,CFTR,posterior_up
Reactome_2022,Integration Of Energy Metabolism R-HSA-163685,2/105,0.8732291425218316,0.99999574386894,0,0,0.555449607027277,0.0752952381657071,CACNA2D2;GNG8,posterior_up
Reactome_2022,RHOA GTPase Cycle R-HSA-8980692,3/147,0.876680936217833,0.99999574386894,0,0,0.5955663189269746,0.0783837729663993,ARHGAP42;STOM;ARHGAP28,posterior_up
Reactome_2022,Ca2+ Pathway R-HSA-4086398,1/61,0.8768465125838829,0.99999574386894,0,0,0.4771173848439822,0.0627043488776208,GNG8,posterior_up
Reactome_2022,Dectin-1 Mediated Noncanonical NF-kB Signaling R-HSA-5607761,1/61,0.8768465125838829,0.99999574386894,0,0,0.4771173848439822,0.0627043488776208,CCL17,posterior_up
Reactome_2022,Selective Autophagy R-HSA-9663891,1/61,0.8768465125838829,0.99999574386894,0,0,0.4771173848439822,0.0627043488776208,CFTR,posterior_up
Reactome_2022,RAB Geranylgeranylation R-HSA-8873719,1/62,0.881009421510199,0.99999574386894,0,0,0.4692714296153752,0.0594505703607135,RAB3C,posterior_up
Reactome_2022,RHO GTPases Activate PKNs R-HSA-5625740,1/62,0.881009421510199,0.99999574386894,0,0,0.4692714296153752,0.0594505703607135,KLKB1,posterior_up
Reactome_2022,Regulation Of Actin Dynamics For Phagocytic Cup Formation R-HSA-2029482,1/62,0.881009421510199,0.99999574386894,0,0,0.4692714296153752,0.0594505703607135,BTK,posterior_up
Reactome_2022,MAP Kinase Activation R-HSA-450294,1/62,0.881009421510199,0.99999574386894,0,0,0.4692714296153752,0.0594505703607135,DUSP6,posterior_up
Reactome_2022,Nervous System Development R-HSA-9675108,14/545,0.8826668353781856,0.99999574386894,0,0,0.7508132169149119,0.0937070901283397,ROBO2;WWTR1;EGR2;SEMA6A;TRPC4;SEMA3A;UNC5C;POU3F2;MAPK12;RND1;DOK5;NRTN;EPHA3;EPHB3,posterior_up
Reactome_2022,Signaling By MET R-HSA-6806834,1/63,0.885031812428752,0.99999574386894,0,0,0.4616785697167234,0.0563855832051726,TNS3,posterior_up
Reactome_2022,Signaling By B Cell Receptor (BCR) R-HSA-983705,2/109,0.8862280772935205,0.99999574386894,0,0,0.5345738762794837,0.0645663341661536,BTK;REL,posterior_up
Reactome_2022,Oxygen-dependent Proline Hydroxylation Of Hypoxia-inducible Factor Alpha R-HSA-1234176,1/64,0.888918421640215,0.99999574386894,0,0,0.4543267529894573,0.0534968896888626,HIF3A,posterior_up
Reactome_2022,Gap-filling DNA Repair Synthesis And Ligation In TC-NER R-HSA-6782210,1/64,0.888918421640215,0.99999574386894,0,0,0.4543267529894573,0.0534968896888626,LRIG3,posterior_up
Reactome_2022,Interleukin-1 Family Signaling R-HSA-446652,3/152,0.8903412627093037,0.99999574386894,0,0,0.5754308404765001,0.066836550204581,IL33;IL1RL2;PTPN20,posterior_up
Reactome_2022,Intracellular Signaling By Second Messengers R-HSA-9006925,7/306,0.8942204216177777,0.99999574386894,0,0,0.6678383216418546,0.0746663129011035,PDGFRB;IL33;NR4A1;ERBB4;PIP5K1B;FGF1;FGF3,posterior_up
Reactome_2022,MyD88:MAL(TIRAP) Cascade Initiated On Plasma Membrane R-HSA-166058,2/112,0.8951551206259681,0.99999574386894,0,0,0.5199134199134199,0.0575847039674318,BTK;DUSP6,posterior_up
Reactome_2022,Activation Of NF-kappaB In B Cells R-HSA-1169091,1/66,0.8963024488090654,0.99999574386894,0,0,0.4403017487712881,0.048203076797685,REL,posterior_up
Reactome_2022,COPII-mediated Vesicle Transport R-HSA-204005,1/66,0.8963024488090654,0.99999574386894,0,0,0.4403017487712881,0.048203076797685,SEC16B,posterior_up
Reactome_2022,Reproduction R-HSA-1474165,2/113,0.8979830976231274,0.99999574386894,0,0,0.5152027027027027,0.0554378886763966,HVCN1;CD9,posterior_up
Reactome_2022,TCR Signaling R-HSA-202403,2/116,0.9060463237885686,0.99999574386894,0,0,0.5015664160401002,0.0494869723130037,GRAP2;INPP5D,posterior_up
Reactome_2022,RHOB GTPase Cycle R-HSA-9013026,1/69,0.9064696506946632,0.99999574386894,0,0,0.4208111179092736,0.0413226961168811,STOM,posterior_up
Reactome_2022,Interleukin-17 Signaling R-HSA-448424,1/69,0.9064696506946632,0.99999574386894,0,0,0.4208111179092736,0.0413226961168811,DUSP6,posterior_up
Reactome_2022,trans-Golgi Network Vesicle Budding R-HSA-199992,1/71,0.9126884878056228,0.99999574386894,0,0,0.4087454892804075,0.0373432547614786,AP1S3,posterior_up
Reactome_2022,Base Excision Repair R-HSA-73884,1/72,0.9156413029616728,0.99999574386894,0,0,0.4029675826130632,0.0355137674429297,LRIG3,posterior_up
Reactome_2022,Regulation Of RUNX2 Expression And Activity R-HSA-8939902,1/72,0.9156413029616728,0.99999574386894,0,0,0.4029675826130632,0.0355137674429297,BMP2,posterior_up
Reactome_2022,Interferon Alpha/Beta Signaling R-HSA-909733,1/72,0.9156413029616728,0.99999574386894,0,0,0.4029675826130632,0.0355137674429297,IFIT2,posterior_up
Reactome_2022,Cellular Response To Hypoxia R-HSA-1234174,1/73,0.9184943964760652,0.99999574386894,0,0,0.3973501733531451,0.0337825031611533,HIF3A,posterior_up
Reactome_2022,Extra-nuclear Estrogen Signaling R-HSA-9009391,1/73,0.9184943964760652,0.99999574386894,0,0,0.3973501733531451,0.0337825031611533,GNG8,posterior_up
Reactome_2022,RHOG GTPase Cycle R-HSA-9013408,1/74,0.9212511311491408,0.99999574386894,0,0,0.3918866657167864,0.0321435662205234,DOCK5,posterior_up
Reactome_2022,"Cell Death Signaling Via NRAGE, NRIF And NADE R-HSA-204998",1/74,0.9212511311491408,0.99999574386894,0,0,0.3918866657167864,0.0321435662205234,NGF,posterior_up
Reactome_2022,ABC Transporter Disorders R-HSA-5619084,1/77,0.9289751362028408,0.99999574386894,0,0,0.376358801908188,0.0277275966408707,CFTR,posterior_up
Reactome_2022,Transcription-Coupled Nucleotide Excision Repair (TC-NER) R-HSA-6781827,1/77,0.9289751362028408,0.99999574386894,0,0,0.376358801908188,0.0277275966408707,LRIG3,posterior_up
Reactome_2022,FCERI Mediated NF-kB Activation R-HSA-2871837,1/78,0.9313778566598714,0.99999574386894,0,0,0.3714517280639123,0.026406586170812,RASGRP2,posterior_up
Reactome_2022,"Platelet Activation, Signaling And Aggregation R-HSA-76002",5/254,0.9327547816893852,0.99999574386894,0,0,0.5726043186197706,0.0398606703342676,APBB1IP;F2R;GNG8;CD9;RASGRP2,posterior_up
Reactome_2022,Amyloid Fiber Formation R-HSA-977225,1/79,0.9336994085400728,0.99999574386894,0,0,0.3666704766259001,0.0251538605145421,TSPAN33,posterior_up
Reactome_2022,Downstream Signaling Events Of B Cell Receptor (BCR) R-HSA-1168372,1/79,0.9336994085400728,0.99999574386894,0,0,0.3666704766259001,0.0251538605145421,REL,posterior_up
Reactome_2022,Fatty Acid Metabolism R-HSA-8978868,3/173,0.9340397975707434,0.99999574386894,0,0,0.5037959147891645,0.0343771348427489,ACADL;HPGD;TBXAS1,posterior_up
Reactome_2022,Host Interactions Of HIV Factors R-HSA-162909,2/130,0.9363790460705836,0.99999574386894,0,0,0.4463820684523809,0.0293428898848367,HCK;AP1S3,posterior_up
Reactome_2022,Biological Oxidations R-HSA-211859,4/218,0.9387143186512996,0.99999574386894,0,0,0.5331845445668852,0.0337207692182989,CYP26B1;TBXAS1;ALDH1A1;MGST2,posterior_up
Reactome_2022,Cyclin E Associated Events During G1/S Transition R-HSA-69202,1/82,0.9402039758271424,0.99999574386894,0,0,0.3530350558582356,0.0217675878784331,CKS1B,posterior_up
Reactome_2022,Global Genome Nucleotide Excision Repair (GG-NER) R-HSA-5696399,1/82,0.9402039758271424,0.99999574386894,0,0,0.3530350558582356,0.0217675878784331,LRIG3,posterior_up
Reactome_2022,Platelet Homeostasis R-HSA-418346,1/83,0.9422273275685362,0.99999574386894,0,0,0.3487116297611713,0.0207513789481761,GNG8,posterior_up
Reactome_2022,Cell Surface Interactions At Vascular Wall R-HSA-202733,2/134,0.9431737448650778,0.99999574386894,0,0,0.4327651515151515,0.0253188240865244,PROC;INPP5D,posterior_up
Reactome_2022,Cyclin A:Cdk2-associated Events At S Phase Entry R-HSA-69656,1/84,0.9441823092957988,0.99999574386894,0,0,0.3444923826062049,0.0197862669776021,CKS1B,posterior_up
Reactome_2022,Degradation Of Beta-Catenin By Destruction Complex R-HSA-195253,1/84,0.9441823092957988,0.99999574386894,0,0,0.3444923826062049,0.0197862669776021,PROC,posterior_up
Reactome_2022,Hedgehog On State R-HSA-5632684,1/85,0.9460712281042364,0.99999574386894,0,0,0.3403735937168329,0.0188694334584397,GAS1,posterior_up
Reactome_2022,Factors Involved In Megakaryocyte Development And Platelet Production R-HSA-983231,2/136,0.946306745326366,0.99999574386894,0,0,0.4262615493958777,0.0235247386679336,DOCK5;SH2B2,posterior_up
Reactome_2022,"Transport Of Bile Salts And Organic Acids, Metal Ions And Amine Compounds R-HSA-425366",1/86,0.947896313032662,0.99999574386894,0,0,0.3363517175072109,0.0179982332604928,SLC6A1,posterior_up
Reactome_2022,RHO GTPase Effectors R-HSA-195258,5/269,0.9510474382487396,0.99999574386894,0,0,0.5396453322462291,0.0270855197545156,DSN1;BTK;NOX3;KLKB1;CFTR,posterior_up
Reactome_2022,Opioid Signaling R-HSA-111885,1/88,0.9513635252065598,0.99999574386894,0,0,0.3285853358610442,0.0163829473472145,GNG8,posterior_up
Reactome_2022,Toll Like Receptor 4 (TLR4) Cascade R-HSA-166016,2/140,0.9520860931302536,0.99999574386894,0,0,0.4138198757763975,0.0203184790622674,BTK;DUSP6,posterior_up
Reactome_2022,Metabolism Of Vitamins And Cofactors R-HSA-196854,3/186,0.9523705876022404,0.99999574386894,0,0,0.4676895262759278,0.0228237386683912,ALDH1L1;PROC;ENPP2,posterior_up
Reactome_2022,Peptide Hormone Metabolism R-HSA-2980736,1/89,0.9530097453270384,0.99999574386894,0,0,0.3248345265432932,0.0156343343037521,C1QTNF1,posterior_up
Reactome_2022,ER-Phagosome Pathway R-HSA-1236974,1/89,0.9530097453270384,0.99999574386894,0,0,0.3248345265432932,0.0156343343037521,BTK,posterior_up
Reactome_2022,Sphingolipid Metabolism R-HSA-428157,1/89,0.9530097453270384,0.99999574386894,0,0,0.3248345265432932,0.0156343343037521,PRKD3,posterior_up
Reactome_2022,Glucose Metabolism R-HSA-70326,1/89,0.9530097453270384,0.99999574386894,0,0,0.3248345265432932,0.0156343343037521,PROC,posterior_up
Reactome_2022,Mitochondrial Biogenesis R-HSA-1592230,1/89,0.9530097453270384,0.99999574386894,0,0,0.3248345265432932,0.0156343343037521,MAPK12,posterior_up
Reactome_2022,Chaperonin-mediated Protein Folding R-HSA-390466,1/90,0.9546003221122226,0.99999574386894,0,0,0.3211680050753794,0.0149222803122157,GNG8,posterior_up
Reactome_2022,MAPK6/MAPK4 Signaling R-HSA-5687128,1/90,0.9546003221122226,0.99999574386894,0,0,0.3211680050753794,0.0149222803122157,ETV4,posterior_up
Reactome_2022,Activation Of HOX Genes During Differentiation R-HSA-5619507,1/91,0.956137133614664,0.99999574386894,0,0,0.317582961862308,0.0142448442627181,EGR2,posterior_up
Reactome_2022,Unattached Kinetochores Signal Amplification Via A MAD2 Inhibitory Signal R-HSA-141444,1/93,0.9590566588988356,0.99999574386894,0,0,0.3106466826022352,0.012986623277327,DSN1,posterior_up
Reactome_2022,VEGFA-VEGFR2 Pathway R-HSA-4420097,1/93,0.9590566588988356,0.99999574386894,0,0,0.3106466826022352,0.012986623277327,MAPK12,posterior_up
Reactome_2022,Downstream TCR Signaling R-HSA-202424,1/94,0.9604428207381612,0.99999574386894,0,0,0.3072904184441355,0.0124024961154518,INPP5D,posterior_up
Reactome_2022,P75 NTR Receptor-Mediated Signaling R-HSA-193704,1/95,0.9617821176924722,0.99999574386894,0,0,0.30400556416174,0.0118462890482371,NGF,posterior_up
Reactome_2022,Metabolism Of Nucleotides R-HSA-15869,1/95,0.9617821176924722,0.99999574386894,0,0,0.30400556416174,0.0118462890482371,ENTPD1,posterior_up
Reactome_2022,Adaptive Immune System R-HSA-1280218,17/733,0.9625452370554508,0.99999574386894,0,0,0.6725381155242638,0.0256736142051231,MYLIP;CRTAM;ASB14;RASGRP2;TREML1;RNF144B;GRAP2;INPP5D;TREML2;REL;BTK;TRIM36;SLAMF6;AP1S3;PDCD1;NECTIN2;SPSB4,posterior_up
Reactome_2022,Protein Folding R-HSA-391251,1/96,0.9630761317157795,0.99999574386894,0,0,0.3007898647063424,0.0113165609797666,GNG8,posterior_up
Reactome_2022,MyD88 Cascade Initiated On Plasma Membrane R-HSA-975871,1/96,0.9630761317157795,0.99999574386894,0,0,0.3007898647063424,0.0113165609797666,DUSP6,posterior_up
Reactome_2022,EML4 And NUDC In Mitotic Spindle Formation R-HSA-9648025,1/97,0.9643263918729458,0.99999574386894,0,0,0.2976411589895988,0.0108119522819362,DSN1,posterior_up
Reactome_2022,Axon Guidance R-HSA-422475,11/519,0.965173789985346,0.99999574386894,0,0,0.61459483854111,0.021785605075496,ROBO2;SEMA6A;TRPC4;DOK5;SEMA3A;UNC5C;NRTN;EPHA3;MAPK12;EPHB3;RND1,posterior_up
Reactome_2022,CLEC7A (Dectin-1) Signaling R-HSA-5607764,1/99,0.966701509613684,0.99999574386894,0,0,0.2915365254571368,0.009873032505225,CCL17,posterior_up
Reactome_2022,Cellular Response To Heat Stress R-HSA-3371556,1/99,0.966701509613684,0.99999574386894,0,0,0.2915365254571368,0.009873032505225,CRYAB,posterior_up
Reactome_2022,TRAF6 Mediated Induction Of NFkB And MAP Kinases Upon TLR7/8 Or 9 Activation R-HSA-975138,1/101,0.9689187016253786,0.99999574386894,0,0,0.2856760772659732,0.0090200992596865,DUSP6,posterior_up
Reactome_2022,ABC-family Proteins Mediated Transport R-HSA-382556,1/102,0.969971380154798,0.99999574386894,0,0,0.2828328895296662,0.008623210771802,CFTR,posterior_up
Reactome_2022,Signaling By VEGF R-HSA-194138,1/102,0.969971380154798,0.99999574386894,0,0,0.2828328895296662,0.008623210771802,MAPK12,posterior_up
Reactome_2022,MyD88 Dependent Cascade Initiated On Endosome R-HSA-975155,1/102,0.969971380154798,0.99999574386894,0,0,0.2828328895296662,0.008623210771802,DUSP6,posterior_up
Reactome_2022,Signaling By Interleukins R-HSA-449147,9/453,0.9708526415644484,0.99999574386894,0,0,0.5755537492379598,0.0170252146832728,HCK;IL33;IL1RL2;TEC;INPP5D;STAT4;PTPN20;VIM;DUSP6,posterior_up
Reactome_2022,Toll Like Receptor 3 (TLR3) Cascade R-HSA-168164,1/103,0.9709884540956732,0.99999574386894,0,0,0.2800454505725024,0.008244734515945,DUSP6,posterior_up
Reactome_2022,Toll Like Receptor 7/8 (TLR7/8) Cascade R-HSA-168181,1/103,0.9709884540956732,0.99999574386894,0,0,0.2800454505725024,0.008244734515945,DUSP6,posterior_up
Reactome_2022,Antigen processing-Cross Presentation R-HSA-1236975,1/104,0.9719711260158966,0.99999574386894,0,0,0.2773121366436331,0.0078837568451314,BTK,posterior_up
Reactome_2022,MHC Class II Antigen Presentation R-HSA-2132295,1/104,0.9719711260158966,0.99999574386894,0,0,0.2773121366436331,0.0078837568451314,AP1S3,posterior_up
Reactome_2022,Keratinization R-HSA-6805567,3/208,0.9729883543910292,0.99999574386894,0,0,0.4170186470866199,0.0114192906853898,CDSN;KRT20;KLK8,posterior_up
Reactome_2022,Resolution Of Sister Chromatid Cohesion R-HSA-2500257,1/106,0.973837872297934,0.99999574386894,0,0,0.2720016981532583,0.0072108859883862,DSN1,posterior_up
Reactome_2022,Toll Like Receptor 9 (TLR9) Cascade R-HSA-168138,1/106,0.973837872297934,0.99999574386894,0,0,0.2720016981532583,0.0072108859883862,DUSP6,posterior_up
Reactome_2022,Toll-like Receptor Cascades R-HSA-168898,2/162,0.9746400502529442,0.99999574386894,0,0,0.3565104166666666,0.0091577028148476,BTK;DUSP6,posterior_up
Reactome_2022,Phase II - Conjugation Of Compounds R-HSA-156580,1/107,0.9747241543248109,0.99999574386894,0,0,0.2694216266225574,0.0068974001948503,MGST2,posterior_up
Reactome_2022,Interleukin-4 And Interleukin-13 Signaling R-HSA-6785807,1/107,0.9747241543248109,0.99999574386894,0,0,0.2694216266225574,0.0068974001948503,VIM,posterior_up
Reactome_2022,MyD88-independent TLR4 Cascade R-HSA-166166,1/107,0.9747241543248109,0.99999574386894,0,0,0.2694216266225574,0.0068974001948503,DUSP6,posterior_up
Reactome_2022,Nucleotide Excision Repair R-HSA-5696398,1/108,0.9755804521860686,0.99999574386894,0,0,0.2668897807279443,0.0065982225176151,LRIG3,posterior_up
Reactome_2022,Gene Silencing By RNA R-HSA-211000,1/108,0.9755804521860686,0.99999574386894,0,0,0.2668897807279443,0.0065982225176151,TDRD9,posterior_up
Reactome_2022,Mitotic Spindle Checkpoint R-HSA-69618,1/110,0.977207113156785,0.99999574386894,0,0,0.2619654566026418,0.0060400485967427,DSN1,posterior_up
Reactome_2022,Antigen Processing: Ubiquitination And Proteasome Degradation R-HSA-983168,5/307,0.9789829677513416,0.99999574386894,0,0,0.4708025222977856,0.0100003324781326,RNF144B;MYLIP;ASB14;TRIM36;SPSB4,posterior_up
Reactome_2022,Macroautophagy R-HSA-1632852,1/114,0.9801429688320332,0.99999574386894,0,0,0.2526397454272903,0.0050671527776174,CFTR,posterior_up
Reactome_2022,RHO GTPases Activate Formins R-HSA-5663220,1/119,0.9832874623475828,0.99999574386894,0,0,0.2418717102777847,0.0040764496580209,DSN1,posterior_up
Reactome_2022,Estrogen-dependent Gene Expression R-HSA-9018519,1/119,0.9832874623475828,0.99999574386894,0,0,0.2418717102777847,0.0040764496580209,ERBB4,posterior_up
Reactome_2022,Homology Directed Repair R-HSA-5693538,1/119,0.9832874623475828,0.99999574386894,0,0,0.2418717102777847,0.0040764496580209,LRIG3,posterior_up
Reactome_2022,Apoptosis R-HSA-109581,2/178,0.9841785349145328,0.99999574386894,0,0,0.323829816017316,0.0051644251037114,PROC;VIM,posterior_up
Reactome_2022,Platelet Degranulation R-HSA-114608,1/125,0.9864114342834228,0.99999574386894,0,0,0.2300963428078416,0.003148117247849,CD9,posterior_up
Reactome_2022,Mitotic Prometaphase R-HSA-68877,2/186,0.9875340430504308,0.99999574386894,0,0,0.3096208592132505,0.0038839796769283,DSN1;NCAPH,posterior_up
Reactome_2022,Neddylation R-HSA-8951664,3/237,0.9875415041607236,0.99999574386894,0,0,0.3647827582253812,0.0045731915428922,ASB14;HIF3A;SPSB4,posterior_up
Reactome_2022,Autophagy R-HSA-9612973,1/128,0.9877473440121034,0.99999574386894,0,0,0.2246258965029074,0.0027692641152475,CFTR,posterior_up
Reactome_2022,G1/S Transition R-HSA-69206,1/129,0.9881628321209884,0.99999574386894,0,0,0.2228593982169391,0.0026537617935943,CKS1B,posterior_up
Reactome_2022,ESR-mediated Signaling R-HSA-8939211,2/188,0.988257986579837,0.99999574386894,0,0,0.3062596006144393,0.0036173838332649,ERBB4;GNG8,posterior_up
Reactome_2022,Response To Elevated Platelet Cytosolic Ca2+ R-HSA-76005,1/130,0.988564247917996,0.99999574386894,0,0,0.2211202875012958,0.0025432466331846,CD9,posterior_up
Reactome_2022,Class I MHC Mediated Antigen Processing And Presentation R-HSA-983169,6/378,0.9888928463287816,0.99999574386894,0,0,0.4576492176936449,0.0051116208125268,RNF144B;MYLIP;BTK;ASB14;TRIM36;SPSB4,posterior_up
Reactome_2022,Developmental Biology R-HSA-1266738,24/1073,0.9896657381176608,0.99999574386894,0,0,0.6433203783823421,0.0066828321179215,ROBO2;WWTR1;LEFTY1;EGR2;SEMA6A;CDSN;MAML2;TRPC4;SEMA3A;UNC5C;HIF3A;MAFA;KRT20;KLK8;POU3F2;MAPK12;RND1;KLF5;DOK5;NRTN;MAML3;CACNG3;EPHA3;EPHB3,posterior_up
Reactome_2022,ER To Golgi Anterograde Transport R-HSA-199977,1/133,0.989688741636684,0.99999574386894,0,0,0.2160610563285154,0.0022394269737853,SEC16B,posterior_up
Reactome_2022,Transport Of Small Molecules R-HSA-382551,14/706,0.9901886849171064,0.99999574386894,0,0,0.5711946050096339,0.0056318435398097,MYLIP;TRPC4;SLC5A12;PCSK9;SLC6A1;BEST3;ANO3;TRDN;SLC17A6;GNG8;STOM;SGK1;PLTP;CFTR,posterior_up
Reactome_2022,Signaling By Hedgehog R-HSA-5358351,1/135,0.9903763500305685,0.99999574386894,0,0,0.2128140870683728,0.0020579668187166,GAS1,posterior_up
Reactome_2022,SLC-mediated Transmembrane Transport R-HSA-425407,3/247,0.9905158399468568,0.99999574386894,0,0,0.3496494099826537,0.0033319564657143,SLC17A6;SLC5A12;SLC6A1,posterior_up
Reactome_2022,Death Receptor Signaling R-HSA-73887,1/139,0.9916172064720228,0.99999574386894,0,0,0.2066024937011434,0.0017392059769598,NGF,posterior_up
Reactome_2022,Ub-specific Processing Proteases R-HSA-5689880,2/201,0.992058237464277,0.99999574386894,0,0,0.2860582675281167,0.0022808759557466,IL33;CFTR,posterior_up
Reactome_2022,C-type Lectin Receptors (CLRs) R-HSA-5621481,1/141,0.992176345414128,0.99999574386894,0,0,0.2036298025896837,0.0015993939821398,CCL17,posterior_up
Reactome_2022,Disease R-HSA-1643685,42/1736,0.9930953196612086,0.99999574386894,0,0,0.6917041531540956,0.0047925607227521,ALK;MAML2;PRELP;ZC3HAV1;FGF1;RXFP2;FGF3;ADAMTS5;CYP26B1;C1QTNF1;SV2C;CUX1;ADAMTS1;HRH2;ERBB4;HEY2;GNG8;AP1S3;THSD7A;PDGFRB;CD163;ENTPD1;SYT2;DUSP9;DKK2;DUSP6;APBB1IP;ADCYAP1;HCK;NR4A1;PROC;PPP1R3C;FSHR;TBXAS1;CRH;BTK;CD9;MAML3;PDCD1;FMOD;KLKB1;CFTR,posterior_up
Reactome_2022,Phospholipid Metabolism R-HSA-1483257,2/208,0.99357545769139,0.99999574386894,0,0,0.2762367082755432,0.0017804197541422,INPP5D;PIP5K1B,posterior_up
Reactome_2022,Programmed Cell Death R-HSA-5357801,2/208,0.99357545769139,0.99999574386894,0,0,0.2762367082755432,0.0017804197541422,PROC;VIM,posterior_up
Reactome_2022,Mitotic G1 Phase And G1/S Transition R-HSA-453279,1/147,0.9936399771938592,0.99999574386894,0,0,0.1952003908078731,0.0012454436739666,CKS1B,posterior_up
Reactome_2022,DNA Double-Strand Break Repair R-HSA-5693532,1/149,0.9940643176692628,0.99999574386894,0,0,0.1925424681739689,0.0011462762676749,LRIG3,posterior_up
Reactome_2022,Hemostasis R-HSA-109582,10/576,0.9942129263409072,0.99999574386894,0,0,0.4991698241730171,0.0028971235835987,APBB1IP;DOCK5;PROC;INPP5D;F2R;GNG8;CD9;RASGRP2;KLKB1;SH2B2,posterior_up
Reactome_2022,Metabolism Of Amino Acids And Derivatives R-HSA-71291,5/364,0.9946034465694988,0.99999574386894,0,0,0.3948644923825108,0.0021366778786594,OCA2;ARG2;TPO;AADAT;DBH,posterior_up
Reactome_2022,Regulation Of TP53 Activity R-HSA-5633007,1/157,0.9954970334426612,0.99999574386894,0,0,0.1825922962624299,0.0008240637650707526,SGK1,posterior_up
Reactome_2022,S Phase R-HSA-69242,1/161,0.9960780497759206,0.99999574386894,0,0,0.1779903417533432,0.0006994417468938449,CKS1B,posterior_up
Reactome_2022,Deubiquitination R-HSA-5688426,3/279,0.9961060498917536,0.99999574386894,0,0,0.3085919782284714,0.0012039874248007,IL33;PROC;CFTR,posterior_up
Reactome_2022,Neutrophil Degranulation R-HSA-6798695,7/468,0.9961427787284428,0.99999574386894,0,0,0.4294653107285836,0.0016597457971434,VAT1;DSN1;LRG1;ADGRE5;HVCN1;FGL2;STOM,posterior_up
Reactome_2022,Asparagine N-linked Glycosylation R-HSA-446203,3/282,0.9964221955898728,0.99999574386894,0,0,0.3052257103023893,0.0010939961135478,SEC16B;GFPT2;ST3GAL6,posterior_up
Reactome_2022,Transport To Golgi And Subsequent Modification R-HSA-948021,1/164,0.9964640951725188,0.99999574386894,0,0,0.1746870983327104,0.000618771558795522,SEC16B,posterior_up
Reactome_2022,Cellular Senescence R-HSA-2559583,1/165,0.996584145395368,0.99999574386894,0,0,0.1736128728300656,0.0005940515064746968,ID1,posterior_up
Reactome_2022,HIV Infection R-HSA-162906,2/229,0.9966172724924286,0.99999574386894,0,0,0.2504064401090833,0.000848492673251875,HCK;AP1S3,posterior_up
Reactome_2022,Regulation Of Expression Of SLITs And ROBOs R-HSA-9010553,1/167,0.9968121633628062,0.99999574386894,0,0,0.1715032492525824,0.0005475976317399967,ROBO2,posterior_up
Reactome_2022,Separation Of Sister Chromatids R-HSA-2467813,1/170,0.9971259850920768,0.99999574386894,0,0,0.1684324362344707,0.00048477429115069686,DSN1,posterior_up
Reactome_2022,Disorders Of Transmembrane Transporters R-HSA-5619115,1/176,0.9976640187159264,0.99999574386894,0,0,0.1626066652515389,0.0003802904755432026,CFTR,posterior_up
Reactome_2022,Intra-Golgi And Retrograde Golgi-to-ER Traffic R-HSA-6811442,1/181,0.9980346034113936,0.99999574386894,0,0,0.1580485388806339,0.0003109337133676296,CUX1,posterior_up
Reactome_2022,Cellular Response To Chemical Stress R-HSA-9711123,1/182,0.9981013436611657,0.99999574386894,0,0,0.1571671332288015,0.00029869001842387056,GPX8,posterior_up
Reactome_2022,G2/M Transition R-HSA-69275,1/182,0.9981013436611657,0.99999574386894,0,0,0.1571671332288015,0.00029869001842387056,PHLDA1,posterior_up
Reactome_2022,Mitotic G2-G2/M Phases R-HSA-453274,1/184,0.9982281011042112,0.99999574386894,0,0,0.1554332204710983,0.000275656241401947,PHLDA1,posterior_up
Reactome_2022,Interferon Signaling R-HSA-913531,1/200,0.99898041442222,0.99999574386894,0,0,0.1428166090482128,0.00014568803819165025,IFIT2,posterior_up
Reactome_2022,Cytokine Signaling In Immune System R-HSA-1280215,11/702,0.9990022943799832,0.99999574386894,0,0,0.4474355700200597,0.0004466318234118384,HCK;IL33;IL1RL2;TEC;GRAP2;INPP5D;STAT4;PTPN20;VIM;DUSP6;IFIT2,posterior_up
Reactome_2022,Signaling By ROBO Receptors R-HSA-376176,1/209,0.9992526962531832,0.99999574386894,0,0,0.1365727511715624,0.00010209948308006328,ROBO2,posterior_up
Reactome_2022,Vesicle-mediated Transport R-HSA-5653656,9/637,0.9993893758249678,0.99999574386894,0,0,0.4029548393276184,0.0002461291201851644,GJD2;SEC16B;CD163;SYT2;GJA3;CUX1;AP1S3;SYT9;CFTR,posterior_up
Reactome_2022,Membrane Trafficking R-HSA-199991,8/599,0.9994843436635747,0.99999574386894,0,0,0.3807868782488072,0.00019640580989991065,GJD2;SEC16B;SYT2;GJA3;CUX1;AP1S3;SYT9;CFTR,posterior_up
Reactome_2022,Infectious Disease R-HSA-5663205,16/961,0.999645043507056,0.99999574386894,0,0,0.4729676267670188,0.00016791273269395804,CD163;ENTPD1;SYT2;RXFP2;ADCYAP1;HCK;C1QTNF1;SV2C;HRH2;FSHR;CRH;BTK;GNG8;CD9;AP1S3;PDCD1,posterior_up
Reactome_2022,Mitotic Anaphase R-HSA-68882,1/232,0.9996616281626044,0.99999574386894,0,0,0.1228266532872773,4.156811349013213e-05,DSN1,posterior_up
Reactome_2022,Mitotic Metaphase And Anaphase R-HSA-2555396,1/233,0.9996730575505492,0.99999574386894,0,0,0.1222908233847415,3.998859868423336e-05,DSN1,posterior_up
Reactome_2022,DNA Repair R-HSA-73894,2/310,0.9997294925589972,0.99999574386894,0,0,0.1837700989486703,4.9717904034119176e-05,USP43;LRIG3,posterior_up
Reactome_2022,Innate Immune System R-HSA-168249,17/1035,0.999815329938213,0.99999574386894,0,0,0.4653467419029762,8.594354742398373e-05,VAT1;C1QA;CR2;HVCN1;FGL2;RASGRP2;DUSP6;MAPK12;HCK;DSN1;LRG1;TEC;ADGRE5;GRAP2;BTK;STOM;CCL17,posterior_up
Reactome_2022,Cell Cycle Checkpoints R-HSA-69620,1/271,0.9999102349279048,0.99999574386894,0,0,0.1048703978867426,9.414121362911223e-06,DSN1,posterior_up
Reactome_2022,Organelle Biogenesis And Maintenance R-HSA-1852241,1/275,0.9999214556001078,0.99999574386894,0,0,0.1033177514343662,8.115349496422943e-06,MAPK12,posterior_up
Reactome_2022,Transcriptional Regulation By TP53 R-HSA-3700989,2/354,0.9999312409385251,0.99999574386894,0,0,0.1604268127705627,1.1031176332518158e-05,SGK1;E2F8,posterior_up
Reactome_2022,SARS-CoV Infections R-HSA-9679506,2/369,0.9999562431440764,0.99999574386894,0,0,0.1537482159076164,6.7276857242605264e-06,BTK;PDCD1,posterior_up
Reactome_2022,M Phase R-HSA-68886,2/380,0.9999682567830304,0.99999574386894,0,0,0.1491874527588813,4.735764846692457e-06,DSN1;NCAPH,posterior_up
Reactome_2022,Post-translational Protein Modification R-HSA-597592,23/1383,0.999971886507074,0.99999574386894,0,0,0.4667231408692509,1.31214021643038e-05,RAB3C;SEC16B;IL33;GALNT6;CNTN5;IGFBP4;GFPT2;NTM;PCSK9;ASB14;HIF3A;PRSS23;FSTL1;ART3;ADAMTS5;B3GNT8;PROC;ADAMTS1;ST3GAL6;TNNI3;THSD7A;CFTR;SPSB4,posterior_up
Reactome_2022,Immune System R-HSA-168256,37/1943,0.9999753617467882,0.99999574386894,0,0,0.5308692207208172,1.3079851415451472e-05,C1QA;HVCN1;FGL2;PTPN20;ASB14;RASGRP2;IFIT2;DSN1;IL1RL2;ADGRE5;GRAP2;INPP5D;STAT4;STOM;SLAMF6;AP1S3;CCL17;VAT1;MYLIP;IL33;CR2;CRTAM;DUSP6;MAPK12;TREML1;HCK;RNF144B;LRG1;TEC;TREML2;REL;BTK;TRIM36;PDCD1;VIM;NECTIN2;SPSB4,posterior_up
Reactome_2022,"Cell Cycle, Mitotic R-HSA-69278",4/523,0.9999795298546252,0.99999574386894,0,0,0.2163402639979294,4.4285619812605205e-06,DSN1;PHLDA1;NCAPH;CKS1B,posterior_up
Reactome_2022,Metabolism Of Proteins R-HSA-392499,30/1890,0.9999939197185846,0.99999574386894,0,0,0.4374373872971348,2.6597505023881335e-06,RAB3C;NTM;PCSK9;ASB14;HIF3A;PRSS23;FSTL1;TSPAN33;ART3;ADAMTS5;C1QTNF1;ADAMTS1;GNG8;ST3GAL6;TNNI3;THSD7A;LMCD1;SEC16B;IL33;GALNT6;CNTN5;IGFBP4;GFPT2;B3GNT8;PROC;PAPPA;KLKB1;CFTR;SPSB4;PAPPA2,posterior_up
Reactome_2022,Metabolism R-HSA-1430728,30/2049,0.99999403155969,0.99999574386894,0,0,0.3993198157872878,2.383323597442898e-06,OCA2;ALDH1L1;HPSE2;HPGD;MGST2;PRELP;DBH;HS6ST3;TPO;CYP26B1;ACADL;NDST4;INPP5D;HAS3;ENPP2;GNG8;PIP5K1B;ST3GAL6;ARG2;ENTPD1;AADAT;CACNA2D2;HS3ST1;PROC;PPP1R3C;PRKD3;TBXAS1;ALDH1A1;FMOD;PLCD3,posterior_up
Reactome_2022,Metabolism Of Lipids R-HSA-556833,6/732,0.9999944993931,0.99999574386894,0,0,0.2301182758450042,1.2657936572412424e-06,ACADL;HPGD;PRKD3;INPP5D;TBXAS1;PIP5K1B,posterior_up
Reactome_2022,Gene Expression (Transcription) R-HSA-74160,15/1449,0.9999945459868947,0.99999574386894,0,0,0.2839981968368454,1.5489341113742413e-06,WWTR1;TFAP2D;MAML2;NR2F1;TDRD9;GAD2;NR4A1;BMP2;MAF;HEY2;CRH;MAML3;SGK1;PVALB;E2F8,posterior_up
Reactome_2022,Generic Transcription Pathway R-HSA-212436,14/1190,0.9999945856127967,0.99999574386894,0,0,0.3273809523809524,1.7725720378595062e-06,WWTR1;TFAP2D;MAML2;NR2F1;GAD2;NR4A1;BMP2;MAF;HEY2;CRH;MAML3;SGK1;PVALB;E2F8,posterior_up
Reactome_2022,RNA Polymerase II Transcription R-HSA-73857,14/1312,0.9999946809764868,0.99999574386894,0,0,0.2946164262034832,1.5670758659774873e-06,WWTR1;TFAP2D;MAML2;NR2F1;GAD2;NR4A1;BMP2;MAF;HEY2;CRH;MAML3;SGK1;PVALB;E2F8,posterior_up
Reactome_2022,Cell Cycle R-HSA-1640170,4/654,0.9999953638450916,0.99999574386894,0,0,0.1715361653272101,7.952700783526497e-07,DSN1;PHLDA1;NCAPH;CKS1B,posterior_up
Reactome_2022,Cellular Responses To Stimuli R-HSA-8953897,4/736,0.9999954881526152,0.99999574386894,0,0,0.1516515781747002,6.842303199461216e-07,ID1;GPX8;HIF3A;CRYAB,posterior_up
Reactome_2022,Cellular Responses To Stress R-HSA-2262752,4/722,0.9999955014475004,0.99999574386894,0,0,0.1547249823306864,6.960400216221743e-07,ID1;GPX8;HIF3A;CRYAB,posterior_up
Reactome_2022,Metabolism Of RNA R-HSA-8953854,2/666,0.9999956470546748,0.99999574386894,0,0,0.0836470883534136,3.641119946850266e-07,ZFP36;ENPP2,posterior_up
Reactome_2022,Sensory Perception R-HSA-9709957,2/616,0.99999574386894,0.99999574386894,0,0,0.0907011012874205,3.860365958802524e-07,TMC1;CACNA2D2,posterior_up
