Gene_set,Term,Overlap,P-value,Adjusted P-value,Old P-value,Old Adjusted P-value,Odds Ratio,Combined Score,Genes,direction
GO_Biological_Process_2021,positive regulation of endothelial cell chemotaxis (GO:2001028),7/15,9.889642361014904e-06,0.0327643851420423,0,0,14.13519313304721,162.8942847624215,SEMA5A;FGF16;SMOC2;P2RX4;FGF18;MET;FGFR1,anterior_up
GO_Biological_Process_2021,pulmonary valve morphogenesis (GO:0003184),7/17,2.693946800664836e-05,0.0422230404512427,0,0,11.30695278969957,118.97083160407296,NOTCH2;BMP4;TGFB2;JAG1;SMAD6;ROBO1;STRA6,anterior_up
GO_Biological_Process_2021,pulmonary valve development (GO:0003177),7/18,4.185431692066831e-05,0.0422230404512427,0,0,10.278501755754975,103.62082024007684,NOTCH2;BMP4;TGFB2;JAG1;SMAD6;ROBO1;STRA6,anterior_up
GO_Biological_Process_2021,regulation of heart rate by cardiac conduction (GO:0086091),10/39,6.126065634686696e-05,0.0422230404512427,0,0,5.578669357231883,54.11517217230696,KCNE3;KCNH6;CAV1;PKP2;KCNA5;DSG2;SCN5A;SCN4B;DSC2;TRPM4,anterior_up
GO_Biological_Process_2021,phospholipase C-activating G protein-coupled receptor signaling pathway (GO:0007200),15/81,6.372327263996785e-05,0.0422230404512427,0,0,3.6854718315392474,35.60519857905592,CHRM2;OPRD1;LPAR1;OPRK1;HTR2A;TACR1;ADRA1A;ESR1;TRHR;HRH1;P2RY1;PLCE1;DRD1;DRD2;DRD5,anterior_up
GO_Biological_Process_2021,sensory perception (GO:0007600),11/51,0.00014534704022460445,0.0638103062780286,0,0,4.45021533161068,39.323821762743826,ADGRV1;P2RX4;USH1G;WHRN;PENK;PCDH15;CDH23;OPRK1;PDYN;ALOXE3;NTSR2,anterior_up
GO_Biological_Process_2021,regulation of cytosolic calcium ion concentration (GO:0051480),21/148,0.00014913786389773834,0.0638103062780286,0,0,2.6866128050240463,23.67077668286424,CD52;TRPC5;TRPC6;TRPC3;CAV1;LPAR1;TACR1;ESR1;ADRA1A;HCRTR1;CALB2;CALCR;CALB1;PLN;P2RY1;CDH23;PLCE1;ACKR3;DRD2;CD55;TRPM4,anterior_up
GO_Biological_Process_2021,sensory perception of mechanical stimulus (GO:0050954),15/88,0.0001690953099365928,0.0638103062780286,0,0,3.3308272457110384,28.928394634904382,ADGRV1;WHRN;PCDH15;LHFPL5;TSPEAR;P2RX4;USH1G;CDH23;MYH14;SNAI2;ROR1;EPS8L2;SLC26A4;PDZD7;GSDME,anterior_up
GO_Biological_Process_2021,extracellular matrix organization (GO:0030198),34/300,0.000180047046114395,0.0638103062780286,0,0,2.0848738718500996,17.97639208584308,VIT;FBN2;COLGALT2;COL16A1;COL13A1;LAMA2;LAMC3;PAPLN;ITGA2B;DMP1;PLOD2;LAMC2;THSD4;ADAMTS16;ADAMTS4;ADAMTS15;ADAMTS2;CREB3L1;ADAMTS18;SLC39A8;ADAMTS9;TGFB2;COL23A1;P3H2;LAMB1;SMOC2;COL5A3;P4HA3;ADAM12;COL8A1;TLL2;ITGA6;LCP1;FBN1,anterior_up
GO_Biological_Process_2021,positive regulation of phosphorylation (GO:0042327),30/253,0.0001926058143013241,0.0638103062780286,0,0,2.1916942190948143,18.74964788197767,EPHB6;FLT4;PELI2;KNDC1;MST1R;RASGRP1;GPNMB;THPO;P2RY1;LEPR;NCKAP1L;EPHB2;PROM2;EPHA7;EPHA8;FZD7;HGF;PIFO;VEGFD;BMP4;EFNA1;FGF16;MAVS;KIT;FGF18;ROR1;ITGA6;MET;FGF10;FGFR1,anterior_up
GO_Biological_Process_2021,sensory perception of sound (GO:0007605),15/91,0.00024792667601048455,0.0746710070566123,0,0,3.1988354637674568,26.557939634209458,ADGRV1;WHRN;PCDH15;LHFPL5;TSPEAR;USH1G;KIT;CDH23;MYH14;SNAI2;ROR1;EPS8L2;SLC26A4;PDZD7;GSDME,anterior_up
GO_Biological_Process_2021,regulation of ventricular cardiac muscle cell action potential (GO:0098911),5/12,0.000383532795674776,0.0996206862695967,0,0,11.519769861672176,90.61549379742875,CAV1;PKP2;DSG2;DSC2;TRPM4,anterior_up
GO_Biological_Process_2021,extracellular structure organization (GO:0043062),26/216,0.0003962988979333205,0.0996206862695967,0,0,2.225535041792964,17.4333767562845,VIT;FBN2;COL16A1;COL13A1;LAMA2;LAMC3;PAPLN;ITGA2B;DMP1;LAMC2;THSD4;ADAMTS16;ADAMTS4;ADAMTS15;ADAMTS2;ADAMTS18;SLC39A8;ADAMTS9;COL23A1;LAMB1;SMOC2;COL5A3;ADAM12;COL8A1;ITGA6;FBN1,anterior_up
GO_Biological_Process_2021,external encapsulating structure organization (GO:0045229),26/217,0.0004257426080380292,0.0996206862695967,0,0,2.21376424257376,17.182519907474372,VIT;FBN2;COL16A1;COL13A1;LAMA2;LAMC3;PAPLN;ITGA2B;DMP1;LAMC2;THSD4;ADAMTS16;ADAMTS4;ADAMTS15;ADAMTS2;ADAMTS18;SLC39A8;ADAMTS9;COL23A1;LAMB1;SMOC2;COL5A3;ADAM12;COL8A1;ITGA6;FBN1,anterior_up
GO_Biological_Process_2021,fat cell differentiation (GO:0045444),11/58,0.0004771543698245996,0.0996206862695967,0,0,3.78600619421995,28.95412785771869,NR4A2;CEBPA;TCF7L2;WNT5B;CTBP2;PPARG;INHBB;METRNL;SMAD6;ALOXE3;FOXO1,anterior_up
GO_Biological_Process_2021,positive regulation of protein kinase B signaling (GO:0051897),21/161,0.0004811140900433288,0.0996206862695967,0,0,2.435447437011294,18.60537206144586,SEMA5A;KL;TCF7L2;RAMP3;HGF;TGFA;MST1R;ESR1;BTC;RASD2;FGF16;CALCR;P2RX4;THPO;FGF18;KIT;CD28;MET;MYORG;FGF10;FGFR1,anterior_up
GO_Biological_Process_2021,positive regulation of calcium ion transport into cytosol (GO:0010524),8/34,0.0006275559150468437,0.1183168545633341,0,0,4.970129526830558,36.648133672033374,NPSR1;RAMP3;CALCR;P2RX4;TRPC3;P2RX3;CAV1;DRD1,anterior_up
GO_Biological_Process_2021,collagen fibril organization (GO:0030199),14/89,0.000642832291620892,0.1183168545633341,0,0,3.02293609671848,22.21745181705582,COLGALT2;TGFB2;COL16A1;COL13A1;COL23A1;P3H2;LAMC2;PLOD2;ADAMTS2;COL5A3;P4HA3;COL8A1;TLL2;ITGA6,anterior_up
GO_Biological_Process_2021,positive regulation of intracellular signal transduction (GO:1902533),51/546,0.0006912650494128918,0.1205347951949953,0,0,1.684972832698078,12.261525793285475,SEMA5A;FLT4;ADRA1A;HTR6;ADGRV1;EPHA8;HGF;BTC;KIT;CDH13;ROR1;S100A4;TLR7;ALPK1;MET;BIRC3;RAMP3;PELI2;LPAR1;TGFA;ALOX12B;MST1R;ADRB2;INAVA;RASD2;BCL2L11;RELN;CALCR;THPO;NTF3;HMOX1;KL;TCF7L2;TGFB2;NEK6;CAV1;CFLAR;NMI;S100B;ESR1;EPOR;FGF16;MAVS;P2RX4;P2RX3;FGF18;CD28;MYORG;GSDME;FGF10;FGFR1,anterior_up
GO_Biological_Process_2021,regulation of cardiac muscle cell contraction (GO:0086004),7/27,0.0007338553787483947,0.1215631434896715,0,0,5.650472103004292,40.780579240623965,PLN;CAV1;PKP2;DSG2;SCN5A;DSC2;TRPM4,anterior_up
GO_Biological_Process_2021,negative regulation of cell differentiation (GO:0045596),23/191,0.0008299165138538324,0.1309292100189403,0,0,2.2233619296282483,15.772941846696945,JAG1;ADGRV1;CAV1;ZBTB16;TWIST2;RORB;SMAD6;FOXO1;PTHLH;OVOL2;BMP4;EFNA1;CDK6;ZADH2;PKP2;SNAI2;SOSTDC1;PPARG;HES1;ANKRD2;ZFPM2;PPARA;TRPM4,anterior_up
GO_Biological_Process_2021,regulation of cell projection organization (GO:0031344),5/14,0.0008784661966729363,0.1322890231626108,0,0,8.958868894601542,63.0465448751614,NTNG2;PIFO;ERMN;MFSD2A;PROM2,anterior_up
GO_Biological_Process_2021,cell-cell adhesion via plasma-membrane adhesion molecules (GO:0098742),21/170,0.0009869380622748332,0.136307407863525,0,0,2.28723782645963,15.829751761608703,ROBO3;TGFB2;GRID2;AMIGO2;CLDN1;CDH7;ROBO1;TGFBR2;SDK1;CLDN10;ALCAM;CDH23;CDH13;DSG2;HMCN1;GPC4;NECTIN4;GPC6;SDK2;CDH18;CBLN1,anterior_up
GO_Biological_Process_2021,neuropeptide signaling pathway (GO:0007218),11/63,0.0009874367004903714,0.136307407863525,0,0,3.4210561187305375,23.67507048304751,OPRD1;GLRA2;GLRA3;NXPH3;PENK;OPRK1;SSTR1;PDYN;NTS;NTSR1;HCRTR1,anterior_up
GO_Biological_Process_2021,detection of mechanical stimulus involved in sensory perception of sound (GO:0050910),4/9,0.0011651107527312,0.1378446466339587,0,0,12.892465753424656,87.08782139691077,ADGRV1;WHRN;KIT;PDZD7,anterior_up
GO_Biological_Process_2021,hepoxilin biosynthetic process (GO:0051122),4/9,0.0011651107527312,0.1378446466339587,0,0,12.892465753424656,87.08782139691077,GSTM2;GSTM1;ALOX12B;ALOXE3,anterior_up
GO_Biological_Process_2021,hepoxilin metabolic process (GO:0051121),4/9,0.0011651107527312,0.1378446466339587,0,0,12.892465753424656,87.08782139691077,GSTM2;GSTM1;ALOX12B;ALOXE3,anterior_up
GO_Biological_Process_2021,positive regulation of protein kinase A signaling (GO:0010739),4/9,0.0011651107527312,0.1378446466339587,0,0,12.892465753424656,87.08782139691077,ADGRV1;CALCR;RAMP3;ADRB2,anterior_up
GO_Biological_Process_2021,detection of mechanical stimulus involved in sensory perception (GO:0050974),5/15,0.0012544664113471,0.1378446466339587,0,0,8.06255355612682,53.866282857733665,ADGRV1;WHRN;KIT;LHFPL5;PDZD7,anterior_up
GO_Biological_Process_2021,regulation of phospholipase C activity (GO:1900274),5/15,0.0012544664113471,0.1378446466339587,0,0,8.06255355612682,53.866282857733665,KIT;NTF3;ESR1;RASGRP1;FGFR1,anterior_up
GO_Biological_Process_2021,"G protein-coupled receptor signaling pathway, coupled to cyclic nucleotide second messenger (GO:0007187)",11/65,0.0012898231348182,0.1378446466339587,0,0,3.2939994257823715,21.915802255378864,CHRM2;OPRD1;HTR6;HRH1;HTR1F;HTR1A;HTR2A;SSTR1;DRD1;HTR4;TSHR,anterior_up
GO_Biological_Process_2021,response to calcium ion (GO:0051592),15/107,0.0014231952937443,0.1431311417292978,0,0,2.6402615459772276,17.306520317896382,CPNE9;CASR;ADGRV1;TRPC3;CPNE4;CAV1;ANXA11;RYR3;SYT6;RASA4;TNNT2;SYT10;CPNE2;SCN5A;SLC25A13,anterior_up
GO_Biological_Process_2021,positive regulation of MAPK cascade (GO:0043410),29/274,0.0015344506933262,0.1431311417292978,0,0,1.924427303729891,12.46948608884931,NECAB2;NOTCH2;RAMP3;FLT4;PELI2;LPAR1;ALOX12B;MST1R;ADRB2;HTR2A;RASGRP1;ADRA1A;INAVA;ROBO1;CALCR;GPNMB;THPO;P2RY1;ALKAL1;TGFB2;EPHA8;KIT;FGF18;NEK10;ACKR3;ROR1;GSDME;FGF10;FGFR1,anterior_up
GO_Biological_Process_2021,auditory receptor cell morphogenesis (GO:0002093),3/5,0.0018355000211853,0.1431311417292978,0,0,24.15654405474765,152.196816408626,WHRN;PDZD7;PLS1,anterior_up
GO_Biological_Process_2021,auditory receptor cell stereocilium organization (GO:0060088),3/5,0.0018355000211853,0.1431311417292978,0,0,24.15654405474765,152.196816408626,WHRN;PDZD7;PLS1,anterior_up
GO_Biological_Process_2021,bundle of His cell action potential (GO:0086043),3/5,0.0018355000211853,0.1431311417292978,0,0,24.15654405474765,152.196816408626,KCNA5;SCN5A;TRPM4,anterior_up
GO_Biological_Process_2021,cerebellar granule cell differentiation (GO:0021707),3/5,0.0018355000211853,0.1431311417292978,0,0,24.15654405474765,152.196816408626,GRID2;KNDC1;CBLN1,anterior_up
GO_Biological_Process_2021,positive regulation of action potential (GO:0045760),3/5,0.0018355000211853,0.1431311417292978,0,0,24.15654405474765,152.196816408626,SCN5A;ADRA1A;TRPM4,anterior_up
GO_Biological_Process_2021,positive regulation of mononuclear cell proliferation (GO:0032946),3/5,0.0018355000211853,0.1431311417292978,0,0,24.15654405474765,152.196816408626,CSF1;IL12A;FGF10,anterior_up
GO_Biological_Process_2021,pulmonary artery morphogenesis (GO:0061156),3/5,0.0018355000211853,0.1431311417292978,0,0,24.15654405474765,152.196816408626,BMP4;JAG1;STRA6,anterior_up
GO_Biological_Process_2021,G protein-coupled serotonin receptor signaling pathway (GO:0098664),4/10,0.0018520425380243,0.1431311417292978,0,0,10.743150684931509,67.59016913993652,HTR1F;HTR1A;HTR2A;HTR4,anterior_up
GO_Biological_Process_2021,inner ear receptor cell stereocilium organization (GO:0060122),4/10,0.0018520425380243,0.1431311417292978,0,0,10.743150684931509,67.59016913993652,ADGRV1;WHRN;PDZD7;PLS1,anterior_up
GO_Biological_Process_2021,regulation of cell migration (GO:0030334),39/408,0.0018577238437548,0.1431311417292978,0,0,1.7219339978042325,10.82821540069114,SEMA5A;PTPRU;CSF1;FAM107A;TWIST2;KIF14;PRR5L;SEMA3E;LAMC2;LDB2;CLDN1;ROBO1;DACH1;GPNMB;NTF3;DRD1;DRD2;EPHB2;SEMA4A;CARMIL1;NTNG2;JAG1;IGFBP5;WNT5B;HGF;CAV1;LAMB1;SEMA4G;PODN;MAPK15;FGF16;CXCL12;DLC1;KIT;FGF18;SNAI2;CDH13;ITGA6;FGF10,anterior_up
GO_Biological_Process_2021,positive regulation of ion transport (GO:0043270),9/50,0.0022447313220635,0.1651835305804123,0,0,3.54598074785563,21.62753742391526,RAB3B;VAMP8;TRPC6;P2RX4;PKP2;SCN5A;DRD1;DRD2;SCN4B,anterior_up
GO_Biological_Process_2021,positive regulation of cell migration (GO:0030335),28/269,0.0023372074453564,0.1651835305804123,0,0,1.8876621304007195,11.436964411883087,SEMA5A;CSF1;TWIST2;FAM107A;LAMC2;SEMA3E;CLDN1;GPNMB;NTF3;NCKAP1L;DRD1;EPHB2;RREB1;CARMIL1;SEMA4A;TGFB2;WNT5B;HGF;CAV1;LAMB1;SEMA4G;FERMT1;CXCL12;KIT;SNAI2;CDH13;ITGA6;FGF10,anterior_up
GO_Biological_Process_2021,adenylate cyclase-activating adrenergic receptor signaling pathway (GO:0071880),5/17,0.0023433824139086,0.1651835305804123,0,0,6.718080548414739,40.68577013835452,ADRB2;DRD1;DRD2;ADRA1A;DRD5,anterior_up
GO_Biological_Process_2021,positive regulation of positive chemotaxis (GO:0050927),5/17,0.0023433824139086,0.1651835305804123,0,0,6.718080548414739,40.68577013835452,CXCL12;NTF3;CDH13;IL16;VEGFD,anterior_up
GO_Biological_Process_2021,regulation of protein kinase B signaling (GO:0051896),23/207,0.0024256734119108,0.1674220002845995,0,0,2.02828546562228,12.213617258699903,SEMA5A;KL;TCF7L2;RAMP3;HGF;TGFA;MST1R;ESR1;BTC;RASD2;FGF16;CALCR;P2RX4;THPO;KIT;FGF18;CD28;PPARA;DRD2;MET;MYORG;FGF10;FGFR1,anterior_up
GO_Biological_Process_2021,negative chemotaxis (GO:0050919),7/33,0.0025959291244877,0.1735285118509209,0,0,4.345130406074612,25.87008426230904,SEMA4A;EPHA7;LRTM1;SEMA3E;SEMA4G;NTN1;ROBO1,anterior_up
GO_Biological_Process_2021,positive regulation of cell motility (GO:2000147),24/221,0.0026768198044111,0.1735285118509209,0,0,1.9771485169528995,11.710899448966437,SEMA5A;CARMIL1;SEMA4A;CSF1;WNT5B;HGF;CAV1;TWIST2;FAM107A;LAMC2;SEMA3E;LAMB1;SEMA4G;CLDN1;NTN1;CXCL12;GPNMB;KIT;NTF3;SNAI2;CDH13;ITGA6;DRD1;EPHB2,anterior_up
GO_Biological_Process_2021,outflow tract septum morphogenesis (GO:0003148),6/25,0.0027013528264709,0.1735285118509209,0,0,5.09406879118895,30.126335997286983,BMP4;TGFB2;SMAD6;ZFPM2;ROBO1;TGFBR2,anterior_up
GO_Biological_Process_2021,actin filament network formation (GO:0051639),4/11,0.0027760371651369,0.1735285118509209,0,0,9.207925636007827,54.20457989134844,CARMIL1;PLS3;LCP1;PLS1,anterior_up
GO_Biological_Process_2021,induction of positive chemotaxis (GO:0050930),4/11,0.0027760371651369,0.1735285118509209,0,0,9.207925636007827,54.20457989134844,CXCL12;NTF3;IL16;VEGFD,anterior_up
GO_Biological_Process_2021,central nervous system neuron differentiation (GO:0021953),7/34,0.0031062496679485,0.1905741694428456,0,0,4.183977110157367,24.15970293455686,NR4A2;GRID2;KNDC1;TOX;WNT2;MDGA1;CBLN1,anterior_up
GO_Biological_Process_2021,regulation of kinase activity (GO:0043549),13/94,0.0032490468875031,0.1906895950697525,0,0,2.5960118876426037,14.873573871309802,EPHB6;EPHA7;EPHA8;FLT4;PIFO;LDB2;MST1R;KIT;PLCE1;ROR1;EPHB2;MET;FGFR1,anterior_up
GO_Biological_Process_2021,enzyme linked receptor protein signaling pathway (GO:0007167),17/140,0.0034361636803022,0.1906895950697525,0,0,2.2383064090381164,12.698806773276372,EPHB6;GUCY2C;PTPRU;EPHA7;CSF1;EPHA8;FLT4;MST1R;GFRA2;KIT;NTF3;BLNK;ROR1;LCP2;EPHB2;MET;FGFR1,anterior_up
GO_Biological_Process_2021,bundle of His cell-Purkinje myocyte adhesion involved in cell communication (GO:0086073),3/6,0.0035110369149577,0.1906895950697525,0,0,16.103507271171942,91.01450882007596,PKP2;DSG2;DSC2,anterior_up
GO_Biological_Process_2021,epithelial tube branching involved in lung morphogenesis (GO:0060441),3/6,0.0035110369149577,0.1906895950697525,0,0,16.103507271171942,91.01450882007596,BMP4;CELSR1;FGF10,anterior_up
GO_Biological_Process_2021,equilibrioception (GO:0050957),3/6,0.0035110369149577,0.1906895950697525,0,0,16.103507271171942,91.01450882007596,USH1G;CDH23;PCDH15,anterior_up
GO_Biological_Process_2021,prepulse inhibition (GO:0060134),3/6,0.0035110369149577,0.1906895950697525,0,0,16.103507271171942,91.01450882007596,GRID2;DRD1;DRD2,anterior_up
GO_Biological_Process_2021,regulation of digestive system process (GO:0044058),3/6,0.0035110369149577,0.1906895950697525,0,0,16.103507271171942,91.01450882007596,EPB41;OPRK1;FGF10,anterior_up
GO_Biological_Process_2021,adenylate cyclase-activating G protein-coupled receptor signaling pathway (GO:0007189),15/118,0.0037560822360189,0.1993492406873167,0,0,2.356907301272961,13.161863221714748,RAMP3;GPR12;LPAR1;ADRB2;GPR6;ADRA1A;PTHLH;TSHR;CALCR;GPR161;GHRH;DRD1;DRD2;ADGRL2;DRD5,anterior_up
GO_Biological_Process_2021,establishment of skin barrier (GO:0061436),5/19,0.0039932622107443,0.1993492406873167,0,0,5.757742685763251,31.800858006337027,ALOX12B;ABCA12;CLDN1;ALOXE3;MET,anterior_up
GO_Biological_Process_2021,regulation of water loss via skin (GO:0033561),5/19,0.0039932622107443,0.1993492406873167,0,0,5.757742685763251,31.800858006337027,ALOX12B;ABCA12;CLDN1;ALOXE3;MET,anterior_up
GO_Biological_Process_2021,response to ATP (GO:0033198),5/19,0.0039932622107443,0.1993492406873167,0,0,5.757742685763251,31.800858006337027,P2RX4;TRPC3;P2RX3;P2RY1;RYR3,anterior_up
GO_Biological_Process_2021,regulation of MAPK cascade (GO:0043408),19/166,0.0040013396652047,0.1993492406873167,0,0,2.094146591854434,11.56204731679089,EPHA7;EPHA8;CAV1;FLT4;PELI2;LPAR1;ALOX12B;VRK2;ADRB2;RASGRP1;ADRA1A;THPO;KIT;NEK10;ROR1;PPEF2;FGF10;FGFR1;GSDME,anterior_up
GO_Biological_Process_2021,axon guidance (GO:0007411),22/203,0.0040315119607757,0.1993492406873167,0,0,1.9708575546480904,10.866547405255874,EPHB6;SEMA5A;NOTCH2;ROBO3;SEMA4A;EPHA7;SPTBN5;LAMA2;EPHA8;LRTM1;LAMC2;SEMA3E;SEMA4G;GFRA2;NTN1;ROBO1;EFNA1;ALCAM;RELN;CXCL12;NFIB;EPHB2,anterior_up
GO_Biological_Process_2021,regulation of Ras protein signal transduction (GO:0046578),12/86,0.0042696915485092,0.2080218838266323,0,0,2.6217148182665424,14.304636285936713,EPS8;NOTCH2;TGFB2;STARD8;DLC1;KIF14;PLCE1;EPS8L2;EPHB2;RASGRP1;EPOR;FGF10,anterior_up
GO_Biological_Process_2021,anterograde trans-synaptic signaling (GO:0098916),25/244,0.0047615372289589,0.2238141344408468,0,0,1.8520619603253272,9.903317406623112,CHRM2;GABRB1;CHRNA5;HTR2A;HTR4;HTR6;GLRA2;HRH1;GLRA3;PENK;MBP;SLC12A7;NTSR1;DRD5;GABRQ;UNC13C;HTR1F;GABRA3;HTR1A;OPRK1;PDYN;HCRTR1;SYT10;HAP1;CBLN1,anterior_up
GO_Biological_Process_2021,ventricular septum morphogenesis (GO:0060412),6/28,0.0049452343233196,0.2238141344408468,0,0,4.398721347263371,23.35426729761117,BMP4;TGFB2;HES1;ZFPM2;ROBO1;TGFBR2,anterior_up
GO_Biological_Process_2021,adrenergic receptor signaling pathway (GO:0071875),5/20,0.0050709025951686,0.2238141344408468,0,0,5.373607540702657,28.395412837603462,ADRB2;DRD1;DRD2;ADRA1A;DRD5,anterior_up
GO_Biological_Process_2021,epithelial cilium movement involved in extracellular fluid movement (GO:0003351),5/20,0.0050709025951686,0.2238141344408468,0,0,5.373607540702657,28.395412837603462,SPAG17;ADCY10;DNAAF1;NEK10;AQP4,anterior_up
GO_Biological_Process_2021,regulation of smooth muscle contraction (GO:0006940),5/20,0.0050709025951686,0.2238141344408468,0,0,5.373607540702657,28.395412837603462,CHRM2;CAV1;KCNB2;PLCE1;ADRB2,anterior_up
GO_Biological_Process_2021,negative regulation of cell population proliferation (GO:0008285),35/379,0.0053244894701942,0.2238141344408468,0,0,1.6540365302407396,8.659606441717218,PTPRU;CEBPA;TES;CTBP2;FBLN1;ADRA1A;PTHLH;ACVR1C;GPNMB;CLMN;HMOX1;TNFRSF8;IL12A;IGFBP7;HES1;DRD2;TNS2;TGFB2;IGFBP5;CD300A;P3H2;NMI;SSTR1;PODN;SMAD6;ST18;MYO16;BMP4;CDK6;DLC1;NOX4;CDH13;PPARG;INSM1;GSDME,anterior_up
GO_Biological_Process_2021,cardiac right ventricle morphogenesis (GO:0003215),4/13,0.005474101193194,0.2238141344408468,0,0,7.160958904109589,37.29232033685828,BMP4;TGFB2;JAG1;ZFPM2,anterior_up
GO_Biological_Process_2021,positive regulation of sodium ion transport (GO:0010765),4/13,0.005474101193194,0.2238141344408468,0,0,7.160958904109589,37.29232033685828,PKP2;NOS1;SCN5A;SCN4B,anterior_up
GO_Biological_Process_2021,positive regulation of cytosolic calcium ion concentration (GO:0007204),17/147,0.0056530752925193,0.2238141344408468,0,0,2.116989676989677,10.956597740500328,CD52;TRPC3;CAV1;LPAR1;TACR1;ESR1;ADRA1A;CALCR;P2RX4;P2RX3;P2RY1;PLCE1;ACKR3;DRD1;DRD2;CD55;TRPM4,anterior_up
GO_Biological_Process_2021,acylglycerol acyl-chain remodeling (GO:0036155),3/7,0.0058774010553436,0.2238141344408468,0,0,12.07698887938409,62.03515155059112,AWAT2;DGAT2L6;MGLL,anterior_up
GO_Biological_Process_2021,adenylate cyclase-inhibiting serotonin receptor signaling pathway (GO:0007198),3/7,0.0058774010553436,0.2238141344408468,0,0,12.07698887938409,62.03515155059112,HTR1F;HTR1A;HTR4,anterior_up
GO_Biological_Process_2021,AV node cell action potential (GO:0086016),3/7,0.0058774010553436,0.2238141344408468,0,0,12.07698887938409,62.03515155059112,SCN5A;SCN4B;TRPM4,anterior_up
GO_Biological_Process_2021,cardiac muscle cell-cardiac muscle cell adhesion (GO:0086042),3/7,0.0058774010553436,0.2238141344408468,0,0,12.07698887938409,62.03515155059112,PKP2;DSG2;DSC2,anterior_up
GO_Biological_Process_2021,desmosome organization (GO:0002934),3/7,0.0058774010553436,0.2238141344408468,0,0,12.07698887938409,62.03515155059112,PKP2;SNAI2;DSG2,anterior_up
GO_Biological_Process_2021,maintenance of protein location in extracellular region (GO:0071694),3/7,0.0058774010553436,0.2238141344408468,0,0,12.07698887938409,62.03515155059112,FBN2;LTBP1;FBN1,anterior_up
GO_Biological_Process_2021,pharyngeal arch artery morphogenesis (GO:0061626),3/7,0.0058774010553436,0.2238141344408468,0,0,12.07698887938409,62.03515155059112,BMP4;TGFB2;HES1,anterior_up
GO_Biological_Process_2021,phospholipase C-activating dopamine receptor signaling pathway (GO:0060158),3/7,0.0058774010553436,0.2238141344408468,0,0,12.07698887938409,62.03515155059112,DRD1;DRD2;DRD5,anterior_up
GO_Biological_Process_2021,positive regulation of cardiac epithelial to mesenchymal transition (GO:0062043),3/7,0.0058774010553436,0.2238141344408468,0,0,12.07698887938409,62.03515155059112,TGFB2;JAG1;TGFBR2,anterior_up
GO_Biological_Process_2021,regulation of endothelial cell chemotaxis to fibroblast growth factor (GO:2000544),3/7,0.0058774010553436,0.2238141344408468,0,0,12.07698887938409,62.03515155059112,FGF16;FGF18;FGFR1,anterior_up
GO_Biological_Process_2021,positive regulation of kinase activity (GO:0033674),14/114,0.0068085995791079,0.2563283000634622,0,0,2.2641796200345423,11.29728003908445,EPHB6;EPHA7;CSF1;EPHA8;FLT4;PIFO;MST1R;RELN;KIT;ROR1;LCP2;EPHB2;MET;FGFR1,anterior_up
GO_Biological_Process_2021,artery morphogenesis (GO:0048844),6/30,0.007054016355947,0.2604930356126351,0,0,4.0317324185248715,19.973839933147943,BMP4;TGFB2;JAG1;HES1;ADAMTS9;STRA6,anterior_up
GO_Biological_Process_2021,cellular response to low-density lipoprotein particle stimulus (GO:0071404),4/14,0.0073123610962798,0.2604930356126351,0,0,6.4445205479452055,31.695370468642416,LPL;CDH13;PPARG;LDLR,anterior_up
GO_Biological_Process_2021,manganese ion transport (GO:0006828),4/14,0.0073123610962798,0.2604930356126351,0,0,6.4445205479452055,31.695370468642416,TRPC5;TRPC6;TRPC3;SLC39A8,anterior_up
GO_Biological_Process_2021,negative regulation of pri-miRNA transcription by RNA polymerase II (GO:1902894),4/14,0.0073123610962798,0.2604930356126351,0,0,6.4445205479452055,31.695370468642416,BMP4;NFIB;PPARG;PPARA,anterior_up
GO_Biological_Process_2021,sequestering of extracellular ligand from receptor (GO:0035581),4/14,0.0073123610962798,0.2604930356126351,0,0,6.4445205479452055,31.695370468642416,FBN2;CHRDL1;LTBP1;FBN1,anterior_up
GO_Biological_Process_2021,regulation of protein phosphorylation (GO:0001932),26/266,0.0074401626884034,0.2622261594327731,0,0,1.757155322862129,8.611576740342676,FLT4;PELI2;KNDC1;FBLN1;PRR5L;RASGRP1;KLHL31;GPNMB;THPO;P2RY1;LEPR;PLCE1;EPHB2;PROM2;EPHA7;HGF;VEGFD;PTPN13;BMP4;EFNA1;FGF16;OCLN;MAVS;FGF18;INSM1;FGF10,anterior_up
GO_Biological_Process_2021,homophilic cell adhesion via plasma membrane adhesion molecules (GO:0007156),9/60,0.0078595739848392,0.2740923011765524,0,0,2.849173031207324,13.8071576823886,ROBO3;SDK1;AMIGO2;CDH13;DSG2;HMCN1;NECTIN4;SDK2;ROBO1,anterior_up
GO_Biological_Process_2021,cell-cell junction organization (GO:0045216),11/82,0.0081790788519343,0.2813412735094718,0,0,2.5030267739078744,12.029986568581148,SDK1;TGFB2;OCLN;PKP2;CDH13;DSG2;NECTIN4;CLDN1;CDH18;SDK2;CDH7,anterior_up
GO_Biological_Process_2021,negative regulation of osteoblast differentiation (GO:0045668),6/31,0.008322198854189,0.2813412735094718,0,0,3.8702572898799312,18.533999471426235,CDK6;TWIST2;PPARG;RORB;SMAD6;TRPM4,anterior_up
GO_Biological_Process_2021,regulation of potassium ion transport (GO:0043266),6/31,0.008322198854189,0.2813412735094718,0,0,3.8702572898799312,18.533999471426235,KCNIP1;KCNA5;KCNAB1;DRD1;NOS1;DRD2,anterior_up
GO_Biological_Process_2021,hemopoiesis (GO:0030097),12/94,0.0087075512710402,0.2913951248581455,0,0,2.364928511354079,11.218191327845885,NOTCH2;BMP4;CEBPA;TGFB2;MELK;JAG1;FLT4;ZBTB16;KIT;TOX;CD34;TGFBR2,anterior_up
GO_Biological_Process_2021,positive regulation of epithelial cell proliferation involved in wound healing (GO:0060054),3/8,0.0089966088012593,0.295106583748239,0,0,9.661077844311375,45.51244477540304,FZD7;CLDN1;FGF10,anterior_up
GO_Biological_Process_2021,regulation of dopamine uptake involved in synaptic transmission (GO:0051584),3/8,0.0089966088012593,0.295106583748239,0,0,9.661077844311375,45.51244477540304,RAB3B;DRD1;DRD2,anterior_up
GO_Biological_Process_2021,catecholamine metabolic process (GO:0006584),4/15,0.0095152382405915,0.2973960782177331,0,0,5.858343711083437,27.269774142879488,DDC;DRD1;SNCAIP;DRD2,anterior_up
GO_Biological_Process_2021,cellular response to ATP (GO:0071318),4/15,0.0095152382405915,0.2973960782177331,0,0,5.858343711083437,27.269774142879488,P2RX4;P2RX3;P2RY1;RYR3,anterior_up
GO_Biological_Process_2021,regulation of endothelial cell chemotaxis (GO:2001026),4/15,0.0095152382405915,0.2973960782177331,0,0,5.858343711083437,27.269774142879488,SEMA5A;SMOC2;P2RX4;MET,anterior_up
GO_Biological_Process_2021,regulation of sequestering of triglyceride (GO:0010889),4/15,0.0095152382405915,0.2973960782177331,0,0,5.858343711083437,27.269774142879488,CIDEA;LPL;PPARG;PPARA,anterior_up
GO_Biological_Process_2021,"regulation of synaptic transmission, GABAergic (GO:0032228)",4/15,0.0095152382405915,0.2973960782177331,0,0,5.858343711083437,27.269774142879488,HAP1;DRD2;ADRA1A;BAIAP3,anterior_up
GO_Biological_Process_2021,aortic valve morphogenesis (GO:0003180),6/32,0.0097459732824055,0.3017608363047613,0,0,3.72120332497691,17.232524481484216,BMP4;EFNA1;JAG1;SNAI2;SMAD6;ROBO1,anterior_up
GO_Biological_Process_2021,positive regulation of phospholipase C activity (GO:0010863),7/43,0.0117826181609909,0.3614427219200268,0,0,3.136480686695279,13.92951806655786,NTF3;KIT;LPAR1;HTR2A;ADRA1A;ESR1;FGFR1,anterior_up
GO_Biological_Process_2021,striated muscle contraction (GO:0006941),8/54,0.0127944597298975,0.3721185549851883,0,0,2.8062154489765425,12.231572043940025,MYH3;JSRP1;TNNT2;STAC2;MYH14;NOS1;SCN5A;SCN4B,anterior_up
GO_Biological_Process_2021,bundle of His cell to Purkinje myocyte communication (GO:0086069),3/9,0.0129123699747912,0.3721185549851883,0,0,8.050470487596236,35.016081008645806,PKP2;DSG2;DSC2,anterior_up
GO_Biological_Process_2021,endochondral ossification (GO:0001958),3/9,0.0129123699747912,0.3721185549851883,0,0,8.050470487596236,35.016081008645806,BMP4;COL13A1;INPPL1,anterior_up
GO_Biological_Process_2021,inner ear receptor cell development (GO:0060119),3/9,0.0129123699747912,0.3721185549851883,0,0,8.050470487596236,35.016081008645806,ADGRV1;WHRN;PDZD7,anterior_up
GO_Biological_Process_2021,positive regulation of protein kinase C signaling (GO:0090037),3/9,0.0129123699747912,0.3721185549851883,0,0,8.050470487596236,35.016081008645806,ADGRV1;FLT4;ADRA1A,anterior_up
GO_Biological_Process_2021,type B pancreatic cell differentiation (GO:0003309),3/9,0.0129123699747912,0.3721185549851883,0,0,8.050470487596236,35.016081008645806,BMP4;CDK6;INSM1,anterior_up
GO_Biological_Process_2021,positive regulation of epithelial cell proliferation (GO:0050679),14/123,0.0129642632145476,0.3721185549851883,0,0,2.0762307680119156,9.02238265723285,SEMA5A;NOTCH2;TCF7L2;FZD7;FLT4;TGFA;LAMB1;VEGFD;CLDN1;BMP4;CDH13;SCN5A;RREB1;FGF10,anterior_up
GO_Biological_Process_2021,regulation of cell adhesion mediated by integrin (GO:0033628),6/34,0.0130981557137619,0.3721185549851883,0,0,3.4550355305072284,14.978559715491906,EFNA1;TGFB2;EPHA8;SNAI2;NCKAP1L;ADA,anterior_up
GO_Biological_Process_2021,chemical synaptic transmission (GO:0007268),28/306,0.0131976502727129,0.3721185549851883,0,0,1.6331689892840973,7.067892341185237,CHRM2;GABRB1;CHRNA5;HTR2A;HTR4;HTR6;GLRA2;HRH1;GLRA3;PENK;MBP;DRD2;SLC12A7;NTSR1;DRD5;GABRQ;UNC13C;GRID2;HTR1F;GABRA3;HTR1A;OPRK1;PDYN;SHISA6;HCRTR1;SYT10;HAP1;CBLN1,anterior_up
GO_Biological_Process_2021,positive regulation of cell population proliferation (GO:0008284),40/474,0.0132538453028228,0.3721185549851883,0,0,1.4976144338962076,6.474887418023878,CSF1;FLT4;KIF14;TGFA;LAMC2;TNFRSF11A;MST1R;PTHLH;THPO;NTF3;HMOX1;HES1;SCN5A;WNT2;TRPM4;TCF7L2;TGFB2;HTR1A;VEGFD;LAMB1;S100B;PRLR;MAPK15;TSHR;TGFBR2;BTC;BMP4;FGF16;CDK6;GHRH;FGF18;S100A6;CDH13;INSM1;TOX;FOLR2;ZFPM2;CRLF1;FGF10;FGFR1,anterior_up
GO_Biological_Process_2021,cellular calcium ion homeostasis (GO:0006874),15/136,0.0135821927125012,0.376415373272745,0,0,2.004364379236698,8.616753854737388,CASR;TRPC5;TRPC6;TRPC3;CAV1;HTR2A;HCRTR1;CALB2;CXCL12;CALB1;PLN;STC2;CDH23;ATP13A4;DRD5,anterior_up
GO_Biological_Process_2021,regulation of cardiac muscle cell action potential (GO:0098901),5/25,0.0136341215794534,0.376415373272745,0,0,4.029134532990574,17.305856809177282,CAV1;PKP2;DSG2;DSC2;TRPM4,anterior_up
GO_Biological_Process_2021,cell surface receptor signaling pathway involved in heart development (GO:0061311),4/17,0.015112382029168,0.4070513956311687,0,0,4.956533192834563,20.778981020782883,NOTCH2;BMP4;JAG1;SNAI2,anterior_up
GO_Biological_Process_2021,gliogenesis (GO:0042063),4/17,0.015112382029168,0.4070513956311687,0,0,4.956533192834563,20.778981020782883,TGFB2;CDK6;RELN;NFIB,anterior_up
GO_Biological_Process_2021,regulation of metal ion transport (GO:0010959),4/17,0.015112382029168,0.4070513956311687,0,0,4.956533192834563,20.778981020782883,CASR;PLN;EPB41;IL16,anterior_up
GO_Biological_Process_2021,lamellipodium assembly (GO:0030032),5/26,0.0160850897995377,0.4263192200469479,0,0,3.8370669604602767,15.84655908618794,CARMIL1;ABLIM3;KIT;CDH13;PARVB,anterior_up
GO_Biological_Process_2021,negative regulation of signaling receptor activity (GO:2000272),5/26,0.0160850897995377,0.4263192200469479,0,0,3.8370669604602767,15.84655908618794,RAMP3;CALCR;PPARG;EPHB2;PPARA,anterior_up
GO_Biological_Process_2021,adenylate cyclase-modulating G protein-coupled receptor signaling pathway (GO:0007188),17/165,0.0169066480519162,0.4268818120792511,0,0,1.8577278577278575,7.579619496559008,CHRM2;RAMP3;GPR12;HTR1F;LPAR1;OPRK1;PTH2R;ADRB2;GPR6;PTHLH;TSHR;CALCR;GPR161;GHRH;DRD1;ADGRL2;DRD5,anterior_up
GO_Biological_Process_2021,calcium ion transport (GO:0006816),13/115,0.0171445729989173,0.4268818120792511,0,0,2.0592295589504137,8.372978943230036,CASR;TRPC5;TRPC6;RAMP3;TRPC3;CAV1;RYR3;GRIN3A;P2RX4;CDH23;TRPM6;TRPM3;TRPM4,anterior_up
GO_Biological_Process_2021,aortic valve development (GO:0003176),6/36,0.0171830866826577,0.4268818120792511,0,0,3.2243567753001714,13.103236863473096,BMP4;EFNA1;JAG1;SNAI2;SMAD6;ROBO1,anterior_up
GO_Biological_Process_2021,regulation of sodium ion transport (GO:0002028),6/36,0.0171830866826577,0.4268818120792511,0,0,3.2243567753001714,13.103236863473096,P2RX4;PKP2;NOS1;SCN5A;DRD2;SCN4B,anterior_up
GO_Biological_Process_2021,canonical Wnt signaling pathway (GO:0060070),9/68,0.0173128825762872,0.4268818120792511,0,0,2.4617951819519943,9.985790621088531,NR4A2;TCF7L2;WNT10A;WNT5B;FZD5;FZD4;CAV1;FZD7;WNT2,anterior_up
GO_Biological_Process_2021,negative regulation of transforming growth factor beta receptor signaling pathway (GO:0030512),9/68,0.0173128825762872,0.4268818120792511,0,0,2.4617951819519943,9.985790621088531,FBN2;CAV1;HTRA4;CIDEA;PPARA;SMAD6;LTBP1;TGFBR2;FBN1,anterior_up
GO_Biological_Process_2021,adrenal gland development (GO:0030325),3/10,0.0176525228659394,0.4268818120792511,0,0,6.900036661371136,27.854596311368383,INSM1;DKK3;STRA6,anterior_up
GO_Biological_Process_2021,arginine metabolic process (GO:0006525),3/10,0.0176525228659394,0.4268818120792511,0,0,6.900036661371136,27.854596311368383,SLC39A8;NOS1;ASS1,anterior_up
GO_Biological_Process_2021,cellular response to purine-containing compound (GO:0071415),3/10,0.0176525228659394,0.4268818120792511,0,0,6.900036661371136,27.854596311368383,GSTM2;P2RY1;RYR3,anterior_up
GO_Biological_Process_2021,lung epithelium development (GO:0060428),3/10,0.0176525228659394,0.4268818120792511,0,0,6.900036661371136,27.854596311368383,BMP4;FGF10;STRA6,anterior_up
GO_Biological_Process_2021,response to histamine (GO:0034776),3/10,0.0176525228659394,0.4268818120792511,0,0,6.900036661371136,27.854596311368383,GABRB1;HRH1;DRD2,anterior_up
GO_Biological_Process_2021,retinoic acid receptor signaling pathway (GO:0048384),3/10,0.0176525228659394,0.4268818120792511,0,0,6.900036661371136,27.854596311368383,RARB;PPARG;RXRG,anterior_up
GO_Biological_Process_2021,skin development (GO:0043588),10/80,0.0181774119758803,0.4357989477878425,0,0,2.306122448979592,9.24195995550848,WNT10A;JAG1;COL5A3;ITGA6;ALOX12B;ABCA12;CLDN1;MET;EVPL;ALOXE3,anterior_up
GO_Biological_Process_2021,regulation of cell population proliferation (GO:0042127),59/764,0.0183743419319954,0.4357989477878425,0,0,1.3626923591596414,5.446408886156836,PTPRU;TES;CSF1;FLT4;KIF14;LAMC2;ADRA1A;TNFRSF8;TNS2;P3H2;SSTR1;PRLR;TGFBR2;BTC;KIT;CDH13;CEBPA;CTBP2;NPR3;TGFA;TNFRSF11A;MST1R;PTHLH;GPNMB;THPO;CLMN;NTF3;IGFBP7;HES1;DRD2;WNT2;TRPM4;TCF7L2;JUN;TGFB2;JAG1;HTR1A;VEGFD;NMI;PODN;SMAD6;S100B;MAPK15;ST18;MYO16;TSHR;BMP4;FGF16;CDK6;DLC1;GHRH;FGF18;NOX4;INSM1;FOLR2;CRLF1;GSDME;FGF10;FGFR1,anterior_up
GO_Biological_Process_2021,endothelial cell proliferation (GO:0001935),4/18,0.0185474348439739,0.4357989477878425,0,0,4.60225048923679,18.3511230553442,SEMA5A;BMP4;HMOX1;CD34,anterior_up
GO_Biological_Process_2021,positive chemotaxis (GO:0050918),4/18,0.0185474348439739,0.4357989477878425,0,0,4.60225048923679,18.3511230553442,SEMA5A;GPNMB;MET;FGF10,anterior_up
GO_Biological_Process_2021,negative regulation of cation channel activity (GO:2001258),5/27,0.018812453386272,0.4380790288542929,0,0,3.662460076341824,14.551819008684276,GSTM2;KCNE3;KCNAB1;DRD2;EPHB2,anterior_up
GO_Biological_Process_2021,cellular response to calcium ion (GO:0071277),9/69,0.0189089348403754,0.4380790288542929,0,0,2.420636285468616,9.60537701386383,CPNE9;ADGRV1;CPNE4;RASA4;SYT10;CPNE2;SCN5A;RYR3;SYT6,anterior_up
GO_Biological_Process_2021,muscle organ development (GO:0007517),8/58,0.0192156705934324,0.4420938658058442,0,0,2.581168384879725,10.200852713843696,TEAD4;SGCD;EVC;MYH3;LAMA2;ANKRD2;MKX;BVES,anterior_up
GO_Biological_Process_2021,positive regulation of calcium ion transport (GO:0051928),6/37,0.0195213141554837,0.4460283710146035,0,0,3.1201792729485973,12.281800598232392,TRPC6;CXCL12;P2RX4;TRPC3;P2RX3;CAV1,anterior_up
GO_Biological_Process_2021,regulation of epithelial cell proliferation (GO:0050678),11/93,0.0199589125737426,0.4529032695671884,0,0,2.1659839079010945,8.477833189274548,BMP4;TCF7L2;FGF16;TGFB2;CDK6;FGF18;TGFA;LAMB1;SCN5A;SGPP2;FGF10,anterior_up
GO_Biological_Process_2021,kidney development (GO:0001822),9/70,0.0206089601616792,0.4644726871812468,0,0,2.3808268610010854,9.24243972417404,BMP4;TGFB2;ZBTB16;GREB1L;LRP4;HNF1B;STRA6;SULF2;FGF10,anterior_up
GO_Biological_Process_2021,substrate adhesion-dependent cell spreading (GO:0034446),7/48,0.0209309361195957,0.4685418335420314,0,0,2.7532502878676857,10.645516623466412,EFNA1;NTNG2;LAMC3;KIF14;LAMB1;PARVB;BVES,anterior_up
GO_Biological_Process_2021,sarcomere organization (GO:0045214),5/28,0.0218270713925208,0.4824631525817544,0,0,3.5030363995380203,13.39772798072998,CSRP2;MYH3;OBSCN;TNNT2;MYOM2,anterior_up
GO_Biological_Process_2021,nervous system development (GO:0007399),37/447,0.021844090820182,0.4824631525817544,0,0,1.4644160309444505,5.599670390868974,CHRM2;SEMA5A;NOTCH2;NRSN2;LPAR1;MST1R;LDB2;CELSR1;HAPLN4;ROBO1;NHLH2;RELN;ACVR1C;PTPRZ1;NTF3;ZIC1;DPF3;MBP;HES1;DRD1;DRD2;EPHB2;WNT2;CHST8;TRPC5;JAG1;ADGRV1;FZD5;ZBTB16;POU3F1;S100B;GFRA2;SDK1;HAP1;MET;SDK2;CBLN1,anterior_up
GO_Biological_Process_2021,ventricular septum development (GO:0003281),6/38,0.0220669800252729,0.4840567573712535,0,0,3.0225128644939967,11.526875414119312,TGFB2;HES1;ZFPM2;ROBO1;STRA6;TGFBR2,anterior_up
GO_Biological_Process_2021,atrioventricular valve morphogenesis (GO:0003181),4/19,0.0224285550191546,0.4840567573712535,0,0,4.295205479452055,16.310700713655706,EFNA1;TGFB2;SMAD6;TGFBR2,anterior_up
GO_Biological_Process_2021,dopamine metabolic process (GO:0042417),4/19,0.0224285550191546,0.4840567573712535,0,0,4.295205479452055,16.310700713655706,TGFB2;DRD1;SNCAIP;DRD2,anterior_up
GO_Biological_Process_2021,regulation of osteoblast differentiation (GO:0045667),10/83,0.022974717309646,0.4840567573712535,0,0,2.2109966283922384,8.342888260938398,FBN2;BMP4;CDK6;HGF;TWIST2;SNAI2;PPARG;RORB;SMAD6;TRPM4,anterior_up
GO_Biological_Process_2021,regulation of smooth muscle cell proliferation (GO:0048660),7/49,0.0232248692490962,0.4840567573712535,0,0,2.6875536480686697,10.112005592179532,BMP4;TCF7L2;IGFBP5;CDH13;HMOX1;IL12A;PPARG,anterior_up
GO_Biological_Process_2021,mesonephros development (GO:0001823),3/11,0.0232312177549137,0.4840567573712535,0,0,6.0372112917023095,22.71354836305124,BMP4;ZBTB16;FGF10,anterior_up
GO_Biological_Process_2021,negative regulation of sprouting angiogenesis (GO:1903671),3/11,0.0232312177549137,0.4840567573712535,0,0,6.0372112917023095,22.71354836305124,CREB3L1;E2F2;ADAMTS9,anterior_up
GO_Biological_Process_2021,negative regulation of voltage-gated potassium channel activity (GO:1903817),3/11,0.0232312177549137,0.4840567573712535,0,0,6.0372112917023095,22.71354836305124,KCNE3;CAV1;KCNAB1,anterior_up
GO_Biological_Process_2021,Notch signaling involved in heart development (GO:0061314),3/11,0.0232312177549137,0.4840567573712535,0,0,6.0372112917023095,22.71354836305124,NOTCH2;JAG1;SNAI2,anterior_up
GO_Biological_Process_2021,regulation of signal transduction (GO:0009966),19/198,0.0237704137018462,0.4921961287138544,0,0,1.716828094792792,6.4197586323771665,SEMA5A;PRAG1;IGFBP5;HHIP;RGS16;TSPEAR;KAZALD1;ESR1;DHRS3;OVOL2;KIF26A;TMEM204;ZIC1;PLCE1;RGS20;IGFBP7;RGS8;MGLL;CD55,anterior_up
GO_Biological_Process_2021,supramolecular fiber organization (GO:0097435),30/351,0.0248798996358663,0.4972794603134344,0,0,1.514558816308493,5.59431839523168,COLGALT2;TNXB;COL16A1;COL13A1;KIF14;INPPL1;PLOD2;LAMC2;LTBP3;RND3;ADAMTS2;CALB1;CGNL1;CARMIL1;TGFB2;TPM2;COL23A1;P3H2;SNCAIP;ARHGAP25;ERMN;CCDC88B;TPPP3;MYO5B;COL5A3;P4HA3;COL8A1;TLL2;ITGA6;MYO1H,anterior_up
GO_Biological_Process_2021,lamellipodium organization (GO:0097581),5/29,0.0251386192354107,0.4972794603134344,0,0,3.356898029134533,12.36463035676426,CARMIL1;ABLIM3;KIT;CDH13;PARVB,anterior_up
GO_Biological_Process_2021,axonogenesis (GO:0007409),22/240,0.0253445877627945,0.4972794603134344,0,0,1.6331072995612286,6.001979734218901,EPHB6;SEMA5A;NOTCH2;NTNG2;ROBO3;SEMA4A;EPHA7;SPTBN5;LAMA2;EPHA8;LRTM1;SEMA3E;SEMA4G;S100B;GFRA2;ROBO1;EFNA1;RELN;CXCL12;S100A6;EPHB2;DRD2,anterior_up
GO_Biological_Process_2021,chloride transmembrane transport (GO:1902476),7/50,0.0256862463479975,0.4972794603134344,0,0,2.624912665934724,9.611904128860193,GABRQ;GABRB1;GLRA2;GLRA3;GABRA3;SLC12A7;ANO2,anterior_up
GO_Biological_Process_2021,regulation of MAP kinase activity (GO:0043405),11/97,0.0264135572434545,0.4972794603134344,0,0,2.064799791679186,7.503230266265402,BMP4;FGF16;CD300A;FGF18;KIT;NEK10;MST1R;PPEF2;RASGRP1;FGFR1;ROBO1,anterior_up
GO_Biological_Process_2021,positive regulation of protein modification process (GO:0031401),20/214,0.0266680774569755,0.4972794603134344,0,0,1.66756156930126,6.043723434471644,HGF;FLT4;PELI2;VEGFD;KNDC1;RASGRP1;BMP4;EFNA1;FGF16;MAVS;GPNMB;THPO;DLC1;FGF18;P2RY1;LEPR;RAPGEF3;TRABD2B;PROM2;FGF10,anterior_up
GO_Biological_Process_2021,negative regulation of axon extension involved in axon guidance (GO:0048843),4/20,0.0267679757145614,0.4972794603134344,0,0,4.026541095890411,14.578289507277326,SEMA5A;SEMA4A;SEMA3E;SEMA4G,anterior_up
GO_Biological_Process_2021,regulation of protein kinase A signaling (GO:0010738),4/20,0.0267679757145614,0.4972794603134344,0,0,4.026541095890411,14.578289507277326,ADGRV1;RAMP3;CALCR;ADRB2,anterior_up
GO_Biological_Process_2021,skeletal muscle contraction (GO:0003009),4/20,0.0267679757145614,0.4972794603134344,0,0,4.026541095890411,14.578289507277326,JSRP1;MYH3;STAC2;MYH14,anterior_up
GO_Biological_Process_2021,positive regulation of cation channel activity (GO:2001259),6/40,0.0278082425451883,0.4972794603134344,0,0,2.844415296135607,10.18989823173167,GSTM2;RELN;STAC2;ADRB2;HAP1;EPHB2,anterior_up
GO_Biological_Process_2021,positive regulation of ossification (GO:0045778),6/40,0.0278082425451883,0.4972794603134344,0,0,2.844415296135607,10.18989823173167,FBN2;BMP4;KL;TGFB2;ADGRV1;ZBTB16,anterior_up
GO_Biological_Process_2021,positive regulation of fat cell differentiation (GO:0045600),7/51,0.0283199317928259,0.4972794603134344,0,0,2.5651190011705034,9.142570001434356,ZBTB16;LPL;PPARG;METRNL;RREB1;MEDAG;TRPM4,anterior_up
GO_Biological_Process_2021,maintenance of blood-brain barrier (GO:0035633),5/30,0.0287555451514484,0.4972794603134344,0,0,3.2224507283633246,11.436234841034612,OCLN;LAMA2;MBP;CLDN1;MFSD2A,anterior_up
GO_Biological_Process_2021,positive regulation of small GTPase mediated signal transduction (GO:0051057),5/30,0.0287555451514484,0.4972794603134344,0,0,3.2224507283633246,11.436234841034612,NOTCH2;RELN;RASGRP1;EPOR;FGF10,anterior_up
GO_Biological_Process_2021,regulation of long-term synaptic potentiation (GO:1900271),5/30,0.0287555451514484,0.4972794603134344,0,0,3.2224507283633246,11.436234841034612,CALB2;CALB1;RELN;FAM107A;EPHB2,anterior_up
GO_Biological_Process_2021,regulation of protein localization to membrane (GO:1905475),5/30,0.0287555451514484,0.4972794603134344,0,0,3.2224507283633246,11.436234841034612,NECAB2;VAMP8;GPC3;GPC4;GPC6,anterior_up
GO_Biological_Process_2021,catecholamine biosynthetic process (GO:0042423),3/12,0.0296508716734867,0.4972794603134344,0,0,5.366124893071001,18.879442717178993,DDC;TGFB2;INSM1,anterior_up
GO_Biological_Process_2021,cell differentiation in hindbrain (GO:0021533),3/12,0.0296508716734867,0.4972794603134344,0,0,5.366124893071001,18.879442717178993,GRID2;KNDC1;CBLN1,anterior_up
GO_Biological_Process_2021,epithelial cell-cell adhesion (GO:0090136),3/12,0.0296508716734867,0.4972794603134344,0,0,5.366124893071001,18.879442717178993,KIT;BVES;SERPINB8,anterior_up
GO_Biological_Process_2021,axon choice point recognition (GO:0016198),2/5,0.0304701872754685,0.4972794603134344,0,0,10.726495726495726,37.44626673010426,ROBO3;ROBO1,anterior_up
GO_Biological_Process_2021,G protein-coupled opioid receptor signaling pathway (GO:0038003),2/5,0.0304701872754685,0.4972794603134344,0,0,10.726495726495726,37.44626673010426,OPRD1;OPRK1,anterior_up
GO_Biological_Process_2021,indolalkylamine biosynthetic process (GO:0046219),2/5,0.0304701872754685,0.4972794603134344,0,0,10.726495726495726,37.44626673010426,TPH2;DDC,anterior_up
GO_Biological_Process_2021,indole-containing compound biosynthetic process (GO:0042435),2/5,0.0304701872754685,0.4972794603134344,0,0,10.726495726495726,37.44626673010426,TPH2;DDC,anterior_up
GO_Biological_Process_2021,maintenance of animal organ identity (GO:0048496),2/5,0.0304701872754685,0.4972794603134344,0,0,10.726495726495726,37.44626673010426,ADGRV1;PKP2,anterior_up
GO_Biological_Process_2021,membrane depolarization during AV node cell action potential (GO:0086045),2/5,0.0304701872754685,0.4972794603134344,0,0,10.726495726495726,37.44626673010426,SCN5A;TRPM4,anterior_up
GO_Biological_Process_2021,negative regulation of pinocytosis (GO:0048550),2/5,0.0304701872754685,0.4972794603134344,0,0,10.726495726495726,37.44626673010426,CAV1;PROM2,anterior_up
GO_Biological_Process_2021,negative regulation of vitamin D biosynthetic process (GO:0010957),2/5,0.0304701872754685,0.4972794603134344,0,0,10.726495726495726,37.44626673010426,SNAI2;NFKB1,anterior_up
GO_Biological_Process_2021,positive regulation of AMPA receptor activity (GO:2000969),2/5,0.0304701872754685,0.4972794603134344,0,0,10.726495726495726,37.44626673010426,RELN;ADRB2,anterior_up
GO_Biological_Process_2021,"positive regulation of CD4-positive, alpha-beta T cell proliferation (GO:2000563)",2/5,0.0304701872754685,0.4972794603134344,0,0,10.726495726495726,37.44626673010426,CD55;TGFBR2,anterior_up
GO_Biological_Process_2021,positive regulation of epithelial to mesenchymal transition involved in endocardial cushion formation (GO:1905007),2/5,0.0304701872754685,0.4972794603134344,0,0,10.726495726495726,37.44626673010426,TGFB2;TGFBR2,anterior_up
GO_Biological_Process_2021,positive regulation of long-term synaptic depression (GO:1900454),2/5,0.0304701872754685,0.4972794603134344,0,0,10.726495726495726,37.44626673010426,GRID2;CBLN1,anterior_up
GO_Biological_Process_2021,positive regulation of prostaglandin secretion (GO:0032308),2/5,0.0304701872754685,0.4972794603134344,0,0,10.726495726495726,37.44626673010426,P2RX4;TNFRSF11A,anterior_up
GO_Biological_Process_2021,prostaglandin transport (GO:0015732),2/5,0.0304701872754685,0.4972794603134344,0,0,10.726495726495726,37.44626673010426,ABCC4;SLCO2A1,anterior_up
GO_Biological_Process_2021,protein C-linked glycosylation via 2'-alpha-mannosyl-L-tryptophan (GO:0018406),2/5,0.0304701872754685,0.4972794603134344,0,0,10.726495726495726,37.44626673010426,DPY19L1;DPY19L2,anterior_up
GO_Biological_Process_2021,protein C-linked glycosylation via tryptophan (GO:0018317),2/5,0.0304701872754685,0.4972794603134344,0,0,10.726495726495726,37.44626673010426,DPY19L1;DPY19L2,anterior_up
GO_Biological_Process_2021,regulation of catecholamine uptake involved in synaptic transmission (GO:0051940),2/5,0.0304701872754685,0.4972794603134344,0,0,10.726495726495726,37.44626673010426,DRD1;DRD2,anterior_up
GO_Biological_Process_2021,regulation of guanyl-nucleotide exchange factor activity (GO:1905097),2/5,0.0304701872754685,0.4972794603134344,0,0,10.726495726495726,37.44626673010426,PBXIP1;MET,anterior_up
GO_Biological_Process_2021,regulation of hormone metabolic process (GO:0032350),2/5,0.0304701872754685,0.4972794603134344,0,0,10.726495726495726,37.44626673010426,TCF7L2;STC2,anterior_up
GO_Biological_Process_2021,regulation of mononuclear cell proliferation (GO:0032944),2/5,0.0304701872754685,0.4972794603134344,0,0,10.726495726495726,37.44626673010426,CSF1;IL12A,anterior_up
GO_Biological_Process_2021,regulation of type B pancreatic cell apoptotic process (GO:2000674),2/5,0.0304701872754685,0.4972794603134344,0,0,10.726495726495726,37.44626673010426,CAST;TCF7L2,anterior_up
GO_Biological_Process_2021,salivary gland development (GO:0007431),2/5,0.0304701872754685,0.4972794603134344,0,0,10.726495726495726,37.44626673010426,TGFB2;FGF10,anterior_up
GO_Biological_Process_2021,serotonin metabolic process (GO:0042428),2/5,0.0304701872754685,0.4972794603134344,0,0,10.726495726495726,37.44626673010426,DDC;HTR1A,anterior_up
GO_Biological_Process_2021,"synaptic transmission, glycinergic (GO:0060012)",2/5,0.0304701872754685,0.4972794603134344,0,0,10.726495726495726,37.44626673010426,GLRA2;GLRA3,anterior_up
GO_Biological_Process_2021,cilium movement (GO:0003341),7/52,0.031130464406304,0.500656449408181,0,0,2.507982832618026,8.701617924485067,SPAG17;ADCY10;RSPH4A;DNAAF1;CFAP70;TEKT1;DNAH9,anterior_up
GO_Biological_Process_2021,negative regulation of BMP signaling pathway (GO:0030514),7/52,0.031130464406304,0.500656449408181,0,0,2.507982832618026,8.701617924485067,VWC2L;VWC2;SOSTDC1;PPARG;SMAD6;CHRDL1;FBN1,anterior_up
GO_Biological_Process_2021,sprouting angiogenesis (GO:0002040),7/52,0.031130464406304,0.500656449408181,0,0,2.507982832618026,8.701617924485067,SEMA5A;BMP4;FLT4;CDH13;SEMA3E;VEGFD;ROBO1,anterior_up
GO_Biological_Process_2021,negative regulation of small GTPase mediated signal transduction (GO:0051058),4/21,0.0315747364245154,0.5053483177508195,0,0,3.7894842868654313,13.094176268151257,TGFB2;EPHB2;ARHGAP25;CGNL1,anterior_up
GO_Biological_Process_2021,cardiac muscle cell action potential involved in contraction (GO:0086002),5/31,0.0326850402102112,0.5161276252120655,0,0,3.0983455276514404,10.598937472684543,KCNE3;PKP2;KCNA5;SCN5A;SCN4B,anterior_up
GO_Biological_Process_2021,regulation of macrophage derived foam cell differentiation (GO:0010743),5/31,0.0326850402102112,0.5161276252120655,0,0,3.0983455276514404,10.598937472684543,CSF1;LPL;PPARG;PPARA;NFKB1,anterior_up
GO_Biological_Process_2021,diterpenoid metabolic process (GO:0016101),8/64,0.0327156055824128,0.5161276252120655,0,0,2.3038782523318604,7.879040331055883,OPN1MW;AWAT2;GPC3;LPL;GPC4;GPC6;DHRS3;STRA6,anterior_up
GO_Biological_Process_2021,heterophilic cell-cell adhesion via plasma membrane cell adhesion molecules (GO:0007157),6/42,0.0344562804852682,0.5410125935909653,0,0,2.686106346483705,9.046978061249185,GRID2;ALCAM;AMIGO2;HMCN1;NECTIN4;CBLN1,anterior_up
GO_Biological_Process_2021,inorganic anion transmembrane transport (GO:0098661),8/65,0.035466770901226,0.5462459753565532,0,0,2.2633387592693075,7.557648105309949,GABRQ;GABRB1;GLRA2;GLRA3;GABRA3;SLC12A7;ANO2;SLC5A5,anterior_up
GO_Biological_Process_2021,regulation of cardiac muscle cell membrane repolarization (GO:0099623),4/22,0.0368547810508484,0.5462459753565532,0,0,3.578767123287671,11.81268688978801,KCNE3;KCNA5;SCN5A;SCN4B,anterior_up
GO_Biological_Process_2021,central nervous system projection neuron axonogenesis (GO:0021952),3/13,0.0369039153643985,0.5462459753565532,0,0,4.829255774165953,15.933828207480872,EPHB6;NFIB;EPHB2,anterior_up
GO_Biological_Process_2021,endochondral bone morphogenesis (GO:0060350),3/13,0.0369039153643985,0.5462459753565532,0,0,4.829255774165953,15.933828207480872,BMP4;COL13A1;INPPL1,anterior_up
GO_Biological_Process_2021,muscle tissue development (GO:0060537),3/13,0.0369039153643985,0.5462459753565532,0,0,4.829255774165953,15.933828207480872,BMP4;CSRP2;STRA6,anterior_up
GO_Biological_Process_2021,negative regulation of myoblast differentiation (GO:0045662),3/13,0.0369039153643985,0.5462459753565532,0,0,4.829255774165953,15.933828207480872,BMP4;SOSTDC1;ANKRD2,anterior_up
GO_Biological_Process_2021,negative regulation of stem cell differentiation (GO:2000737),3/13,0.0369039153643985,0.5462459753565532,0,0,4.829255774165953,15.933828207480872,JAG1;TCF15;HES1,anterior_up
GO_Biological_Process_2021,positive regulation of calcium ion import (GO:0090280),3/13,0.0369039153643985,0.5462459753565532,0,0,4.829255774165953,15.933828207480872,RAMP3;CALCR;CXCL12,anterior_up
GO_Biological_Process_2021,positive regulation of calcium-mediated signaling (GO:0050850),3/13,0.0369039153643985,0.5462459753565532,0,0,4.829255774165953,15.933828207480872,P2RX4;P2RX3;CDH13,anterior_up
GO_Biological_Process_2021,"positive regulation of CD4-positive, alpha-beta T cell activation (GO:2000516)",3/13,0.0369039153643985,0.5462459753565532,0,0,4.829255774165953,15.933828207480872,NCKAP1L;CD55;TGFBR2,anterior_up
GO_Biological_Process_2021,relaxation of cardiac muscle (GO:0055119),3/13,0.0369039153643985,0.5462459753565532,0,0,4.829255774165953,15.933828207480872,GSTM2;P2RX4;PLN,anterior_up
GO_Biological_Process_2021,negative regulation of chemotaxis (GO:0050922),5/32,0.0369330209718889,0.5462459753565532,0,0,2.983433304770066,9.841300035629311,SEMA5A;SEMA4A;SEMA3E;SEMA4G;ROBO1,anterior_up
GO_Biological_Process_2021,skeletal muscle organ development (GO:0060538),5/32,0.0369330209718889,0.5462459753565532,0,0,2.983433304770066,9.841300035629311,CAV1;MYH14;CFLAR;BVES;STRA6,anterior_up
GO_Biological_Process_2021,myofibril assembly (GO:0030239),6/43,0.0381330947507132,0.5580525333233296,0,0,2.6133698020490472,8.537023905642702,CSRP2;MYH3;OBSCN;TNNT2;CFLAR;MYOM2,anterior_up
GO_Biological_Process_2021,embryonic organ development (GO:0048568),8/66,0.0383699465455878,0.5580525333233296,0,0,2.224197179760635,7.251952128526019,TEAD4;TGFB2;COL13A1;KIT;RARB;MFSD2A;TGFBR2;STRA6,anterior_up
GO_Biological_Process_2021,cellular response to organonitrogen compound (GO:0071417),11/103,0.0387361855225424,0.5580525333233296,0,0,1.929521027599895,6.272836372305733,HRH1;GABRB1;GLRA2;P2RX4;IGFBP5;P2RX3;P2RY1;RYR3;RAPGEF3;TSHR;SLC5A5,anterior_up
GO_Biological_Process_2021,regulation of ion transport (GO:0043269),9/79,0.0411102926225345,0.5580525333233296,0,0,2.073725586537281,6.618288490686981,CLDN10;P2RX4;SYT10;HTR1A;KCNA5;NOS1;DRD1;DRD2;SYT6,anterior_up
GO_Biological_Process_2021,actin filament bundle assembly (GO:0051017),5/33,0.0415041238029441,0.5580525333233296,0,0,2.876729097808789,9.153644077183234,EPS8;FAM107A;PLS3;LCP1;PLS1,anterior_up
GO_Biological_Process_2021,actin filament bundle organization (GO:0061572),5/33,0.0415041238029441,0.5580525333233296,0,0,2.876729097808789,9.153644077183234,EPS8;FAM107A;PLS3;LCP1;PLS1,anterior_up
GO_Biological_Process_2021,regulation of sprouting angiogenesis (GO:1903670),5/33,0.0415041238029441,0.5580525333233296,0,0,2.876729097808789,9.153644077183234,FGF16;CREB3L1;FGF18;E2F2;ADAMTS9,anterior_up
GO_Biological_Process_2021,cardiac ventricle morphogenesis (GO:0003208),6/44,0.0420506153654392,0.5580525333233296,0,0,2.544461496795161,8.063096350254973,BMP4;TGFB2;JAG1;TNNT2;PKP2;TGFBR2,anterior_up
GO_Biological_Process_2021,acylglycerol biosynthetic process (GO:0046463),4/23,0.0426110835268449,0.5580525333233296,0,0,3.390230713770728,10.698350642703886,AWAT2;PLCE1;GPAT3;DGAT2L6,anterior_up
GO_Biological_Process_2021,central nervous system development (GO:0007417),23/268,0.0433340074265013,0.5580525333233296,0,0,1.518299852578107,4.765666240620928,VIT;CHST8;EPHA7;ZBTB16;AMIGO2;CELSR1;S100B;PCDH18;HAPLN4;TGFBR2;NR4A2;NHLH2;RELN;PTPRZ1;NFIB;ZIC1;NNAT;PHGDH;MBP;HAP1;MDGA1;ADGRL2;MFSD2A,anterior_up
GO_Biological_Process_2021,positive regulation of cellular metabolic process (GO:0031325),11/105,0.0436099402563961,0.5580525333233296,0,0,1.8882658016750051,5.9149362912649845,STARD4;RAMP3;CSF1;GADD45A;DCXR;NTF3;PPARG;PPARA;BVES;ACACB;TGFBR2,anterior_up
GO_Biological_Process_2021,activation of transmembrane receptor protein tyrosine kinase activity (GO:0007171),2/6,0.0439497906563698,0.5580525333233296,0,0,8.044444444444444,25.136535229926817,ADRB2;PRLR,anterior_up
GO_Biological_Process_2021,amylin receptor signaling pathway (GO:0097647),2/6,0.0439497906563698,0.5580525333233296,0,0,8.044444444444444,25.136535229926817,CALCR;RAMP3,anterior_up
GO_Biological_Process_2021,aspartate metabolic process (GO:0006531),2/6,0.0439497906563698,0.5580525333233296,0,0,8.044444444444444,25.136535229926817,ASS1;DDO,anterior_up
GO_Biological_Process_2021,blood vessel endothelial cell proliferation involved in sprouting angiogenesis (GO:0002043),2/6,0.0439497906563698,0.5580525333233296,0,0,8.044444444444444,25.136535229926817,BMP4;SEMA5A,anterior_up
GO_Biological_Process_2021,cerebral cortex cell migration (GO:0021795),2/6,0.0439497906563698,0.5580525333233296,0,0,8.044444444444444,25.136535229926817,HTR6;RELN,anterior_up
GO_Biological_Process_2021,cholesterol import (GO:0070508),2/6,0.0439497906563698,0.5580525333233296,0,0,8.044444444444444,25.136535229926817,STARD4;LDLR,anterior_up
GO_Biological_Process_2021,indolalkylamine metabolic process (GO:0006586),2/6,0.0439497906563698,0.5580525333233296,0,0,8.044444444444444,25.136535229926817,TPH2;DDC,anterior_up
GO_Biological_Process_2021,megakaryocyte development (GO:0035855),2/6,0.0439497906563698,0.5580525333233296,0,0,8.044444444444444,25.136535229926817,THPO;KIT,anterior_up
GO_Biological_Process_2021,negative regulation of sequestering of triglyceride (GO:0010891),2/6,0.0439497906563698,0.5580525333233296,0,0,8.044444444444444,25.136535229926817,PPARG;PPARA,anterior_up
GO_Biological_Process_2021,negative regulation of vitamin metabolic process (GO:0046137),2/6,0.0439497906563698,0.5580525333233296,0,0,8.044444444444444,25.136535229926817,SNAI2;NFKB1,anterior_up
GO_Biological_Process_2021,peroxisome proliferator activated receptor signaling pathway (GO:0035357),2/6,0.0439497906563698,0.5580525333233296,0,0,8.044444444444444,25.136535229926817,PPARG;ALOXE3,anterior_up
GO_Biological_Process_2021,photoreceptor cell outer segment organization (GO:0035845),2/6,0.0439497906563698,0.5580525333233296,0,0,8.044444444444444,25.136535229926817,CDHR1;MFSD2A,anterior_up
GO_Biological_Process_2021,positive regulation of growth hormone secretion (GO:0060124),2/6,0.0439497906563698,0.5580525333233296,0,0,8.044444444444444,25.136535229926817,GHRH;DRD2,anterior_up
GO_Biological_Process_2021,positive regulation of microglial cell migration (GO:1904141),2/6,0.0439497906563698,0.5580525333233296,0,0,8.044444444444444,25.136535229926817,P2RX4;CSF1,anterior_up
GO_Biological_Process_2021,positive regulation of vascular endothelial growth factor signaling pathway (GO:1900748),2/6,0.0439497906563698,0.5580525333233296,0,0,8.044444444444444,25.136535229926817,SMOC2;ROBO1,anterior_up
GO_Biological_Process_2021,radial glial cell differentiation (GO:0060019),2/6,0.0439497906563698,0.5580525333233296,0,0,8.044444444444444,25.136535229926817,HES1;FGF10,anterior_up
GO_Biological_Process_2021,regulation of cardiac muscle hypertrophy in response to stress (GO:1903242),2/6,0.0439497906563698,0.5580525333233296,0,0,8.044444444444444,25.136535229926817,TRPC3;FOXO1,anterior_up
GO_Biological_Process_2021,regulation of excitatory synapse assembly (GO:1904889),2/6,0.0439497906563698,0.5580525333233296,0,0,8.044444444444444,25.136535229926817,SEMA4A;VSTM5,anterior_up
GO_Biological_Process_2021,regulation of NK T cell activation (GO:0051133),2/6,0.0439497906563698,0.5580525333233296,0,0,8.044444444444444,25.136535229926817,CD300A;IL12A,anterior_up
GO_Biological_Process_2021,regulation of saliva secretion (GO:0046877),2/6,0.0439497906563698,0.5580525333233296,0,0,8.044444444444444,25.136535229926817,OPRK1;FGF10,anterior_up
GO_Biological_Process_2021,regulation of vitamin D biosynthetic process (GO:0060556),2/6,0.0439497906563698,0.5580525333233296,0,0,8.044444444444444,25.136535229926817,SNAI2;NFKB1,anterior_up
GO_Biological_Process_2021,response to catecholamine (GO:0071869),2/6,0.0439497906563698,0.5580525333233296,0,0,8.044444444444444,25.136535229926817,DRD1;DRD5,anterior_up
GO_Biological_Process_2021,sterol import (GO:0035376),2/6,0.0439497906563698,0.5580525333233296,0,0,8.044444444444444,25.136535229926817,STARD4;LDLR,anterior_up
GO_Biological_Process_2021,skeletal system development (GO:0001501),15/158,0.044564240141463,0.5580525333233296,0,0,1.6940060803500734,5.269753978294219,TEAD4;TGFB2;COL13A1;UCMA;HHIP;ZBTB16;NPR3;HAPLN4;PTHLH;SULF2;ADAMTS4;EVC;PLS3;FBN1;FGFR1,anterior_up
GO_Biological_Process_2021,aorta development (GO:0035904),3/14,0.0449743514631237,0.5580525333233296,0,0,4.389999222334552,13.616297803193154,JAG1;ADAMTS9;ROBO1,anterior_up
GO_Biological_Process_2021,heart process (GO:0003015),3/14,0.0449743514631237,0.5580525333233296,0,0,4.389999222334552,13.616297803193154,RAMP3;SGCD;NOX4,anterior_up
GO_Biological_Process_2021,monoacylglycerol metabolic process (GO:0046462),3/14,0.0449743514631237,0.5580525333233296,0,0,4.389999222334552,13.616297803193154,AWAT2;DGAT2L6;MGLL,anterior_up
GO_Biological_Process_2021,neuromuscular process controlling balance (GO:0050885),3/14,0.0449743514631237,0.5580525333233296,0,0,4.389999222334552,13.616297803193154,USH1G;PCDH15;CDH23,anterior_up
GO_Biological_Process_2021,pancreas development (GO:0031016),3/14,0.0449743514631237,0.5580525333233296,0,0,4.389999222334552,13.616297803193154,TCF7L2;DNAAF1;MET,anterior_up
GO_Biological_Process_2021,regulation of lipase activity (GO:0060191),3/14,0.0449743514631237,0.5580525333233296,0,0,4.389999222334552,13.616297803193154,LIPC;LPL;PCSK6,anterior_up
GO_Biological_Process_2021,regulation of protein kinase C signaling (GO:0090036),3/14,0.0449743514631237,0.5580525333233296,0,0,4.389999222334552,13.616297803193154,ADGRV1;FLT4;ADRA1A,anterior_up
GO_Biological_Process_2021,relaxation of muscle (GO:0090075),3/14,0.0449743514631237,0.5580525333233296,0,0,4.389999222334552,13.616297803193154,GSTM2;P2RX4;PLN,anterior_up
GO_Biological_Process_2021,positive regulation of ERK1 and ERK2 cascade (GO:0070374),16/172,0.0455399331194729,0.5629619344209476,0,0,1.6566409369177535,5.117638337936656,NECAB2;NOTCH2;RAMP3;FLT4;TNFRSF11A;HTR2A;RASGRP1;ADRA1A;CALCR;THPO;GPNMB;P2RY1;ACKR3;ROR1;ALKAL1;FGF10,anterior_up
GO_Biological_Process_2021,regulation of pri-miRNA transcription by RNA polymerase II (GO:1902893),6/45,0.046212142602051,0.5682877398164549,0,0,2.479086950785064,7.621984286190447,BMP4;JUN;TGFB2;NFIB;PPARG;PPARA,anterior_up
GO_Biological_Process_2021,striated muscle tissue development (GO:0014706),5/34,0.0464017098722896,0.5682877398164549,0,0,2.7773838016724284,8.52773191088418,SGCD;CAV1;MYH14;CFLAR;BVES,anterior_up
GO_Biological_Process_2021,positive regulation of protein phosphorylation (GO:0001934),30/371,0.0466324529860824,0.5682877398164549,0,0,1.424187642197924,4.365788204839445,OPRD1;RAMP3;CSF1;FLT4;PELI2;KNDC1;RASGRP1;RELN;CALCR;GPNMB;THPO;NTF3;P2RY1;LEPR;NOS1;PROM2;TGFB2;HGF;CAV1;VEGFD;INHBB;BMP4;EFNA1;FGF16;MAVS;FGF18;NEK10;LCP2;RAPGEF3;FGF10,anterior_up
GO_Biological_Process_2021,renal system development (GO:0072001),7/57,0.0479697618692001,0.5682877398164549,0,0,2.2565836909871244,6.853660845935686,BMP4;TGFB2;GREB1L;LRP4;HNF1B;STRA6;SULF2,anterior_up
GO_Biological_Process_2021,positive regulation of MAP kinase activity (GO:0043406),8/69,0.0480182704943537,0.5682877398164549,0,0,2.114472424088784,6.419905574385587,KIT;FGF18;NEK10;MST1R;TNFRSF11A;RASGRP1;ROBO1;FGFR1,anterior_up
GO_Biological_Process_2021,extracellular matrix assembly (GO:0085029),4/24,0.0488437948658618,0.5682877398164549,0,0,3.2205479452054795,9.723246260297618,NTNG2;TNXB;LAMB1;LTBP3,anterior_up
GO_Biological_Process_2021,positive regulation of phospholipase activity (GO:0010518),4/24,0.0488437948658618,0.5682877398164549,0,0,3.2205479452054795,9.723246260297618,KIT;NTF3;ESR1;FGFR1,anterior_up
GO_Biological_Process_2021,regulation of axon extension involved in axon guidance (GO:0048841),4/24,0.0488437948658618,0.5682877398164549,0,0,3.2205479452054795,9.723246260297618,SEMA5A;SEMA4A;SEMA3E;SEMA4G,anterior_up
GO_Biological_Process_2021,regulation of ruffle assembly (GO:1900027),4/24,0.0488437948658618,0.5682877398164549,0,0,3.2205479452054795,9.723246260297618,EPS8;P2RX4;CAV1;EPS8L2,anterior_up
GO_Biological_Process_2021,protein homooligomerization (GO:0051260),12/121,0.0514617104551846,0.5682877398164549,0,0,1.7765580512496046,5.270900699707162,EHD4;GLRA3;TDO2;P2RX3;KCNC2;CTH;AQP4;SLC1A5;VSTM5;ACACB;RYR3;TRPM4,anterior_up
GO_Biological_Process_2021,positive regulation of cell-substrate adhesion (GO:0010811),8/70,0.0515549585141464,0.5682877398164549,0,0,2.080257177696486,6.168184879542199,VIT;CARMIL1;CDK6;CSF1;PLEKHA2;CDH13;OLFM4;RREB1,anterior_up
GO_Biological_Process_2021,lung development (GO:0030324),5/35,0.0516278797472996,0.5682877398164549,0,0,2.684661525278492,7.95651377048946,BMP4;CEBPA;DNAAF1;STRA6;FGF10,anterior_up
GO_Biological_Process_2021,negative regulation of cell cycle G1/S phase transition (GO:1902807),5/35,0.0516278797472996,0.5682877398164549,0,0,2.684661525278492,7.95651377048946,CDK6;GPNMB;SUSD2;FAM107A;MYO16,anterior_up
GO_Biological_Process_2021,semaphorin-plexin signaling pathway (GO:0071526),5/35,0.0516278797472996,0.5682877398164549,0,0,2.684661525278492,7.95651377048946,SEMA5A;SEMA4A;SEMA3E;SEMA4G;MET,anterior_up
GO_Biological_Process_2021,regulation of calcium ion transport (GO:0051924),7/58,0.0519164051949709,0.5682877398164549,0,0,2.2122191365816715,6.544010659769509,CASR;TRPC6;PLN;P2RX4;EPB41;IL16;NOS1,anterior_up
GO_Biological_Process_2021,positive regulation of transferase activity (GO:0051347),14/148,0.0523155796253644,0.5682877398164549,0,0,1.6866187198721418,4.97630286057877,EPHB6;EPHA7;EPHA8;FLT4;NEK7;PIFO;MST1R;CHTF18;MAPK15;KIT;ROR1;EPHB2;MET;FGFR1,anterior_up
GO_Biological_Process_2021,myoblast fusion (GO:0007520),3/15,0.0538391415215639,0.5682877398164549,0,0,4.023952095808383,11.757000299705211,ADAMTS15;ADAM12;NOS1,anterior_up
GO_Biological_Process_2021,photoreceptor cell development (GO:0042461),3/15,0.0538391415215639,0.5682877398164549,0,0,4.023952095808383,11.757000299705211,CDHR1;RORB;MFSD2A,anterior_up
GO_Biological_Process_2021,regulation of neuron projection arborization (GO:0150011),3/15,0.0538391415215639,0.5682877398164549,0,0,4.023952095808383,11.757000299705211,NTNG2;FZD4;MFSD2A,anterior_up
GO_Biological_Process_2021,steroid hormone mediated signaling pathway (GO:0043401),3/15,0.0538391415215639,0.5682877398164549,0,0,4.023952095808383,11.757000299705211,BMP4;ESR1;ESR2,anterior_up
GO_Biological_Process_2021,synaptonemal complex assembly (GO:0007130),3/15,0.0538391415215639,0.5682877398164549,0,0,4.023952095808383,11.757000299705211,SYCE2;TEX11;REC8,anterior_up
GO_Biological_Process_2021,synaptonemal complex organization (GO:0070193),3/15,0.0538391415215639,0.5682877398164549,0,0,4.023952095808383,11.757000299705211,SYCE2;TEX11;REC8,anterior_up
GO_Biological_Process_2021,lipid transport (GO:0006869),11/109,0.0545848547012289,0.5682877398164549,0,0,1.8108070101425584,5.265824650796442,PRELID2;ABCC4;OSBPL5;ATP8B1;TTPA;SLCO2A1;LBP;ABCA12;LDLR;PITPNC1;MFSD2A,anterior_up
GO_Biological_Process_2021,gland development (GO:0048732),8/71,0.0552551033655199,0.5682877398164549,0,0,2.047128129602356,5.928062530483328,CEBPA;WNT10A;CAV1;HES1;MET;DKK3;STRA6;FGF10,anterior_up
GO_Biological_Process_2021,myeloid leukocyte differentiation (GO:0002573),8/71,0.0552551033655199,0.5682877398164549,0,0,2.047128129602356,5.928062530483328,BMP4;CEBPA;BATF3;CSF1;KIT;PPARG;TNFRSF11A;TGFBR2,anterior_up
GO_Biological_Process_2021,regulation of synapse assembly (GO:0051963),6/47,0.055277041367437,0.5682877398164549,0,0,2.3579048654980546,6.8270721400044705,GRID2;GPC4;EPHB2;PDLIM5;GPC6;MDGA1,anterior_up
GO_Biological_Process_2021,organophosphate ester transport (GO:0015748),4/25,0.0555504065915801,0.5682877398164549,0,0,3.0670254403131114,8.865127982666568,PRELID2;OSBPL5;LDLR;PITPNC1,anterior_up
GO_Biological_Process_2021,regulation of AMPA receptor activity (GO:2000311),4/25,0.0555504065915801,0.5682877398164549,0,0,3.0670254403131114,8.865127982666568,RELN;ADRB2;SHISA8;SHISA6,anterior_up
GO_Biological_Process_2021,ventricular cardiac muscle tissue development (GO:0003229),4/25,0.0555504065915801,0.5682877398164549,0,0,3.0670254403131114,8.865127982666568,TNNT2;PKP2;DSG2;ADAMTS9,anterior_up
GO_Biological_Process_2021,negative regulation of inflammatory response to antigenic stimulus (GO:0002862),13/136,0.0560073247827799,0.5682877398164549,0,0,1.7057387571287277,4.91640441864498,NPSR1;RAMP3;GPR83;PTH2R;ADRB2;HTR4;PTHLH;TSHR;HTR6;CALCR;GHRH;DRD1;DRD5,anterior_up
GO_Biological_Process_2021,phospholipid transport (GO:0015914),7/59,0.0560612674156921,0.5682877398164549,0,0,2.1695609111918124,6.251177820874351,PRELID2;OSBPL5;ATP8B1;ABCA12;LDLR;PITPNC1;MFSD2A,anterior_up
GO_Biological_Process_2021,regulation of secretion by cell (GO:1903530),7/59,0.0560612674156921,0.5682877398164549,0,0,2.1695609111918124,6.251177820874351,RAB3B;VAMP8;RAB26;HTR1A;HAP1;MCTP2;SNCAIP,anterior_up
GO_Biological_Process_2021,activation of adenylate cyclase activity (GO:0007190),5/36,0.0571834967480858,0.5682877398164549,0,0,2.597921331232551,7.433925755833492,CALCR;ADRB2;DRD1;TSHR;DRD5,anterior_up
GO_Biological_Process_2021,regulation of cardiac muscle contraction (GO:0055117),5/36,0.0571834967480858,0.5682877398164549,0,0,2.597921331232551,7.433925755833492,PLN;P2RX4;NOS1;SCN5A;ADRA1A,anterior_up
GO_Biological_Process_2021,regulation of ossification (GO:0030278),5/36,0.0571834967480858,0.5682877398164549,0,0,2.597921331232551,7.433925755833492,BMP4;TGFB2;ZBTB16;LRP4;SMAD6,anterior_up
GO_Biological_Process_2021,cellular response to organic cyclic compound (GO:0071407),14/150,0.0573099189960075,0.5682877398164549,0,0,1.6616377120796506,4.751090075955644,GABRB1;RAMP3;IGFBP5;SSTR1;ESR1;RYR3;SLC5A5;HRH1;P2RX4;P2RX3;P2RY1;DRD1;RAPGEF3;DRD5,anterior_up
GO_Biological_Process_2021,regulation of inflammatory response to antigenic stimulus (GO:0002861),13/137,0.0587193285948406,0.5682877398164549,0,0,1.6918923432324864,4.796491662785665,NPSR1;RAMP3;GPR83;PTH2R;ADRB2;HTR4;PTHLH;TSHR;HTR6;CALCR;GHRH;DRD1;DRD5,anterior_up
GO_Biological_Process_2021,cell junction organization (GO:0034330),8/72,0.0591201988512226,0.5682877398164549,0,0,2.0150343642611683,5.698885205647662,SDK1;TGFB2;OCLN;LRP4;SEMA3E;CLDN1;SDK2;CBLN1,anterior_up
GO_Biological_Process_2021,cell morphogenesis involved in differentiation (GO:0000904),8/72,0.0591201988512226,0.5682877398164549,0,0,2.0150343642611683,5.698885205647662,EFNA1;NTNG2;RELN;LAMC3;KIF14;LAMB1;PARVB;BVES,anterior_up
GO_Biological_Process_2021,adenylate cyclase-activating dopamine receptor signaling pathway (GO:0007191),2/7,0.0591787715776266,0.5682877398164549,0,0,6.435213675213675,18.193587128117375,DRD1;DRD5,anterior_up
GO_Biological_Process_2021,calcitonin family receptor signaling pathway (GO:0097646),2/7,0.0591787715776266,0.5682877398164549,0,0,6.435213675213675,18.193587128117375,CALCR;RAMP3,anterior_up
GO_Biological_Process_2021,catecholamine uptake (GO:0090493),2/7,0.0591787715776266,0.5682877398164549,0,0,6.435213675213675,18.193587128117375,SLC22A1;MAPK15,anterior_up
GO_Biological_Process_2021,cellular response to caffeine (GO:0071313),2/7,0.0591787715776266,0.5682877398164549,0,0,6.435213675213675,18.193587128117375,GSTM2;RYR3,anterior_up
GO_Biological_Process_2021,cellular response to histamine (GO:0071420),2/7,0.0591787715776266,0.5682877398164549,0,0,6.435213675213675,18.193587128117375,GABRB1;HRH1,anterior_up
GO_Biological_Process_2021,cellular response to monoamine stimulus (GO:0071868),2/7,0.0591787715776266,0.5682877398164549,0,0,6.435213675213675,18.193587128117375,DRD1;DRD5,anterior_up
GO_Biological_Process_2021,chylomicron remnant clearance (GO:0034382),2/7,0.0591787715776266,0.5682877398164549,0,0,6.435213675213675,18.193587128117375,LIPC;LDLR,anterior_up
GO_Biological_Process_2021,coronary vasculature development (GO:0060976),2/7,0.0591787715776266,0.5682877398164549,0,0,6.435213675213675,18.193587128117375,BMP4;GPC3,anterior_up
GO_Biological_Process_2021,dopamine transport (GO:0015872),2/7,0.0591787715776266,0.5682877398164549,0,0,6.435213675213675,18.193587128117375,SLC22A1;MAPK15,anterior_up
GO_Biological_Process_2021,exocrine system development (GO:0035272),2/7,0.0591787715776266,0.5682877398164549,0,0,6.435213675213675,18.193587128117375,RAB26;FGF10,anterior_up
GO_Biological_Process_2021,glandular epithelial cell development (GO:0002068),2/7,0.0591787715776266,0.5682877398164549,0,0,6.435213675213675,18.193587128117375,BMP4;CDK6,anterior_up
GO_Biological_Process_2021,glial cell migration (GO:0008347),2/7,0.0591787715776266,0.5682877398164549,0,0,6.435213675213675,18.193587128117375,TGFB2;P2RX4,anterior_up
GO_Biological_Process_2021,glomerular epithelial cell development (GO:0072310),2/7,0.0591787715776266,0.5682877398164549,0,0,6.435213675213675,18.193587128117375,JAG1;NPHS1,anterior_up
GO_Biological_Process_2021,glomerular visceral epithelial cell development (GO:0072015),2/7,0.0591787715776266,0.5682877398164549,0,0,6.435213675213675,18.193587128117375,JAG1;NPHS1,anterior_up
GO_Biological_Process_2021,keratinocyte proliferation (GO:0043616),2/7,0.0591787715776266,0.5682877398164549,0,0,6.435213675213675,18.193587128117375,FERMT1;CDH13,anterior_up
GO_Biological_Process_2021,mitral valve development (GO:0003174),2/7,0.0591787715776266,0.5682877398164549,0,0,6.435213675213675,18.193587128117375,EFNA1;SMAD6,anterior_up
GO_Biological_Process_2021,monoacylglycerol biosynthetic process (GO:0006640),2/7,0.0591787715776266,0.5682877398164549,0,0,6.435213675213675,18.193587128117375,AWAT2;DGAT2L6,anterior_up
GO_Biological_Process_2021,negative regulation of dendritic spine development (GO:0061000),2/7,0.0591787715776266,0.5682877398164549,0,0,6.435213675213675,18.193587128117375,EFNA1;GRIN3A,anterior_up
GO_Biological_Process_2021,oxygen transport (GO:0015671),2/7,0.0591787715776266,0.5682877398164549,0,0,6.435213675213675,18.193587128117375,MB;CYGB,anterior_up
GO_Biological_Process_2021,positive regulation of chemokine (C-X-C motif) ligand 2 production (GO:2000343),2/7,0.0591787715776266,0.5682877398164549,0,0,6.435213675213675,18.193587128117375,LPL;MBP,anterior_up
GO_Biological_Process_2021,positive regulation of cilium movement (GO:0003353),2/7,0.0591787715776266,0.5682877398164549,0,0,6.435213675213675,18.193587128117375,TACR3;TACR1,anterior_up
GO_Biological_Process_2021,positive regulation of cilium-dependent cell motility (GO:2000155),2/7,0.0591787715776266,0.5682877398164549,0,0,6.435213675213675,18.193587128117375,TACR3;TACR1,anterior_up
GO_Biological_Process_2021,positive regulation of flagellated sperm motility (GO:1902093),2/7,0.0591787715776266,0.5682877398164549,0,0,6.435213675213675,18.193587128117375,TACR3;TACR1,anterior_up
GO_Biological_Process_2021,"positive regulation of synaptic transmission, GABAergic (GO:0032230)",2/7,0.0591787715776266,0.5682877398164549,0,0,6.435213675213675,18.193587128117375,HAP1;ADRA1A,anterior_up
GO_Biological_Process_2021,positive regulation of vascular associated smooth muscle cell differentiation (GO:1905065),2/7,0.0591787715776266,0.5682877398164549,0,0,6.435213675213675,18.193587128117375,CTH;KIT,anterior_up
GO_Biological_Process_2021,regulation of atrial cardiac muscle cell membrane repolarization (GO:0060372),2/7,0.0591787715776266,0.5682877398164549,0,0,6.435213675213675,18.193587128117375,KCNA5;SCN5A,anterior_up
GO_Biological_Process_2021,regulation of cardiac muscle cell membrane potential (GO:0086036),2/7,0.0591787715776266,0.5682877398164549,0,0,6.435213675213675,18.193587128117375,PLN;FXYD1,anterior_up
GO_Biological_Process_2021,regulation of growth hormone secretion (GO:0060123),2/7,0.0591787715776266,0.5682877398164549,0,0,6.435213675213675,18.193587128117375,GHRH;DRD2,anterior_up
GO_Biological_Process_2021,regulation of mesenchymal stem cell differentiation (GO:2000739),2/7,0.0591787715776266,0.5682877398164549,0,0,6.435213675213675,18.193587128117375,SLC4A11;LTBP3,anterior_up
GO_Biological_Process_2021,regulation of microglial cell migration (GO:1904139),2/7,0.0591787715776266,0.5682877398164549,0,0,6.435213675213675,18.193587128117375,P2RX4;CSF1,anterior_up
GO_Biological_Process_2021,regulation of vascular associated smooth muscle cell differentiation (GO:1905063),2/7,0.0591787715776266,0.5682877398164549,0,0,6.435213675213675,18.193587128117375,KIT;NFATC2,anterior_up
GO_Biological_Process_2021,response to caffeine (GO:0031000),2/7,0.0591787715776266,0.5682877398164549,0,0,6.435213675213675,18.193587128117375,GSTM2;RYR3,anterior_up
GO_Biological_Process_2021,SA node cell action potential (GO:0086015),2/7,0.0591787715776266,0.5682877398164549,0,0,6.435213675213675,18.193587128117375,KCNA5;SCN5A,anterior_up
GO_Biological_Process_2021,skin morphogenesis (GO:0043589),2/7,0.0591787715776266,0.5682877398164549,0,0,6.435213675213675,18.193587128117375,ITGA6;ABCA12,anterior_up
GO_Biological_Process_2021,tachykinin receptor signaling pathway (GO:0007217),2/7,0.0591787715776266,0.5682877398164549,0,0,6.435213675213675,18.193587128117375,TACR3;TACR1,anterior_up
GO_Biological_Process_2021,type B pancreatic cell development (GO:0003323),2/7,0.0591787715776266,0.5682877398164549,0,0,6.435213675213675,18.193587128117375,BMP4;CDK6,anterior_up
GO_Biological_Process_2021,white fat cell differentiation (GO:0050872),2/7,0.0591787715776266,0.5682877398164549,0,0,6.435213675213675,18.193587128117375,CTBP2;PPARG,anterior_up
GO_Biological_Process_2021,xenobiotic catabolic process (GO:0042178),2/7,0.0591787715776266,0.5682877398164549,0,0,6.435213675213675,18.193587128117375,GSTM2;GSTM1,anterior_up
GO_Biological_Process_2021,adenylate cyclase-inhibiting G protein-coupled receptor signaling pathway (GO:0007193),7/60,0.0604057939543615,0.5783942062739874,0,0,2.128512430156288,5.974032519253998,CHRM2;HTR1F;LPAR1;HTR1A;OPRK1;HTR4;DRD2,anterior_up
GO_Biological_Process_2021,actin filament organization (GO:0007015),14/152,0.0626188582077459,0.5906579984052239,0,0,1.6373807914695502,4.536672615212652,CARMIL1;NEBL;TPM2;INPPL1;ARHGAP25;RND3;ERMN;EPS8;MYO5B;PLS3;LCP1;MYO1H;CGNL1;PLS1,anterior_up
GO_Biological_Process_2021,meiosis I (GO:0007127),4/26,0.0627259258173684,0.5906579984052239,0,0,2.9274595267745953,8.106078130170468,CCNA1;DNMT3L;BCL2L11;MEI1,anterior_up
GO_Biological_Process_2021,positive regulation of signaling receptor activity (GO:2000273),5/37,0.0630682178832386,0.5906579984052239,0,0,2.5166023993144817,6.9547271538186815,BTC;RELN;TGFA;ADRB2;EPHB2,anterior_up
GO_Biological_Process_2021,skeletal muscle tissue development (GO:0007519),5/37,0.0630682178832386,0.5906579984052239,0,0,2.5166023993144817,6.9547271538186815,CAV1;MYH14;CFLAR;BVES;MYORG,anterior_up
GO_Biological_Process_2021,negative regulation of cell adhesion (GO:0007162),8/73,0.0631514619281066,0.5906579984052239,0,0,1.983928099392017,5.480044446998148,SEMA5A;JAG1;FZD4;FZD7;CDH13;SNAI2;FBLN1;EPHB2,anterior_up
GO_Biological_Process_2021,positive regulation of synaptic transmission (GO:0050806),8/73,0.0631514619281066,0.5906579984052239,0,0,1.983928099392017,5.480044446998148,RIMS3;RELN;TSHZ3;HAP1;DRD1;EPHB2;ADRA1A;BAIAP3,anterior_up
GO_Biological_Process_2021,regulation of Rho protein signal transduction (GO:0035023),8/73,0.0631514619281066,0.5906579984052239,0,0,1.983928099392017,5.480044446998148,EPS8;PRAG1;STARD8;DLC1;LPAR1;EPS8L2;MET;ROBO1,anterior_up
GO_Biological_Process_2021,positive regulation of vasoconstriction (GO:0045907),3/16,0.0634694378002595,0.5906579984052239,0,0,3.7142199118247023,10.240835193823436,CAV1;ADRA1A;TRPM4,anterior_up
GO_Biological_Process_2021,regulation of cholesterol storage (GO:0010885),3/16,0.0634694378002595,0.5906579984052239,0,0,3.7142199118247023,10.240835193823436,LPL;PPARG;PPARA,anterior_up
GO_Biological_Process_2021,regulation of intrinsic apoptotic signaling pathway in response to DNA damage (GO:1902229),3/16,0.0634694378002595,0.5906579984052239,0,0,3.7142199118247023,10.240835193823436,CXCL12;ACKR3;SNAI2,anterior_up
GO_Biological_Process_2021,negative regulation of phosphorylation (GO:0042326),9/86,0.0643401873907375,0.5970841479706258,0,0,1.8845015689383704,5.170263561270267,BMP4;OCLN;FBLN1;PRR5L;INSM1;EPHB2;PPARA;PTPN13;KLHL31,anterior_up
GO_Biological_Process_2021,synapse organization (GO:0050808),12/126,0.0659877470208665,0.6106631449165666,0,0,1.6981851179673322,4.616153180369224,CAST;UNC13C;SDK1;FZD5;LRP4;SEMA3E;DRD1;GPC4;DRD2;GPC6;SDK2;CBLN1,anterior_up
GO_Biological_Process_2021,regulation of stress fiber assembly (GO:0051492),8/74,0.0673498297358842,0.6215319941921575,0,0,1.9537644486098096,5.270972999290973,CARMIL1;ARHGEF15;DLC1;LPAR1;ARHGEF10L;MET;CGNL1;RAPGEF3,anterior_up
GO_Biological_Process_2021,positive regulation of insulin secretion (GO:0032024),5/38,0.0692805316277117,0.6375733368961364,0,0,2.4402118875126586,6.514368525468358,TCF7L2;NNAT;TRH;TRPM4;BAIAP3,anterior_up
GO_Biological_Process_2021,positive regulation of calcium ion transmembrane transport (GO:1904427),4/27,0.0703630582880778,0.6424629355354706,0,0,2.8000297796307327,7.431522340279826,NPSR1;RAMP3;CALCR;DRD1,anterior_up
GO_Biological_Process_2021,regulation of small GTPase mediated signal transduction (GO:0051056),13/141,0.0704438475501992,0.6424629355354706,0,0,1.6386701898188094,4.347292669502668,ARHGEF26;STARD8;ARAP3;ARHGAP36;ARHGAP25;VAV2;FGD3;OBSCN;RELN;DLC1;TRIP10;PLCE1;CGNL1,anterior_up
GO_Biological_Process_2021,negative regulation of cell motility (GO:2000146),11/114,0.0707059444590535,0.6424629355354706,0,0,1.7224438256273884,4.56314232834831,PTPRU;DACH1;JAG1;IGFBP5;DLC1;SPOCK3;FBLN1;DRD2;PODN;MAPK15;ROBO1,anterior_up
GO_Biological_Process_2021,response to lipid (GO:0033993),11/114,0.0707059444590535,0.6424629355354706,0,0,1.7224438256273884,4.56314232834831,PAQR7;IL12A;PPARG;TNFRSF11A;LBP;NOS1;SMAD6;PPARA;ESR1;RXRG;FOXO1,anterior_up
GO_Biological_Process_2021,metal ion transport (GO:0030001),9/88,0.0722438737993328,0.6424629355354706,0,0,1.8365967543563675,4.826039520068705,NIPAL4;TRPC5;RAMP3;GRIN3A;TRPC3;CAV1;CDH23;SLC39A8;RYR3,anterior_up
GO_Biological_Process_2021,membrane depolarization during cardiac muscle cell action potential (GO:0086012),3/17,0.0738316745855188,0.6424629355354706,0,0,3.448735182695833,8.987291610902895,SCN5A;SCN4B;TRPM4,anterior_up
GO_Biological_Process_2021,pharyngeal system development (GO:0060037),3/17,0.0738316745855188,0.6424629355354706,0,0,3.448735182695833,8.987291610902895,BMP4;TGFB2;HES1,anterior_up
GO_Biological_Process_2021,positive regulation of stem cell differentiation (GO:2000738),3/17,0.0738316745855188,0.6424629355354706,0,0,3.448735182695833,8.987291610902895,TGFB2;TCF15;LTBP3,anterior_up
GO_Biological_Process_2021,regulation of cell killing (GO:0031341),3/17,0.0738316745855188,0.6424629355354706,0,0,3.448735182695833,8.987291610902895,TGFB2;FZD7;CD55,anterior_up
GO_Biological_Process_2021,response to purine-containing compound (GO:0014074),3/17,0.0738316745855188,0.6424629355354706,0,0,3.448735182695833,8.987291610902895,P2RX4;TRPC3;P2RY1,anterior_up
GO_Biological_Process_2021,positive regulation of Ras protein signal transduction (GO:0046579),7/63,0.0746455523018061,0.6424629355354706,0,0,2.0141630901287555,5.22676195523137,NOTCH2;PRAG1;LPAR1;RASGRP1;EPOR;ROBO1;FGF10,anterior_up
GO_Biological_Process_2021,negative regulation of secretion by cell (GO:1903531),5/39,0.0758178014848117,0.6424629355354706,0,0,2.36831493522859,6.108884039575253,VAMP8;IL12A;TRH;STXBP6;DRD2,anterior_up
GO_Biological_Process_2021,odontogenesis (GO:0042476),5/39,0.0758178014848117,0.6424629355354706,0,0,2.36831493522859,6.108884039575253,BMP4;TGFB2;WNT10A;LAMB1;SCN5A,anterior_up
GO_Biological_Process_2021,atrial cardiac muscle cell to AV node cell signaling (GO:0086026),2/8,0.0759061811782115,0.6424629355354706,0,0,5.362393162393162,13.825628562717174,KCNA5;SCN5A,anterior_up
GO_Biological_Process_2021,commissural neuron axon guidance (GO:0071679),2/8,0.0759061811782115,0.6424629355354706,0,0,5.362393162393162,13.825628562717174,NFIB;EPHB2,anterior_up
GO_Biological_Process_2021,dopamine uptake (GO:0090494),2/8,0.0759061811782115,0.6424629355354706,0,0,5.362393162393162,13.825628562717174,SLC22A1;MAPK15,anterior_up
GO_Biological_Process_2021,elastic fiber assembly (GO:0048251),2/8,0.0759061811782115,0.6424629355354706,0,0,5.362393162393162,13.825628562717174,TNXB;LTBP3,anterior_up
GO_Biological_Process_2021,histidine catabolic process (GO:0006548),2/8,0.0759061811782115,0.6424629355354706,0,0,5.362393162393162,13.825628562717174,AMDHD1;FTCD,anterior_up
GO_Biological_Process_2021,histidine metabolic process (GO:0006547),2/8,0.0759061811782115,0.6424629355354706,0,0,5.362393162393162,13.825628562717174,AMDHD1;FTCD,anterior_up
GO_Biological_Process_2021,integrin activation (GO:0033622),2/8,0.0759061811782115,0.6424629355354706,0,0,5.362393162393162,13.825628562717174,COL16A1;CXCL12,anterior_up
GO_Biological_Process_2021,negative regulation of potassium ion transmembrane transporter activity (GO:1901017),2/8,0.0759061811782115,0.6424629355354706,0,0,5.362393162393162,13.825628562717174,KCNE3;KCNAB1,anterior_up
GO_Biological_Process_2021,positive regulation of dendritic cell cytokine production (GO:0002732),2/8,0.0759061811782115,0.6424629355354706,0,0,5.362393162393162,13.825628562717174,MAVS;KIT,anterior_up
GO_Biological_Process_2021,positive regulation of glial cell migration (GO:1903977),2/8,0.0759061811782115,0.6424629355354706,0,0,5.362393162393162,13.825628562717174,P2RX4;CSF1,anterior_up
GO_Biological_Process_2021,positive regulation of insulin-like growth factor receptor signaling pathway (GO:0043568),2/8,0.0759061811782115,0.6424629355354706,0,0,5.362393162393162,13.825628562717174,GHRH;MYORG,anterior_up
GO_Biological_Process_2021,regulation of actin filament length (GO:0030832),2/8,0.0759061811782115,0.6424629355354706,0,0,5.362393162393162,13.825628562717174,EPS8;CXCL12,anterior_up
GO_Biological_Process_2021,regulation of dopamine receptor signaling pathway (GO:0060159),2/8,0.0759061811782115,0.6424629355354706,0,0,5.362393162393162,13.825628562717174,DRD2;RGS8,anterior_up
GO_Biological_Process_2021,regulation of epithelial to mesenchymal transition involved in endocardial cushion formation (GO:1905005),2/8,0.0759061811782115,0.6424629355354706,0,0,5.362393162393162,13.825628562717174,TGFB2;TGFBR2,anterior_up
GO_Biological_Process_2021,regulation of nitrogen compound metabolic process (GO:0051171),2/8,0.0759061811782115,0.6424629355354706,0,0,5.362393162393162,13.825628562717174,LDLR;MFSD2A,anterior_up
GO_Biological_Process_2021,regulation of osteoclast development (GO:2001204),2/8,0.0759061811782115,0.6424629355354706,0,0,5.362393162393162,13.825628562717174,NOTCH2;FBN1,anterior_up
GO_Biological_Process_2021,regulation of transcription from RNA polymerase II promoter in response to oxidative stress (GO:0043619),2/8,0.0759061811782115,0.6424629355354706,0,0,5.362393162393162,13.825628562717174,HMOX1;ANKRD2,anterior_up
GO_Biological_Process_2021,"regulation of wound healing, spreading of epidermal cells (GO:1903689)",2/8,0.0759061811782115,0.6424629355354706,0,0,5.362393162393162,13.825628562717174,FERMT1;RREB1,anterior_up
GO_Biological_Process_2021,actomyosin structure organization (GO:0031032),8/76,0.076250218799441,0.6424629355354706,0,0,1.8960986456438245,4.880055436365471,PDLIM1;CSRP2;MYH3;OBSCN;EPB41;TNNT2;MYH14;MYOM2,anterior_up
GO_Biological_Process_2021,chloride transport (GO:0006821),8/76,0.076250218799441,0.6424629355354706,0,0,1.8960986456438245,4.880055436365471,GABRQ;GABRB1;GLRA2;GLRA3;GABRA3;FXYD1;SLC12A7;ANO2,anterior_up
GO_Biological_Process_2021,cholesterol transport (GO:0030301),6/51,0.0764051906432162,0.6424629355354706,0,0,2.1478559176672385,5.523651039742817,STARD4;LIPC;OSBPL5;CAV1;LIPG;LDLR,anterior_up
GO_Biological_Process_2021,positive regulation of synapse assembly (GO:0051965),4/28,0.0784523959961386,0.6546921610458623,0,0,2.683219178082192,6.829499188669354,SEMA4A;GRID2;EPHB2;VSTM5,anterior_up
GO_Biological_Process_2021,regulation of muscle contraction (GO:0006937),4/28,0.0784523959961386,0.6546921610458623,0,0,2.683219178082192,6.829499188669354,CHRM2;CAV1;KCNB2;PLCE1,anterior_up
GO_Biological_Process_2021,regulation of sodium ion transmembrane transport (GO:1902305),4/28,0.0784523959961386,0.6546921610458623,0,0,2.683219178082192,6.829499188669354,FXYD1;NOS1;SCN5A;SCN4B,anterior_up
GO_Biological_Process_2021,ameboidal-type cell migration (GO:0001667),6/52,0.082310593380058,0.6809581303289818,0,0,2.1010515325527632,5.246862417575907,SEMA5A;PDLIM1;SEMA4A;GPC3;SEMA3E;SEMA4G,anterior_up
GO_Biological_Process_2021,protein homotetramerization (GO:0051289),6/52,0.082310593380058,0.6809581303289818,0,0,2.1010515325527632,5.246862417575907,TDO2;CTH;AQP4;ACACB;RYR3;TRPM4,anterior_up
GO_Biological_Process_2021,digestive tract development (GO:0048565),5/40,0.0826763145692755,0.6809581303289818,0,0,2.300526380217897,5.734803047781099,TGFB2;DNAAF1;KIT;RARB;STRA6,anterior_up
GO_Biological_Process_2021,negative regulation of cell-substrate adhesion (GO:0010812),5/40,0.0826763145692755,0.6809581303289818,0,0,2.300526380217897,5.734803047781099,JAG1;FZD4;FZD7;FBLN1;SEMA3E,anterior_up
GO_Biological_Process_2021,positive regulation of wound healing (GO:0090303),5/40,0.0826763145692755,0.6809581303289818,0,0,2.300526380217897,5.734803047781099,FERMT1;SMOC2;OCLN;CLDN1;RREB1,anterior_up
GO_Biological_Process_2021,cellular response to metal ion (GO:0071248),12/131,0.0829650627163606,0.6809581303289818,0,0,1.6263981454650829,4.048650951168754,CPNE9;JUN;GLRA2;ADGRV1;P2RX4;CPNE4;RASA4;SYT10;CPNE2;SCN5A;RYR3;SYT6,anterior_up
GO_Biological_Process_2021,negative regulation of leukocyte cell-cell adhesion (GO:1903038),3/18,0.0848885323953726,0.6809581303289818,0,0,3.2186484174508125,7.938526813561874,GPNMB;PPARA;ASS1,anterior_up
GO_Biological_Process_2021,positive regulation of macrophage derived foam cell differentiation (GO:0010744),3/18,0.0848885323953726,0.6809581303289818,0,0,3.2186484174508125,7.938526813561874,CSF1;LPL;NFKB1,anterior_up
GO_Biological_Process_2021,"positive regulation of synaptic transmission, glutamatergic (GO:0051968)",3/18,0.0848885323953726,0.6809581303289818,0,0,3.2186484174508125,7.938526813561874,RELN;TSHZ3;DRD1,anterior_up
GO_Biological_Process_2021,regulation of cartilage development (GO:0061035),3/18,0.0848885323953726,0.6809581303289818,0,0,3.2186484174508125,7.938526813561874,BMP4;ZBTB16;PTHLH,anterior_up
GO_Biological_Process_2021,regulation of fatty acid metabolic process (GO:0019217),3/18,0.0848885323953726,0.6809581303289818,0,0,3.2186484174508125,7.938526813561874,CAV1;PPARG;PPARA,anterior_up
GO_Biological_Process_2021,regulation of presynapse assembly (GO:1905606),3/18,0.0848885323953726,0.6809581303289818,0,0,3.2186484174508125,7.938526813561874,GPC4;GPC6;MDGA1,anterior_up
GO_Biological_Process_2021,regulation of presynapse organization (GO:0099174),3/18,0.0848885323953726,0.6809581303289818,0,0,3.2186484174508125,7.938526813561874,GPC4;GPC6;MDGA1,anterior_up
GO_Biological_Process_2021,regulation of transforming growth factor beta production (GO:0071634),3/18,0.0848885323953726,0.6809581303289818,0,0,3.2186484174508125,7.938526813561874,TGFB2;LTBP1;CD34,anterior_up
GO_Biological_Process_2021,regulation of ventricular cardiac muscle cell membrane repolarization (GO:0060307),3/18,0.0848885323953726,0.6809581303289818,0,0,3.2186484174508125,7.938526813561874,KCNE3;SCN5A;SCN4B,anterior_up
GO_Biological_Process_2021,ventricular cardiac muscle cell action potential (GO:0086005),3/18,0.0848885323953726,0.6809581303289818,0,0,3.2186484174508125,7.938526813561874,KCNE3;PKP2;SCN5A,anterior_up
GO_Biological_Process_2021,generation of neurons (GO:0048699),17/202,0.0851830739299594,0.681670347656898,0,0,1.4832385632385632,3.6531461684761783,WNT10A;TGFB2;FZD5;WNT5B;FZD4;FZD7;CELSR1;NR4A2;RELN;CDK6;LHX2;HES1;INSM1;WNT2;MET;MDGA1;FGFR1,anterior_up
GO_Biological_Process_2021,glial cell differentiation (GO:0010001),4/29,0.0869826065173025,0.6894099889756535,0,0,2.575753424657534,6.290111194918638,RELN;PTPRZ1;NFIB;FGF10,anterior_up
GO_Biological_Process_2021,homologous chromosome pairing at meiosis (GO:0007129),4/29,0.0869826065173025,0.6894099889756535,0,0,2.575753424657534,6.290111194918638,SYCE2;RNF212B;TEX11;REC8,anterior_up
GO_Biological_Process_2021,regulation of calcium ion transmembrane transporter activity (GO:1901019),4/29,0.0869826065173025,0.6894099889756535,0,0,2.575753424657534,6.290111194918638,PLN;JSRP1;AHNAK;NOS1,anterior_up
GO_Biological_Process_2021,regulation of neuronal synaptic plasticity (GO:0048168),4/29,0.0869826065173025,0.6894099889756535,0,0,2.575753424657534,6.290111194918638,DRD2;EPHB2;SHISA8;SHISA6,anterior_up
GO_Biological_Process_2021,Wnt signaling pathway (GO:0016055),9/92,0.089778313256844,0.7087558825748483,0,0,1.747713122481327,4.2127083916785075,NR4A2;TCF7L2;WNT10A;WNT5B;FZD5;FZD4;FZD7;GPC4;WNT2,anterior_up
GO_Biological_Process_2021,acylglycerol metabolic process (GO:0006639),5/41,0.0898513343439288,0.7087558825748483,0,0,2.236503856041131,5.389077041411414,AWAT2;CAV1;LPL;DGAT2L6;MGLL,anterior_up
GO_Biological_Process_2021,basement membrane assembly (GO:0070831),2/9,0.0939044320021443,0.7096121843857097,0,0,4.596092796092796,10.871954991978958,NTNG2;LAMB1,anterior_up
GO_Biological_Process_2021,bone cell development (GO:0098751),2/9,0.0939044320021443,0.7096121843857097,0,0,4.596092796092796,10.871954991978958,THPO;KIT,anterior_up
GO_Biological_Process_2021,cellular response to nitric oxide (GO:0071732),2/9,0.0939044320021443,0.7096121843857097,0,0,4.596092796092796,10.871954991978958,KCNC2;FOXO1,anterior_up
GO_Biological_Process_2021,cellular response to reactive nitrogen species (GO:1902170),2/9,0.0939044320021443,0.7096121843857097,0,0,4.596092796092796,10.871954991978958,KCNC2;FOXO1,anterior_up
GO_Biological_Process_2021,epithelial to mesenchymal transition involved in endocardial cushion formation (GO:0003198),2/9,0.0939044320021443,0.7096121843857097,0,0,4.596092796092796,10.871954991978958,BMP4;SNAI2,anterior_up
GO_Biological_Process_2021,glomerular filtration (GO:0003094),2/9,0.0939044320021443,0.7096121843857097,0,0,4.596092796092796,10.871954991978958,CD34;SULF2,anterior_up
GO_Biological_Process_2021,icosanoid transport (GO:0071715),2/9,0.0939044320021443,0.7096121843857097,0,0,4.596092796092796,10.871954991978958,ABCC4;SLCO2A1,anterior_up
GO_Biological_Process_2021,mitral valve morphogenesis (GO:0003183),2/9,0.0939044320021443,0.7096121843857097,0,0,4.596092796092796,10.871954991978958,EFNA1;SMAD6,anterior_up
GO_Biological_Process_2021,negative regulation of leukocyte degranulation (GO:0043301),2/9,0.0939044320021443,0.7096121843857097,0,0,4.596092796092796,10.871954991978958,CD300A;NCKAP1L,anterior_up
GO_Biological_Process_2021,negative regulation of nitric oxide biosynthetic process (GO:0045019),2/9,0.0939044320021443,0.7096121843857097,0,0,4.596092796092796,10.871954991978958,CAV1;CD34,anterior_up
GO_Biological_Process_2021,negative regulation of nitric oxide metabolic process (GO:1904406),2/9,0.0939044320021443,0.7096121843857097,0,0,4.596092796092796,10.871954991978958,CAV1;CD34,anterior_up
GO_Biological_Process_2021,positive regulation of sequestering of triglyceride (GO:0010890),2/9,0.0939044320021443,0.7096121843857097,0,0,4.596092796092796,10.871954991978958,CIDEA;LPL,anterior_up
GO_Biological_Process_2021,positive regulation of smooth muscle cell apoptotic process (GO:0034393),2/9,0.0939044320021443,0.7096121843857097,0,0,4.596092796092796,10.871954991978958,IL12A;PPARG,anterior_up
GO_Biological_Process_2021,regulation of complement-dependent cytotoxicity (GO:1903659),2/9,0.0939044320021443,0.7096121843857097,0,0,4.596092796092796,10.871954991978958,TGFB2;CD55,anterior_up
GO_Biological_Process_2021,regulation of mammary gland epithelial cell proliferation (GO:0033599),2/9,0.0939044320021443,0.7096121843857097,0,0,4.596092796092796,10.871954991978958,RREB1;ROBO1,anterior_up
GO_Biological_Process_2021,regulation of pinocytosis (GO:0048548),2/9,0.0939044320021443,0.7096121843857097,0,0,4.596092796092796,10.871954991978958,CAV1;PROM2,anterior_up
GO_Biological_Process_2021,very-low-density lipoprotein particle remodeling (GO:0034372),2/9,0.0939044320021443,0.7096121843857097,0,0,4.596092796092796,10.871954991978958,LIPC;LPL,anterior_up
GO_Biological_Process_2021,glycosaminoglycan metabolic process (GO:0030203),6/54,0.0948578102887972,0.7096121843857097,0,0,2.013293310463122,4.742063232465181,CHST9;B3GAT2;GPC3;PXYLP1;GPC4;GPC6,anterior_up
GO_Biological_Process_2021,cellular response to oxygen-containing compound (GO:1901701),25/323,0.0951753477034687,0.7096121843857097,0,0,1.3553009601937942,3.187714376931094,RAMP3;KCNC2;LPL;RORB;RYR3;FOXO1;SLC5A5;GLRA2;P2RY1;DRD1;LBP;WNT2;DRD5;JUN;IGFBP5;WNT5B;FZD4;FZD7;SSTR1;ESR1;NFKB1;TSHR;P2RX4;P2RX3;RAPGEF3,anterior_up
GO_Biological_Process_2021,long-chain fatty acid biosynthetic process (GO:0042759),4/30,0.0959406218610976,0.7096121843857097,0,0,2.476554267650158,5.8051071013407975,GSTM2;GSTM1;ALOX12B;ALOXE3,anterior_up
GO_Biological_Process_2021,primary neural tube formation (GO:0014020),4/30,0.0959406218610976,0.7096121843857097,0,0,2.476554267650158,5.8051071013407975,TGFB2;MTHFD1L;DLC1;CELSR1,anterior_up
GO_Biological_Process_2021,respiratory tube development (GO:0030323),4/30,0.0959406218610976,0.7096121843857097,0,0,2.476554267650158,5.8051071013407975,BMP4;CEBPA;DNAAF1;STRA6,anterior_up
GO_Biological_Process_2021,regulation of fat cell differentiation (GO:0045598),8/80,0.0960661924460321,0.7096121843857097,0,0,1.7903780068728523,4.194350462073667,ZADH2;ZBTB16;LPL;PPARG;ZFPM2;FOXO1;MEDAG;TRPM4,anterior_up
GO_Biological_Process_2021,cardiac muscle cell contraction (GO:0086003),3/19,0.0965997872496091,0.7096121843857097,0,0,3.01732249786142,7.05202199418129,PKP2;SCN5A;SCN4B,anterior_up
GO_Biological_Process_2021,endocardial cushion morphogenesis (GO:0003203),3/19,0.0965997872496091,0.7096121843857097,0,0,3.01732249786142,7.05202199418129,BMP4;TGFB2;TGFBR2,anterior_up
GO_Biological_Process_2021,long-term memory (GO:0007616),3/19,0.0965997872496091,0.7096121843857097,0,0,3.01732249786142,7.05202199418129,CALB1;LRRN4;LDLR,anterior_up
GO_Biological_Process_2021,myeloid cell activation involved in immune response (GO:0002275),3/19,0.0965997872496091,0.7096121843857097,0,0,3.01732249786142,7.05202199418129,NMI;LBP;DNASE1L3,anterior_up
GO_Biological_Process_2021,piRNA metabolic process (GO:0034587),3/19,0.0965997872496091,0.7096121843857097,0,0,3.01732249786142,7.05202199418129,TDRD1;TDRD12;PLD6,anterior_up
GO_Biological_Process_2021,regulation of insulin-like growth factor receptor signaling pathway (GO:0043567),3/19,0.0965997872496091,0.7096121843857097,0,0,3.01732249786142,7.05202199418129,IGFBP5;GHRH;MYORG,anterior_up
GO_Biological_Process_2021,regulation of T cell cytokine production (GO:0002724),3/19,0.0965997872496091,0.7096121843857097,0,0,3.01732249786142,7.05202199418129,FZD5;CD55;TRPM4,anterior_up
GO_Biological_Process_2021,regulation of vascular endothelial growth factor signaling pathway (GO:1900746),3/19,0.0965997872496091,0.7096121843857097,0,0,3.01732249786142,7.05202199418129,SMOC2;IL12A;ROBO1,anterior_up
GO_Biological_Process_2021,positive regulation of protein tyrosine kinase activity (GO:0061098),5/42,0.0973371567036473,0.7134469030070434,0,0,2.175942008846893,5.06901898454404,BTC;EFNA1;RELN;TGFA;NOX4,anterior_up
GO_Biological_Process_2021,negative regulation of immune response (GO:0050777),15/178,0.1002665333375764,0.7332958608110174,0,0,1.4845618295676888,3.414378350011762,NPSR1;RAMP3;CD300A;GPR83;PTH2R;ADRB2;NMI;HTR4;PTHLH;TSHR;HTR6;CALCR;GHRH;DRD1;DRD5,anterior_up
GO_Biological_Process_2021,heart development (GO:0007507),14/164,0.1013319132074107,0.7357750985743722,0,0,1.5054231433506045,3.4464463153896996,TGFB2;TGFBR2;BMP4;PDLIM1;SGCD;DLC1;PKP2;GPC3;PLCE1;ZFPM2;PDLIM5;BVES;STRA6;FBN1,anterior_up
GO_Biological_Process_2021,negative regulation of transmembrane receptor protein serine/threonine kinase signaling pathway (GO:0090101),10/108,0.1013389788091196,0.7357750985743722,0,0,1.6447715058484669,3.7653493483550977,CAV1;HTRA4;CIDEA;VWC2L;VWC2;SOSTDC1;PPARG;SMAD6;PPARA;TGFBR2,anterior_up
GO_Biological_Process_2021,negative regulation of protein modification process (GO:0031400),8/81,0.1014368801204264,0.7357750985743722,0,0,1.765758132090571,4.04061707907675,OCLN;FXYD1;FBLN1;PRR5L;INSM1;EPHB2;PTPN13;KLHL31,anterior_up
GO_Biological_Process_2021,glycoprotein metabolic process (GO:0009100),6/55,0.1014938786744606,0.7357750985743722,0,0,1.9721006756047188,4.511686713041794,MANBA;GCNT1;PCSK6;GAL3ST2;ST6GALNAC3;ADAMTS9,anterior_up
GO_Biological_Process_2021,brain development (GO:0007420),13/150,0.1020926702101634,0.7385000358215534,0,0,1.530283468633292,3.4919145902389994,EPHA7;AMIGO2;PCDH18;TGFBR2;RELN;NFIB;ZIC1;NNAT;PHGDH;HAP1;MDGA1;ADGRL2;MFSD2A,anterior_up
GO_Biological_Process_2021,cellular response to retinoic acid (GO:0071300),5/43,0.1051271689335988,0.7501553704470827,0,0,2.118567627294458,4.772252660784667,WNT5B;FZD4;FZD7;RORB;WNT2,anterior_up
GO_Biological_Process_2021,positive regulation of peptide hormone secretion (GO:0090277),5/43,0.1051271689335988,0.7501553704470827,0,0,2.118567627294458,4.772252660784667,TCF7L2;GHRH;NNAT;TRH;DRD2,anterior_up
GO_Biological_Process_2021,negative regulation of axon extension (GO:0030517),4/31,0.1053118246883542,0.7501553704470827,0,0,2.384703196347032,5.367560472183432,SEMA5A;SEMA4A;SEMA3E;SEMA4G,anterior_up
GO_Biological_Process_2021,proteoglycan biosynthetic process (GO:0030166),4/31,0.1053118246883542,0.7501553704470827,0,0,2.384703196347032,5.367560472183432,CHST8;CHST9;B3GAT2;PXYLP1,anterior_up
GO_Biological_Process_2021,tube closure (GO:0060606),4/31,0.1053118246883542,0.7501553704470827,0,0,2.384703196347032,5.367560472183432,TGFB2;MTHFD1L;DLC1;CELSR1,anterior_up
GO_Biological_Process_2021,negative regulation of macromolecule metabolic process (GO:0010605),16/194,0.1058551236061822,0.7501553704470827,0,0,1.4501768982543446,3.256638880902242,OPRD1;NOTCH2;TGFB2;SFMBT2;ESR1;NFKB1;OVOL2;ROBO1;BMP4;OCLN;CREB3L1;STC2;CD28;CCDC3;CD34;LDLR,anterior_up
GO_Biological_Process_2021,regulation of ERK1 and ERK2 cascade (GO:0070372),19/238,0.1064145980799162,0.7501553704470827,0,0,1.4002423695184687,3.1371205237825963,NECAB2;NOTCH2;EPHA7;RAMP3;FLT4;FBLN1;HTR2A;RASGRP1;ADRA1A;CALCR;GPNMB;THPO;P2RY1;NEK10;ACKR3;ROR1;ALKAL1;EPHB2;FGF10,anterior_up
GO_Biological_Process_2021,synapse assembly (GO:0007416),7/69,0.1085245544206858,0.7501553704470827,0,0,1.8186626055655544,4.038847401678021,SDK1;GRID2;LRRTM3;FZD5;DRD1;DRD2;SDK2,anterior_up
GO_Biological_Process_2021,cardiac epithelial to mesenchymal transition (GO:0060317),3/20,0.1089230564297914,0.7501553704470827,0,0,2.8396819805766618,6.295897397777501,BMP4;TGFB2;SNAI2,anterior_up
GO_Biological_Process_2021,cardiac ventricle development (GO:0003231),3/20,0.1089230564297914,0.7501553704470827,0,0,2.8396819805766618,6.295897397777501,HES1;SCN5A;STRA6,anterior_up
GO_Biological_Process_2021,embryonic digestive tract development (GO:0048566),3/20,0.1089230564297914,0.7501553704470827,0,0,2.8396819805766618,6.295897397777501,TGFB2;RARB;STRA6,anterior_up
GO_Biological_Process_2021,folic acid-containing compound metabolic process (GO:0006760),3/20,0.1089230564297914,0.7501553704470827,0,0,2.8396819805766618,6.295897397777501,MTHFD1L;FOLR2;FTCD,anterior_up
GO_Biological_Process_2021,inositol phosphate-mediated signaling (GO:0048016),3/20,0.1089230564297914,0.7501553704470827,0,0,2.8396819805766618,6.295897397777501,HRH1;NFATC2;PLCE1,anterior_up
GO_Biological_Process_2021,myeloid cell development (GO:0061515),3/20,0.1089230564297914,0.7501553704470827,0,0,2.8396819805766618,6.295897397777501,THPO;KIT;NCKAP1L,anterior_up
GO_Biological_Process_2021,positive regulation of heart contraction (GO:0045823),3/20,0.1089230564297914,0.7501553704470827,0,0,2.8396819805766618,6.295897397777501,TGFB2;ADRA1A;TRPM4,anterior_up
GO_Biological_Process_2021,regulation of fibroblast growth factor receptor signaling pathway (GO:0040036),3/20,0.1089230564297914,0.7501553704470827,0,0,2.8396819805766618,6.295897397777501,SMOC2;CREB3L1;SULF2,anterior_up
GO_Biological_Process_2021,regulation of tissue remodeling (GO:0034103),3/20,0.1089230564297914,0.7501553704470827,0,0,2.8396819805766618,6.295897397777501,GPNMB;FLT4;LEPR,anterior_up
GO_Biological_Process_2021,apical protein localization (GO:0045176),2/10,0.1129674255186687,0.7501553704470827,0,0,4.021367521367521,8.769218295089516,ATP8B1;CELSR1,anterior_up
GO_Biological_Process_2021,chondroitin sulfate proteoglycan metabolic process (GO:0050654),2/10,0.1129674255186687,0.7501553704470827,0,0,4.021367521367521,8.769218295089516,B3GAT2;PXYLP1,anterior_up
GO_Biological_Process_2021,"complement activation, lectin pathway (GO:0001867)",2/10,0.1129674255186687,0.7501553704470827,0,0,4.021367521367521,8.769218295089516,KRT1;MASP1,anterior_up
GO_Biological_Process_2021,endothelium development (GO:0003158),2/10,0.1129674255186687,0.7501553704470827,0,0,4.021367521367521,8.769218295089516,JAG1;CD34,anterior_up
GO_Biological_Process_2021,mesenchymal to epithelial transition (GO:0060231),2/10,0.1129674255186687,0.7501553704470827,0,0,4.021367521367521,8.769218295089516,BMP4;FZD7,anterior_up
GO_Biological_Process_2021,myeloid dendritic cell differentiation (GO:0043011),2/10,0.1129674255186687,0.7501553704470827,0,0,4.021367521367521,8.769218295089516,BATF3;TGFBR2,anterior_up
GO_Biological_Process_2021,negative regulation of cholesterol storage (GO:0010887),2/10,0.1129674255186687,0.7501553704470827,0,0,4.021367521367521,8.769218295089516,PPARG;PPARA,anterior_up
GO_Biological_Process_2021,negative regulation of delayed rectifier potassium channel activity (GO:1902260),2/10,0.1129674255186687,0.7501553704470827,0,0,4.021367521367521,8.769218295089516,KCNE3;KCNAB1,anterior_up
GO_Biological_Process_2021,negative regulation of leukocyte migration (GO:0002686),2/10,0.1129674255186687,0.7501553704470827,0,0,4.021367521367521,8.769218295089516,CD300A;HMOX1,anterior_up
GO_Biological_Process_2021,neuron projection fasciculation (GO:0106030),2/10,0.1129674255186687,0.7501553704470827,0,0,4.021367521367521,8.769218295089516,SEMA5A;EPHB2,anterior_up
GO_Biological_Process_2021,positive regulation of protein sumoylation (GO:0033235),2/10,0.1129674255186687,0.7501553704470827,0,0,4.021367521367521,8.769218295089516,RASD2;RWDD3,anterior_up
GO_Biological_Process_2021,positive regulation of receptor recycling (GO:0001921),2/10,0.1129674255186687,0.7501553704470827,0,0,4.021367521367521,8.769218295089516,RAMP3;BVES,anterior_up
GO_Biological_Process_2021,regulation of actin filament-based movement (GO:1903115),2/10,0.1129674255186687,0.7501553704470827,0,0,4.021367521367521,8.769218295089516,PLN;SCN5A,anterior_up
GO_Biological_Process_2021,regulation of long-term synaptic depression (GO:1900452),2/10,0.1129674255186687,0.7501553704470827,0,0,4.021367521367521,8.769218295089516,GRID2;CBLN1,anterior_up
GO_Biological_Process_2021,regulation of neutrophil migration (GO:1902622),2/10,0.1129674255186687,0.7501553704470827,0,0,4.021367521367521,8.769218295089516,NCKAP1L;OLFM4,anterior_up
GO_Biological_Process_2021,"regulation of phagocytosis, engulfment (GO:0060099)",2/10,0.1129674255186687,0.7501553704470827,0,0,4.021367521367521,8.769218295089516,CD300A;NCKAP1L,anterior_up
GO_Biological_Process_2021,renal filtration (GO:0097205),2/10,0.1129674255186687,0.7501553704470827,0,0,4.021367521367521,8.769218295089516,CD34;SULF2,anterior_up
GO_Biological_Process_2021,response to laminar fluid shear stress (GO:0034616),2/10,0.1129674255186687,0.7501553704470827,0,0,4.021367521367521,8.769218295089516,SMAD6;ASS1,anterior_up
GO_Biological_Process_2021,smooth muscle tissue development (GO:0048745),2/10,0.1129674255186687,0.7501553704470827,0,0,4.021367521367521,8.769218295089516,BMP4;STRA6,anterior_up
GO_Biological_Process_2021,SNARE complex assembly (GO:0035493),2/10,0.1129674255186687,0.7501553704470827,0,0,4.021367521367521,8.769218295089516,VAMP8;STXBP6,anterior_up
GO_Biological_Process_2021,branching morphogenesis of an epithelial tube (GO:0048754),5/44,0.1132139104206282,0.7501553704470827,0,0,2.064135521719069,4.496670184400994,BMP4;SEMA3E;MET;TGFBR2;FGF10,anterior_up
GO_Biological_Process_2021,cation transmembrane transport (GO:0098655),5/44,0.1132139104206282,0.7501553704470827,0,0,2.064135521719069,4.496670184400994,P2RX3;TRPM6;TRPM3;SLC7A3;TRPM4,anterior_up
GO_Biological_Process_2021,neurogenesis (GO:0022008),5/44,0.1132139104206282,0.7501553704470827,0,0,2.064135521719069,4.496670184400994,TGFB2;CDK6;LPAR1;HAP1;WNT2,anterior_up
GO_Biological_Process_2021,positive regulation of cell-matrix adhesion (GO:0001954),5/44,0.1132139104206282,0.7501553704470827,0,0,2.064135521719069,4.496670184400994,COL16A1;CDK6;CSF1;PLEKHA2;CDH13,anterior_up
GO_Biological_Process_2021,positive regulation of stress fiber assembly (GO:0051496),5/44,0.1132139104206282,0.7501553704470827,0,0,2.064135521719069,4.496670184400994,CARMIL1;ARHGEF15;LPAR1;ARHGEF10L;RAPGEF3,anterior_up
GO_Biological_Process_2021,wound healing (GO:0042060),7/70,0.1148545119772052,0.7564698477876296,0,0,1.7896995708154506,3.873069270464512,TGFB2;FZD7;HMOX1;CFLAR;CLDN1;EVPL;FGF10,anterior_up
GO_Biological_Process_2021,chondrocyte differentiation (GO:0002062),4/32,0.1150802303908739,0.7564698477876296,0,0,2.299412915851272,4.9716198483290475,BMP4;WNT5B;NFIB;SULF2,anterior_up
GO_Biological_Process_2021,negative regulation of cell-matrix adhesion (GO:0001953),4/32,0.1150802303908739,0.7564698477876296,0,0,2.299412915851272,4.9716198483290475,JAG1;DLC1;FAM107A;SEMA3E,anterior_up
GO_Biological_Process_2021,positive regulation of lamellipodium organization (GO:1902745),4/32,0.1150802303908739,0.7564698477876296,0,0,2.299412915851272,4.9716198483290475,CARMIL1;OCLN;PLCE1;RREB1,anterior_up
GO_Biological_Process_2021,negative regulation of inflammatory response (GO:0050728),17/212,0.1179823920044758,0.7701741888017145,0,0,1.4064202464202464,3.005829318654837,NPSR1;RAMP3;PTH2R;GPR83;ADRB2;HTR4;METRNL;PTHLH;TSHR;HTR6;CALCR;GHRH;PPARG;DRD1;PPARA;SMPDL3B;DRD5,anterior_up
GO_Biological_Process_2021,positive regulation of cellular process (GO:0048522),44/625,0.1187298661446896,0.7701741888017145,0,0,1.225064391303817,2.610495100117055,RAMP3;CSF1;FLT4;KIF14;TGFA;LAMC2;TNFRSF11A;MST1R;ACACB;PTHLH;CALCR;THPO;NTF3;IL12A;HES1;LBP;WNT2;MFSD2A;TRPM4;TGFB2;TRPC3;SPAG5;FZD7;CAV1;HTR1A;VEGFD;S100B;PRLR;MAPK15;TSHR;TGFBR2;BTC;BMP4;FGF16;CXCL12;P2RX4;P2RX3;GHRH;FGF18;INSM1;FOLR2;CRLF1;FGF10;FGFR1,anterior_up
GO_Biological_Process_2021,transcription initiation from RNA polymerase II promoter (GO:0006367),12/140,0.1198377394377294,0.7701741888017145,0,0,1.5113146551724137,3.206430294333769,NOTCH2;NR4A2;TEAD4;HNF4G;RARB;E2F2;PPARG;RORB;PPARA;ESR1;RXRG;ESR2,anterior_up
GO_Biological_Process_2021,circulatory system development (GO:0072359),11/126,0.1207104893818925,0.7701741888017145,0,0,1.5417219039059282,3.2597555102997484,PDLIM1;TGFB2;FLT4;PKP2;PLCE1;ZFPM2;PDLIM5;BVES;STRA6;FBN1;TGFBR2,anterior_up
GO_Biological_Process_2021,phosphatidylinositol-mediated signaling (GO:0048015),7/71,0.1213731996406095,0.7701741888017145,0,0,1.7616416309012874,3.715099937591993,PLCB4;PLCE1;PIK3C2G;PLCH1;HTR2A;MYO16;FGFR1,anterior_up
GO_Biological_Process_2021,protein tetramerization (GO:0051262),7/71,0.1213731996406095,0.7701741888017145,0,0,1.7616416309012874,3.715099937591993,TDO2;CTH;KRT1;AQP4;ACACB;RYR3;TRPM4,anterior_up
GO_Biological_Process_2021,regulation of G1/S transition of mitotic cell cycle (GO:2000045),7/71,0.1213731996406095,0.7701741888017145,0,0,1.7616416309012874,3.715099937591993,CDK6;GPNMB;FAM107A;KIF14;TM4SF5;MYO16;FGF10,anterior_up
GO_Biological_Process_2021,neural crest cell development (GO:0014032),5/45,0.1215891349987542,0.7701741888017145,0,0,2.012425021422451,4.240396185424375,SEMA5A;SEMA4A;SNAI2;SEMA3E;SEMA4G,anterior_up
GO_Biological_Process_2021,positive regulation of chemotaxis (GO:0050921),5/45,0.1215891349987542,0.7701741888017145,0,0,2.012425021422451,4.240396185424375,SEMA5A;SMOC2;P2RX4;CDH13;MET,anterior_up
GO_Biological_Process_2021,acetylcholine receptor signaling pathway (GO:0095500),3/21,0.1218144506284631,0.7701741888017145,0,0,2.6817792985457656,5.645832732562773,CHRM2;LYPD1;RGS8,anterior_up
GO_Biological_Process_2021,cellular response to estradiol stimulus (GO:0071392),3/21,0.1218144506284631,0.7701741888017145,0,0,2.6817792985457656,5.645832732562773,RAMP3;SSTR1;ESR1,anterior_up
GO_Biological_Process_2021,cellular response to inorganic substance (GO:0071241),3/21,0.1218144506284631,0.7701741888017145,0,0,2.6817792985457656,5.645832732562773,ADCY10;KCNC2;FOXO1,anterior_up
GO_Biological_Process_2021,epithelial cell development (GO:0002064),3/21,0.1218144506284631,0.7701741888017145,0,0,2.6817792985457656,5.645832732562773,WNT5B;PDZD7;EXPH5,anterior_up
GO_Biological_Process_2021,linoleic acid metabolic process (GO:0043651),3/21,0.1218144506284631,0.7701741888017145,0,0,2.6817792985457656,5.645832732562773,GSTM2;ALOX12B;ALOXE3,anterior_up
GO_Biological_Process_2021,myotube differentiation (GO:0014902),3/21,0.1218144506284631,0.7701741888017145,0,0,2.6817792985457656,5.645832732562773,ADAMTS15;ADAM12;NOS1,anterior_up
GO_Biological_Process_2021,positive regulation of lipid storage (GO:0010884),3/21,0.1218144506284631,0.7701741888017145,0,0,2.6817792985457656,5.645832732562773,CIDEA;LPL;NFKB1,anterior_up
GO_Biological_Process_2021,positive regulation of T cell cytokine production (GO:0002726),3/21,0.1218144506284631,0.7701741888017145,0,0,2.6817792985457656,5.645832732562773,DENND1B;FZD5;CD55,anterior_up
GO_Biological_Process_2021,regulation of lipoprotein lipase activity (GO:0051004),3/21,0.1218144506284631,0.7701741888017145,0,0,2.6817792985457656,5.645832732562773,LIPC;LPL;PCSK6,anterior_up
GO_Biological_Process_2021,sensory perception of pain (GO:0019233),3/21,0.1218144506284631,0.7701741888017145,0,0,2.6817792985457656,5.645832732562773,P2RX4;OPRK1;ALOXE3,anterior_up
GO_Biological_Process_2021,sterol transport (GO:0015918),3/21,0.1218144506284631,0.7701741888017145,0,0,2.6817792985457656,5.645832732562773,OSBPL5;CAV1;LDLR,anterior_up
GO_Biological_Process_2021,eye development (GO:0001654),6/58,0.1228057289207674,0.7749626284085767,0,0,1.858028763689141,3.896568016742185,FBN2;TGFB2;ADAMTS18;CHRDL1;STRA6;FBN1,anterior_up
GO_Biological_Process_2021,negative regulation of smooth muscle cell proliferation (GO:0048662),4/33,0.1252286636491534,0.7842770560862861,0,0,2.2200047236655647,4.612312680022841,IGFBP5;HMOX1;IL12A;PPARG,anterior_up
GO_Biological_Process_2021,positive regulation of cholesterol transport (GO:0032376),4/33,0.1252286636491534,0.7842770560862861,0,0,2.2200047236655647,4.612312680022841,CAV1;LIPG;PPARG;ABCA12,anterior_up
GO_Biological_Process_2021,positive regulation of cytokine production involved in immune response (GO:0002720),4/33,0.1252286636491534,0.7842770560862861,0,0,2.2200047236655647,4.612312680022841,FZD5;KIT;INAVA;CD55,anterior_up
GO_Biological_Process_2021,regulation of neurotransmitter secretion (GO:0046928),4/33,0.1252286636491534,0.7842770560862861,0,0,2.2200047236655647,4.612312680022841,RIMS3;SNCAIP;MCTP2;BAIAP3,anterior_up
GO_Biological_Process_2021,inorganic cation transmembrane transport (GO:0098662),21/274,0.1266702401602832,0.7918085012283362,0,0,1.3395294691332162,2.767693062869631,KCNG2;KCNG3;TRPC5;TRPC6;KCNH6;TRPC3;KCNC2;KCNB2;SLC4A11;KCNA5;KCNAB1;RYR3;P2RX4;P2RX3;KCNQ5;SLC39A8;SCN5A;TRPM6;SCN4B;TRPM3;TRPM4,anterior_up
GO_Biological_Process_2021,positive regulation of smooth muscle cell proliferation (GO:0048661),5/46,0.1302438740948719,0.7931271079085392,0,0,1.9632369845549356,4.00175749402081,BMP4;JUN;IGFBP5;HMOX1;CDH13,anterior_up
GO_Biological_Process_2021,positive regulation of endothelial cell migration (GO:0010595),8/86,0.1307230305676904,0.7931271079085392,0,0,1.6521279407877345,3.3615425331777335,SEMA5A;BMP4;SMOC2;P2RX4;FLT4;FGF18;MET;FGFR1,anterior_up
GO_Biological_Process_2021,aminoglycan metabolic process (GO:0006022),2/11,0.132908818624982,0.7931271079085392,0,0,3.5743589743589745,7.213385108744222,CHST9;B3GAT2,anterior_up
GO_Biological_Process_2021,atrial septum morphogenesis (GO:0060413),2/11,0.132908818624982,0.7931271079085392,0,0,3.5743589743589745,7.213385108744222,NOTCH2;TGFB2,anterior_up
GO_Biological_Process_2021,cellular response to increased oxygen levels (GO:0036295),2/11,0.132908818624982,0.7931271079085392,0,0,3.5743589743589745,7.213385108744222,CAV1;FOXO1,anterior_up
GO_Biological_Process_2021,embryonic eye morphogenesis (GO:0048048),2/11,0.132908818624982,0.7931271079085392,0,0,3.5743589743589745,7.213385108744222,FBN2;FBN1,anterior_up
GO_Biological_Process_2021,hepatocyte growth factor receptor signaling pathway (GO:0048012),2/11,0.132908818624982,0.7931271079085392,0,0,3.5743589743589745,7.213385108744222,HGF;MST1R,anterior_up
GO_Biological_Process_2021,midbrain dopaminergic neuron differentiation (GO:1904948),2/11,0.132908818624982,0.7931271079085392,0,0,3.5743589743589745,7.213385108744222,NR4A2;WNT2,anterior_up
GO_Biological_Process_2021,monocyte differentiation (GO:0030224),2/11,0.132908818624982,0.7931271079085392,0,0,3.5743589743589745,7.213385108744222,BMP4;PPARG,anterior_up
GO_Biological_Process_2021,negative regulation of interleukin-17 production (GO:0032700),2/11,0.132908818624982,0.7931271079085392,0,0,3.5743589743589745,7.213385108744222,IL12A;NCKAP1L,anterior_up
GO_Biological_Process_2021,negative regulation of potassium ion transmembrane transport (GO:1901380),2/11,0.132908818624982,0.7931271079085392,0,0,3.5743589743589745,7.213385108744222,KCNE3;CAV1,anterior_up
GO_Biological_Process_2021,negative regulation of steroid biosynthetic process (GO:0010894),2/11,0.132908818624982,0.7931271079085392,0,0,3.5743589743589745,7.213385108744222,SNAI2;NFKB1,anterior_up
GO_Biological_Process_2021,peptidyl-proline hydroxylation (GO:0019511),2/11,0.132908818624982,0.7931271079085392,0,0,3.5743589743589745,7.213385108744222,P4HA3;P3H2,anterior_up
GO_Biological_Process_2021,positive regulation of epidermal growth factor-activated receptor activity (GO:0045741),2/11,0.132908818624982,0.7931271079085392,0,0,3.5743589743589745,7.213385108744222,BTC;TGFA,anterior_up
GO_Biological_Process_2021,positive regulation of keratinocyte proliferation (GO:0010838),2/11,0.132908818624982,0.7931271079085392,0,0,3.5743589743589745,7.213385108744222,NOTCH2;FGF10,anterior_up
GO_Biological_Process_2021,positive regulation of lipid localization (GO:1905954),2/11,0.132908818624982,0.7931271079085392,0,0,3.5743589743589745,7.213385108744222,LPL;NFKB1,anterior_up
GO_Biological_Process_2021,positive regulation of triglyceride biosynthetic process (GO:0010867),2/11,0.132908818624982,0.7931271079085392,0,0,3.5743589743589745,7.213385108744222,LDLR;MFSD2A,anterior_up
GO_Biological_Process_2021,regulation of amyloid precursor protein biosynthetic process (GO:0042984),2/11,0.132908818624982,0.7931271079085392,0,0,3.5743589743589745,7.213385108744222,NECAB2;BACE2,anterior_up
GO_Biological_Process_2021,"regulation of CD4-positive, alpha-beta T cell proliferation (GO:2000561)",2/11,0.132908818624982,0.7931271079085392,0,0,3.5743589743589745,7.213385108744222,CD55;TGFBR2,anterior_up
GO_Biological_Process_2021,regulation of coagulation (GO:0050818),2/11,0.132908818624982,0.7931271079085392,0,0,3.5743589743589745,7.213385108744222,CAV1;EPHB2,anterior_up
GO_Biological_Process_2021,regulation of phospholipase activity (GO:0010517),2/11,0.132908818624982,0.7931271079085392,0,0,3.5743589743589745,7.213385108744222,RASGRP1;FGFR1,anterior_up
GO_Biological_Process_2021,regulation of synapse maturation (GO:0090128),2/11,0.132908818624982,0.7931271079085392,0,0,3.5743589743589745,7.213385108744222,RELN;ARHGEF15,anterior_up
GO_Biological_Process_2021,urate metabolic process (GO:0046415),2/11,0.132908818624982,0.7931271079085392,0,0,3.5743589743589745,7.213385108744222,SLC2A9;CARMIL1,anterior_up
GO_Biological_Process_2021,response to molecule of bacterial origin (GO:0002237),7/73,0.1349634545456551,0.7931271079085392,0,0,1.7080764728833395,3.420852281359539,FZD5;IL12A;LBP;NOS1;TNFRSF11A;SMAD6;INAVA,anterior_up
GO_Biological_Process_2021,membrane lipid metabolic process (GO:0006643),3/22,0.135229141998234,0.7931271079085392,0,0,2.54049795146549,5.082989155460508,ALOX12B;SMPDL3B;ALOXE3,anterior_up
GO_Biological_Process_2021,positive regulation of axon extension (GO:0045773),3/22,0.135229141998234,0.7931271079085392,0,0,2.54049795146549,5.082989155460508,SEMA5A;ISLR2;NTN1,anterior_up
GO_Biological_Process_2021,positive regulation of calcium ion transmembrane transporter activity (GO:1901021),3/22,0.135229141998234,0.7931271079085392,0,0,2.54049795146549,5.082989155460508,GSTM2;STAC2;HAP1,anterior_up
GO_Biological_Process_2021,positive regulation of neural precursor cell proliferation (GO:2000179),3/22,0.135229141998234,0.7931271079085392,0,0,2.54049795146549,5.082989155460508,INSM1;DRD2;TOX,anterior_up
GO_Biological_Process_2021,protein mannosylation (GO:0035268),3/22,0.135229141998234,0.7931271079085392,0,0,2.54049795146549,5.082989155460508,DPY19L1;DPY19L2;TMTC4,anterior_up
GO_Biological_Process_2021,regulation of adenylate cyclase activity (GO:0045761),3/22,0.135229141998234,0.7931271079085392,0,0,2.54049795146549,5.082989155460508,ADGRV1;DRD2;DRD5,anterior_up
GO_Biological_Process_2021,regulation of voltage-gated calcium channel activity (GO:1901385),3/22,0.135229141998234,0.7931271079085392,0,0,2.54049795146549,5.082989155460508,AHNAK;STAC2;DRD2,anterior_up
GO_Biological_Process_2021,axoneme assembly (GO:0035082),4/34,0.1357389285192097,0.7931271079085392,0,0,2.1458904109589043,4.285390105693383,SPAG16;SPAG17;RSPH4A;DNAAF1,anterior_up
GO_Biological_Process_2021,epithelial tube morphogenesis (GO:0060562),4/34,0.1357389285192097,0.7931271079085392,0,0,2.1458904109589043,4.285390105693383,BMP4;HES1;MET;FGF10,anterior_up
GO_Biological_Process_2021,neural tube closure (GO:0001843),4/34,0.1357389285192097,0.7931271079085392,0,0,2.1458904109589043,4.285390105693383,TGFB2;MTHFD1L;DLC1;CELSR1,anterior_up
GO_Biological_Process_2021,positive regulation of release of sequestered calcium ion into cytosol (GO:0051281),4/34,0.1357389285192097,0.7931271079085392,0,0,2.1458904109589043,4.285390105693383,NPSR1;GSTM2;DRD1;HAP1,anterior_up
GO_Biological_Process_2021,regulation of myoblast differentiation (GO:0045661),4/34,0.1357389285192097,0.7931271079085392,0,0,2.1458904109589043,4.285390105693383,BMP4;XKR8;SOSTDC1;ANKRD2,anterior_up
GO_Biological_Process_2021,ventricular cardiac muscle tissue morphogenesis (GO:0055010),4/34,0.1357389285192097,0.7931271079085392,0,0,2.1458904109589043,4.285390105693383,TGFB2;TNNT2;PKP2;ZFPM2,anterior_up
GO_Biological_Process_2021,calcium ion transmembrane transport (GO:0070588),8/87,0.1370524177556637,0.799392007085412,0,0,1.6311279307494888,3.2416902987500484,TRPC5;TRPC6;P2RX4;TRPC3;TRPM6;RYR3;TRPM3;TRPM4,anterior_up
GO_Biological_Process_2021,epithelial to mesenchymal transition (GO:0001837),5/47,0.1391685001510077,0.8088863877198047,0,0,1.916391235157302,3.779257373182654,TGFB2;HGF;SNAI2;S100A4;FGFR1,anterior_up
GO_Biological_Process_2021,polyol metabolic process (GO:0019751),5/47,0.1391685001510077,0.8088863877198047,0,0,1.916391235157302,3.779257373182654,INPP4B;PLCB4;INPPL1;PLCE1;PLCH1,anterior_up
GO_Biological_Process_2021,cation transport (GO:0006812),14/174,0.1427186809285742,0.8176344585040946,0,0,1.4105785837651124,2.7462270251931065,KCNG2;TRPC6;KCNB2;SLC22A1;SLC4A11;KCNAB1;KCNA5;SLC9B2;SLC5A5;SCN5A;TRPM6;SCN4B;TRPM3;TRPM4,anterior_up
GO_Biological_Process_2021,cell junction assembly (GO:0034329),9/102,0.1435325594808383,0.8176344585040946,0,0,1.5589548719940087,3.0262328681642394,SDK1;FZD5;PKP2;ITGA6;DRD1;DRD2;SDK2;CDH18;CDH7,anterior_up
GO_Biological_Process_2021,acylglycerol catabolic process (GO:0046464),4/35,0.1465919710081259,0.8176344585040946,0,0,2.076557666813964,3.987203067097874,LIPC;LIPG;LPL;MGLL,anterior_up
GO_Biological_Process_2021,muscle cell differentiation (GO:0042692),4/35,0.1465919710081259,0.8176344585040946,0,0,2.076557666813964,3.987203067097874,WNT5B;TMEM204;NEBL;BVES,anterior_up
GO_Biological_Process_2021,negative regulation of Ras protein signal transduction (GO:0046580),4/35,0.1465919710081259,0.8176344585040946,0,0,2.076557666813964,3.987203067097874,TGFB2;DLC1;EPHB2;MET,anterior_up
GO_Biological_Process_2021,positive regulation of lymphocyte activation (GO:0051251),4/35,0.1465919710081259,0.8176344585040946,0,0,2.076557666813964,3.987203067097874,CCDC88B;IL12A;NCKAP1L;FGF10,anterior_up
GO_Biological_Process_2021,regulation of blood circulation (GO:1903522),4/35,0.1465919710081259,0.8176344585040946,0,0,2.076557666813964,3.987203067097874,KCNG2;PLN;TNNT2;FXYD1,anterior_up
GO_Biological_Process_2021,regulation of postsynaptic membrane potential (GO:0060078),4/35,0.1465919710081259,0.8176344585040946,0,0,2.076557666813964,3.987203067097874,GRID2;GABRA3;DRD2;INSYN2A,anterior_up
GO_Biological_Process_2021,respiratory system development (GO:0060541),4/35,0.1465919710081259,0.8176344585040946,0,0,2.076557666813964,3.987203067097874,BMP4;CEBPA;DNAAF1;STRA6,anterior_up
GO_Biological_Process_2021,inositol phosphate metabolic process (GO:0043647),5/48,0.1483527899954209,0.8176344585040946,0,0,1.8717243578246747,3.5715535291217013,INPP4B;PLCB4;INPPL1;PLCE1;PLCH1,anterior_up
GO_Biological_Process_2021,artery development (GO:0060840),3/23,0.1491218566782045,0.8176344585040946,0,0,2.413344739093242,4.592574470093934,HES1;ROBO1;STRA6,anterior_up
GO_Biological_Process_2021,negative regulation of G protein-coupled receptor signaling pathway (GO:0045744),3/23,0.1491218566782045,0.8176344585040946,0,0,2.413344739093242,4.592574470093934,MRAP;MET;ADA,anterior_up
GO_Biological_Process_2021,negative regulation of phosphoprotein phosphatase activity (GO:0032515),3/23,0.1491218566782045,0.8176344585040946,0,0,2.413344739093242,4.592574470093934,PPP4R4;PPP1R1B;NCKAP1L,anterior_up
GO_Biological_Process_2021,negative regulation of smoothened signaling pathway (GO:0045879),3/23,0.1491218566782045,0.8176344585040946,0,0,2.413344739093242,4.592574470093934,HHIP;GPR161;GPC3,anterior_up
GO_Biological_Process_2021,positive regulation of cholesterol efflux (GO:0010875),3/23,0.1491218566782045,0.8176344585040946,0,0,2.413344739093242,4.592574470093934,CAV1;PPARG;ABCA12,anterior_up
GO_Biological_Process_2021,regulation of neural precursor cell proliferation (GO:2000177),3/23,0.1491218566782045,0.8176344585040946,0,0,2.413344739093242,4.592574470093934,PTPRZ1;INSM1;TOX,anterior_up
GO_Biological_Process_2021,triglyceride catabolic process (GO:0019433),3/23,0.1491218566782045,0.8176344585040946,0,0,2.413344739093242,4.592574470093934,LIPC;LIPG;LPL,anterior_up
GO_Biological_Process_2021,positive regulation of lymphocyte proliferation (GO:0050671),7/75,0.1492655280978582,0.8176344585040946,0,0,1.6576622065135067,3.1529207456812807,CCDC88B;CD28;NFATC2;IL12A;NCKAP1L;EPHB2;FGF10,anterior_up
GO_Biological_Process_2021,transmembrane receptor protein tyrosine kinase signaling pathway (GO:0007169),29/404,0.1509930793757851,0.8176344585040946,0,0,1.2484969378827646,2.3603100230469343,EPHB6;CSF1;FLT4;MST1R;ADRB2;FOXO1;NTF3;BLNK;NCKAP1L;EPHB2;KL;EPHA7;EPHA8;HGF;VEGFD;GFRA2;PRLR;SULF2;VAV2;EFNA1;FGF16;KIT;FGF18;ROR1;LCP2;HAP1;MET;FGF10;FGFR1,anterior_up
GO_Biological_Process_2021,actin crosslink formation (GO:0051764),2/12,0.1535604191318493,0.8176344585040946,0,0,3.216752136752137,6.027103602447198,EPS8;LCP1,anterior_up
GO_Biological_Process_2021,axonal fasciculation (GO:0007413),2/12,0.1535604191318493,0.8176344585040946,0,0,3.216752136752137,6.027103602447198,SEMA5A;EPHB2,anterior_up
GO_Biological_Process_2021,calcium ion-regulated exocytosis of neurotransmitter (GO:0048791),2/12,0.1535604191318493,0.8176344585040946,0,0,3.216752136752137,6.027103602447198,UNC13C;RIMS3,anterior_up
GO_Biological_Process_2021,eye photoreceptor cell differentiation (GO:0001754),2/12,0.1535604191318493,0.8176344585040946,0,0,3.216752136752137,6.027103602447198,RORB;SDK2,anterior_up
GO_Biological_Process_2021,gas transport (GO:0015669),2/12,0.1535604191318493,0.8176344585040946,0,0,3.216752136752137,6.027103602447198,MB;CYGB,anterior_up
GO_Biological_Process_2021,glomerular visceral epithelial cell differentiation (GO:0072112),2/12,0.1535604191318493,0.8176344585040946,0,0,3.216752136752137,6.027103602447198,JAG1;NPHS1,anterior_up
GO_Biological_Process_2021,hemidesmosome assembly (GO:0031581),2/12,0.1535604191318493,0.8176344585040946,0,0,3.216752136752137,6.027103602447198,ITGA6;LAMC2,anterior_up
GO_Biological_Process_2021,homocysteine metabolic process (GO:0050667),2/12,0.1535604191318493,0.8176344585040946,0,0,3.216752136752137,6.027103602447198,CTH;NOX4,anterior_up
GO_Biological_Process_2021,inorganic ion transmembrane transport (GO:0098660),2/12,0.1535604191318493,0.8176344585040946,0,0,3.216752136752137,6.027103602447198,P2RX3;TRPM4,anterior_up
GO_Biological_Process_2021,megakaryocyte differentiation (GO:0030219),2/12,0.1535604191318493,0.8176344585040946,0,0,3.216752136752137,6.027103602447198,THPO;KIT,anterior_up
GO_Biological_Process_2021,motile cilium assembly (GO:0044458),2/12,0.1535604191318493,0.8176344585040946,0,0,3.216752136752137,6.027103602447198,DNAAF1;SPATA6,anterior_up
GO_Biological_Process_2021,negative regulation of cardiac muscle hypertrophy (GO:0010614),2/12,0.1535604191318493,0.8176344585040946,0,0,3.216752136752137,6.027103602447198,P2RX4;FOXO1,anterior_up
GO_Biological_Process_2021,negative regulation of gene silencing by miRNA (GO:0060965),2/12,0.1535604191318493,0.8176344585040946,0,0,3.216752136752137,6.027103602447198,PPARG;ESR1,anterior_up
GO_Biological_Process_2021,positive regulation of actin filament depolymerization (GO:0030836),2/12,0.1535604191318493,0.8176344585040946,0,0,3.216752136752137,6.027103602447198,SEMA5A;CARMIL1,anterior_up
GO_Biological_Process_2021,positive regulation of leukocyte proliferation (GO:0070665),2/12,0.1535604191318493,0.8176344585040946,0,0,3.216752136752137,6.027103602447198,CSF1;IL12A,anterior_up
GO_Biological_Process_2021,positive regulation of sodium ion transmembrane transport (GO:1902307),2/12,0.1535604191318493,0.8176344585040946,0,0,3.216752136752137,6.027103602447198,FXYD1;NOS1,anterior_up
GO_Biological_Process_2021,regulation of flagellated sperm motility (GO:1901317),2/12,0.1535604191318493,0.8176344585040946,0,0,3.216752136752137,6.027103602447198,TACR3;TACR1,anterior_up
GO_Biological_Process_2021,regulation of leukocyte cell-cell adhesion (GO:1903037),2/12,0.1535604191318493,0.8176344585040946,0,0,3.216752136752137,6.027103602447198,PPARA;ASS1,anterior_up
GO_Biological_Process_2021,serine family amino acid biosynthetic process (GO:0009070),2/12,0.1535604191318493,0.8176344585040946,0,0,3.216752136752137,6.027103602447198,CTH;PHGDH,anterior_up
GO_Biological_Process_2021,smooth muscle cell differentiation (GO:0051145),2/12,0.1535604191318493,0.8176344585040946,0,0,3.216752136752137,6.027103602447198,BMP4;TMEM204,anterior_up
GO_Biological_Process_2021,response to retinoic acid (GO:0032526),6/62,0.1543061919590795,0.8176344585040946,0,0,1.7249448664543003,3.223605240114527,WNT5B;FZD4;FZD7;RORB;RXRG;WNT2,anterior_up
GO_Biological_Process_2021,negative regulation of signal transduction (GO:0009968),20/267,0.155712189968397,0.8176344585040946,0,0,1.3060194556905085,2.428864343482224,IGFBP5;HHIP;APCDD1;NTN1;HIC1;DLK1;DKK3;SULF2;NR4A2;KIF26A;CREB3L1;GPC3;SNAI2;SOSTDC1;IL12A;DRD2;SMPDL3B;TNS2;TRABD2B;CBLN1,anterior_up
GO_Biological_Process_2021,regulation of insulin secretion (GO:0050796),9/104,0.1559008977305315,0.8176344585040946,0,0,1.5259718513825409,2.8360717050162605,KCNG2;TCF7L2;KCNC2;NNAT;INHBB;KCNA5;TRH;ABCA12;RAPGEF3,anterior_up
GO_Biological_Process_2021,cell morphogenesis involved in neuron differentiation (GO:0048667),7/76,0.1566728800135932,0.8176344585040946,0,0,1.6335510356409777,3.027942381605385,NTNG2;CDHR1;S100A6;LRP4;DRD2;S100B;MFSD2A,anterior_up
GO_Biological_Process_2021,positive regulation of interleukin-6 production (GO:0032755),7/76,0.1566728800135932,0.8176344585040946,0,0,1.6335510356409777,3.027942381605385,MAVS;LPL;IL16;TLR7;MBP;LBP;INAVA,anterior_up
GO_Biological_Process_2021,regulation of BMP signaling pathway (GO:0030510),7/76,0.1566728800135932,0.8176344585040946,0,0,1.6335510356409777,3.027942381605385,BMP4;VWC2L;VWC2;SOSTDC1;PPARG;PCSK6;SMAD6,anterior_up
GO_Biological_Process_2021,regulation of cell motility (GO:2000145),11/133,0.1571357744340361,0.8176344585040946,0,0,1.452718826336821,2.688466893453162,BTC;FGF16;CDK6;PRAG1;FGF18;SPOCK3;KIF14;FBLN1;LDB2;NTN1;FGF10,anterior_up
GO_Biological_Process_2021,calcium-dependent cell-cell adhesion via plasma membrane cell adhesion molecules (GO:0016339),4/36,0.1577680338051657,0.8176344585040946,0,0,2.0115582191780823,3.7146026785055626,CDH23;CDH13;CDH18;CDH7,anterior_up
GO_Biological_Process_2021,positive regulation of bone mineralization (GO:0030501),4/36,0.1577680338051657,0.8176344585040946,0,0,2.0115582191780823,3.7146026785055626,FBN2;BMP4;KL;ADGRV1,anterior_up
GO_Biological_Process_2021,transition metal ion transport (GO:0000041),4/36,0.1577680338051657,0.8176344585040946,0,0,2.0115582191780823,3.7146026785055626,TRPC5;TRPC6;TRPC3;SLC39A8,anterior_up
GO_Biological_Process_2021,adherens junction organization (GO:0034332),5/49,0.1577859877604565,0.8176344585040946,0,0,1.829087793098076,3.377439275374392,CDH13;NECTIN4;CDH18;INAVA;CDH7,anterior_up
GO_Biological_Process_2021,aminoglycan biosynthetic process (GO:0006023),5/49,0.1577859877604565,0.8176344585040946,0,0,1.829087793098076,3.377439275374392,B3GALT2;GPC3;PXYLP1;GPC4;GPC6,anterior_up
GO_Biological_Process_2021,mammary gland development (GO:0030879),3/24,0.1634472991509908,0.8176344585040946,0,0,2.298301356470732,4.162832047887016,CAV1;PRLR;WNT2,anterior_up
GO_Biological_Process_2021,negative regulation of ossification (GO:0030279),3/24,0.1634472991509908,0.8176344585040946,0,0,2.298301356470732,4.162832047887016,LRP4;SMAD6;TRPM4,anterior_up
GO_Biological_Process_2021,negative regulation of stress fiber assembly (GO:0051497),3/24,0.1634472991509908,0.8176344585040946,0,0,2.298301356470732,4.162832047887016,DLC1;MET;CGNL1,anterior_up
GO_Biological_Process_2021,regulation of keratinocyte proliferation (GO:0010837),3/24,0.1634472991509908,0.8176344585040946,0,0,2.298301356470732,4.162832047887016,NOTCH2;SNAI2;FGF10,anterior_up
GO_Biological_Process_2021,regulation of actin cytoskeleton organization (GO:0032956),8/91,0.1638537387767405,0.8176344585040946,0,0,1.5521881339792158,2.8075685383573905,EPS8;NOTCH2;DLC1;FAM107A;SEMA3E;CELSR1;RND3;RAPGEF3,anterior_up
GO_Biological_Process_2021,positive regulation of endothelial cell proliferation (GO:0001938),7/77,0.1642448992124721,0.8176344585040946,0,0,1.610128755364807,2.908531233430592,SEMA5A;BMP4;FLT4;CDH13;HMOX1;VEGFD;FGFR1,anterior_up
GO_Biological_Process_2021,positive regulation of phosphatidylinositol 3-kinase signaling (GO:0014068),7/77,0.1642448992124721,0.8176344585040946,0,0,1.610128755364807,2.908531233430592,TGFB2;HGF;KIT;NTF3;ROR1;EPOR;FGFR1,anterior_up
GO_Biological_Process_2021,positive regulation of tumor necrosis factor production (GO:0032760),7/77,0.1642448992124721,0.8176344585040946,0,0,1.610128755364807,2.908531233430592,MAVS;FZD5;TNFRSF8;LPL;LBP;EPHB2;RASGRP1,anterior_up
GO_Biological_Process_2021,neuron migration (GO:0001764),5/50,0.1674568667077298,0.8176344585040946,0,0,1.7883461868037704,3.1958273438736033,NR4A2;RELN;CELSR1;MDGA1;FGFR1,anterior_up
GO_Biological_Process_2021,positive regulation of protein serine/threonine kinase activity (GO:0071902),9/106,0.1687691261598218,0.8176344585040946,0,0,1.49434895533237,2.658780951043908,PSRC1;FGF18;KIT;NEK10;ADRB2;MST1R;RASGRP1;FGFR1;ROBO1,anterior_up
GO_Biological_Process_2021,negative regulation of epithelial cell apoptotic process (GO:1904036),4/37,0.1692468024627446,0.8176344585040946,0,0,1.9504981320049812,3.464859536860024,SEMA5A;CAST;TCF7L2;PPARA,anterior_up
GO_Biological_Process_2021,negative regulation of G1/S transition of mitotic cell cycle (GO:2000134),4/37,0.1692468024627446,0.8176344585040946,0,0,1.9504981320049812,3.464859536860024,CDK6;GPNMB;FAM107A;MYO16,anterior_up
GO_Biological_Process_2021,neural crest cell migration (GO:0001755),4/37,0.1692468024627446,0.8176344585040946,0,0,1.9504981320049812,3.464859536860024,SEMA5A;SEMA4A;SEMA3E;SEMA4G,anterior_up
GO_Biological_Process_2021,positive regulation of cytokinesis (GO:0032467),4/37,0.1692468024627446,0.8176344585040946,0,0,1.9504981320049812,3.464859536860024,OPN1MW;KIF14;KIF23;DRD2,anterior_up
GO_Biological_Process_2021,regulation of actin cytoskeleton reorganization (GO:2000249),4/37,0.1692468024627446,0.8176344585040946,0,0,1.9504981320049812,3.464859536860024,NOTCH2;NTF3;SEMA3E;RAPGEF3,anterior_up
GO_Biological_Process_2021,regulation of endothelial cell proliferation (GO:0001936),8/92,0.1709085423939518,0.8176344585040946,0,0,1.5336278841433482,2.709347976210479,SEMA5A;BMP4;FGF16;FLT4;CAV1;FGF18;CDH13;VEGFD,anterior_up
GO_Biological_Process_2021,retinoid metabolic process (GO:0001523),8/92,0.1709085423939518,0.8176344585040946,0,0,1.5336278841433482,2.709347976210479,OPN1MW;AWAT2;GPC3;LPL;GPC4;GPC6;DHRS3;STRA6,anterior_up
GO_Biological_Process_2021,regulation of extrinsic apoptotic signaling pathway (GO:2001236),6/64,0.17126704443253,0.8176344585040946,0,0,1.6652865676938546,2.9384502342959524,BMP4;TCF7L2;CAV1;ITGA6;CFLAR;FGFR1,anterior_up
GO_Biological_Process_2021,atrial cardiac muscle cell action potential (GO:0086014),2/13,0.1747707013950976,0.8176344585040946,0,0,2.924164724164724,5.100563337445622,KCNA5;SCN5A,anterior_up
GO_Biological_Process_2021,cellular biogenic amine metabolic process (GO:0006576),2/13,0.1747707013950976,0.8176344585040946,0,0,2.924164724164724,5.100563337445622,DDC;TRH,anterior_up
GO_Biological_Process_2021,central nervous system neuron axonogenesis (GO:0021955),2/13,0.1747707013950976,0.8176344585040946,0,0,2.924164724164724,5.100563337445622,EPHB6;EPHB2,anterior_up
GO_Biological_Process_2021,embryonic appendage morphogenesis (GO:0035113),2/13,0.1747707013950976,0.8176344585040946,0,0,2.924164724164724,5.100563337445622,TGFB2;MYH3,anterior_up
GO_Biological_Process_2021,embryonic hemopoiesis (GO:0035162),2/13,0.1747707013950976,0.8176344585040946,0,0,2.924164724164724,5.100563337445622,KIT;TGFBR2,anterior_up
GO_Biological_Process_2021,extracellular transport (GO:0006858),2/13,0.1747707013950976,0.8176344585040946,0,0,2.924164724164724,5.100563337445622,SPAG17;ADCY10,anterior_up
GO_Biological_Process_2021,icosanoid secretion (GO:0032309),2/13,0.1747707013950976,0.8176344585040946,0,0,2.924164724164724,5.100563337445622,ABCC4;DRD2,anterior_up
GO_Biological_Process_2021,kinetochore organization (GO:0051383),2/13,0.1747707013950976,0.8176344585040946,0,0,2.924164724164724,5.100563337445622,NUF2;CENPA,anterior_up
GO_Biological_Process_2021,lymphocyte mediated immunity (GO:0002449),2/13,0.1747707013950976,0.8176344585040946,0,0,2.924164724164724,5.100563337445622,JAG1;CD55,anterior_up
GO_Biological_Process_2021,macrophage activation involved in immune response (GO:0002281),2/13,0.1747707013950976,0.8176344585040946,0,0,2.924164724164724,5.100563337445622,NMI;LBP,anterior_up
GO_Biological_Process_2021,microtubule-based transport (GO:0099111),2/13,0.1747707013950976,0.8176344585040946,0,0,2.924164724164724,5.100563337445622,SPAG17;ADCY10,anterior_up
GO_Biological_Process_2021,negative regulation of adenylate cyclase activity (GO:0007194),2/13,0.1747707013950976,0.8176344585040946,0,0,2.924164724164724,5.100563337445622,ADGRV1;DRD2,anterior_up
GO_Biological_Process_2021,negative regulation of alcohol biosynthetic process (GO:1902931),2/13,0.1747707013950976,0.8176344585040946,0,0,2.924164724164724,5.100563337445622,NFKB1;DKK3,anterior_up
GO_Biological_Process_2021,negative regulation of hydrogen peroxide-induced cell death (GO:1903206),2/13,0.1747707013950976,0.8176344585040946,0,0,2.924164724164724,5.100563337445622,HGF;MET,anterior_up
GO_Biological_Process_2021,negative regulation of locomotion (GO:0040013),2/13,0.1747707013950976,0.8176344585040946,0,0,2.924164724164724,5.100563337445622,SPOCK3;FBLN1,anterior_up
GO_Biological_Process_2021,negative regulation of macrophage derived foam cell differentiation (GO:0010745),2/13,0.1747707013950976,0.8176344585040946,0,0,2.924164724164724,5.100563337445622,PPARG;PPARA,anterior_up
GO_Biological_Process_2021,negative regulation of potassium ion transport (GO:0043267),2/13,0.1747707013950976,0.8176344585040946,0,0,2.924164724164724,5.100563337445622,CAV1;NOS1,anterior_up
GO_Biological_Process_2021,pathway-restricted SMAD protein phosphorylation (GO:0060389),2/13,0.1747707013950976,0.8176344585040946,0,0,2.924164724164724,5.100563337445622,TGFB2;TGFBR2,anterior_up
GO_Biological_Process_2021,positive regulation of purine nucleotide biosynthetic process (GO:1900373),2/13,0.1747707013950976,0.8176344585040946,0,0,2.924164724164724,5.100563337445622,NOS1;PPARA,anterior_up
GO_Biological_Process_2021,positive regulation of ruffle assembly (GO:1900029),2/13,0.1747707013950976,0.8176344585040946,0,0,2.924164724164724,5.100563337445622,EPS8;EPS8L2,anterior_up
GO_Biological_Process_2021,pteridine-containing compound metabolic process (GO:0042558),2/13,0.1747707013950976,0.8176344585040946,0,0,2.924164724164724,5.100563337445622,MTHFD1L;FTCD,anterior_up
GO_Biological_Process_2021,regulation of antigen receptor-mediated signaling pathway (GO:0050854),2/13,0.1747707013950976,0.8176344585040946,0,0,2.924164724164724,5.100563337445622,CD300A;PAX5,anterior_up
GO_Biological_Process_2021,regulation of chemokine (C-X-C motif) ligand 2 production (GO:2000341),2/13,0.1747707013950976,0.8176344585040946,0,0,2.924164724164724,5.100563337445622,LPL;MBP,anterior_up
GO_Biological_Process_2021,regulation of short-term neuronal synaptic plasticity (GO:0048172),2/13,0.1747707013950976,0.8176344585040946,0,0,2.924164724164724,5.100563337445622,SHISA8;SHISA6,anterior_up
GO_Biological_Process_2021,regulation of T cell differentiation in thymus (GO:0033081),2/13,0.1747707013950976,0.8176344585040946,0,0,2.924164724164724,5.100563337445622,BMP4;TOX,anterior_up
GO_Biological_Process_2021,response to nitric oxide (GO:0071731),2/13,0.1747707013950976,0.8176344585040946,0,0,2.924164724164724,5.100563337445622,KCNC2;FOXO1,anterior_up
GO_Biological_Process_2021,spinal cord development (GO:0021510),2/13,0.1747707013950976,0.8176344585040946,0,0,2.924164724164724,5.100563337445622,VIT;RELN,anterior_up
GO_Biological_Process_2021,triglyceride-rich lipoprotein particle remodeling (GO:0034370),2/13,0.1747707013950976,0.8176344585040946,0,0,2.924164724164724,5.100563337445622,LIPC;LPL,anterior_up
GO_Biological_Process_2021,inositol lipid-mediated signaling (GO:0048017),5/51,0.177353790037853,0.8176344585040946,0,0,1.7493759546961738,3.0257359191055953,PLCB4;PLCE1;PIK3C2G;PLCH1;FGFR1,anterior_up
GO_Biological_Process_2021,mesenchymal cell differentiation (GO:0048762),5/51,0.177353790037853,0.8176344585040946,0,0,1.7493759546961738,3.0257359191055953,TGFB2;HGF;SNAI2;S100A4;FGFR1,anterior_up
GO_Biological_Process_2021,positive regulation of actin filament bundle assembly (GO:0032233),5/51,0.177353790037853,0.8176344585040946,0,0,1.7493759546961738,3.0257359191055953,CARMIL1;ARHGEF15;LPAR1;ARHGEF10L;RAPGEF3,anterior_up
GO_Biological_Process_2021,regulation of heart contraction (GO:0008016),8/93,0.1780978736721081,0.8176344585040946,0,0,1.5155043460683242,2.6148845818008097,KCNG2;TGFB2;PLN;P2RX4;TNNT2;FXYD1;NOS1;RYR3,anterior_up
GO_Biological_Process_2021,cardiac conduction system development (GO:0003161),3/25,0.1781605160760329,0.8176344585040946,0,0,2.193716463177541,3.784315247418137,NOTCH2;BMP4;SCN5A,anterior_up
GO_Biological_Process_2021,"chemical synaptic transmission, postsynaptic (GO:0099565)",3/25,0.1781605160760329,0.8176344585040946,0,0,2.193716463177541,3.784315247418137,GRID2;DRD2;INSYN2A,anterior_up
GO_Biological_Process_2021,negative regulation of endocytosis (GO:0045806),3/25,0.1781605160760329,0.8176344585040946,0,0,2.193716463177541,3.784315247418137,CD300A;CAV1;PROM2,anterior_up
GO_Biological_Process_2021,negative regulation of sequestering of calcium ion (GO:0051283),3/25,0.1781605160760329,0.8176344585040946,0,0,2.193716463177541,3.784315247418137,HTR2A;DRD2;RYR3,anterior_up
GO_Biological_Process_2021,regulation of dopamine secretion (GO:0014059),3/25,0.1781605160760329,0.8176344585040946,0,0,2.193716463177541,3.784315247418137,SYT10;DRD2;SYT6,anterior_up
GO_Biological_Process_2021,regulation of ryanodine-sensitive calcium-release channel activity (GO:0060314),3/25,0.1781605160760329,0.8176344585040946,0,0,2.193716463177541,3.784315247418137,GSTM2;JSRP1;NOS1,anterior_up
GO_Biological_Process_2021,response to hexose (GO:0009746),3/25,0.1781605160760329,0.8176344585040946,0,0,2.193716463177541,3.784315247418137,TCF7L2;LPL;SLC2A5,anterior_up
GO_Biological_Process_2021,regulation of cell-matrix adhesion (GO:0001952),6/65,0.1800252412849848,0.8176344585040946,0,0,1.6369741547227956,2.8068511715994755,JAG1;CDK6;CSF1;PLEKHA2;CDH13;SEMA3E,anterior_up
GO_Biological_Process_2021,actin-myosin filament sliding (GO:0033275),4/38,0.1810075428536445,0.8176344585040946,0,0,1.893029814665592,3.2355979368772134,MYBPC1;MYH3;TPM2;TNNT2,anterior_up
GO_Biological_Process_2021,muscle filament sliding (GO:0030049),4/38,0.1810075428536445,0.8176344585040946,0,0,1.893029814665592,3.2355979368772134,MYBPC1;MYH3;TPM2;TNNT2,anterior_up
GO_Biological_Process_2021,positive regulation of cell differentiation (GO:0045597),19/258,0.1812616634948847,0.8176344585040946,0,0,1.2816883008487954,2.188884758574393,FBN2;TGFB2;TCF15;CSF1;HGF;ZBTB16;LPL;NFKB1;MEDAG;TGFBR2;XKR8;BMP4;ZEB1;VWC2;PPARG;INSM1;CD34;TRPM4;FGFR1,anterior_up
GO_Biological_Process_2021,cartilage development (GO:0051216),5/52,0.1874647701465797,0.8176344585040946,0,0,1.7120640303378365,2.866276553855201,BMP4;WNT5B;NFIB;ZBTB16;SULF2,anterior_up
GO_Biological_Process_2021,positive regulation of protein localization to cell periphery (GO:1904377),5/52,0.1874647701465797,0.8176344585040946,0,0,1.7120640303378365,2.866276553855201,RAMP3;EPB41;STAC2;EPHB2;PLS1,anterior_up
GO_Biological_Process_2021,regulation of exocytosis (GO:0017157),5/52,0.1874647701465797,0.8176344585040946,0,0,1.7120640303378365,2.866276553855201,RAB3B;RAB26;HAP1;STXBP6;EXPH5,anterior_up
GO_Biological_Process_2021,regulation of release of sequestered calcium ion into cytosol (GO:0051279),5/52,0.1874647701465797,0.8176344585040946,0,0,1.7120640303378365,2.866276553855201,NPSR1;GSTM2;JSRP1;NOS1;DRD1,anterior_up
GO_Biological_Process_2021,negative regulation of cellular response to growth factor stimulus (GO:0090288),7/80,0.1878981228667799,0.8176344585040946,0,0,1.543712152389911,2.5808634404037365,CREB3L1;VWC2L;VWC2;SOSTDC1;PPARG;SMAD6;SULF2,anterior_up
GO_Biological_Process_2021,cellular response to nutrient levels (GO:0031669),6/66,0.1889583316448708,0.8176344585040946,0,0,1.6096054888507718,2.681970950882237,FAM107A;LPL;INHBB;PPARA;FOXO1;MFSD2A,anterior_up
GO_Biological_Process_2021,fatty acid metabolic process (GO:0006631),10/124,0.1911091166689681,0.8176344585040946,0,0,1.4127185433463176,2.3379230653993663,LIPC;LIPG;ACOT12;ACOT1;LPL;PPARG;ALOX12B;ACADM;PPARA;ALOXE3,anterior_up
GO_Biological_Process_2021,regulation of protein tyrosine kinase activity (GO:0061097),4/39,0.1930292298168188,0.8176344585040946,0,0,1.8388454011741684,3.024741903787571,EFNA1;RELN;CAV1;NOX4,anterior_up
GO_Biological_Process_2021,mononuclear cell differentiation (GO:1903131),3/26,0.1932172052416569,0.8176344585040946,0,0,2.098225908431584,3.449358144320354,BMP4;BATF3;PPARG,anterior_up
GO_Biological_Process_2021,negative regulation of intrinsic apoptotic signaling pathway in response to DNA damage (GO:1902230),3/26,0.1932172052416569,0.8176344585040946,0,0,2.098225908431584,3.449358144320354,CXCL12;ACKR3;SNAI2,anterior_up
GO_Biological_Process_2021,positive regulation of microtubule polymerization or depolymerization (GO:0031112),3/26,0.1932172052416569,0.8176344585040946,0,0,2.098225908431584,3.449358144320354,OCLN;PSRC1;MET,anterior_up
GO_Biological_Process_2021,proteoglycan metabolic process (GO:0006029),3/26,0.1932172052416569,0.8176344585040946,0,0,2.098225908431584,3.449358144320354,CHST8;CHST9;SULF2,anterior_up
GO_Biological_Process_2021,regulation of chondrocyte differentiation (GO:0032330),3/26,0.1932172052416569,0.8176344585040946,0,0,2.098225908431584,3.449358144320354,ZBTB16;SNAI2;PTHLH,anterior_up
GO_Biological_Process_2021,positive regulation of tumor necrosis factor superfamily cytokine production (GO:1903557),7/81,0.1960768899951898,0.8176344585040946,0,0,1.52276998028071,2.4809705551368344,MAVS;FZD5;TNFRSF8;LPL;LBP;EPHB2;RASGRP1,anterior_up
GO_Biological_Process_2021,atrial septum development (GO:0003283),2/14,0.1964034331310859,0.8176344585040946,0,0,2.68034188034188,4.362482638920837,NOTCH2;TGFB2,anterior_up
GO_Biological_Process_2021,atrioventricular valve development (GO:0003171),2/14,0.1964034331310859,0.8176344585040946,0,0,2.68034188034188,4.362482638920837,TGFB2;TGFBR2,anterior_up
GO_Biological_Process_2021,branching involved in blood vessel morphogenesis (GO:0001569),2/14,0.1964034331310859,0.8176344585040946,0,0,2.68034188034188,4.362482638920837,SEMA3E;TGFBR2,anterior_up
GO_Biological_Process_2021,cAMP metabolic process (GO:0046058),2/14,0.1964034331310859,0.8176344585040946,0,0,2.68034188034188,4.362482638920837,ADCY10;PTHLH,anterior_up
GO_Biological_Process_2021,cell junction maintenance (GO:0034331),2/14,0.1964034331310859,0.8176344585040946,0,0,2.68034188034188,4.362482638920837,CLDN1;CBLN1,anterior_up
GO_Biological_Process_2021,low-density lipoprotein particle remodeling (GO:0034374),2/14,0.1964034331310859,0.8176344585040946,0,0,2.68034188034188,4.362482638920837,LIPC;MPO,anterior_up
GO_Biological_Process_2021,myeloid dendritic cell activation (GO:0001773),2/14,0.1964034331310859,0.8176344585040946,0,0,2.68034188034188,4.362482638920837,BATF3;TGFBR2,anterior_up
GO_Biological_Process_2021,negative regulation of cartilage development (GO:0061037),2/14,0.1964034331310859,0.8176344585040946,0,0,2.68034188034188,4.362482638920837,SNAI2;PTHLH,anterior_up
GO_Biological_Process_2021,negative regulation of cyclase activity (GO:0031280),2/14,0.1964034331310859,0.8176344585040946,0,0,2.68034188034188,4.362482638920837,ADGRV1;DRD2,anterior_up
GO_Biological_Process_2021,negative regulation of fibroblast growth factor receptor signaling pathway (GO:0040037),2/14,0.1964034331310859,0.8176344585040946,0,0,2.68034188034188,4.362482638920837,CREB3L1;SULF2,anterior_up
GO_Biological_Process_2021,ovarian follicle development (GO:0001541),2/14,0.1964034331310859,0.8176344585040946,0,0,2.68034188034188,4.362482638920837,KIT;INHBB,anterior_up
GO_Biological_Process_2021,positive regulation of alpha-beta T cell differentiation (GO:0046638),2/14,0.1964034331310859,0.8176344585040946,0,0,2.68034188034188,4.362482638920837,NCKAP1L;TGFBR2,anterior_up
GO_Biological_Process_2021,positive regulation of brown fat cell differentiation (GO:0090336),2/14,0.1964034331310859,0.8176344585040946,0,0,2.68034188034188,4.362482638920837,METRNL;RREB1,anterior_up
GO_Biological_Process_2021,positive regulation of cyclase activity (GO:0031281),2/14,0.1964034331310859,0.8176344585040946,0,0,2.68034188034188,4.362482638920837,NOS1;DRD5,anterior_up
GO_Biological_Process_2021,positive regulation of insulin secretion involved in cellular response to glucose stimulus (GO:0035774),2/14,0.1964034331310859,0.8176344585040946,0,0,2.68034188034188,4.362482638920837,BAIAP3;TRPM4,anterior_up
GO_Biological_Process_2021,positive regulation of long-term synaptic potentiation (GO:1900273),2/14,0.1964034331310859,0.8176344585040946,0,0,2.68034188034188,4.362482638920837,RELN;EPHB2,anterior_up
GO_Biological_Process_2021,positive regulation of lymphocyte migration (GO:2000403),2/14,0.1964034331310859,0.8176344585040946,0,0,2.68034188034188,4.362482638920837,CXCL12;DOCK8,anterior_up
GO_Biological_Process_2021,potassium ion export across plasma membrane (GO:0097623),2/14,0.1964034331310859,0.8176344585040946,0,0,2.68034188034188,4.362482638920837,KCNE3;KCNA5,anterior_up
GO_Biological_Process_2021,regulation of fatty acid beta-oxidation (GO:0031998),2/14,0.1964034331310859,0.8176344585040946,0,0,2.68034188034188,4.362482638920837,PPARA;MFSD2A,anterior_up
GO_Biological_Process_2021,regulation of retinoic acid receptor signaling pathway (GO:0048385),2/14,0.1964034331310859,0.8176344585040946,0,0,2.68034188034188,4.362482638920837,CTBP2;DHRS3,anterior_up
GO_Biological_Process_2021,response to chemokine (GO:1990868),2/14,0.1964034331310859,0.8176344585040946,0,0,2.68034188034188,4.362482638920837,CXCL12;DOCK8,anterior_up
GO_Biological_Process_2021,secondary palate development (GO:0062009),2/14,0.1964034331310859,0.8176344585040946,0,0,2.68034188034188,4.362482638920837,TGFB2;TGFBR2,anterior_up
GO_Biological_Process_2021,substrate-dependent cell migration (GO:0006929),2/14,0.1964034331310859,0.8176344585040946,0,0,2.68034188034188,4.362482638920837,EPHA8;NTN1,anterior_up
GO_Biological_Process_2021,sulfate transport (GO:0008272),2/14,0.1964034331310859,0.8176344585040946,0,0,2.68034188034188,4.362482638920837,SLC13A1;SLC26A4,anterior_up
GO_Biological_Process_2021,synaptic membrane adhesion (GO:0099560),2/14,0.1964034331310859,0.8176344585040946,0,0,2.68034188034188,4.362482638920837,GPC4;GPC6,anterior_up
GO_Biological_Process_2021,thymus development (GO:0048538),2/14,0.1964034331310859,0.8176344585040946,0,0,2.68034188034188,4.362482638920837,HES1;FGF10,anterior_up
GO_Biological_Process_2021,vascular endothelial growth factor signaling pathway (GO:0038084),2/14,0.1964034331310859,0.8176344585040946,0,0,2.68034188034188,4.362482638920837,FLT4;VEGFD,anterior_up
GO_Biological_Process_2021,vasodilation (GO:0042311),2/14,0.1964034331310859,0.8176344585040946,0,0,2.68034188034188,4.362482638920837,ADRB2;NOS1,anterior_up
GO_Biological_Process_2021,cardiac muscle tissue development (GO:0048738),5/53,0.1977775260698194,0.8176344585040946,0,0,1.6763067694944302,2.7166436805291108,NOTCH2;BMP4;SGCD;SCN5A;ADAMTS9,anterior_up
GO_Biological_Process_2021,positive regulation of chemokine production (GO:0032722),5/53,0.1977775260698194,0.8176344585040946,0,0,1.6763067694944302,2.7166436805291108,MAVS;LPL;HMOX1;TLR7;MBP,anterior_up
GO_Biological_Process_2021,regulation of Wnt signaling pathway (GO:0030111),9/111,0.2029772188003013,0.8176344585040946,0,0,1.4207172120782965,2.265563081542203,FZD7;RSPO2;GPC3;SOSTDC1;APCDD1;ESR1;HIC1;TRABD2B;SULF2,anterior_up
GO_Biological_Process_2021,regulation of G protein-coupled receptor signaling pathway (GO:0008277),7/82,0.2043933403447876,0.8176344585040946,0,0,1.5023862660944205,2.385352200161073,MRAP;RAMP3;CALCR;RGS16;PLCE1;RGS20;MGLL,anterior_up
GO_Biological_Process_2021,regulation of nitric oxide biosynthetic process (GO:0045428),4/40,0.2052906666281982,0.8176344585040946,0,0,1.7876712328767124,2.8304706652401697,P2RX4;CAV1;CD34;ASS1,anterior_up
GO_Biological_Process_2021,response to organonitrogen compound (GO:0010243),4/40,0.2052906666281982,0.8176344585040946,0,0,1.7876712328767124,2.8304706652401697,GLRA2;GLRA3;DRD2;INAVA,anterior_up
GO_Biological_Process_2021,inorganic anion transport (GO:0015698),5/54,0.2082795390677458,0.8176344585040946,0,0,1.6420089886854483,2.5761054789630715,SLC13A1;FXYD1;SLC4A11;SLC26A4;SLC5A5,anterior_up
GO_Biological_Process_2021,unsaturated fatty acid metabolic process (GO:0033559),5/54,0.2082795390677458,0.8176344585040946,0,0,1.6420089886854483,2.5761054789630715,GSTM2;ALOX12B;ALOXE3;MGLL;PTGS1,anterior_up
GO_Biological_Process_2021,calcium-ion regulated exocytosis (GO:0017156),3/27,0.2085739763302885,0.8176344585040946,0,0,2.010692899914457,3.1516837051741793,RIMS3;SYT10;SYT6,anterior_up
GO_Biological_Process_2021,camera-type eye development (GO:0043010),3/27,0.2085739763302885,0.8176344585040946,0,0,2.010692899914457,3.1516837051741793,FBN2;STRA6;FBN1,anterior_up
GO_Biological_Process_2021,chondroitin sulfate proteoglycan biosynthetic process (GO:0050650),3/27,0.2085739763302885,0.8176344585040946,0,0,2.010692899914457,3.1516837051741793,CHST9;B3GAT2;PXYLP1,anterior_up
GO_Biological_Process_2021,negative regulation of actin filament bundle assembly (GO:0032232),3/27,0.2085739763302885,0.8176344585040946,0,0,2.010692899914457,3.1516837051741793,DLC1;MET;CGNL1,anterior_up
GO_Biological_Process_2021,positive regulation of nuclear division (GO:0051785),3/27,0.2085739763302885,0.8176344585040946,0,0,2.010692899914457,3.1516837051741793,BTC;CD28;TGFA,anterior_up
GO_Biological_Process_2021,regulation of blood coagulation (GO:0030193),3/27,0.2085739763302885,0.8176344585040946,0,0,2.010692899914457,3.1516837051741793,CAV1;EPHB2;CD34,anterior_up
GO_Biological_Process_2021,regulation of cell junction assembly (GO:1901888),3/27,0.2085739763302885,0.8176344585040946,0,0,2.010692899914457,3.1516837051741793,OCLN;SNAI2;PDLIM5,anterior_up
GO_Biological_Process_2021,regulation of vasculature development (GO:1901342),3/27,0.2085739763302885,0.8176344585040946,0,0,2.010692899914457,3.1516837051741793,GPNMB;KRT1;HMOX1,anterior_up
GO_Biological_Process_2021,release of sequestered calcium ion into cytosol (GO:0051209),3/27,0.2085739763302885,0.8176344585040946,0,0,2.010692899914457,3.1516837051741793,HTR2A;DRD2;RYR3,anterior_up
GO_Biological_Process_2021,response to glucocorticoid (GO:0051384),3/27,0.2085739763302885,0.8176344585040946,0,0,2.010692899914457,3.1516837051741793,BCL2L11;CALCR;FAM107A,anterior_up
GO_Biological_Process_2021,Ras protein signal transduction (GO:0007265),11/142,0.2110434969954538,0.8176344585040946,0,0,1.3522627900401734,2.1037030789475866,EPS8;JUN;PLCE1;CDH13;EPS8L2;CELSR1;RASGRP1;RREB1;NTN1;RAPGEF3;RASGRP3,anterior_up
GO_Biological_Process_2021,regulation of angiogenesis (GO:0045765),15/203,0.2118954548687714,0.8176344585040946,0,0,1.285422681549863,1.9945418674200008,SEMA5A;TGFB2;KRT1;VEGFD;SEMA3E;THBS2;SMOC2;FGF16;GPNMB;ADAM12;FGF18;HMOX1;PPARG;CD34;RAPGEF3,anterior_up
GO_Biological_Process_2021,negative regulation of neuron death (GO:1901215),8/98,0.215919200199543,0.8176344585040946,0,0,1.4309278350515464,2.193399183536388,TOX3;CSF1;GPNMB;PTPRZ1;NTF3;KIF14;CD34;CRLF1,anterior_up
GO_Biological_Process_2021,regulation of neuron apoptotic process (GO:0043523),8/98,0.215919200199543,0.8176344585040946,0,0,1.4309278350515464,2.193399183536388,TOX3;EPHA7;TGFB2;GRID2;PTPRZ1;NTF3;KIF14;CRLF1,anterior_up
GO_Biological_Process_2021,cell chemotaxis (GO:0060326),6/69,0.2167256699770462,0.8176344585040946,0,0,1.5327125704484197,2.343705919501718,SEMA5A;CXCL12;HGF;KIT;LPAR1;ACKR3,anterior_up
GO_Biological_Process_2021,peptidyl-tyrosine phosphorylation (GO:0018108),6/69,0.2167256699770462,0.8176344585040946,0,0,1.5327125704484197,2.343705919501718,RELN;FLT4;KIT;EPHB2;PRLR;FGFR1,anterior_up
GO_Biological_Process_2021,positive regulation of protein polymerization (GO:0032273),6/69,0.2167256699770462,0.8176344585040946,0,0,1.5327125704484197,2.343705919501718,CARMIL1;OCLN;TPPP3;PSRC1;NCKAP1L;MET,anterior_up
GO_Biological_Process_2021,heart contraction (GO:0060047),4/41,0.2177705958278702,0.8176344585040946,0,0,1.7392632358385782,2.651181705133141,SGCD;TNNT2;SCN5A;SCN4B,anterior_up
GO_Biological_Process_2021,negative regulation of cell-cell adhesion (GO:0022408),4/41,0.2177705958278702,0.8176344585040946,0,0,1.7392632358385782,2.651181705133141,JAG1;MBP;PPARA;ASS1,anterior_up
GO_Biological_Process_2021,positive regulation of biomineral tissue development (GO:0070169),4/41,0.2177705958278702,0.8176344585040946,0,0,1.7392632358385782,2.651181705133141,FBN2;BMP4;KL;ADGRV1,anterior_up
GO_Biological_Process_2021,acetyl-CoA metabolic process (GO:0006084),2/15,0.218336405928673,0.8176344585040946,0,0,2.4740302432610126,3.764776994880043,TDO2;ACACB,anterior_up
GO_Biological_Process_2021,cellular response to exogenous dsRNA (GO:0071360),2/15,0.218336405928673,0.8176344585040946,0,0,2.4740302432610126,3.764776994880043,MAVS;CAV1,anterior_up
GO_Biological_Process_2021,embryonic cranial skeleton morphogenesis (GO:0048701),2/15,0.218336405928673,0.8176344585040946,0,0,2.4740302432610126,3.764776994880043,MTHFD1L;TGFBR2,anterior_up
GO_Biological_Process_2021,ganglioside biosynthetic process (GO:0001574),2/15,0.218336405928673,0.8176344585040946,0,0,2.4740302432610126,3.764776994880043,ST6GALNAC3;ST6GALNAC5,anterior_up
GO_Biological_Process_2021,intracellular cholesterol transport (GO:0032367),2/15,0.218336405928673,0.8176344585040946,0,0,2.4740302432610126,3.764776994880043,STARD4;LDLR,anterior_up
GO_Biological_Process_2021,lipoxygenase pathway (GO:0019372),2/15,0.218336405928673,0.8176344585040946,0,0,2.4740302432610126,3.764776994880043,ALOX12B;ALOXE3,anterior_up
GO_Biological_Process_2021,macrophage differentiation (GO:0030225),2/15,0.218336405928673,0.8176344585040946,0,0,2.4740302432610126,3.764776994880043,BMP4;CSF1,anterior_up
GO_Biological_Process_2021,myoblast differentiation (GO:0045445),2/15,0.218336405928673,0.8176344585040946,0,0,2.4740302432610126,3.764776994880043,TCF7L2;JAG1,anterior_up
GO_Biological_Process_2021,negative regulation of blood pressure (GO:0045776),2/15,0.218336405928673,0.8176344585040946,0,0,2.4740302432610126,3.764776994880043,NOS1;DRD2,anterior_up
GO_Biological_Process_2021,negative regulation of cellular component movement (GO:0051271),2/15,0.218336405928673,0.8176344585040946,0,0,2.4740302432610126,3.764776994880043,SPOCK3;FBLN1,anterior_up
GO_Biological_Process_2021,negative regulation of chondrocyte differentiation (GO:0032331),2/15,0.218336405928673,0.8176344585040946,0,0,2.4740302432610126,3.764776994880043,SNAI2;PTHLH,anterior_up
GO_Biological_Process_2021,positive regulation of lyase activity (GO:0051349),2/15,0.218336405928673,0.8176344585040946,0,0,2.4740302432610126,3.764776994880043,NOS1;DRD5,anterior_up
GO_Biological_Process_2021,positive regulation of protein export from nucleus (GO:0046827),2/15,0.218336405928673,0.8176344585040946,0,0,2.4740302432610126,3.764776994880043,TCF7L2;RAPGEF3,anterior_up
GO_Biological_Process_2021,positive regulation of secretion (GO:0051047),2/15,0.218336405928673,0.8176344585040946,0,0,2.4740302432610126,3.764776994880043,ALOX12B;TRH,anterior_up
GO_Biological_Process_2021,protein homotrimerization (GO:0070207),2/15,0.218336405928673,0.8176344585040946,0,0,2.4740302432610126,3.764776994880043,P2RX3;SLC1A5,anterior_up
GO_Biological_Process_2021,protein hydroxylation (GO:0018126),2/15,0.218336405928673,0.8176344585040946,0,0,2.4740302432610126,3.764776994880043,P3H2;PLOD2,anterior_up
GO_Biological_Process_2021,protein trimerization (GO:0070206),2/15,0.218336405928673,0.8176344585040946,0,0,2.4740302432610126,3.764776994880043,P2RX3;SLC1A5,anterior_up
GO_Biological_Process_2021,regulation of integrin activation (GO:0033623),2/15,0.218336405928673,0.8176344585040946,0,0,2.4740302432610126,3.764776994880043,FERMT1;KIF14,anterior_up
GO_Biological_Process_2021,regulation of non-canonical Wnt signaling pathway (GO:2000050),2/15,0.218336405928673,0.8176344585040946,0,0,2.4740302432610126,3.764776994880043,WNT5B;GPC3,anterior_up
GO_Biological_Process_2021,regulation of secretion (GO:0051046),2/15,0.218336405928673,0.8176344585040946,0,0,2.4740302432610126,3.764776994880043,OPRK1;FGF10,anterior_up
GO_Biological_Process_2021,regulation of triglyceride biosynthetic process (GO:0010866),2/15,0.218336405928673,0.8176344585040946,0,0,2.4740302432610126,3.764776994880043,LDLR;MFSD2A,anterior_up
GO_Biological_Process_2021,response to ethanol (GO:0045471),2/15,0.218336405928673,0.8176344585040946,0,0,2.4740302432610126,3.764776994880043,GLRA2;GRIN3A,anterior_up
GO_Biological_Process_2021,T cell proliferation (GO:0042098),2/15,0.218336405928673,0.8176344585040946,0,0,2.4740302432610126,3.764776994880043,DOCK8;RASGRP1,anterior_up
GO_Biological_Process_2021,regulation of blood vessel endothelial cell migration (GO:0043535),5/55,0.2189581059906828,0.8176344585040946,0,0,1.609083119108826,2.443995904202196,P2RX4;GADD45A;FGF18;PPARG;FGFR1,anterior_up
GO_Biological_Process_2021,triglyceride metabolic process (GO:0006641),5/55,0.2189581059906828,0.8176344585040946,0,0,1.609083119108826,2.443995904202196,LIPC;CAV1;LIPG;LPL;GPAT3,anterior_up
GO_Biological_Process_2021,vascular transport (GO:0010232),7/84,0.2214153430696724,0.8176344585040946,0,0,1.4632071790870074,2.206099354782932,ABCC4;SLC22A1;LEPR;SLC1A5;MFSD2A;SLC5A5;SLC7A3,anterior_up
GO_Biological_Process_2021,negative regulation of cell migration (GO:0030336),11/144,0.2239775637995046,0.8176344585040946,0,0,1.3317855361919009,1.992630029714645,PTPRU;DACH1;JAG1;ACVR1C;IGFBP5;DLC1;HMOX1;DRD2;PODN;MAPK15;ROBO1,anterior_up
GO_Biological_Process_2021,cellular response to interleukin-6 (GO:0071354),3/28,0.2241885679544256,0.8176344585040946,0,0,1.9301625320786997,2.8861098058442987,CEBPA;NFKB1;ST18,anterior_up
GO_Biological_Process_2021,negative regulation of calcium ion transmembrane transporter activity (GO:1901020),3/28,0.2241885679544256,0.8176344585040946,0,0,1.9301625320786997,2.8861098058442987,GSTM2;PLN;DRD2,anterior_up
GO_Biological_Process_2021,negative regulation of phosphatase activity (GO:0010923),3/28,0.2241885679544256,0.8176344585040946,0,0,1.9301625320786997,2.8861098058442987,TGFB2;PPP4R4;PPP1R1B,anterior_up
GO_Biological_Process_2021,positive regulation of cytosolic calcium ion concentration involved in phospholipase C-activating G protein-coupled signaling pathway (GO:0051482),3/28,0.2241885679544256,0.8176344585040946,0,0,1.9301625320786997,2.8861098058442987,LPAR1;DRD1;DRD2,anterior_up
GO_Biological_Process_2021,positive regulation of fibroblast proliferation (GO:0048146),3/28,0.2241885679544256,0.8176344585040946,0,0,1.9301625320786997,2.8861098058442987,CDK6;S100A6;WNT2,anterior_up
GO_Biological_Process_2021,positive regulation of microtubule polymerization (GO:0031116),3/28,0.2241885679544256,0.8176344585040946,0,0,1.9301625320786997,2.8861098058442987,OCLN;PSRC1;MET,anterior_up
GO_Biological_Process_2021,regulation of calcium-mediated signaling (GO:0050848),3/28,0.2241885679544256,0.8176344585040946,0,0,1.9301625320786997,2.8861098058442987,P2RX4;P2RX3;CDH13,anterior_up
GO_Biological_Process_2021,regulation of insulin secretion involved in cellular response to glucose stimulus (GO:0061178),3/28,0.2241885679544256,0.8176344585040946,0,0,1.9301625320786997,2.8861098058442987,ABCA12;TRPM4;BAIAP3,anterior_up
GO_Biological_Process_2021,sulfur compound transport (GO:0072348),3/28,0.2241885679544256,0.8176344585040946,0,0,1.9301625320786997,2.8861098058442987,SLC13A1;SLC35F3;SLC26A4,anterior_up
GO_Biological_Process_2021,muscle contraction (GO:0006936),10/129,0.2247196149517926,0.8176344585040946,0,0,1.3529990309376765,2.0198947017351747,P2RX6;MYBPC1;MYH3;TPM2;TNNT2;FXYD1;ANKRD2;NOS1;ADRA1A;MYOM2,anterior_up
GO_Biological_Process_2021,positive regulation of cellular component organization (GO:0051130),9/114,0.2247698950137489,0.8176344585040946,0,0,1.37990418867461,2.0597527472276966,HRK;TGFB2;BCL2L11;RELN;GPC3;LRP4;TRABD2B;RAPGEF3;PROM2,anterior_up
GO_Biological_Process_2021,blood vessel morphogenesis (GO:0048514),5/56,0.2298003905280501,0.8176344585040946,0,0,1.577448460103836,2.31970770611467,FLT4;CAV1;HES1;TGFBR2;STRA6,anterior_up
GO_Biological_Process_2021,glycosaminoglycan catabolic process (GO:0006027),5/56,0.2298003905280501,0.8176344585040946,0,0,1.577448460103836,2.31970770611467,STAB2;GPC3;HMMR;GPC4;GPC6,anterior_up
GO_Biological_Process_2021,peptidyl-tyrosine modification (GO:0018212),5/56,0.2298003905280501,0.8176344585040946,0,0,1.577448460103836,2.31970770611467,RELN;FLT4;KIT;EPHB2;FGFR1,anterior_up
GO_Biological_Process_2021,Rho protein signal transduction (GO:0007266),5/56,0.2298003905280501,0.8176344585040946,0,0,1.577448460103836,2.31970770611467,EPS8;CDH13;EPS8L2;CELSR1;NTN1,anterior_up
GO_Biological_Process_2021,sensory organ development (GO:0007423),5/56,0.2298003905280501,0.8176344585040946,0,0,1.577448460103836,2.31970770611467,TGFB2;WNT10A;ADAMTS18;CHRDL1;STRA6,anterior_up
GO_Biological_Process_2021,ceramide biosynthetic process (GO:0046513),4/42,0.2304478008585455,0.8176344585040946,0,0,1.6934030281182408,2.4854599550525887,ALOX12B;ST6GALNAC3;ALOXE3;ST6GALNAC5,anterior_up
GO_Biological_Process_2021,positive regulation of epithelial to mesenchymal transition (GO:0010718),4/42,0.2304478008585455,0.8176344585040946,0,0,1.6934030281182408,2.4854599550525887,TCF7L2;TGFB2;JAG1;TGFBR2,anterior_up
GO_Biological_Process_2021,regulation of chemokine production (GO:0032642),4/42,0.2304478008585455,0.8176344585040946,0,0,1.6934030281182408,2.4854599550525887,LPL;HMOX1;SNAI2;TLR7,anterior_up
GO_Biological_Process_2021,negative regulation of Wnt signaling pathway (GO:0030178),14/191,0.2306556049930175,0.8176344585040946,0,0,1.2739381165656742,1.868650097709508,PTPRU;TCF7L2;FZD4;CAV1;LRP4;APCDD1;HIC1;TPBGL;DKK3;SHISA6;LATS2;SNAI2;SOSTDC1;TRABD2B,anterior_up
GO_Biological_Process_2021,organic acid transport (GO:0015849),8/100,0.231840286978871,0.8176344585040946,0,0,1.3996712983714328,2.0459087222829395,ABCC4;ATP8B1;SLC7A14;SLC1A5;SLC7A11;FOLR2;MFSD2A;SLC7A3,anterior_up
GO_Biological_Process_2021,regulation of transforming growth factor beta receptor signaling pathway (GO:0017015),8/100,0.231840286978871,0.8176344585040946,0,0,1.3996712983714328,2.0459087222829395,LATS2;CAV1;HTRA4;CIDEA;SMAD6;PPARA;DKK3;TGFBR2,anterior_up
GO_Biological_Process_2021,response to metal ion (GO:0010038),6/71,0.2359594356679323,0.8176344585040946,0,0,1.4853938514315872,2.145050385696606,TRPC3;TNNT2;CAV1;ANXA11;NDRG1;SLC25A13,anterior_up
GO_Biological_Process_2021,glucose homeostasis (GO:0042593),7/86,0.2389148915454288,0.8176344585040946,0,0,1.4260118433204758,2.0415468505840493,BACE2;CEBPA;TCF7L2;HKDC1;LEPR;PPARG;FOXO1,anterior_up
GO_Biological_Process_2021,transport across blood-brain barrier (GO:0150104),7/86,0.2389148915454288,0.8176344585040946,0,0,1.4260118433204758,2.0415468505840493,ABCC4;SLC22A1;LEPR;SLC1A5;MFSD2A;SLC5A5;SLC7A3,anterior_up
GO_Biological_Process_2021,epithelial cell differentiation (GO:0030855),8/101,0.2399519628672959,0.8176344585040946,0,0,1.384547167719765,1.9761870595957496,BMP4;JAG1;FZD7;ANXA4;TAGLN2;ALDOC;PPARG;OVOL2,anterior_up
GO_Biological_Process_2021,positive regulation of cell cycle process (GO:0090068),8/101,0.2399519628672959,0.8176344585040946,0,0,1.384547167719765,1.9761870595957496,BTC;OPN1MW;SPAG5;CD28;KIF14;TGFA;KIF23;DRD2,anterior_up
GO_Biological_Process_2021,limb development (GO:0060173),3/29,0.2400200262953896,0.8176344585040946,0,0,1.8558268079226163,2.648325941716217,RSPO2;LRP4;FGF10,anterior_up
GO_Biological_Process_2021,lipid catabolic process (GO:0016042),3/29,0.2400200262953896,0.8176344585040946,0,0,1.8558268079226163,2.648325941716217,LIPC;LIPG;LPL,anterior_up
GO_Biological_Process_2021,regulation of DNA biosynthetic process (GO:2000278),3/29,0.2400200262953896,0.8176344585040946,0,0,1.8558268079226163,2.648325941716217,SMOC2;DACH1;HGF,anterior_up
GO_Biological_Process_2021,basement membrane organization (GO:0071711),2/16,0.2404602615900474,0.8176344585040946,0,0,2.297191697191697,3.273958607408224,NTNG2;LAMB1,anterior_up
GO_Biological_Process_2021,cellular response to corticosteroid stimulus (GO:0071384),2/16,0.2404602615900474,0.8176344585040946,0,0,2.297191697191697,3.273958607408224,BCL2L11;FAM107A,anterior_up
GO_Biological_Process_2021,filopodium assembly (GO:0046847),2/16,0.2404602615900474,0.8176344585040946,0,0,2.297191697191697,3.273958607408224,FGD3;VSTM5,anterior_up
GO_Biological_Process_2021,glycosphingolipid biosynthetic process (GO:0006688),2/16,0.2404602615900474,0.8176344585040946,0,0,2.297191697191697,3.273958607408224,ST6GALNAC3;ST6GALNAC5,anterior_up
GO_Biological_Process_2021,male meiosis I (GO:0007141),2/16,0.2404602615900474,0.8176344585040946,0,0,2.297191697191697,3.273958607408224,CCNA1;DNMT3L,anterior_up
GO_Biological_Process_2021,motor neuron axon guidance (GO:0008045),2/16,0.2404602615900474,0.8176344585040946,0,0,2.297191697191697,3.273958607408224,LAMC2;NTN1,anterior_up
GO_Biological_Process_2021,negative regulation of anoikis (GO:2000811),2/16,0.2404602615900474,0.8176344585040946,0,0,2.297191697191697,3.273958607408224,CAV1;SNAI2,anterior_up
GO_Biological_Process_2021,negative regulation of cell-substrate junction organization (GO:0150118),2/16,0.2404602615900474,0.8176344585040946,0,0,2.297191697191697,3.273958607408224,DLC1;FAM107A,anterior_up
GO_Biological_Process_2021,negative regulation of epithelial cell differentiation (GO:0030857),2/16,0.2404602615900474,0.8176344585040946,0,0,2.297191697191697,3.273958607408224,ZEB1;CAV1,anterior_up
GO_Biological_Process_2021,negative regulation of focal adhesion assembly (GO:0051895),2/16,0.2404602615900474,0.8176344585040946,0,0,2.297191697191697,3.273958607408224,DLC1;FAM107A,anterior_up
GO_Biological_Process_2021,negative regulation of immune effector process (GO:0002698),2/16,0.2404602615900474,0.8176344585040946,0,0,2.297191697191697,3.273958607408224,CD300A;CD55,anterior_up
GO_Biological_Process_2021,negative regulation of lyase activity (GO:0051350),2/16,0.2404602615900474,0.8176344585040946,0,0,2.297191697191697,3.273958607408224,ADGRV1;DRD2,anterior_up
GO_Biological_Process_2021,positive regulation of alpha-beta T cell proliferation (GO:0046641),2/16,0.2404602615900474,0.8176344585040946,0,0,2.297191697191697,3.273958607408224,CD55;TGFBR2,anterior_up
GO_Biological_Process_2021,positive regulation of collagen biosynthetic process (GO:0032967),2/16,0.2404602615900474,0.8176344585040946,0,0,2.297191697191697,3.273958607408224,BMP4;CREB3L1,anterior_up
GO_Biological_Process_2021,positive regulation of myeloid leukocyte cytokine production involved in immune response (GO:0061081),2/16,0.2404602615900474,0.8176344585040946,0,0,2.297191697191697,3.273958607408224,MAVS;KIT,anterior_up
GO_Biological_Process_2021,positive regulation of small molecule metabolic process (GO:0062013),2/16,0.2404602615900474,0.8176344585040946,0,0,2.297191697191697,3.273958607408224,PPARG;PPARA,anterior_up
GO_Biological_Process_2021,regulation of blood vessel endothelial cell proliferation involved in sprouting angiogenesis (GO:1903587),2/16,0.2404602615900474,0.8176344585040946,0,0,2.297191697191697,3.273958607408224,HMOX1;IL12A,anterior_up
GO_Biological_Process_2021,regulation of monocyte differentiation (GO:0045655),2/16,0.2404602615900474,0.8176344585040946,0,0,2.297191697191697,3.273958607408224,CDK6;CSF1,anterior_up
GO_Biological_Process_2021,regulation of neurotransmitter transport (GO:0051588),2/16,0.2404602615900474,0.8176344585040946,0,0,2.297191697191697,3.273958607408224,SNCAIP;MCTP2,anterior_up
GO_Biological_Process_2021,regulation of systemic arterial blood pressure (GO:0003073),2/16,0.2404602615900474,0.8176344585040946,0,0,2.297191697191697,3.273958607408224,SLC2A5;DRD2,anterior_up
GO_Biological_Process_2021,response to organophosphorus (GO:0046683),2/16,0.2404602615900474,0.8176344585040946,0,0,2.297191697191697,3.273958607408224,P2RX4;TRPC3,anterior_up
GO_Biological_Process_2021,serine family amino acid metabolic process (GO:0009069),2/16,0.2404602615900474,0.8176344585040946,0,0,2.297191697191697,3.273958607408224,CTH;THNSL2,anterior_up
GO_Biological_Process_2021,T cell mediated immunity (GO:0002456),2/16,0.2404602615900474,0.8176344585040946,0,0,2.297191697191697,3.273958607408224,JAG1;CD55,anterior_up
GO_Biological_Process_2021,regulation of bone mineralization (GO:0030500),5/57,0.2407934718542,0.8176344585040946,0,0,1.547030518752884,2.2026863040905473,FBN2;BMP4;KL;ADGRV1;TRPM4,anterior_up
GO_Biological_Process_2021,regulation of cell-cell adhesion (GO:0022407),4/43,0.2433011995587629,0.8176344585040946,0,0,1.649894625922023,2.3320519715513925,EPHA7;JAG1;MDGA1;ADA,anterior_up
GO_Biological_Process_2021,negative regulation of epithelial cell proliferation (GO:0050680),6/72,0.2457668961448803,0.8176344585040946,0,0,1.462809917355372,2.05286614132906,TGFB2;CDK6;NFIB;CAV1;SNAI2;ROBO1,anterior_up
GO_Biological_Process_2021,positive regulation of cell projection organization (GO:0031346),9/117,0.2473952195544353,0.8176344585040946,0,0,1.3413585554600171,1.8735668971975208,CARMIL1;RELN;FZD4;ROR1;ITGA6;ALKAL1;TOX;PROM2;ROBO1,anterior_up
GO_Biological_Process_2021,negative regulation of angiogenesis (GO:0016525),7/87,0.2478278579747078,0.8176344585040946,0,0,1.4081115879828323,1.9643450875874993,TGFB2;CREB3L1;E2F2;PPARG;SEMA3E;THBS2;ADAMTS9,anterior_up
GO_Biological_Process_2021,positive regulation of vasculature development (GO:1904018),8/102,0.2481578694819297,0.8176344585040946,0,0,1.3697448270819623,1.908999893859055,SEMA5A;SMOC2;ADAM12;FGF18;HMOX1;VEGFD;CD34;RAPGEF3,anterior_up
GO_Biological_Process_2021,regulation of cell adhesion (GO:0030155),10/133,0.2531318859012833,0.8176344585040946,0,0,1.3087191973468788,1.7979768518320027,SEMA5A;EFNA1;EPHA7;CXCL12;EPHA8;KIF14;CDH13;IL12A;FBLN1;EPHB2,anterior_up
GO_Biological_Process_2021,regulation of hydrolase activity (GO:0051336),6/73,0.2556895922597557,0.8176344585040946,0,0,1.4409001305650138,1.9650867746981533,FGD3;CAV1;NOS1;BVES;VAV2;PROM2,anterior_up
GO_Biological_Process_2021,alpha-amino acid catabolic process (GO:1901606),3/30,0.256028849567976,0.8176344585040946,0,0,1.7869974337040204,2.4347217216060297,TDO2;THNSL2;DDO,anterior_up
GO_Biological_Process_2021,cardiac muscle cell action potential (GO:0086001),3/30,0.256028849567976,0.8176344585040946,0,0,1.7869974337040204,2.4347217216060297,PKP2;SCN5A;SCN4B,anterior_up
GO_Biological_Process_2021,heterotypic cell-cell adhesion (GO:0034113),3/30,0.256028849567976,0.8176344585040946,0,0,1.7869974337040204,2.4347217216060297,PKP2;DSG2;DSC2,anterior_up
GO_Biological_Process_2021,positive regulation of B cell proliferation (GO:0030890),3/30,0.256028849567976,0.8176344585040946,0,0,1.7869974337040204,2.4347217216060297,NFATC2;NCKAP1L;EPHB2,anterior_up
GO_Biological_Process_2021,positive regulation of phosphate metabolic process (GO:0045937),3/30,0.256028849567976,0.8176344585040946,0,0,1.7869974337040204,2.4347217216060297,FZD7;NCKAP1L;ITGA6,anterior_up
GO_Biological_Process_2021,regulation of catecholamine secretion (GO:0050433),3/30,0.256028849567976,0.8176344585040946,0,0,1.7869974337040204,2.4347217216060297,SYT10;DRD2;SYT6,anterior_up
GO_Biological_Process_2021,regulation of cation transmembrane transport (GO:1904062),3/30,0.256028849567976,0.8176344585040946,0,0,1.7869974337040204,2.4347217216060297,KCNIP1;KCNAB1;SCN5A,anterior_up
GO_Biological_Process_2021,regulation of vasoconstriction (GO:0019229),3/30,0.256028849567976,0.8176344585040946,0,0,1.7869974337040204,2.4347217216060297,CAV1;ADRA1A;TRPM4,anterior_up
GO_Biological_Process_2021,positive regulation of cell division (GO:0051781),4/44,0.25630992857802,0.8176344585040946,0,0,1.6085616438356165,2.189844200360876,OPN1MW;KIF14;KIF23;DRD2,anterior_up
GO_Biological_Process_2021,regulated exocytosis (GO:0045055),13/180,0.2576302090975871,0.8176344585040946,0,0,1.2533672947461418,1.6998543515795193,ABCC4;TGFB2;HGF;ITGA2B;VEGFD;ABCA12;SYT6;ISLR;RIMS3;SYNGR2;RAB26;SYT10;TAGLN2,anterior_up
GO_Biological_Process_2021,positive regulation of peptidyl-tyrosine phosphorylation (GO:0050731),10/134,0.2604207084677568,0.8176344585040946,0,0,1.2980956082394093,1.7465316231329178,EFNA1;RELN;HGF;KIT;NTF3;NOX4;IL12A;HES1;CRLF1;FGF10,anterior_up
GO_Biological_Process_2021,amacrine cell differentiation (GO:0035881),1/5,0.2606370010958365,0.8176344585040946,0,0,4.018787361229718,5.4037685468834304,RORB,anterior_up
GO_Biological_Process_2021,amino-acid betaine biosynthetic process (GO:0006578),1/5,0.2606370010958365,0.8176344585040946,0,0,4.018787361229718,5.4037685468834304,ACADM,anterior_up
GO_Biological_Process_2021,atrial cardiac muscle cell membrane repolarization (GO:0099624),1/5,0.2606370010958365,0.8176344585040946,0,0,4.018787361229718,5.4037685468834304,KCNA5,anterior_up
GO_Biological_Process_2021,BMP signaling pathway involved in heart development (GO:0061312),1/5,0.2606370010958365,0.8176344585040946,0,0,4.018787361229718,5.4037685468834304,BMP4,anterior_up
GO_Biological_Process_2021,cadmium ion transmembrane transport (GO:0070574),1/5,0.2606370010958365,0.8176344585040946,0,0,4.018787361229718,5.4037685468834304,SLC39A8,anterior_up
GO_Biological_Process_2021,cadmium ion transport (GO:0015691),1/5,0.2606370010958365,0.8176344585040946,0,0,4.018787361229718,5.4037685468834304,SLC39A8,anterior_up
GO_Biological_Process_2021,camera-type eye photoreceptor cell differentiation (GO:0060219),1/5,0.2606370010958365,0.8176344585040946,0,0,4.018787361229718,5.4037685468834304,SDK2,anterior_up
GO_Biological_Process_2021,cardiac muscle cell proliferation (GO:0060038),1/5,0.2606370010958365,0.8176344585040946,0,0,4.018787361229718,5.4037685468834304,TGFB2,anterior_up
GO_Biological_Process_2021,carnitine biosynthetic process (GO:0045329),1/5,0.2606370010958365,0.8176344585040946,0,0,4.018787361229718,5.4037685468834304,ACADM,anterior_up
GO_Biological_Process_2021,catechol-containing compound biosynthetic process (GO:0009713),1/5,0.2606370010958365,0.8176344585040946,0,0,4.018787361229718,5.4037685468834304,DDC,anterior_up
GO_Biological_Process_2021,caveola assembly (GO:0070836),1/5,0.2606370010958365,0.8176344585040946,0,0,4.018787361229718,5.4037685468834304,CAV1,anterior_up
GO_Biological_Process_2021,caveolin-mediated endocytosis (GO:0072584),1/5,0.2606370010958365,0.8176344585040946,0,0,4.018787361229718,5.4037685468834304,CAV1,anterior_up
GO_Biological_Process_2021,cell migration involved in gastrulation (GO:0042074),1/5,0.2606370010958365,0.8176344585040946,0,0,4.018787361229718,5.4037685468834304,GPC3,anterior_up
GO_Biological_Process_2021,cellular response to erythropoietin (GO:0036018),1/5,0.2606370010958365,0.8176344585040946,0,0,4.018787361229718,5.4037685468834304,KIT,anterior_up
GO_Biological_Process_2021,cellular response to nicotine (GO:0071316),1/5,0.2606370010958365,0.8176344585040946,0,0,4.018787361229718,5.4037685468834304,NFKB1,anterior_up
GO_Biological_Process_2021,cellular response to nutrient (GO:0031670),1/5,0.2606370010958365,0.8176344585040946,0,0,4.018787361229718,5.4037685468834304,LPL,anterior_up
GO_Biological_Process_2021,cerebral cortex neuron differentiation (GO:0021895),1/5,0.2606370010958365,0.8176344585040946,0,0,4.018787361229718,5.4037685468834304,TOX,anterior_up
GO_Biological_Process_2021,chemokine (C-X-C motif) ligand 12 signaling pathway (GO:0038146),1/5,0.2606370010958365,0.8176344585040946,0,0,4.018787361229718,5.4037685468834304,CXCL12,anterior_up
GO_Biological_Process_2021,determination of pancreatic left/right asymmetry (GO:0035469),1/5,0.2606370010958365,0.8176344585040946,0,0,4.018787361229718,5.4037685468834304,DNAAF1,anterior_up
GO_Biological_Process_2021,diaphragm development (GO:0060539),1/5,0.2606370010958365,0.8176344585040946,0,0,4.018787361229718,5.4037685468834304,STRA6,anterior_up
GO_Biological_Process_2021,dopamine biosynthetic process (GO:0042416),1/5,0.2606370010958365,0.8176344585040946,0,0,4.018787361229718,5.4037685468834304,TGFB2,anterior_up
GO_Biological_Process_2021,dorsal/ventral axis specification (GO:0009950),1/5,0.2606370010958365,0.8176344585040946,0,0,4.018787361229718,5.4037685468834304,SMAD6,anterior_up
GO_Biological_Process_2021,embryonic viscerocranium morphogenesis (GO:0048703),1/5,0.2606370010958365,0.8176344585040946,0,0,4.018787361229718,5.4037685468834304,MTHFD1L,anterior_up
GO_Biological_Process_2021,enteroendocrine cell differentiation (GO:0035883),1/5,0.2606370010958365,0.8176344585040946,0,0,4.018787361229718,5.4037685468834304,INSM1,anterior_up
GO_Biological_Process_2021,extracellular exosome biogenesis (GO:0097734),1/5,0.2606370010958365,0.8176344585040946,0,0,4.018787361229718,5.4037685468834304,CD34,anterior_up
GO_Biological_Process_2021,female genitalia development (GO:0030540),1/5,0.2606370010958365,0.8176344585040946,0,0,4.018787361229718,5.4037685468834304,STRA6,anterior_up
GO_Biological_Process_2021,fructose transmembrane transport (GO:0015755),1/5,0.2606370010958365,0.8176344585040946,0,0,4.018787361229718,5.4037685468834304,SLC2A5,anterior_up
GO_Biological_Process_2021,gastro-intestinal system smooth muscle contraction (GO:0014831),1/5,0.2606370010958365,0.8176344585040946,0,0,4.018787361229718,5.4037685468834304,SULF2,anterior_up
GO_Biological_Process_2021,glial cell-derived neurotrophic factor receptor signaling pathway (GO:0035860),1/5,0.2606370010958365,0.8176344585040946,0,0,4.018787361229718,5.4037685468834304,SULF2,anterior_up
GO_Biological_Process_2021,glucuronate catabolic process (GO:0006064),1/5,0.2606370010958365,0.8176344585040946,0,0,4.018787361229718,5.4037685468834304,DCXR,anterior_up
GO_Biological_Process_2021,glucuronate catabolic process to xylulose 5-phosphate (GO:0019640),1/5,0.2606370010958365,0.8176344585040946,0,0,4.018787361229718,5.4037685468834304,DCXR,anterior_up
GO_Biological_Process_2021,heart field specification (GO:0003128),1/5,0.2606370010958365,0.8176344585040946,0,0,4.018787361229718,5.4037685468834304,BMP4,anterior_up
GO_Biological_Process_2021,His-Purkinje system development (GO:0003164),1/5,0.2606370010958365,0.8176344585040946,0,0,4.018787361229718,5.4037685468834304,DSG2,anterior_up
GO_Biological_Process_2021,homoserine metabolic process (GO:0009092),1/5,0.2606370010958365,0.8176344585040946,0,0,4.018787361229718,5.4037685468834304,CTH,anterior_up
GO_Biological_Process_2021,immature B cell differentiation (GO:0002327),1/5,0.2606370010958365,0.8176344585040946,0,0,4.018787361229718,5.4037685468834304,KIT,anterior_up
GO_Biological_Process_2021,inosine metabolic process (GO:0046102),1/5,0.2606370010958365,0.8176344585040946,0,0,4.018787361229718,5.4037685468834304,ADA,anterior_up
GO_Biological_Process_2021,insulin metabolic process (GO:1901142),1/5,0.2606370010958365,0.8176344585040946,0,0,4.018787361229718,5.4037685468834304,PCSK2,anterior_up
GO_Biological_Process_2021,L-arginine import across plasma membrane (GO:0097638),1/5,0.2606370010958365,0.8176344585040946,0,0,4.018787361229718,5.4037685468834304,SLC7A3,anterior_up
GO_Biological_Process_2021,L-aspartate transmembrane transport (GO:0070778),1/5,0.2606370010958365,0.8176344585040946,0,0,4.018787361229718,5.4037685468834304,SLC1A5,anterior_up
GO_Biological_Process_2021,lipid transport across blood-brain barrier (GO:1990379),1/5,0.2606370010958365,0.8176344585040946,0,0,4.018787361229718,5.4037685468834304,MFSD2A,anterior_up
GO_Biological_Process_2021,lung morphogenesis (GO:0060425),1/5,0.2606370010958365,0.8176344585040946,0,0,4.018787361229718,5.4037685468834304,BMP4,anterior_up
GO_Biological_Process_2021,lymph node development (GO:0048535),1/5,0.2606370010958365,0.8176344585040946,0,0,4.018787361229718,5.4037685468834304,TNFRSF11A,anterior_up
GO_Biological_Process_2021,medium-chain fatty acid catabolic process (GO:0051793),1/5,0.2606370010958365,0.8176344585040946,0,0,4.018787361229718,5.4037685468834304,ACADM,anterior_up
GO_Biological_Process_2021,meiotic sister chromatid segregation (GO:0045144),1/5,0.2606370010958365,0.8176344585040946,0,0,4.018787361229718,5.4037685468834304,REC8,anterior_up
GO_Biological_Process_2021,membrane depolarization during SA node cell action potential (GO:0086046),1/5,0.2606370010958365,0.8176344585040946,0,0,4.018787361229718,5.4037685468834304,SCN5A,anterior_up
GO_Biological_Process_2021,membrane repolarization during atrial cardiac muscle cell action potential (GO:0098914),1/5,0.2606370010958365,0.8176344585040946,0,0,4.018787361229718,5.4037685468834304,KCNA5,anterior_up
GO_Biological_Process_2021,mesonephric duct development (GO:0072177),1/5,0.2606370010958365,0.8176344585040946,0,0,4.018787361229718,5.4037685468834304,GPC3,anterior_up
GO_Biological_Process_2021,metanephric renal vesicle morphogenesis (GO:0072283),1/5,0.2606370010958365,0.8176344585040946,0,0,4.018787361229718,5.4037685468834304,BMP4,anterior_up
GO_Biological_Process_2021,negative regulation of calcium ion transport into cytosol (GO:0010523),1/5,0.2606370010958365,0.8176344585040946,0,0,4.018787361229718,5.4037685468834304,NOS1,anterior_up
GO_Biological_Process_2021,negative regulation of cGMP-mediated signaling (GO:0010754),1/5,0.2606370010958365,0.8176344585040946,0,0,4.018787361229718,5.4037685468834304,PDE11A,anterior_up
GO_Biological_Process_2021,negative regulation of gene silencing by RNA (GO:0060967),1/5,0.2606370010958365,0.8176344585040946,0,0,4.018787361229718,5.4037685468834304,PPARG,anterior_up
GO_Biological_Process_2021,negative regulation of gonadotropin secretion (GO:0032277),1/5,0.2606370010958365,0.8176344585040946,0,0,4.018787361229718,5.4037685468834304,INHBB,anterior_up
GO_Biological_Process_2021,negative regulation of insulin-like growth factor receptor signaling pathway (GO:0043569),1/5,0.2606370010958365,0.8176344585040946,0,0,4.018787361229718,5.4037685468834304,IGFBP5,anterior_up
GO_Biological_Process_2021,negative regulation of leukocyte adhesion to vascular endothelial cell (GO:1904995),1/5,0.2606370010958365,0.8176344585040946,0,0,4.018787361229718,5.4037685468834304,CXCL12,anterior_up
GO_Biological_Process_2021,negative regulation of macrophage cytokine production (GO:0010936),1/5,0.2606370010958365,0.8176344585040946,0,0,4.018787361229718,5.4037685468834304,TGFB2,anterior_up
GO_Biological_Process_2021,negative regulation of mast cell activation involved in immune response (GO:0033007),1/5,0.2606370010958365,0.8176344585040946,0,0,4.018787361229718,5.4037685468834304,CD300A,anterior_up
GO_Biological_Process_2021,negative regulation of myosin-light-chain-phosphatase activity (GO:0035509),1/5,0.2606370010958365,0.8176344585040946,0,0,4.018787361229718,5.4037685468834304,NCKAP1L,anterior_up
GO_Biological_Process_2021,negative regulation of posttranscriptional gene silencing (GO:0060149),1/5,0.2606370010958365,0.8176344585040946,0,0,4.018787361229718,5.4037685468834304,PPARG,anterior_up
GO_Biological_Process_2021,negative regulation of response to food (GO:0032096),1/5,0.2606370010958365,0.8176344585040946,0,0,4.018787361229718,5.4037685468834304,PPARA,anterior_up
GO_Biological_Process_2021,negative regulation of smooth muscle contraction (GO:0045986),1/5,0.2606370010958365,0.8176344585040946,0,0,4.018787361229718,5.4037685468834304,ADRB2,anterior_up
GO_Biological_Process_2021,negative regulation of synapse organization (GO:1905809),1/5,0.2606370010958365,0.8176344585040946,0,0,4.018787361229718,5.4037685468834304,ARHGEF15,anterior_up
GO_Biological_Process_2021,negative regulation of vascular endothelial cell proliferation (GO:1905563),1/5,0.2606370010958365,0.8176344585040946,0,0,4.018787361229718,5.4037685468834304,PPARG,anterior_up
GO_Biological_Process_2021,neutral lipid catabolic process (GO:0046461),1/5,0.2606370010958365,0.8176344585040946,0,0,4.018787361229718,5.4037685468834304,MGLL,anterior_up
GO_Biological_Process_2021,non-canonical Wnt signaling pathway via MAPK cascade (GO:0038030),1/5,0.2606370010958365,0.8176344585040946,0,0,4.018787361229718,5.4037685468834304,FZD7,anterior_up
GO_Biological_Process_2021,ornithine transport (GO:0015822),1/5,0.2606370010958365,0.8176344585040946,0,0,4.018787361229718,5.4037685468834304,SLC7A3,anterior_up
GO_Biological_Process_2021,peptidyl-cysteine S-nitrosylation (GO:0018119),1/5,0.2606370010958365,0.8176344585040946,0,0,4.018787361229718,5.4037685468834304,NOS1,anterior_up
GO_Biological_Process_2021,peristalsis (GO:0030432),1/5,0.2606370010958365,0.8176344585040946,0,0,4.018787361229718,5.4037685468834304,DRD2,anterior_up
GO_Biological_Process_2021,phenol-containing compound metabolic process (GO:0018958),1/5,0.2606370010958365,0.8176344585040946,0,0,4.018787361229718,5.4037685468834304,HTR1A,anterior_up
GO_Biological_Process_2021,positive regulation of amino acid transport (GO:0051957),1/5,0.2606370010958365,0.8176344585040946,0,0,4.018787361229718,5.4037685468834304,TRH,anterior_up
GO_Biological_Process_2021,positive regulation of axon extension involved in axon guidance (GO:0048842),1/5,0.2606370010958365,0.8176344585040946,0,0,4.018787361229718,5.4037685468834304,SEMA5A,anterior_up
GO_Biological_Process_2021,positive regulation of blood-brain barrier permeability (GO:1905605),1/5,0.2606370010958365,0.8176344585040946,0,0,4.018787361229718,5.4037685468834304,OCLN,anterior_up
GO_Biological_Process_2021,positive regulation of cAMP-dependent protein kinase activity (GO:2000481),1/5,0.2606370010958365,0.8176344585040946,0,0,4.018787361229718,5.4037685468834304,ADRB2,anterior_up
GO_Biological_Process_2021,positive regulation of cardiac muscle contraction (GO:0060452),1/5,0.2606370010958365,0.8176344585040946,0,0,4.018787361229718,5.4037685468834304,ADRA1A,anterior_up
GO_Biological_Process_2021,positive regulation of cardioblast differentiation (GO:0051891),1/5,0.2606370010958365,0.8176344585040946,0,0,4.018787361229718,5.4037685468834304,TGFB2,anterior_up
GO_Biological_Process_2021,"positive regulation of CD8-positive, alpha-beta T cell differentiation (GO:0043378)",1/5,0.2606370010958365,0.8176344585040946,0,0,4.018787361229718,5.4037685468834304,NCKAP1L,anterior_up
GO_Biological_Process_2021,positive regulation of cell proliferation involved in heart morphogenesis (GO:2000138),1/5,0.2606370010958365,0.8176344585040946,0,0,4.018787361229718,5.4037685468834304,BMP4,anterior_up
GO_Biological_Process_2021,positive regulation of DNA demethylation (GO:1901537),1/5,0.2606370010958365,0.8176344585040946,0,0,4.018787361229718,5.4037685468834304,TOX,anterior_up
GO_Biological_Process_2021,positive regulation of fibroblast growth factor receptor signaling pathway (GO:0045743),1/5,0.2606370010958365,0.8176344585040946,0,0,4.018787361229718,5.4037685468834304,SMOC2,anterior_up
GO_Biological_Process_2021,positive regulation of gamma-delta T cell activation (GO:0046645),1/5,0.2606370010958365,0.8176344585040946,0,0,4.018787361229718,5.4037685468834304,NCKAP1L,anterior_up
GO_Biological_Process_2021,positive regulation of histone H3-K27 methylation (GO:0061087),1/5,0.2606370010958365,0.8176344585040946,0,0,4.018787361229718,5.4037685468834304,PHF19,anterior_up
GO_Biological_Process_2021,positive regulation of leukocyte mediated immunity (GO:0002705),1/5,0.2606370010958365,0.8176344585040946,0,0,4.018787361229718,5.4037685468834304,KIT,anterior_up
GO_Biological_Process_2021,positive regulation of low-density lipoprotein receptor activity (GO:1905599),1/5,0.2606370010958365,0.8176344585040946,0,0,4.018787361229718,5.4037685468834304,PPARG,anterior_up
GO_Biological_Process_2021,positive regulation of mast cell chemotaxis (GO:0060754),1/5,0.2606370010958365,0.8176344585040946,0,0,4.018787361229718,5.4037685468834304,VEGFD,anterior_up
GO_Biological_Process_2021,positive regulation of metallopeptidase activity (GO:1905050),1/5,0.2606370010958365,0.8176344585040946,0,0,4.018787361229718,5.4037685468834304,MBP,anterior_up
GO_Biological_Process_2021,positive regulation of neurotransmitter transport (GO:0051590),1/5,0.2606370010958365,0.8176344585040946,0,0,4.018787361229718,5.4037685468834304,BAIAP3,anterior_up
GO_Biological_Process_2021,positive regulation of non-motile cilium assembly (GO:1902857),1/5,0.2606370010958365,0.8176344585040946,0,0,4.018787361229718,5.4037685468834304,HAP1,anterior_up
GO_Biological_Process_2021,positive regulation of protein catabolic process in the vacuole (GO:1904352),1/5,0.2606370010958365,0.8176344585040946,0,0,4.018787361229718,5.4037685468834304,LDLR,anterior_up
GO_Biological_Process_2021,positive regulation of protein localization to cell cortex (GO:1904778),1/5,0.2606370010958365,0.8176344585040946,0,0,4.018787361229718,5.4037685468834304,EPB41,anterior_up
GO_Biological_Process_2021,positive regulation of smooth muscle cell differentiation (GO:0051152),1/5,0.2606370010958365,0.8176344585040946,0,0,4.018787361229718,5.4037685468834304,KIT,anterior_up
GO_Biological_Process_2021,positive regulation of the force of heart contraction (GO:0098735),1/5,0.2606370010958365,0.8176344585040946,0,0,4.018787361229718,5.4037685468834304,NOS1,anterior_up
GO_Biological_Process_2021,positive regulation of vascular associated smooth muscle cell apoptotic process (GO:1905461),1/5,0.2606370010958365,0.8176344585040946,0,0,4.018787361229718,5.4037685468834304,PPARG,anterior_up
GO_Biological_Process_2021,protein lipoylation (GO:0009249),1/5,0.2606370010958365,0.8176344585040946,0,0,4.018787361229718,5.4037685468834304,NNAT,anterior_up
GO_Biological_Process_2021,protein localization to membrane raft (GO:1903044),1/5,0.2606370010958365,0.8176344585040946,0,0,4.018787361229718,5.4037685468834304,CAV1,anterior_up
GO_Biological_Process_2021,reelin-mediated signaling pathway (GO:0038026),1/5,0.2606370010958365,0.8176344585040946,0,0,4.018787361229718,5.4037685468834304,RELN,anterior_up
GO_Biological_Process_2021,regulation of adenylate cyclase-activating G protein-coupled receptor signaling pathway (GO:0106070),1/5,0.2606370010958365,0.8176344585040946,0,0,4.018787361229718,5.4037685468834304,MRAP,anterior_up
GO_Biological_Process_2021,regulation of astrocyte activation (GO:0061888),1/5,0.2606370010958365,0.8176344585040946,0,0,4.018787361229718,5.4037685468834304,LDLR,anterior_up
GO_Biological_Process_2021,regulation of barbed-end actin filament capping (GO:2000812),1/5,0.2606370010958365,0.8176344585040946,0,0,4.018787361229718,5.4037685468834304,CARMIL1,anterior_up
GO_Biological_Process_2021,regulation of cardioblast differentiation (GO:0051890),1/5,0.2606370010958365,0.8176344585040946,0,0,4.018787361229718,5.4037685468834304,TGFB2,anterior_up
GO_Biological_Process_2021,regulation of caveolin-mediated endocytosis (GO:2001286),1/5,0.2606370010958365,0.8176344585040946,0,0,4.018787361229718,5.4037685468834304,PROM2,anterior_up
GO_Biological_Process_2021,regulation of cell proliferation involved in heart morphogenesis (GO:2000136),1/5,0.2606370010958365,0.8176344585040946,0,0,4.018787361229718,5.4037685468834304,BMP4,anterior_up
GO_Biological_Process_2021,regulation of chloride transport (GO:2001225),1/5,0.2606370010958365,0.8176344585040946,0,0,4.018787361229718,5.4037685468834304,ATP8B1,anterior_up
GO_Biological_Process_2021,regulation of circadian sleep/wake cycle (GO:0042749),1/5,0.2606370010958365,0.8176344585040946,0,0,4.018787361229718,5.4037685468834304,PER3,anterior_up
GO_Biological_Process_2021,regulation of dendritic cell cytokine production (GO:0002730),1/5,0.2606370010958365,0.8176344585040946,0,0,4.018787361229718,5.4037685468834304,KIT,anterior_up
GO_Biological_Process_2021,regulation of glomerular mesangial cell proliferation (GO:0072124),1/5,0.2606370010958365,0.8176344585040946,0,0,4.018787361229718,5.4037685468834304,BMP4,anterior_up
GO_Biological_Process_2021,regulation of granulocyte colony-stimulating factor production (GO:0071655),1/5,0.2606370010958365,0.8176344585040946,0,0,4.018787361229718,5.4037685468834304,CD34,anterior_up
GO_Biological_Process_2021,regulation of growth rate (GO:0040009),1/5,0.2606370010958365,0.8176344585040946,0,0,4.018787361229718,5.4037685468834304,NOTCH2,anterior_up
GO_Biological_Process_2021,regulation of guanylate cyclase activity (GO:0031282),1/5,0.2606370010958365,0.8176344585040946,0,0,4.018787361229718,5.4037685468834304,NOS1,anterior_up
GO_Biological_Process_2021,regulation of inositol trisphosphate biosynthetic process (GO:0032960),1/5,0.2606370010958365,0.8176344585040946,0,0,4.018787361229718,5.4037685468834304,HRH1,anterior_up
GO_Biological_Process_2021,regulation of integrin biosynthetic process (GO:0045113),1/5,0.2606370010958365,0.8176344585040946,0,0,4.018787361229718,5.4037685468834304,TGFB2,anterior_up
GO_Biological_Process_2021,regulation of interleukin-1 alpha production (GO:0032650),1/5,0.2606370010958365,0.8176344585040946,0,0,4.018787361229718,5.4037685468834304,IL16,anterior_up
GO_Biological_Process_2021,regulation of inward rectifier potassium channel activity (GO:1901979),1/5,0.2606370010958365,0.8176344585040946,0,0,4.018787361229718,5.4037685468834304,CAV1,anterior_up
GO_Biological_Process_2021,regulation of kidney development (GO:0090183),1/5,0.2606370010958365,0.8176344585040946,0,0,4.018787361229718,5.4037685468834304,BMP4,anterior_up
GO_Biological_Process_2021,regulation of metaphase plate congression (GO:0090235),1/5,0.2606370010958365,0.8176344585040946,0,0,4.018787361229718,5.4037685468834304,SPAG5,anterior_up
GO_Biological_Process_2021,regulation of microvillus assembly (GO:0032534),1/5,0.2606370010958365,0.8176344585040946,0,0,4.018787361229718,5.4037685468834304,ATP8B1,anterior_up
GO_Biological_Process_2021,regulation of miRNA metabolic process (GO:2000628),1/5,0.2606370010958365,0.8176344585040946,0,0,4.018787361229718,5.4037685468834304,NFKB1,anterior_up
GO_Biological_Process_2021,regulation of neutrophil activation (GO:1902563),1/5,0.2606370010958365,0.8176344585040946,0,0,4.018787361229718,5.4037685468834304,CD300A,anterior_up
GO_Biological_Process_2021,regulation of nucleotide-binding oligomerization domain containing signaling pathway (GO:0070424),1/5,0.2606370010958365,0.8176344585040946,0,0,4.018787361229718,5.4037685468834304,BIRC3,anterior_up
GO_Biological_Process_2021,regulation of phosphatidylinositol biosynthetic process (GO:0010511),1/5,0.2606370010958365,0.8176344585040946,0,0,4.018787361229718,5.4037685468834304,HTR2A,anterior_up
GO_Biological_Process_2021,regulation of protein import (GO:1904589),1/5,0.2606370010958365,0.8176344585040946,0,0,4.018787361229718,5.4037685468834304,BMP4,anterior_up
GO_Biological_Process_2021,regulation of respiratory burst involved in inflammatory response (GO:0060264),1/5,0.2606370010958365,0.8176344585040946,0,0,4.018787361229718,5.4037685468834304,LBP,anterior_up
GO_Biological_Process_2021,regulation of respiratory gaseous exchange by nervous system process (GO:0002087),1/5,0.2606370010958365,0.8176344585040946,0,0,4.018787361229718,5.4037685468834304,TSHZ3,anterior_up
GO_Biological_Process_2021,regulation of vitamin D receptor signaling pathway (GO:0070562),1/5,0.2606370010958365,0.8176344585040946,0,0,4.018787361229718,5.4037685468834304,SNAI2,anterior_up
GO_Biological_Process_2021,response to cocaine (GO:0042220),1/5,0.2606370010958365,0.8176344585040946,0,0,4.018787361229718,5.4037685468834304,DRD2,anterior_up
GO_Biological_Process_2021,response to denervation involved in regulation of muscle adaptation (GO:0014894),1/5,0.2606370010958365,0.8176344585040946,0,0,4.018787361229718,5.4037685468834304,SCN5A,anterior_up
GO_Biological_Process_2021,response to fructose (GO:0009750),1/5,0.2606370010958365,0.8176344585040946,0,0,4.018787361229718,5.4037685468834304,SLC2A5,anterior_up
GO_Biological_Process_2021,response to morphine (GO:0043278),1/5,0.2606370010958365,0.8176344585040946,0,0,4.018787361229718,5.4037685468834304,DRD2,anterior_up
GO_Biological_Process_2021,Roundabout signaling pathway (GO:0035385),1/5,0.2606370010958365,0.8176344585040946,0,0,4.018787361229718,5.4037685468834304,ROBO1,anterior_up
GO_Biological_Process_2021,SA node cell to atrial cardiac muscle cell signaling (GO:0086018),1/5,0.2606370010958365,0.8176344585040946,0,0,4.018787361229718,5.4037685468834304,SCN5A,anterior_up
GO_Biological_Process_2021,salivary gland morphogenesis (GO:0007435),1/5,0.2606370010958365,0.8176344585040946,0,0,4.018787361229718,5.4037685468834304,TGFB2,anterior_up
GO_Biological_Process_2021,secondary heart field specification (GO:0003139),1/5,0.2606370010958365,0.8176344585040946,0,0,4.018787361229718,5.4037685468834304,BMP4,anterior_up
GO_Biological_Process_2021,serotonin transport (GO:0006837),1/5,0.2606370010958365,0.8176344585040946,0,0,4.018787361229718,5.4037685468834304,SLC22A1,anterior_up
GO_Biological_Process_2021,serotonin uptake (GO:0051610),1/5,0.2606370010958365,0.8176344585040946,0,0,4.018787361229718,5.4037685468834304,SLC22A1,anterior_up
GO_Biological_Process_2021,short-term memory (GO:0007614),1/5,0.2606370010958365,0.8176344585040946,0,0,4.018787361229718,5.4037685468834304,CALB1,anterior_up
GO_Biological_Process_2021,striated muscle cell proliferation (GO:0014855),1/5,0.2606370010958365,0.8176344585040946,0,0,4.018787361229718,5.4037685468834304,TGFB2,anterior_up
GO_Biological_Process_2021,Toll signaling pathway (GO:0008063),1/5,0.2606370010958365,0.8176344585040946,0,0,4.018787361229718,5.4037685468834304,PELI2,anterior_up
GO_Biological_Process_2021,transsulfuration (GO:0019346),1/5,0.2606370010958365,0.8176344585040946,0,0,4.018787361229718,5.4037685468834304,CTH,anterior_up
GO_Biological_Process_2021,tricuspid valve development (GO:0003175),1/5,0.2606370010958365,0.8176344585040946,0,0,4.018787361229718,5.4037685468834304,TGFBR2,anterior_up
GO_Biological_Process_2021,tricuspid valve morphogenesis (GO:0003186),1/5,0.2606370010958365,0.8176344585040946,0,0,4.018787361229718,5.4037685468834304,TGFBR2,anterior_up
GO_Biological_Process_2021,tryptophan catabolic process to kynurenine (GO:0019441),1/5,0.2606370010958365,0.8176344585040946,0,0,4.018787361229718,5.4037685468834304,TDO2,anterior_up
GO_Biological_Process_2021,urate transport (GO:0015747),1/5,0.2606370010958365,0.8176344585040946,0,0,4.018787361229718,5.4037685468834304,ABCC4,anterior_up
GO_Biological_Process_2021,vascular endothelial growth factor receptor-2 signaling pathway (GO:0036324),1/5,0.2606370010958365,0.8176344585040946,0,0,4.018787361229718,5.4037685468834304,CLEC14A,anterior_up
GO_Biological_Process_2021,xylulose 5-phosphate biosynthetic process (GO:1901159),1/5,0.2606370010958365,0.8176344585040946,0,0,4.018787361229718,5.4037685468834304,DCXR,anterior_up
GO_Biological_Process_2021,zymogen inhibition (GO:0097341),1/5,0.2606370010958365,0.8176344585040946,0,0,4.018787361229718,5.4037685468834304,CAST,anterior_up
GO_Biological_Process_2021,aorta morphogenesis (GO:0035909),2/17,0.2626774080005808,0.8176344585040946,0,0,2.143931623931624,2.8660690796401926,JAG1;ADAMTS9,anterior_up
GO_Biological_Process_2021,cellular biogenic amine biosynthetic process (GO:0042401),2/17,0.2626774080005808,0.8176344585040946,0,0,2.143931623931624,2.8660690796401926,TPH2;DDC,anterior_up
GO_Biological_Process_2021,embryo development ending in birth or egg hatching (GO:0009792),2/17,0.2626774080005808,0.8176344585040946,0,0,2.143931623931624,2.8660690796401926,TGFB2;FGFR1,anterior_up
GO_Biological_Process_2021,negative regulation of ATPase activity (GO:0032780),2/17,0.2626774080005808,0.8176344585040946,0,0,2.143931623931624,2.8660690796401926,PLN;TNNT2,anterior_up
GO_Biological_Process_2021,positive regulation of collagen metabolic process (GO:0010714),2/17,0.2626774080005808,0.8176344585040946,0,0,2.143931623931624,2.8660690796401926,BMP4;CREB3L1,anterior_up
GO_Biological_Process_2021,positive regulation of heart rate (GO:0010460),2/17,0.2626774080005808,0.8176344585040946,0,0,2.143931623931624,2.8660690796401926,ADRA1A;TRPM4,anterior_up
GO_Biological_Process_2021,positive regulation of macrophage activation (GO:0043032),2/17,0.2626774080005808,0.8176344585040946,0,0,2.143931623931624,2.8660690796401926,CEBPA;LBP,anterior_up
GO_Biological_Process_2021,positive regulation of stem cell proliferation (GO:2000648),2/17,0.2626774080005808,0.8176344585040946,0,0,2.143931623931624,2.8660690796401926,THPO;LTBP3,anterior_up
GO_Biological_Process_2021,positive regulation of telomere capping (GO:1904355),2/17,0.2626774080005808,0.8176344585040946,0,0,2.143931623931624,2.8660690796401926,NEK7;MAPK15,anterior_up
GO_Biological_Process_2021,protein heterooligomerization (GO:0051291),2/17,0.2626774080005808,0.8176344585040946,0,0,2.143931623931624,2.8660690796401926,KCNC2;KRT1,anterior_up
GO_Biological_Process_2021,regulation of cellular response to growth factor stimulus (GO:0090287),2/17,0.2626774080005808,0.8176344585040946,0,0,2.143931623931624,2.8660690796401926,TMEM204;PCSK6,anterior_up
GO_Biological_Process_2021,regulation of leukocyte migration (GO:0002685),2/17,0.2626774080005808,0.8176344585040946,0,0,2.143931623931624,2.8660690796401926,HMOX1;NCKAP1L,anterior_up
GO_Biological_Process_2021,regulation of receptor recycling (GO:0001919),2/17,0.2626774080005808,0.8176344585040946,0,0,2.143931623931624,2.8660690796401926,RAMP3;BVES,anterior_up
GO_Biological_Process_2021,reverse cholesterol transport (GO:0043691),2/17,0.2626774080005808,0.8176344585040946,0,0,2.143931623931624,2.8660690796401926,LIPC;LIPG,anterior_up
GO_Biological_Process_2021,vasculature development (GO:0001944),2/17,0.2626774080005808,0.8176344585040946,0,0,2.143931623931624,2.8660690796401926,FLT4;STRA6,anterior_up
GO_Biological_Process_2021,positive regulation of inflammatory response (GO:0050729),7/89,0.2659476588082852,0.8176344585040946,0,0,1.3736208520883493,1.8193000509230517,VAMP8;CEBPA;LPL;IL16;TLR7;LBP;NMI,anterior_up
GO_Biological_Process_2021,regulation of cation channel activity (GO:2001257),7/89,0.2659476588082852,0.8176344585040946,0,0,1.3736208520883493,1.8193000509230517,RELN;JSRP1;AHNAK;KCNAB1;NOS1;SHISA8;SHISA6,anterior_up
GO_Biological_Process_2021,second-messenger-mediated signaling (GO:0019932),7/89,0.2659476588082852,0.8176344585040946,0,0,1.3736208520883493,1.8193000509230517,HRH1;P2RX4;PLCE1;ACKR3;NOS1;MCTP2;TRPM4,anterior_up
GO_Biological_Process_2021,negative regulation of cellular process (GO:0048523),37/566,0.2673176801970261,0.8176344585040946,0,0,1.1276583696276743,1.487739437283574,SEMA5A;CEBPA;PTPRU;TES;CTBP2;FBLN1;ADRA1A;PTHLH;GPNMB;CLMN;TNFRSF8;IGFBP7;NOS1;DRD2;EPHB2;CD34;TNS2;TGFB2;SUSD2;P3H2;NMI;SSTR1;PODN;SMAD6;ST18;MYO16;ESR2;VAMP8;BMP4;CDK6;PSRC1;DLC1;NOX4;CDH13;GMNC;INSM1;GSDME,anterior_up
GO_Biological_Process_2021,microtubule bundle formation (GO:0001578),4/45,0.2694534203303556,0.8176344585040946,0,0,1.569244904777815,2.057844591793563,SPAG16;RSPH4A;TPPP3;PSRC1,anterior_up
GO_Biological_Process_2021,cellular component assembly (GO:0022607),18/261,0.270917624194565,0.8176344585040946,0,0,1.192952050837666,1.557924366816537,SPAG16;SPAG17;RSPH4A;TEX11;FAM107A;PARVB;REC8;EPS8;SYCE2;OCLN;LRRTM3;PKP2;PLS3;NCKAP1L;KNTC1;HES1;LCP1;PLS1,anterior_up
GO_Biological_Process_2021,aminoglycan catabolic process (GO:0006026),3/31,0.2721771021097325,0.8176344585040946,0,0,1.7230844433581816,2.2422537731340193,GPC3;GPC4;GPC6,anterior_up
GO_Biological_Process_2021,cellular response to cAMP (GO:0071320),3/31,0.2721771021097325,0.8176344585040946,0,0,1.7230844433581816,2.2422537731340193,IGFBP5;RAPGEF3;SLC5A5,anterior_up
GO_Biological_Process_2021,negative regulation of peptidyl-tyrosine phosphorylation (GO:0050732),3/31,0.2721771021097325,0.8176344585040946,0,0,1.7230844433581816,2.2422537731340193,CD300A;CAV1;NTF3,anterior_up
GO_Biological_Process_2021,negative regulation of response to DNA damage stimulus (GO:2001021),3/31,0.2721771021097325,0.8176344585040946,0,0,1.7230844433581816,2.2422537731340193,CXCL12;ACKR3;SNAI2,anterior_up
GO_Biological_Process_2021,phospholipid translocation (GO:0045332),3/31,0.2721771021097325,0.8176344585040946,0,0,1.7230844433581816,2.2422537731340193,ATP8B1;PLSCR4;MFSD2A,anterior_up
GO_Biological_Process_2021,positive regulation of Rho protein signal transduction (GO:0035025),3/31,0.2721771021097325,0.8176344585040946,0,0,1.7230844433581816,2.2422537731340193,PRAG1;LPAR1;ROBO1,anterior_up
GO_Biological_Process_2021,regulation of cellular component size (GO:0032535),3/31,0.2721771021097325,0.8176344585040946,0,0,1.7230844433581816,2.2422537731340193,RAB3B;EPS8;VAV2,anterior_up
GO_Biological_Process_2021,regulation of transmembrane receptor protein serine/threonine kinase signaling pathway (GO:0090092),3/31,0.2721771021097325,0.8176344585040946,0,0,1.7230844433581816,2.2422537731340193,LATS2;PCSK6;DKK3,anterior_up
GO_Biological_Process_2021,vitamin transport (GO:0051180),3/31,0.2721771021097325,0.8176344585040946,0,0,1.7230844433581816,2.2422537731340193,SLC35F3;TTPA;FOLR2,anterior_up
GO_Biological_Process_2021,Notch signaling pathway (GO:0007219),5/60,0.2745479764814861,0.8176344585040946,0,0,1.462413336449326,1.8903582624653248,NOTCH2;JAG1;SNAI2;HES1;DTX4,anterior_up
GO_Biological_Process_2021,positive regulation of binding (GO:0051099),7/90,0.2751413087035492,0.8176344585040946,0,0,1.3569988106934174,1.7511668841503305,BMP4;TCF7L2;EPB41;CAV1;PPARG;HES1;MET,anterior_up
GO_Biological_Process_2021,negative regulation of protein phosphorylation (GO:0001933),11/152,0.2785727004061158,0.8176344585040946,0,0,1.25568567082669,1.6048619842888496,OCLN;CAV1;NTF3;FBLN1;PRR5L;INSM1;EPHB2;SMAD6;PTPN13;PPEF2;KLHL31,anterior_up
GO_Biological_Process_2021,"DNA-templated transcription, initiation (GO:0006352)",12/168,0.2811352090028127,0.8176344585040946,0,0,1.2381962864721483,1.5711714802700547,NOTCH2;NR4A2;TEAD4;HNF4G;RARB;E2F2;PPARG;RORB;PPARA;ESR1;RXRG;ESR2,anterior_up
GO_Biological_Process_2021,cellular response to peptide hormone stimulus (GO:0071375),8/106,0.2818231771669255,0.8176344585040946,0,0,1.3135563503752017,1.663586851595793,NR4A2;TBC1D4;CAV1;INHBB;PPARG;FOXO1;NFKB1;TSHR,anterior_up
GO_Biological_Process_2021,regulation of phosphatidylinositol 3-kinase signaling (GO:0014066),8/106,0.2818231771669255,0.8176344585040946,0,0,1.3135563503752017,1.663586851595793,TGFB2;HGF;KIT;NTF3;ROR1;PTPN13;EPOR;FGFR1,anterior_up
GO_Biological_Process_2021,positive regulation of nucleocytoplasmic transport (GO:0046824),4/46,0.2827114716667941,0.8176344585040946,0,0,1.5318003913894325,1.9351669929698463,TCF7L2;MAVS;ZIC1;RAPGEF3,anterior_up
GO_Biological_Process_2021,regulation of B cell proliferation (GO:0030888),4/46,0.2827114716667941,0.8176344585040946,0,0,1.5318003913894325,1.9351669929698463,CD300A;NFATC2;NCKAP1L;EPHB2,anterior_up
GO_Biological_Process_2021,regulation of cellular protein localization (GO:1903827),4/46,0.2827114716667941,0.8176344585040946,0,0,1.5318003913894325,1.9351669929698463,GPC3;GPC4;LCP1;GPC6,anterior_up
GO_Biological_Process_2021,regulation of fibroblast proliferation (GO:0048145),4/46,0.2827114716667941,0.8176344585040946,0,0,1.5318003913894325,1.9351669929698463,CDK6;CD300A;S100A6;WNT2,anterior_up
GO_Biological_Process_2021,"regulation of synaptic transmission, glutamatergic (GO:0051966)",4/46,0.2827114716667941,0.8176344585040946,0,0,1.5318003913894325,1.9351669929698463,RELN;TSHZ3;DRD1;DRD2,anterior_up
GO_Biological_Process_2021,carbohydrate derivative transport (GO:1901264),2/18,0.2849010174838419,0.8176344585040946,0,0,2.00982905982906,2.5235684321061864,LBP;MFSD2A,anterior_up
GO_Biological_Process_2021,cellular response to alkaloid (GO:0071312),2/18,0.2849010174838419,0.8176344585040946,0,0,2.00982905982906,2.5235684321061864,GSTM2;RYR3,anterior_up
GO_Biological_Process_2021,cellular response to dsRNA (GO:0071359),2/18,0.2849010174838419,0.8176344585040946,0,0,2.00982905982906,2.5235684321061864,MAVS;CAV1,anterior_up
GO_Biological_Process_2021,cellular response to glucocorticoid stimulus (GO:0071385),2/18,0.2849010174838419,0.8176344585040946,0,0,2.00982905982906,2.5235684321061864,BCL2L11;FAM107A,anterior_up
GO_Biological_Process_2021,cellular response to zinc ion (GO:0071294),2/18,0.2849010174838419,0.8176344585040946,0,0,2.00982905982906,2.5235684321061864,GLRA2;P2RX4,anterior_up
GO_Biological_Process_2021,dendritic cell migration (GO:0036336),2/18,0.2849010174838419,0.8176344585040946,0,0,2.00982905982906,2.5235684321061864,EPS8;TRPM4,anterior_up
GO_Biological_Process_2021,embryonic axis specification (GO:0000578),2/18,0.2849010174838419,0.8176344585040946,0,0,2.00982905982906,2.5235684321061864,FZD5;SMAD6,anterior_up
GO_Biological_Process_2021,fluid transport (GO:0042044),2/18,0.2849010174838419,0.8176344585040946,0,0,2.00982905982906,2.5235684321061864,SLC4A11;AQP4,anterior_up
GO_Biological_Process_2021,G protein-coupled acetylcholine receptor signaling pathway (GO:0007213),2/18,0.2849010174838419,0.8176344585040946,0,0,2.00982905982906,2.5235684321061864,CHRM2;RGS8,anterior_up
GO_Biological_Process_2021,glycoprotein catabolic process (GO:0006516),2/18,0.2849010174838419,0.8176344585040946,0,0,2.00982905982906,2.5235684321061864,MANBA;ADAMTS9,anterior_up
GO_Biological_Process_2021,high-density lipoprotein particle remodeling (GO:0034375),2/18,0.2849010174838419,0.8176344585040946,0,0,2.00982905982906,2.5235684321061864,LIPC;LIPG,anterior_up
GO_Biological_Process_2021,hyaluronan catabolic process (GO:0030214),2/18,0.2849010174838419,0.8176344585040946,0,0,2.00982905982906,2.5235684321061864,STAB2;HMMR,anterior_up
GO_Biological_Process_2021,interleukin-6-mediated signaling pathway (GO:0070102),2/18,0.2849010174838419,0.8176344585040946,0,0,2.00982905982906,2.5235684321061864,CEBPA;ST18,anterior_up
GO_Biological_Process_2021,intracellular estrogen receptor signaling pathway (GO:0030520),2/18,0.2849010174838419,0.8176344585040946,0,0,2.00982905982906,2.5235684321061864,ESR1;ESR2,anterior_up
GO_Biological_Process_2021,negative regulation of lipid catabolic process (GO:0050995),2/18,0.2849010174838419,0.8176344585040946,0,0,2.00982905982906,2.5235684321061864,CIDEA;MFSD2A,anterior_up
GO_Biological_Process_2021,negative regulation of Rho protein signal transduction (GO:0035024),2/18,0.2849010174838419,0.8176344585040946,0,0,2.00982905982906,2.5235684321061864,DLC1;MET,anterior_up
GO_Biological_Process_2021,nitric oxide mediated signal transduction (GO:0007263),2/18,0.2849010174838419,0.8176344585040946,0,0,2.00982905982906,2.5235684321061864,KCNC2;NOS1,anterior_up
GO_Biological_Process_2021,outer dynein arm assembly (GO:0036158),2/18,0.2849010174838419,0.8176344585040946,0,0,2.00982905982906,2.5235684321061864,DNAH8;DNAAF1,anterior_up
GO_Biological_Process_2021,positive regulation of amyloid-beta formation (GO:1902004),2/18,0.2849010174838419,0.8176344585040946,0,0,2.00982905982906,2.5235684321061864,EFNA1;LRRTM3,anterior_up
GO_Biological_Process_2021,positive regulation of cartilage development (GO:0061036),2/18,0.2849010174838419,0.8176344585040946,0,0,2.00982905982906,2.5235684321061864,BMP4;ZBTB16,anterior_up
GO_Biological_Process_2021,positive regulation of cell adhesion mediated by integrin (GO:0033630),2/18,0.2849010174838419,0.8176344585040946,0,0,2.00982905982906,2.5235684321061864,TGFB2;NCKAP1L,anterior_up
GO_Biological_Process_2021,positive regulation of CREB transcription factor activity (GO:0032793),2/18,0.2849010174838419,0.8176344585040946,0,0,2.00982905982906,2.5235684321061864,OPRD1;RELN,anterior_up
GO_Biological_Process_2021,positive regulation of fatty acid metabolic process (GO:0045923),2/18,0.2849010174838419,0.8176344585040946,0,0,2.00982905982906,2.5235684321061864,PPARG;PPARA,anterior_up
GO_Biological_Process_2021,positive regulation of glial cell differentiation (GO:0045687),2/18,0.2849010174838419,0.8176344585040946,0,0,2.00982905982906,2.5235684321061864,PTPRZ1;HES1,anterior_up
GO_Biological_Process_2021,positive regulation of stress-activated protein kinase signaling cascade (GO:0070304),2/18,0.2849010174838419,0.8176344585040946,0,0,2.00982905982906,2.5235684321061864,TGFB2;INAVA,anterior_up
GO_Biological_Process_2021,presynapse assembly (GO:0099054),2/18,0.2849010174838419,0.8176344585040946,0,0,2.00982905982906,2.5235684321061864,LRRTM3;LRP4,anterior_up
GO_Biological_Process_2021,prostanoid metabolic process (GO:0006692),2/18,0.2849010174838419,0.8176344585040946,0,0,2.00982905982906,2.5235684321061864,GSTM1;PTGS1,anterior_up
GO_Biological_Process_2021,regulation of brown fat cell differentiation (GO:0090335),2/18,0.2849010174838419,0.8176344585040946,0,0,2.00982905982906,2.5235684321061864,METRNL;RREB1,anterior_up
GO_Biological_Process_2021,regulation of delayed rectifier potassium channel activity (GO:1902259),2/18,0.2849010174838419,0.8176344585040946,0,0,2.00982905982906,2.5235684321061864,KCNE3;KCNAB1,anterior_up
GO_Biological_Process_2021,regulation of multicellular organism growth (GO:0040014),2/18,0.2849010174838419,0.8176344585040946,0,0,2.00982905982906,2.5235684321061864,GHRH;MFSD2A,anterior_up
GO_Biological_Process_2021,regulation of production of miRNAs involved in gene silencing by miRNA (GO:1903798),2/18,0.2849010174838419,0.8176344585040946,0,0,2.00982905982906,2.5235684321061864,BMP4;ESR1,anterior_up
GO_Biological_Process_2021,regulation of protein sumoylation (GO:0033233),2/18,0.2849010174838419,0.8176344585040946,0,0,2.00982905982906,2.5235684321061864,RASD2;RWDD3,anterior_up
GO_Biological_Process_2021,regulation of vascular endothelial cell proliferation (GO:1905562),2/18,0.2849010174838419,0.8176344585040946,0,0,2.00982905982906,2.5235684321061864,PPARG;FGFR1,anterior_up
GO_Biological_Process_2021,"synaptic transmission, glutamatergic (GO:0035249)",2/18,0.2849010174838419,0.8176344585040946,0,0,2.00982905982906,2.5235684321061864,UNC13C;GRID2,anterior_up
GO_Biological_Process_2021,positive regulation of DNA biosynthetic process (GO:2000573),5/61,0.2860149150791917,0.8176344585040946,0,0,1.4362223038315582,1.797735714156186,SMOC2;HGF;NEK7;CHTF18;MAPK15,anterior_up
GO_Biological_Process_2021,epithelium development (GO:0060429),9/122,0.2866679662615936,0.8176344585040946,0,0,1.2816639907471523,1.6013502665585293,ANXA4;SNAI2;TAGLN2;ALDOC;PPARG;WNT2;CD34;MFSD2A;FGF10,anterior_up
GO_Biological_Process_2021,activation of phospholipase C activity (GO:0007202),3/32,0.2884285018842517,0.8176344585040946,0,0,1.6635792454499867,2.0683414690769246,LPAR1;HTR2A;ADRA1A,anterior_up
GO_Biological_Process_2021,hematopoietic progenitor cell differentiation (GO:0002244),3/32,0.2884285018842517,0.8176344585040946,0,0,1.6635792454499867,2.0683414690769246,BMP4;FLT4;KIT,anterior_up
GO_Biological_Process_2021,liver development (GO:0001889),3/32,0.2884285018842517,0.8176344585040946,0,0,1.6635792454499867,2.0683414690769246,CEBPA;DNAAF1;MET,anterior_up
GO_Biological_Process_2021,long-chain fatty acid transport (GO:0015909),3/32,0.2884285018842517,0.8176344585040946,0,0,1.6635792454499867,2.0683414690769246,PPARG;ACACB;MFSD2A,anterior_up
GO_Biological_Process_2021,membrane depolarization (GO:0051899),3/32,0.2884285018842517,0.8176344585040946,0,0,1.6635792454499867,2.0683414690769246,P2RX4;CAV1;SCN5A,anterior_up
GO_Biological_Process_2021,positive regulation of interleukin-10 production (GO:0032733),3/32,0.2884285018842517,0.8176344585040946,0,0,1.6635792454499867,2.0683414690769246,CD28;CD34;INAVA,anterior_up
GO_Biological_Process_2021,regulation of dendritic spine morphogenesis (GO:0061001),3/32,0.2884285018842517,0.8176344585040946,0,0,1.6635792454499867,2.0683414690769246,EFNA1;RELN;PDLIM5,anterior_up
GO_Biological_Process_2021,regulation of intracellular protein transport (GO:0033157),3/32,0.2884285018842517,0.8176344585040946,0,0,1.6635792454499867,2.0683414690769246,BMP4;PRR5L;LCP1,anterior_up
GO_Biological_Process_2021,regulation of wound healing (GO:0061041),4/47,0.2960643051478472,0.8176344585040946,0,0,1.4960974832749283,1.8210178418492489,OCLN;CAV1;EPHB2;CLDN1,anterior_up
GO_Biological_Process_2021,negative regulation of developmental process (GO:0051093),6/77,0.2963539021786298,0.8176344585040946,0,0,1.3594327543304423,1.6533433710743497,BMP4;CDK6;GRIN3A;ARHGEF15;NFIB;RAPGEF3,anterior_up
GO_Biological_Process_2021,positive regulation of protein modification by small protein conjugation or removal (GO:1903322),6/77,0.2963539021786298,0.8176344585040946,0,0,1.3594327543304423,1.6533433710743497,RASD2;RWDD3;CAV1;FAM107A;INAVA;BIRC3,anterior_up
GO_Biological_Process_2021,potassium ion transmembrane transport (GO:0071805),10/139,0.2978136917677263,0.8176344585040946,0,0,1.2474482648200778,1.511018095135111,KCNG2;KCNG3;KCNH6;KCNE3;KCNC2;KCNB2;KCNQ5;KCNAB1;KCNA5;SLC12A7,anterior_up
GO_Biological_Process_2021,positive regulation of I-kappaB kinase/NF-kappaB signaling (GO:0043123),12/171,0.3015895379630291,0.8176344585040946,0,0,1.2146389069616137,1.4559734852484645,MAVS;NEK6;PELI2;LPAR1;HMOX1;ROR1;S100A4;CFLAR;ALPK1;S100B;INAVA;BIRC3,anterior_up
GO_Biological_Process_2021,regulation of tumor necrosis factor production (GO:0032680),9/124,0.3028291396621666,0.8176344585040946,0,0,1.2592395977419717,1.50427065901948,MAVS;FZD5;CIDEA;TNFRSF8;LPL;LBP;EPHB2;RASGRP1;CD34,anterior_up
GO_Biological_Process_2021,positive regulation of peptidyl-serine phosphorylation (GO:0033138),7/93,0.3031774772090305,0.8176344585040946,0,0,1.3094520411218684,1.5627483998244518,OPRD1;RAMP3;CALCR;CAV1;NTF3;NOS1;RAPGEF3,anterior_up
GO_Biological_Process_2021,activation of Janus kinase activity (GO:0042976),1/6,0.3039744455873373,0.8176344585040946,0,0,3.214859094790777,3.828291636428593,PRLR,anterior_up
GO_Biological_Process_2021,adherens junction maintenance (GO:0034334),1/6,0.3039744455873373,0.8176344585040946,0,0,3.214859094790777,3.828291636428593,INAVA,anterior_up
GO_Biological_Process_2021,"anterior/posterior axis specification, embryo (GO:0008595)",1/6,0.3039744455873373,0.8176344585040946,0,0,3.214859094790777,3.828291636428593,FZD5,anterior_up
GO_Biological_Process_2021,astrocyte development (GO:0014002),1/6,0.3039744455873373,0.8176344585040946,0,0,3.214859094790777,3.828291636428593,CDK6,anterior_up
GO_Biological_Process_2021,cellular response to cold (GO:0070417),1/6,0.3039744455873373,0.8176344585040946,0,0,3.214859094790777,3.828291636428593,FOXO1,anterior_up
GO_Biological_Process_2021,cellular response to lipoteichoic acid (GO:0071223),1/6,0.3039744455873373,0.8176344585040946,0,0,3.214859094790777,3.828291636428593,LBP,anterior_up
GO_Biological_Process_2021,cellular response to magnesium ion (GO:0071286),1/6,0.3039744455873373,0.8176344585040946,0,0,3.214859094790777,3.828291636428593,RYR3,anterior_up
GO_Biological_Process_2021,cellular water homeostasis (GO:0009992),1/6,0.3039744455873373,0.8176344585040946,0,0,3.214859094790777,3.828291636428593,AQP4,anterior_up
GO_Biological_Process_2021,chondrocyte development (GO:0002063),1/6,0.3039744455873373,0.8176344585040946,0,0,3.214859094790777,3.828291636428593,SULF2,anterior_up
GO_Biological_Process_2021,determination of liver left/right asymmetry (GO:0071910),1/6,0.3039744455873373,0.8176344585040946,0,0,3.214859094790777,3.828291636428593,DNAAF1,anterior_up
GO_Biological_Process_2021,ear development (GO:0043583),1/6,0.3039744455873373,0.8176344585040946,0,0,3.214859094790777,3.828291636428593,STRA6,anterior_up
GO_Biological_Process_2021,establishment of planar polarity (GO:0001736),1/6,0.3039744455873373,0.8176344585040946,0,0,3.214859094790777,3.828291636428593,CELSR1,anterior_up
GO_Biological_Process_2021,foam cell differentiation (GO:0090077),1/6,0.3039744455873373,0.8176344585040946,0,0,3.214859094790777,3.828291636428593,PPARG,anterior_up
GO_Biological_Process_2021,galactolipid biosynthetic process (GO:0019375),1/6,0.3039744455873373,0.8176344585040946,0,0,3.214859094790777,3.828291636428593,B3GALT2,anterior_up
GO_Biological_Process_2021,galactosylceramide biosynthetic process (GO:0006682),1/6,0.3039744455873373,0.8176344585040946,0,0,3.214859094790777,3.828291636428593,B3GALT2,anterior_up
GO_Biological_Process_2021,glandular epithelial cell differentiation (GO:0002067),1/6,0.3039744455873373,0.8176344585040946,0,0,3.214859094790777,3.828291636428593,INSM1,anterior_up
GO_Biological_Process_2021,glomerulus vasculature development (GO:0072012),1/6,0.3039744455873373,0.8176344585040946,0,0,3.214859094790777,3.828291636428593,CD34,anterior_up
GO_Biological_Process_2021,glycosylceramide metabolic process (GO:0006677),1/6,0.3039744455873373,0.8176344585040946,0,0,3.214859094790777,3.828291636428593,ST6GALNAC3,anterior_up
GO_Biological_Process_2021,growth hormone secretion (GO:0030252),1/6,0.3039744455873373,0.8176344585040946,0,0,3.214859094790777,3.828291636428593,GHRH,anterior_up
GO_Biological_Process_2021,hexose import across plasma membrane (GO:0140271),1/6,0.3039744455873373,0.8176344585040946,0,0,3.214859094790777,3.828291636428593,SLC2A5,anterior_up
GO_Biological_Process_2021,histamine metabolic process (GO:0001692),1/6,0.3039744455873373,0.8176344585040946,0,0,3.214859094790777,3.828291636428593,TRH,anterior_up
GO_Biological_Process_2021,hydrogen sulfide metabolic process (GO:0070813),1/6,0.3039744455873373,0.8176344585040946,0,0,3.214859094790777,3.828291636428593,CTH,anterior_up
GO_Biological_Process_2021,imitative learning (GO:0098596),1/6,0.3039744455873373,0.8176344585040946,0,0,3.214859094790777,3.828291636428593,STRA6,anterior_up
GO_Biological_Process_2021,inner ear auditory receptor cell differentiation (GO:0042491),1/6,0.3039744455873373,0.8176344585040946,0,0,3.214859094790777,3.828291636428593,PDZD7,anterior_up
GO_Biological_Process_2021,L-arginine transmembrane transport (GO:1903400),1/6,0.3039744455873373,0.8176344585040946,0,0,3.214859094790777,3.828291636428593,SLC7A3,anterior_up
GO_Biological_Process_2021,L-ornithine transmembrane transport (GO:1903352),1/6,0.3039744455873373,0.8176344585040946,0,0,3.214859094790777,3.828291636428593,SLC7A3,anterior_up
GO_Biological_Process_2021,L-serine biosynthetic process (GO:0006564),1/6,0.3039744455873373,0.8176344585040946,0,0,3.214859094790777,3.828291636428593,PHGDH,anterior_up
GO_Biological_Process_2021,macrophage derived foam cell differentiation (GO:0010742),1/6,0.3039744455873373,0.8176344585040946,0,0,3.214859094790777,3.828291636428593,PPARG,anterior_up
GO_Biological_Process_2021,maintenance of DNA repeat elements (GO:0043570),1/6,0.3039744455873373,0.8176344585040946,0,0,3.214859094790777,3.828291636428593,TCF7L2,anterior_up
GO_Biological_Process_2021,mesenchymal to epithelial transition involved in metanephros morphogenesis (GO:0003337),1/6,0.3039744455873373,0.8176344585040946,0,0,3.214859094790777,3.828291636428593,BMP4,anterior_up
GO_Biological_Process_2021,metanephric collecting duct development (GO:0072205),1/6,0.3039744455873373,0.8176344585040946,0,0,3.214859094790777,3.828291636428593,BMP4,anterior_up
GO_Biological_Process_2021,multinuclear osteoclast differentiation (GO:0072674),1/6,0.3039744455873373,0.8176344585040946,0,0,3.214859094790777,3.828291636428593,TNFRSF11A,anterior_up
GO_Biological_Process_2021,N-acetylneuraminate catabolic process (GO:0019262),1/6,0.3039744455873373,0.8176344585040946,0,0,3.214859094790777,3.828291636428593,NPL,anterior_up
GO_Biological_Process_2021,negative regulation of amino acid transport (GO:0051956),1/6,0.3039744455873373,0.8176344585040946,0,0,3.214859094790777,3.828291636428593,TRH,anterior_up
GO_Biological_Process_2021,negative regulation of amyloid precursor protein biosynthetic process (GO:0042985),1/6,0.3039744455873373,0.8176344585040946,0,0,3.214859094790777,3.828291636428593,BACE2,anterior_up
GO_Biological_Process_2021,negative regulation of anion transport (GO:1903792),1/6,0.3039744455873373,0.8176344585040946,0,0,3.214859094790777,3.828291636428593,TRH,anterior_up
GO_Biological_Process_2021,negative regulation of astrocyte differentiation (GO:0048712),1/6,0.3039744455873373,0.8176344585040946,0,0,3.214859094790777,3.828291636428593,LDLR,anterior_up
GO_Biological_Process_2021,negative regulation of B cell receptor signaling pathway (GO:0050859),1/6,0.3039744455873373,0.8176344585040946,0,0,3.214859094790777,3.828291636428593,CD300A,anterior_up
GO_Biological_Process_2021,negative regulation of blood vessel endothelial cell proliferation involved in sprouting angiogenesis (GO:1903588),1/6,0.3039744455873373,0.8176344585040946,0,0,3.214859094790777,3.828291636428593,IL12A,anterior_up
GO_Biological_Process_2021,negative regulation of cardiac muscle cell differentiation (GO:2000726),1/6,0.3039744455873373,0.8176344585040946,0,0,3.214859094790777,3.828291636428593,FZD7,anterior_up
GO_Biological_Process_2021,negative regulation of cellular extravasation (GO:0002692),1/6,0.3039744455873373,0.8176344585040946,0,0,3.214859094790777,3.828291636428593,CXCL12,anterior_up
GO_Biological_Process_2021,negative regulation of cellular response to hypoxia (GO:1900038),1/6,0.3039744455873373,0.8176344585040946,0,0,3.214859094790777,3.828291636428593,CD34,anterior_up
GO_Biological_Process_2021,negative regulation of chemokine-mediated signaling pathway (GO:0070100),1/6,0.3039744455873373,0.8176344585040946,0,0,3.214859094790777,3.828291636428593,ROBO1,anterior_up
GO_Biological_Process_2021,negative regulation of cytosolic calcium ion concentration (GO:0051481),1/6,0.3039744455873373,0.8176344585040946,0,0,3.214859094790777,3.828291636428593,DRD2,anterior_up
GO_Biological_Process_2021,negative regulation of excitatory postsynaptic potential (GO:0090394),1/6,0.3039744455873373,0.8176344585040946,0,0,3.214859094790777,3.828291636428593,CBLN1,anterior_up
GO_Biological_Process_2021,negative regulation of glial cell proliferation (GO:0060253),1/6,0.3039744455873373,0.8176344585040946,0,0,3.214859094790777,3.828291636428593,HES1,anterior_up
GO_Biological_Process_2021,negative regulation of hematopoietic progenitor cell differentiation (GO:1901533),1/6,0.3039744455873373,0.8176344585040946,0,0,3.214859094790777,3.828291636428593,TCF15,anterior_up
GO_Biological_Process_2021,negative regulation of mast cell activation (GO:0033004),1/6,0.3039744455873373,0.8176344585040946,0,0,3.214859094790777,3.828291636428593,CD300A,anterior_up
GO_Biological_Process_2021,negative regulation of morphogenesis of an epithelium (GO:1905331),1/6,0.3039744455873373,0.8176344585040946,0,0,3.214859094790777,3.828291636428593,BMP4,anterior_up
GO_Biological_Process_2021,negative regulation of myeloid leukocyte mediated immunity (GO:0002887),1/6,0.3039744455873373,0.8176344585040946,0,0,3.214859094790777,3.828291636428593,CD300A,anterior_up
GO_Biological_Process_2021,negative regulation of T cell differentiation in thymus (GO:0033085),1/6,0.3039744455873373,0.8176344585040946,0,0,3.214859094790777,3.828291636428593,BMP4,anterior_up
GO_Biological_Process_2021,negative regulation of trophoblast cell migration (GO:1901164),1/6,0.3039744455873373,0.8176344585040946,0,0,3.214859094790777,3.828291636428593,ACVR1C,anterior_up
GO_Biological_Process_2021,nephric duct morphogenesis (GO:0072178),1/6,0.3039744455873373,0.8176344585040946,0,0,3.214859094790777,3.828291636428593,GPC3,anterior_up
GO_Biological_Process_2021,nephron tubule development (GO:0072080),1/6,0.3039744455873373,0.8176344585040946,0,0,3.214859094790777,3.828291636428593,HNF1B,anterior_up
GO_Biological_Process_2021,norepinephrine biosynthetic process (GO:0042421),1/6,0.3039744455873373,0.8176344585040946,0,0,3.214859094790777,3.828291636428593,INSM1,anterior_up
GO_Biological_Process_2021,norepinephrine transport (GO:0015874),1/6,0.3039744455873373,0.8176344585040946,0,0,3.214859094790777,3.828291636428593,SLC22A1,anterior_up
GO_Biological_Process_2021,plasma membrane raft assembly (GO:0044854),1/6,0.3039744455873373,0.8176344585040946,0,0,3.214859094790777,3.828291636428593,CAV1,anterior_up
GO_Biological_Process_2021,positive regulation of animal organ morphogenesis (GO:0110110),1/6,0.3039744455873373,0.8176344585040946,0,0,3.214859094790777,3.828291636428593,CD34,anterior_up
GO_Biological_Process_2021,positive regulation of anion transport (GO:1903793),1/6,0.3039744455873373,0.8176344585040946,0,0,3.214859094790777,3.828291636428593,TRH,anterior_up
GO_Biological_Process_2021,positive regulation of autophagosome maturation (GO:1901098),1/6,0.3039744455873373,0.8176344585040946,0,0,3.214859094790777,3.828291636428593,ADRB2,anterior_up
GO_Biological_Process_2021,positive regulation of cholesterol storage (GO:0010886),1/6,0.3039744455873373,0.8176344585040946,0,0,3.214859094790777,3.828291636428593,LPL,anterior_up
GO_Biological_Process_2021,positive regulation of endoplasmic reticulum stress-induced intrinsic apoptotic signaling pathway (GO:1902237),1/6,0.3039744455873373,0.8176344585040946,0,0,3.214859094790777,3.828291636428593,BCL2L11,anterior_up
GO_Biological_Process_2021,positive regulation of fever generation (GO:0031622),1/6,0.3039744455873373,0.8176344585040946,0,0,3.214859094790777,3.828291636428593,TNFRSF11A,anterior_up
GO_Biological_Process_2021,positive regulation of gap junction assembly (GO:1903598),1/6,0.3039744455873373,0.8176344585040946,0,0,3.214859094790777,3.828291636428593,CAV1,anterior_up
GO_Biological_Process_2021,positive regulation of heart rate by epinephrine-norepinephrine (GO:0001996),1/6,0.3039744455873373,0.8176344585040946,0,0,3.214859094790777,3.828291636428593,ADRA1A,anterior_up
GO_Biological_Process_2021,positive regulation of ion transmembrane transport (GO:0034767),1/6,0.3039744455873373,0.8176344585040946,0,0,3.214859094790777,3.828291636428593,TRPC6,anterior_up
GO_Biological_Process_2021,positive regulation of kidney development (GO:0090184),1/6,0.3039744455873373,0.8176344585040946,0,0,3.214859094790777,3.828291636428593,BMP4,anterior_up
GO_Biological_Process_2021,positive regulation of lipoprotein particle clearance (GO:0010986),1/6,0.3039744455873373,0.8176344585040946,0,0,3.214859094790777,3.828291636428593,LIPG,anterior_up
GO_Biological_Process_2021,positive regulation of natural killer cell mediated cytotoxicity directed against tumor cell target (GO:0002860),1/6,0.3039744455873373,0.8176344585040946,0,0,3.214859094790777,3.828291636428593,IL12A,anterior_up
GO_Biological_Process_2021,positive regulation of natural killer cell mediated immune response to tumor cell (GO:0002857),1/6,0.3039744455873373,0.8176344585040946,0,0,3.214859094790777,3.828291636428593,IL12A,anterior_up
GO_Biological_Process_2021,positive regulation of neurotransmitter secretion (GO:0001956),1/6,0.3039744455873373,0.8176344585040946,0,0,3.214859094790777,3.828291636428593,BAIAP3,anterior_up
GO_Biological_Process_2021,positive regulation of sterol transport (GO:0032373),1/6,0.3039744455873373,0.8176344585040946,0,0,3.214859094790777,3.828291636428593,LIPG,anterior_up
GO_Biological_Process_2021,positive regulation of toll-like receptor 3 signaling pathway (GO:0034141),1/6,0.3039744455873373,0.8176344585040946,0,0,3.214859094790777,3.828291636428593,CAV1,anterior_up
GO_Biological_Process_2021,presynaptic active zone organization (GO:1990709),1/6,0.3039744455873373,0.8176344585040946,0,0,3.214859094790777,3.828291636428593,CAST,anterior_up
GO_Biological_Process_2021,pronephros development (GO:0048793),1/6,0.3039744455873373,0.8176344585040946,0,0,3.214859094790777,3.828291636428593,HNF1B,anterior_up
GO_Biological_Process_2021,protein insertion into mitochondrial membrane involved in apoptotic signaling pathway (GO:0001844),1/6,0.3039744455873373,0.8176344585040946,0,0,3.214859094790777,3.828291636428593,BCL2L11,anterior_up
GO_Biological_Process_2021,protein localization to ciliary transition zone (GO:1904491),1/6,0.3039744455873373,0.8176344585040946,0,0,3.214859094790777,3.828291636428593,MAPK15,anterior_up
GO_Biological_Process_2021,protein sulfation (GO:0006477),1/6,0.3039744455873373,0.8176344585040946,0,0,3.214859094790777,3.828291636428593,CHST5,anterior_up
GO_Biological_Process_2021,protein-DNA covalent cross-linking repair (GO:0106300),1/6,0.3039744455873373,0.8176344585040946,0,0,3.214859094790777,3.828291636428593,FAM111A,anterior_up
GO_Biological_Process_2021,purine ribonucleoside catabolic process (GO:0046130),1/6,0.3039744455873373,0.8176344585040946,0,0,3.214859094790777,3.828291636428593,ADA,anterior_up
GO_Biological_Process_2021,regulation of adipose tissue development (GO:1904177),1/6,0.3039744455873373,0.8176344585040946,0,0,3.214859094790777,3.828291636428593,TRPM4,anterior_up
GO_Biological_Process_2021,regulation of blood vessel remodeling (GO:0060312),1/6,0.3039744455873373,0.8176344585040946,0,0,3.214859094790777,3.828291636428593,FLT4,anterior_up
GO_Biological_Process_2021,regulation of cellular response to hypoxia (GO:1900037),1/6,0.3039744455873373,0.8176344585040946,0,0,3.214859094790777,3.828291636428593,CD34,anterior_up
GO_Biological_Process_2021,regulation of DNA demethylation (GO:1901535),1/6,0.3039744455873373,0.8176344585040946,0,0,3.214859094790777,3.828291636428593,TOX,anterior_up
GO_Biological_Process_2021,regulation of glutamate receptor signaling pathway (GO:1900449),1/6,0.3039744455873373,0.8176344585040946,0,0,3.214859094790777,3.828291636428593,NECAB2,anterior_up
GO_Biological_Process_2021,regulation of hematopoietic stem cell proliferation (GO:1902033),1/6,0.3039744455873373,0.8176344585040946,0,0,3.214859094790777,3.828291636428593,THPO,anterior_up
GO_Biological_Process_2021,regulation of hormone biosynthetic process (GO:0046885),1/6,0.3039744455873373,0.8176344585040946,0,0,3.214859094790777,3.828291636428593,STC2,anterior_up
GO_Biological_Process_2021,regulation of hyaluronan biosynthetic process (GO:1900125),1/6,0.3039744455873373,0.8176344585040946,0,0,3.214859094790777,3.828291636428593,NFKB1,anterior_up
GO_Biological_Process_2021,regulation of immature T cell proliferation in thymus (GO:0033084),1/6,0.3039744455873373,0.8176344585040946,0,0,3.214859094790777,3.828291636428593,BMP4,anterior_up
GO_Biological_Process_2021,regulation of interleukin-1-mediated signaling pathway (GO:2000659),1/6,0.3039744455873373,0.8176344585040946,0,0,3.214859094790777,3.828291636428593,VRK2,anterior_up
GO_Biological_Process_2021,regulation of mast cell chemotaxis (GO:0060753),1/6,0.3039744455873373,0.8176344585040946,0,0,3.214859094790777,3.828291636428593,VEGFD,anterior_up
GO_Biological_Process_2021,regulation of neutrophil extravasation (GO:2000389),1/6,0.3039744455873373,0.8176344585040946,0,0,3.214859094790777,3.828291636428593,OLFM4,anterior_up
GO_Biological_Process_2021,regulation of non-motile cilium assembly (GO:1902855),1/6,0.3039744455873373,0.8176344585040946,0,0,3.214859094790777,3.828291636428593,HAP1,anterior_up
GO_Biological_Process_2021,regulation of pro-B cell differentiation (GO:2000973),1/6,0.3039744455873373,0.8176344585040946,0,0,3.214859094790777,3.828291636428593,HES1,anterior_up
GO_Biological_Process_2021,regulation of relaxation of cardiac muscle (GO:1901897),1/6,0.3039744455873373,0.8176344585040946,0,0,3.214859094790777,3.828291636428593,PLN,anterior_up
GO_Biological_Process_2021,regulation of thymocyte apoptotic process (GO:0070243),1/6,0.3039744455873373,0.8176344585040946,0,0,3.214859094790777,3.828291636428593,BMP4,anterior_up
GO_Biological_Process_2021,regulation of type B pancreatic cell proliferation (GO:0061469),1/6,0.3039744455873373,0.8176344585040946,0,0,3.214859094790777,3.828291636428593,SGPP2,anterior_up
GO_Biological_Process_2021,regulation of ventricular cardiac muscle cell membrane depolarization (GO:0060373),1/6,0.3039744455873373,0.8176344585040946,0,0,3.214859094790777,3.828291636428593,SCN5A,anterior_up
GO_Biological_Process_2021,replication-born double-strand break repair via sister chromatid exchange (GO:1990414),1/6,0.3039744455873373,0.8176344585040946,0,0,3.214859094790777,3.828291636428593,REC8,anterior_up
GO_Biological_Process_2021,response to angiotensin (GO:1990776),1/6,0.3039744455873373,0.8176344585040946,0,0,3.214859094790777,3.828291636428593,NFKB1,anterior_up
GO_Biological_Process_2021,response to gonadotropin (GO:0034698),1/6,0.3039744455873373,0.8176344585040946,0,0,3.214859094790777,3.828291636428593,SLC5A5,anterior_up
GO_Biological_Process_2021,response to lipoteichoic acid (GO:0070391),1/6,0.3039744455873373,0.8176344585040946,0,0,3.214859094790777,3.828291636428593,LBP,anterior_up
GO_Biological_Process_2021,response to peptidoglycan (GO:0032494),1/6,0.3039744455873373,0.8176344585040946,0,0,3.214859094790777,3.828291636428593,INAVA,anterior_up
GO_Biological_Process_2021,retinal cone cell development (GO:0046549),1/6,0.3039744455873373,0.8176344585040946,0,0,3.214859094790777,3.828291636428593,RORB,anterior_up
GO_Biological_Process_2021,retinal cone cell differentiation (GO:0042670),1/6,0.3039744455873373,0.8176344585040946,0,0,3.214859094790777,3.828291636428593,RORB,anterior_up
GO_Biological_Process_2021,retinal ganglion cell axon guidance (GO:0031290),1/6,0.3039744455873373,0.8176344585040946,0,0,3.214859094790777,3.828291636428593,ALCAM,anterior_up
GO_Biological_Process_2021,telencephalon cell migration (GO:0022029),1/6,0.3039744455873373,0.8176344585040946,0,0,3.214859094790777,3.828291636428593,HTR6,anterior_up
GO_Biological_Process_2021,tongue development (GO:0043586),1/6,0.3039744455873373,0.8176344585040946,0,0,3.214859094790777,3.828291636428593,WNT10A,anterior_up
GO_Biological_Process_2021,TORC2 signaling (GO:0038203),1/6,0.3039744455873373,0.8176344585040946,0,0,3.214859094790777,3.828291636428593,PRR5L,anterior_up
GO_Biological_Process_2021,transmembrane receptor protein tyrosine phosphatase signaling pathway (GO:0007185),1/6,0.3039744455873373,0.8176344585040946,0,0,3.214859094790777,3.828291636428593,PTPRU,anterior_up
GO_Biological_Process_2021,tripartite regional subdivision (GO:0007351),1/6,0.3039744455873373,0.8176344585040946,0,0,3.214859094790777,3.828291636428593,FZD5,anterior_up
GO_Biological_Process_2021,vocal learning (GO:0042297),1/6,0.3039744455873373,0.8176344585040946,0,0,3.214859094790777,3.828291636428593,STRA6,anterior_up
GO_Biological_Process_2021,xenobiotic transport across blood-brain barrier (GO:1990962),1/6,0.3039744455873373,0.8176344585040946,0,0,3.214859094790777,3.828291636428593,SLC22A1,anterior_up
GO_Biological_Process_2021,positive regulation of receptor signaling pathway via JAK-STAT (GO:0046427),3/33,0.3047484843077329,0.8176344585040946,0,0,1.6080410607356714,1.910784513759926,KIT;HES1;PRLR,anterior_up
GO_Biological_Process_2021,regulation of cholesterol efflux (GO:0010874),3/33,0.3047484843077329,0.8176344585040946,0,0,1.6080410607356714,1.910784513759926,CAV1;PPARG;ABCA12,anterior_up
GO_Biological_Process_2021,neuron projection morphogenesis (GO:0048812),10/140,0.3054581383966788,0.8176344585040946,0,0,1.2377863100754667,1.4679434359488368,NTNG2;ALCAM;NTF3;S100A6;LRP4;NCKAP1L;EPHB2;DRD2;S100B;MYO16,anterior_up
GO_Biological_Process_2021,protein localization to cell periphery (GO:1990778),10/140,0.3054581383966788,0.8176344585040946,0,0,1.2377863100754667,1.4679434359488368,RAB3B;MRAP;EHD4;RAMP3;CAV1;KCNB2;P2RY1;PKP2;ZDHHC22;ABCA12,anterior_up
GO_Biological_Process_2021,negative regulation of apoptotic signaling pathway (GO:2001234),6/78,0.3067186749092184,0.8176344585040946,0,0,1.3404802744425386,1.58421218867035,BMP4;NR4A2;TCF7L2;HGF;ITGA6;CFLAR,anterior_up
GO_Biological_Process_2021,activin receptor signaling pathway (GO:0032924),2/19,0.3070541020345617,0.8176344585040946,0,0,1.891503267973856,2.233357148101117,ACVR1C;INHBB,anterior_up
GO_Biological_Process_2021,aspartate family amino acid metabolic process (GO:0009066),2/19,0.3070541020345617,0.8176344585040946,0,0,1.891503267973856,2.233357148101117,ASS1;SLC25A13,anterior_up
GO_Biological_Process_2021,carbohydrate derivative catabolic process (GO:1901136),2/19,0.3070541020345617,0.8176344585040946,0,0,1.891503267973856,2.233357148101117,MANBA;ADAMTS9,anterior_up
GO_Biological_Process_2021,cardiac atrium morphogenesis (GO:0003209),2/19,0.3070541020345617,0.8176344585040946,0,0,1.891503267973856,2.233357148101117,NOTCH2;TGFB2,anterior_up
GO_Biological_Process_2021,excitatory postsynaptic potential (GO:0060079),2/19,0.3070541020345617,0.8176344585040946,0,0,1.891503267973856,2.233357148101117,GRID2;DRD2,anterior_up
GO_Biological_Process_2021,folic acid metabolic process (GO:0046655),2/19,0.3070541020345617,0.8176344585040946,0,0,1.891503267973856,2.233357148101117,MTHFD1L;FOLR2,anterior_up
GO_Biological_Process_2021,leukocyte adhesion to vascular endothelial cell (GO:0061756),2/19,0.3070541020345617,0.8176344585040946,0,0,1.891503267973856,2.233357148101117,GCNT1;SLC39A8,anterior_up
GO_Biological_Process_2021,negative regulation of calcium ion transport (GO:0051926),2/19,0.3070541020345617,0.8176344585040946,0,0,1.891503267973856,2.233357148101117,PLN;NOS1,anterior_up
GO_Biological_Process_2021,positive regulation of G protein-coupled receptor signaling pathway (GO:0045745),2/19,0.3070541020345617,0.8176344585040946,0,0,1.891503267973856,2.233357148101117,NECAB2;MRAP,anterior_up
GO_Biological_Process_2021,positive regulation of leukocyte activation (GO:0002696),2/19,0.3070541020345617,0.8176344585040946,0,0,1.891503267973856,2.233357148101117,CEBPA;LBP,anterior_up
GO_Biological_Process_2021,positive regulation of macrophage migration (GO:1905523),2/19,0.3070541020345617,0.8176344585040946,0,0,1.891503267973856,2.233357148101117,P2RX4;CSF1,anterior_up
GO_Biological_Process_2021,positive regulation of triglyceride metabolic process (GO:0090208),2/19,0.3070541020345617,0.8176344585040946,0,0,1.891503267973856,2.233357148101117,LDLR;MFSD2A,anterior_up
GO_Biological_Process_2021,Rac protein signal transduction (GO:0016601),2/19,0.3070541020345617,0.8176344585040946,0,0,1.891503267973856,2.233357148101117,EPS8;CDH13,anterior_up
GO_Biological_Process_2021,regulation of bicellular tight junction assembly (GO:2000810),2/19,0.3070541020345617,0.8176344585040946,0,0,1.891503267973856,2.233357148101117,OCLN;SNAI2,anterior_up
GO_Biological_Process_2021,regulation of collagen biosynthetic process (GO:0032965),2/19,0.3070541020345617,0.8176344585040946,0,0,1.891503267973856,2.233357148101117,BMP4;CREB3L1,anterior_up
GO_Biological_Process_2021,regulation of lymphocyte proliferation (GO:0050670),2/19,0.3070541020345617,0.8176344585040946,0,0,1.891503267973856,2.233357148101117,IL12A;FGF10,anterior_up
GO_Biological_Process_2021,regulation of oligodendrocyte differentiation (GO:0048713),2/19,0.3070541020345617,0.8176344585040946,0,0,1.891503267973856,2.233357148101117,PTPRZ1;HES1,anterior_up
GO_Biological_Process_2021,response to fatty acid (GO:0070542),2/19,0.3070541020345617,0.8176344585040946,0,0,1.891503267973856,2.233357148101117,LPL;FOXO1,anterior_up
GO_Biological_Process_2021,ureteric bud development (GO:0001657),2/19,0.3070541020345617,0.8176344585040946,0,0,1.891503267973856,2.233357148101117,BMP4;GPC3,anterior_up
GO_Biological_Process_2021,vesicle transport along actin filament (GO:0030050),2/19,0.3070541020345617,0.8176344585040946,0,0,1.891503267973856,2.233357148101117,MYO5B;MYO1H,anterior_up
GO_Biological_Process_2021,modulation of chemical synaptic transmission (GO:0050804),8/109,0.3078121334522767,0.8176344585040946,0,0,1.2743356809907795,1.5015059447384842,GRID2;RIMS3;RELN;NTF3;DRD2;MCTP2;SNCAIP;BAIAP3,anterior_up
GO_Biological_Process_2021,positive regulation of DNA metabolic process (GO:0051054),5/63,0.3091956186394764,0.8176344585040946,0,0,1.386549655763378,1.6275058250125634,SMOC2;DNMT3L;HGF;TOX;FGF10,anterior_up
GO_Biological_Process_2021,cognition (GO:0050890),4/48,0.3094926232310543,0.8176344585040946,0,0,1.4620174346201744,1.714684781287375,FAM107A;CBR3;MFSD2A;STRA6,anterior_up
GO_Biological_Process_2021,positive regulation of blood vessel endothelial cell migration (GO:0043536),4/48,0.3094926232310543,0.8176344585040946,0,0,1.4620174346201744,1.714684781287375,P2RX4;FGF18;HMOX1;FGFR1,anterior_up
GO_Biological_Process_2021,cellular response to oxidative stress (GO:0034599),9/125,0.3109898869692434,0.8176344585040946,0,0,1.2483173718385865,1.4580283053081686,JUN;SRXN1;HMOX1;SLC4A11;NOX4;PRR5L;VRK2;ANKRD2;FOXO1,anterior_up
GO_Biological_Process_2021,negative regulation of MAPK cascade (GO:0043409),7/94,0.3126523931763328,0.8176344585040946,0,0,1.294331804055054,1.5048720484251894,BMP4;CD300A;CAV1;FBLN1;EPHB2;PPEF2;FOXO1,anterior_up
GO_Biological_Process_2021,regulation of interleukin-6 production (GO:0032675),8/110,0.3165883620402069,0.8176344585040946,0,0,1.2617748130179909,1.4512339494903752,MAVS;LPL;MBP;NCKAP1L;IL16;TLR7;LBP;INAVA,anterior_up
GO_Biological_Process_2021,axon development (GO:0061564),6/79,0.3171451815227428,0.8176344585040946,0,0,1.322047040578961,1.518233036218504,SEMA5A;NTNG2;S100A6;EPHB2;DRD2;S100B,anterior_up
GO_Biological_Process_2021,B cell receptor signaling pathway (GO:0050853),3/34,0.3211042457879421,0.8176344585040946,0,0,1.5560859847126025,1.7676972702352145,BLNK;NFATC2;NCKAP1L,anterior_up
GO_Biological_Process_2021,cardiac muscle contraction (GO:0060048),3/34,0.3211042457879421,0.8176344585040946,0,0,1.5560859847126025,1.7676972702352145,TNNT2;SCN5A;SCN4B,anterior_up
GO_Biological_Process_2021,cell-substrate junction assembly (GO:0007044),3/34,0.3211042457879421,0.8176344585040946,0,0,1.5560859847126025,1.7676972702352145,DLC1;LAMC2;ITGA6,anterior_up
GO_Biological_Process_2021,phosphatidylinositol 3-kinase signaling (GO:0014065),3/34,0.3211042457879421,0.8176344585040946,0,0,1.5560859847126025,1.7676972702352145,PIK3C2G;HTR2A;MYO16,anterior_up
GO_Biological_Process_2021,positive regulation of epidermal growth factor receptor signaling pathway (GO:0045742),3/34,0.3211042457879421,0.8176344585040946,0,0,1.5560859847126025,1.7676972702352145,BTC;TGFA;HAP1,anterior_up
GO_Biological_Process_2021,positive regulation of pri-miRNA transcription by RNA polymerase II (GO:1902895),3/34,0.3211042457879421,0.8176344585040946,0,0,1.5560859847126025,1.7676972702352145,JUN;TGFB2;PPARG,anterior_up
GO_Biological_Process_2021,regulation of amyloid-beta formation (GO:1902003),3/34,0.3211042457879421,0.8176344585040946,0,0,1.5560859847126025,1.7676972702352145,EFNA1;LRRTM3;HAP1,anterior_up
GO_Biological_Process_2021,response to steroid hormone (GO:0048545),3/34,0.3211042457879421,0.8176344585040946,0,0,1.5560859847126025,1.7676972702352145,TGFB2;PAQR7;CAV1,anterior_up
GO_Biological_Process_2021,sensory perception of light stimulus (GO:0050953),7/95,0.3221809979499963,0.8176344585040946,0,0,1.279555208739758,1.4492776968166885,ADGRV1;USH1G;WHRN;RGS16;PCDH15;CDH23;DHRS3,anterior_up
GO_Biological_Process_2021,neuron differentiation (GO:0030182),12/174,0.3224285155693062,0.8176344585040946,0,0,1.1919540229885055,1.3491415585868294,NR4A2;TGFB2;WNT10A;WNT5B;FZD5;FZD4;LHX2;FZD7;RORB;INSM1;WNT2;MET,anterior_up
GO_Biological_Process_2021,cellular response to mechanical stimulus (GO:0071260),4/49,0.322977655666929,0.8176344585040946,0,0,1.4294520547945206,1.6155268815822963,GADD45A;TNFRSF8;TLR7;NFKB1,anterior_up
GO_Biological_Process_2021,oligosaccharide metabolic process (GO:0009311),4/49,0.322977655666929,0.8176344585040946,0,0,1.4294520547945206,1.6155268815822963,MANBA;B3GALT2;ST6GALNAC3;ST6GALNAC5,anterior_up
GO_Biological_Process_2021,regulation of stress-activated MAPK cascade (GO:0032872),4/49,0.322977655666929,0.8176344585040946,0,0,1.4294520547945206,1.6155268815822963,TGFB2;RASGRP1;FOXO1;INAVA,anterior_up
GO_Biological_Process_2021,cellular divalent inorganic cation homeostasis (GO:0072503),8/111,0.3254125272339029,0.8176344585040946,0,0,1.249457845394188,1.4027183275813937,CASR;CXCL12;STC2;CAV1;ATP13A4;SLC39A8;HTR2A;DRD5,anterior_up
GO_Biological_Process_2021,negative regulation of extrinsic apoptotic signaling pathway (GO:2001237),6/80,0.327624671186164,0.8176344585040946,0,0,1.3041120022252095,1.4552411355265351,BMP4;TCF7L2;HMOX1;SNAI2;ITGA6;CFLAR,anterior_up
GO_Biological_Process_2021,regulation of protein localization to plasma membrane (GO:1903076),6/80,0.327624671186164,0.8176344585040946,0,0,1.3041120022252095,1.4552411355265351,MRAP;VAMP8;RAMP3;STAC2;EPHB2;PLS1,anterior_up
GO_Biological_Process_2021,adaptive immune response based on somatic recombination of immune receptors built from immunoglobulin superfamily domains (GO:0002460),2/20,0.3290686601253666,0.8176344585040946,0,0,1.7863247863247864,1.9854800942684288,JAG1;CD55,anterior_up
GO_Biological_Process_2021,calcium-independent cell-cell adhesion via plasma membrane cell-adhesion molecules (GO:0016338),2/20,0.3290686601253666,0.8176344585040946,0,0,1.7863247863247864,1.9854800942684288,CLDN10;CLDN1,anterior_up
GO_Biological_Process_2021,cortical actin cytoskeleton organization (GO:0030866),2/20,0.3290686601253666,0.8176344585040946,0,0,1.7863247863247864,1.9854800942684288,NCKAP1L;LCP1,anterior_up
GO_Biological_Process_2021,dopaminergic neuron differentiation (GO:0071542),2/20,0.3290686601253666,0.8176344585040946,0,0,1.7863247863247864,1.9854800942684288,NR4A2;WNT2,anterior_up
GO_Biological_Process_2021,eye morphogenesis (GO:0048592),2/20,0.3290686601253666,0.8176344585040946,0,0,1.7863247863247864,1.9854800942684288,FBN2;FBN1,anterior_up
GO_Biological_Process_2021,fatty acid transport (GO:0015908),2/20,0.3290686601253666,0.8176344585040946,0,0,1.7863247863247864,1.9854800942684288,PPARG;MFSD2A,anterior_up
GO_Biological_Process_2021,ganglioside metabolic process (GO:0001573),2/20,0.3290686601253666,0.8176344585040946,0,0,1.7863247863247864,1.9854800942684288,ST6GALNAC3;ST6GALNAC5,anterior_up
GO_Biological_Process_2021,glucose transmembrane transport (GO:1904659),2/20,0.3290686601253666,0.8176344585040946,0,0,1.7863247863247864,1.9854800942684288,SLC2A9;SLC2A5,anterior_up
GO_Biological_Process_2021,hepaticobiliary system development (GO:0061008),2/20,0.3290686601253666,0.8176344585040946,0,0,1.7863247863247864,1.9854800942684288,CEBPA;MET,anterior_up
GO_Biological_Process_2021,negative regulation of cyclin-dependent protein serine/threonine kinase activity (GO:0045736),2/20,0.3290686601253666,0.8176344585040946,0,0,1.7863247863247864,1.9854800942684288,CEBPA;LATS2,anterior_up
GO_Biological_Process_2021,negative regulation of lipid storage (GO:0010888),2/20,0.3290686601253666,0.8176344585040946,0,0,1.7863247863247864,1.9854800942684288,PPARG;PPARA,anterior_up
GO_Biological_Process_2021,oligodendrocyte differentiation (GO:0048709),2/20,0.3290686601253666,0.8176344585040946,0,0,1.7863247863247864,1.9854800942684288,PRDM8;PTPRZ1,anterior_up
GO_Biological_Process_2021,positive regulation of alpha-beta T cell activation (GO:0046635),2/20,0.3290686601253666,0.8176344585040946,0,0,1.7863247863247864,1.9854800942684288,IL12A;CD55,anterior_up
GO_Biological_Process_2021,positive regulation of interferon-alpha production (GO:0032727),2/20,0.3290686601253666,0.8176344585040946,0,0,1.7863247863247864,1.9854800942684288,MAVS;TLR7,anterior_up
GO_Biological_Process_2021,positive regulation of natural killer cell mediated cytotoxicity (GO:0045954),2/20,0.3290686601253666,0.8176344585040946,0,0,1.7863247863247864,1.9854800942684288,IL12A;RASGRP1,anterior_up
GO_Biological_Process_2021,regulation of programmed necrotic cell death (GO:0062098),2/20,0.3290686601253666,0.8176344585040946,0,0,1.7863247863247864,1.9854800942684288,CFLAR;BIRC3,anterior_up
GO_Biological_Process_2021,regulation of T cell migration (GO:2000404),2/20,0.3290686601253666,0.8176344585040946,0,0,1.7863247863247864,1.9854800942684288,CXCL12;DOCK8,anterior_up
GO_Biological_Process_2021,toll-like receptor 4 signaling pathway (GO:0034142),2/20,0.3290686601253666,0.8176344585040946,0,0,1.7863247863247864,1.9854800942684288,NMI;LBP,anterior_up
GO_Biological_Process_2021,amino acid transport (GO:0006865),4/50,0.3365012003441205,0.8176344585040946,0,0,1.398302561048243,1.5229662161810469,SLC7A14;SLC7A11;SLC1A5;SLC7A3,anterior_up
GO_Biological_Process_2021,peptidyl-tyrosine dephosphorylation (GO:0035335),3/35,0.3374647689507487,0.8176344585040946,0,0,1.5073781009409752,1.637456031600573,PTPRZ1;PTPN13;TNS2,anterior_up
GO_Biological_Process_2021,positive regulation of lipid biosynthetic process (GO:0046889),3/35,0.3374647689507487,0.8176344585040946,0,0,1.5073781009409752,1.637456031600573,PPARA;LDLR;MFSD2A,anterior_up
GO_Biological_Process_2021,positive regulation of reproductive process (GO:2000243),3/35,0.3374647689507487,0.8176344585040946,0,0,1.5073781009409752,1.637456031600573,TACR3;INHBB;TACR1,anterior_up
GO_Biological_Process_2021,regulation of regulated secretory pathway (GO:1903305),3/35,0.3374647689507487,0.8176344585040946,0,0,1.5073781009409752,1.637456031600573,RIMS3;SYT10;SYT6,anterior_up
GO_Biological_Process_2021,regulation of trans-synaptic signaling (GO:0099177),3/35,0.3374647689507487,0.8176344585040946,0,0,1.5073781009409752,1.637456031600573,GRID2;RELN;NTF3,anterior_up
GO_Biological_Process_2021,response to estrogen (GO:0043627),3/35,0.3374647689507487,0.8176344585040946,0,0,1.5073781009409752,1.637456031600573,CAV1;CITED4;ESR1,anterior_up
GO_Biological_Process_2021,calcium ion homeostasis (GO:0055074),7/97,0.3413729291641338,0.8176344585040946,0,0,1.2509871244635191,1.3445356481094417,CASR;CXCL12;STC2;CAV1;ATP13A4;HTR2A;DRD5,anterior_up
GO_Biological_Process_2021,positive regulation of cold-induced thermogenesis (GO:0120162),7/97,0.3413729291641338,0.8176344585040946,0,0,1.2509871244635191,1.3445356481094417,CAV1;LEPR;EBF2;PTH2R;ADRB2;PRLR;TSHR,anterior_up
GO_Biological_Process_2021,positive regulation of metabolic process (GO:0009893),8/113,0.3431839109769295,0.8176344585040946,0,0,1.2255277368679431,1.310688178749034,CAV1;LEPR;EBF2;PTH2R;ADRB2;PRLR;ACACB;TSHR,anterior_up
GO_Biological_Process_2021,amino sugar catabolic process (GO:0046348),1/7,0.3447737212587443,0.8176344585040946,0,0,2.6789069171648165,2.8526794584245123,NPL,anterior_up
GO_Biological_Process_2021,angiotensin-activated signaling pathway (GO:0038166),1/7,0.3447737212587443,0.8176344585040946,0,0,2.6789069171648165,2.8526794584245123,CAV1,anterior_up
GO_Biological_Process_2021,arginine catabolic process (GO:0006527),1/7,0.3447737212587443,0.8176344585040946,0,0,2.6789069171648165,2.8526794584245123,NOS1,anterior_up
GO_Biological_Process_2021,aspartate transmembrane transport (GO:0015810),1/7,0.3447737212587443,0.8176344585040946,0,0,2.6789069171648165,2.8526794584245123,SLC25A13,anterior_up
GO_Biological_Process_2021,astrocyte differentiation (GO:0048708),1/7,0.3447737212587443,0.8176344585040946,0,0,2.6789069171648165,2.8526794584245123,CDK6,anterior_up
GO_Biological_Process_2021,autophagosome membrane docking (GO:0016240),1/7,0.3447737212587443,0.8176344585040946,0,0,2.6789069171648165,2.8526794584245123,VAMP8,anterior_up
GO_Biological_Process_2021,AV node cell to bundle of His cell communication (GO:0086067),1/7,0.3447737212587443,0.8176344585040946,0,0,2.6789069171648165,2.8526794584245123,SCN5A,anterior_up
GO_Biological_Process_2021,bleb assembly (GO:0032060),1/7,0.3447737212587443,0.8176344585040946,0,0,2.6789069171648165,2.8526794584245123,EMP3,anterior_up
GO_Biological_Process_2021,cation homeostasis (GO:0055080),1/7,0.3447737212587443,0.8176344585040946,0,0,2.6789069171648165,2.8526794584245123,SLC4A11,anterior_up
GO_Biological_Process_2021,Cdc42 protein signal transduction (GO:0032488),1/7,0.3447737212587443,0.8176344585040946,0,0,2.6789069171648165,2.8526794584245123,NTN1,anterior_up
GO_Biological_Process_2021,cellular cation homeostasis (GO:0030003),1/7,0.3447737212587443,0.8176344585040946,0,0,2.6789069171648165,2.8526794584245123,SLC4A11,anterior_up
GO_Biological_Process_2021,cellular hypotonic response (GO:0071476),1/7,0.3447737212587443,0.8176344585040946,0,0,2.6789069171648165,2.8526794584245123,SLC4A11,anterior_up
GO_Biological_Process_2021,cellular ion homeostasis (GO:0006873),1/7,0.3447737212587443,0.8176344585040946,0,0,2.6789069171648165,2.8526794584245123,SLC4A11,anterior_up
GO_Biological_Process_2021,cellular response to gonadotropin stimulus (GO:0071371),1/7,0.3447737212587443,0.8176344585040946,0,0,2.6789069171648165,2.8526794584245123,SLC5A5,anterior_up
GO_Biological_Process_2021,cellular response to laminar fluid shear stress (GO:0071499),1/7,0.3447737212587443,0.8176344585040946,0,0,2.6789069171648165,2.8526794584245123,ASS1,anterior_up
GO_Biological_Process_2021,citrulline metabolic process (GO:0000052),1/7,0.3447737212587443,0.8176344585040946,0,0,2.6789069171648165,2.8526794584245123,ASS1,anterior_up
GO_Biological_Process_2021,cyclic nucleotide transport (GO:0070729),1/7,0.3447737212587443,0.8176344585040946,0,0,2.6789069171648165,2.8526794584245123,ABCC4,anterior_up
GO_Biological_Process_2021,delamination (GO:0060232),1/7,0.3447737212587443,0.8176344585040946,0,0,2.6789069171648165,2.8526794584245123,ABCA12,anterior_up
GO_Biological_Process_2021,detection of molecule of bacterial origin (GO:0032490),1/7,0.3447737212587443,0.8176344585040946,0,0,2.6789069171648165,2.8526794584245123,LBP,anterior_up
GO_Biological_Process_2021,determination of digestive tract left/right asymmetry (GO:0071907),1/7,0.3447737212587443,0.8176344585040946,0,0,2.6789069171648165,2.8526794584245123,DNAAF1,anterior_up
GO_Biological_Process_2021,DNA ligation (GO:0006266),1/7,0.3447737212587443,0.8176344585040946,0,0,2.6789069171648165,2.8526794584245123,MGMT,anterior_up
GO_Biological_Process_2021,endothelial cell morphogenesis (GO:0001886),1/7,0.3447737212587443,0.8176344585040946,0,0,2.6789069171648165,2.8526794584245123,MET,anterior_up
GO_Biological_Process_2021,epithelial cell differentiation involved in kidney development (GO:0035850),1/7,0.3447737212587443,0.8176344585040946,0,0,2.6789069171648165,2.8526794584245123,BMP4,anterior_up
GO_Biological_Process_2021,excitatory chemical synaptic transmission (GO:0098976),1/7,0.3447737212587443,0.8176344585040946,0,0,2.6789069171648165,2.8526794584245123,SHISA6,anterior_up
GO_Biological_Process_2021,gas homeostasis (GO:0033483),1/7,0.3447737212587443,0.8176344585040946,0,0,2.6789069171648165,2.8526794584245123,CAV1,anterior_up
GO_Biological_Process_2021,gland morphogenesis (GO:0022612),1/7,0.3447737212587443,0.8176344585040946,0,0,2.6789069171648165,2.8526794584245123,TGFB2,anterior_up
GO_Biological_Process_2021,glutamine transport (GO:0006868),1/7,0.3447737212587443,0.8176344585040946,0,0,2.6789069171648165,2.8526794584245123,SLC1A5,anterior_up
GO_Biological_Process_2021,glycosylceramide biosynthetic process (GO:0046476),1/7,0.3447737212587443,0.8176344585040946,0,0,2.6789069171648165,2.8526794584245123,B3GALT2,anterior_up
GO_Biological_Process_2021,hypotonic response (GO:0006971),1/7,0.3447737212587443,0.8176344585040946,0,0,2.6789069171648165,2.8526794584245123,SLC4A11,anterior_up
GO_Biological_Process_2021,inhibition of cysteine-type endopeptidase activity (GO:0097340),1/7,0.3447737212587443,0.8176344585040946,0,0,2.6789069171648165,2.8526794584245123,CAST,anterior_up
GO_Biological_Process_2021,inhibitory postsynaptic potential (GO:0060080),1/7,0.3447737212587443,0.8176344585040946,0,0,2.6789069171648165,2.8526794584245123,INSYN2A,anterior_up
GO_Biological_Process_2021,intermediate filament bundle assembly (GO:0045110),1/7,0.3447737212587443,0.8176344585040946,0,0,2.6789069171648165,2.8526794584245123,PKP2,anterior_up
GO_Biological_Process_2021,intermembrane lipid transfer (GO:0120009),1/7,0.3447737212587443,0.8176344585040946,0,0,2.6789069171648165,2.8526794584245123,TTPA,anterior_up
GO_Biological_Process_2021,iron import into cell (GO:0033212),1/7,0.3447737212587443,0.8176344585040946,0,0,2.6789069171648165,2.8526794584245123,SLC39A8,anterior_up
GO_Biological_Process_2021,left/right pattern formation (GO:0060972),1/7,0.3447737212587443,0.8176344585040946,0,0,2.6789069171648165,2.8526794584245123,DNAAF1,anterior_up
GO_Biological_Process_2021,leukotriene transport (GO:0071716),1/7,0.3447737212587443,0.8176344585040946,0,0,2.6789069171648165,2.8526794584245123,ABCC4,anterior_up
GO_Biological_Process_2021,lymphoid progenitor cell differentiation (GO:0002320),1/7,0.3447737212587443,0.8176344585040946,0,0,2.6789069171648165,2.8526794584245123,BMP4,anterior_up
GO_Biological_Process_2021,macropinocytosis (GO:0044351),1/7,0.3447737212587443,0.8176344585040946,0,0,2.6789069171648165,2.8526794584245123,CARMIL1,anterior_up
GO_Biological_Process_2021,maintenance of synapse structure (GO:0099558),1/7,0.3447737212587443,0.8176344585040946,0,0,2.6789069171648165,2.8526794584245123,CBLN1,anterior_up
GO_Biological_Process_2021,marginal zone B cell differentiation (GO:0002315),1/7,0.3447737212587443,0.8176344585040946,0,0,2.6789069171648165,2.8526794584245123,NOTCH2,anterior_up
GO_Biological_Process_2021,monoacylglycerol catabolic process (GO:0052651),1/7,0.3447737212587443,0.8176344585040946,0,0,2.6789069171648165,2.8526794584245123,MGLL,anterior_up
GO_Biological_Process_2021,negative regulation of cardiocyte differentiation (GO:1905208),1/7,0.3447737212587443,0.8176344585040946,0,0,2.6789069171648165,2.8526794584245123,FZD7,anterior_up
GO_Biological_Process_2021,negative regulation of cell cycle phase transition (GO:1901988),1/7,0.3447737212587443,0.8176344585040946,0,0,2.6789069171648165,2.8526794584245123,SUSD2,anterior_up
GO_Biological_Process_2021,negative regulation of dendritic cell apoptotic process (GO:2000669),1/7,0.3447737212587443,0.8176344585040946,0,0,2.6789069171648165,2.8526794584245123,CXCL12,anterior_up
GO_Biological_Process_2021,negative regulation of double-strand break repair via nonhomologous end joining (GO:2001033),1/7,0.3447737212587443,0.8176344585040946,0,0,2.6789069171648165,2.8526794584245123,AUNIP,anterior_up
GO_Biological_Process_2021,negative regulation of heart rate (GO:0010459),1/7,0.3447737212587443,0.8176344585040946,0,0,2.6789069171648165,2.8526794584245123,PLN,anterior_up
GO_Biological_Process_2021,negative regulation of interferon-gamma-mediated signaling pathway (GO:0060336),1/7,0.3447737212587443,0.8176344585040946,0,0,2.6789069171648165,2.8526794584245123,PPARG,anterior_up
GO_Biological_Process_2021,negative regulation of intracellular transport (GO:0032387),1/7,0.3447737212587443,0.8176344585040946,0,0,2.6789069171648165,2.8526794584245123,PLN,anterior_up
GO_Biological_Process_2021,negative regulation of oligodendrocyte differentiation (GO:0048715),1/7,0.3447737212587443,0.8176344585040946,0,0,2.6789069171648165,2.8526794584245123,HES1,anterior_up
GO_Biological_Process_2021,negative regulation of response to interferon-gamma (GO:0060331),1/7,0.3447737212587443,0.8176344585040946,0,0,2.6789069171648165,2.8526794584245123,PPARG,anterior_up
GO_Biological_Process_2021,negative regulation of stress-activated protein kinase signaling cascade (GO:0070303),1/7,0.3447737212587443,0.8176344585040946,0,0,2.6789069171648165,2.8526794584245123,FOXO1,anterior_up
GO_Biological_Process_2021,negative regulation of striated muscle tissue development (GO:0045843),1/7,0.3447737212587443,0.8176344585040946,0,0,2.6789069171648165,2.8526794584245123,BMP4,anterior_up
GO_Biological_Process_2021,negative regulation of T cell apoptotic process (GO:0070233),1/7,0.3447737212587443,0.8176344585040946,0,0,2.6789069171648165,2.8526794584245123,BMP4,anterior_up
GO_Biological_Process_2021,nicotinamide nucleotide biosynthetic process (GO:0019359),1/7,0.3447737212587443,0.8176344585040946,0,0,2.6789069171648165,2.8526794584245123,NMNAT3,anterior_up
GO_Biological_Process_2021,nodal signaling pathway (GO:0038092),1/7,0.3447737212587443,0.8176344585040946,0,0,2.6789069171648165,2.8526794584245123,ACVR1C,anterior_up
GO_Biological_Process_2021,noradrenergic neuron differentiation (GO:0003357),1/7,0.3447737212587443,0.8176344585040946,0,0,2.6789069171648165,2.8526794584245123,INSM1,anterior_up
GO_Biological_Process_2021,norepinephrine metabolic process (GO:0042415),1/7,0.3447737212587443,0.8176344585040946,0,0,2.6789069171648165,2.8526794584245123,INSM1,anterior_up
GO_Biological_Process_2021,nose development (GO:0043584),1/7,0.3447737212587443,0.8176344585040946,0,0,2.6789069171648165,2.8526794584245123,STRA6,anterior_up
GO_Biological_Process_2021,nucleotide-binding oligomerization domain containing 2 signaling pathway (GO:0070431),1/7,0.3447737212587443,0.8176344585040946,0,0,2.6789069171648165,2.8526794584245123,INAVA,anterior_up
GO_Biological_Process_2021,pentose metabolic process (GO:0019321),1/7,0.3447737212587443,0.8176344585040946,0,0,2.6789069171648165,2.8526794584245123,DCXR,anterior_up
GO_Biological_Process_2021,positive regulation of adenylate cyclase activity (GO:0045762),1/7,0.3447737212587443,0.8176344585040946,0,0,2.6789069171648165,2.8526794584245123,DRD5,anterior_up
GO_Biological_Process_2021,positive regulation of aspartic-type endopeptidase activity involved in amyloid precursor protein catabolic process (GO:1902961),1/7,0.3447737212587443,0.8176344585040946,0,0,2.6789069171648165,2.8526794584245123,EFNA1,anterior_up
GO_Biological_Process_2021,positive regulation of blood circulation (GO:1903524),1/7,0.3447737212587443,0.8176344585040946,0,0,2.6789069171648165,2.8526794584245123,TGFB2,anterior_up
GO_Biological_Process_2021,positive regulation of cardiac muscle cell differentiation (GO:2000727),1/7,0.3447737212587443,0.8176344585040946,0,0,2.6789069171648165,2.8526794584245123,BMP4,anterior_up
GO_Biological_Process_2021,positive regulation of ER-associated ubiquitin-dependent protein catabolic process (GO:1903071),1/7,0.3447737212587443,0.8176344585040946,0,0,2.6789069171648165,2.8526794584245123,CAV1,anterior_up
GO_Biological_Process_2021,positive regulation of fibroblast apoptotic process (GO:2000271),1/7,0.3447737212587443,0.8176344585040946,0,0,2.6789069171648165,2.8526794584245123,BCL2L11,anterior_up
GO_Biological_Process_2021,positive regulation of icosanoid secretion (GO:0032305),1/7,0.3447737212587443,0.8176344585040946,0,0,2.6789069171648165,2.8526794584245123,P2RX4,anterior_up
GO_Biological_Process_2021,positive regulation of IRE1-mediated unfolded protein response (GO:1903896),1/7,0.3447737212587443,0.8176344585040946,0,0,2.6789069171648165,2.8526794584245123,BCL2L11,anterior_up
GO_Biological_Process_2021,positive regulation of lamellipodium morphogenesis (GO:2000394),1/7,0.3447737212587443,0.8176344585040946,0,0,2.6789069171648165,2.8526794584245123,RREB1,anterior_up
GO_Biological_Process_2021,positive regulation of membrane depolarization (GO:1904181),1/7,0.3447737212587443,0.8176344585040946,0,0,2.6789069171648165,2.8526794584245123,TRPM4,anterior_up
GO_Biological_Process_2021,positive regulation of miRNA metabolic process (GO:2000630),1/7,0.3447737212587443,0.8176344585040946,0,0,2.6789069171648165,2.8526794584245123,NFKB1,anterior_up
GO_Biological_Process_2021,positive regulation of multicellular organism growth (GO:0040018),1/7,0.3447737212587443,0.8176344585040946,0,0,2.6789069171648165,2.8526794584245123,GHRH,anterior_up
GO_Biological_Process_2021,positive regulation of NK T cell activation (GO:0051135),1/7,0.3447737212587443,0.8176344585040946,0,0,2.6789069171648165,2.8526794584245123,IL12A,anterior_up
GO_Biological_Process_2021,positive regulation of phospholipid biosynthetic process (GO:0071073),1/7,0.3447737212587443,0.8176344585040946,0,0,2.6789069171648165,2.8526794584245123,HTR2A,anterior_up
GO_Biological_Process_2021,positive regulation of podosome assembly (GO:0071803),1/7,0.3447737212587443,0.8176344585040946,0,0,2.6789069171648165,2.8526794584245123,LCP1,anterior_up
GO_Biological_Process_2021,positive regulation of respiratory burst (GO:0060267),1/7,0.3447737212587443,0.8176344585040946,0,0,2.6789069171648165,2.8526794584245123,LBP,anterior_up
GO_Biological_Process_2021,positive regulation of RNA polymerase II transcription preinitiation complex assembly (GO:0045899),1/7,0.3447737212587443,0.8176344585040946,0,0,2.6789069171648165,2.8526794584245123,ESR1,anterior_up
GO_Biological_Process_2021,positive regulation of striated muscle contraction (GO:0045989),1/7,0.3447737212587443,0.8176344585040946,0,0,2.6789069171648165,2.8526794584245123,ADRA1A,anterior_up
GO_Biological_Process_2021,positive regulation of synaptic plasticity (GO:0031915),1/7,0.3447737212587443,0.8176344585040946,0,0,2.6789069171648165,2.8526794584245123,EPHB2,anterior_up
GO_Biological_Process_2021,positive regulation of type I interferon-mediated signaling pathway (GO:0060340),1/7,0.3447737212587443,0.8176344585040946,0,0,2.6789069171648165,2.8526794584245123,MAVS,anterior_up
GO_Biological_Process_2021,positive regulation of urine volume (GO:0035810),1/7,0.3447737212587443,0.8176344585040946,0,0,2.6789069171648165,2.8526794584245123,NPR3,anterior_up
GO_Biological_Process_2021,positive regulation of voltage-gated calcium channel activity (GO:1901387),1/7,0.3447737212587443,0.8176344585040946,0,0,2.6789069171648165,2.8526794584245123,STAC2,anterior_up
GO_Biological_Process_2021,protein localization to basolateral plasma membrane (GO:1903361),1/7,0.3447737212587443,0.8176344585040946,0,0,2.6789069171648165,2.8526794584245123,CAV1,anterior_up
GO_Biological_Process_2021,receptor-mediated endocytosis of virus by host cell (GO:0019065),1/7,0.3447737212587443,0.8176344585040946,0,0,2.6789069171648165,2.8526794584245123,CAV1,anterior_up
GO_Biological_Process_2021,regulation of aldosterone biosynthetic process (GO:0032347),1/7,0.3447737212587443,0.8176344585040946,0,0,2.6789069171648165,2.8526794584245123,DKK3,anterior_up
GO_Biological_Process_2021,regulation of atrial cardiac muscle cell membrane depolarization (GO:0060371),1/7,0.3447737212587443,0.8176344585040946,0,0,2.6789069171648165,2.8526794584245123,SCN5A,anterior_up
GO_Biological_Process_2021,regulation of blood-brain barrier permeability (GO:1905603),1/7,0.3447737212587443,0.8176344585040946,0,0,2.6789069171648165,2.8526794584245123,OCLN,anterior_up
GO_Biological_Process_2021,regulation of bone remodeling (GO:0046850),1/7,0.3447737212587443,0.8176344585040946,0,0,2.6789069171648165,2.8526794584245123,LEPR,anterior_up
GO_Biological_Process_2021,regulation of calcidiol 1-monooxygenase activity (GO:0060558),1/7,0.3447737212587443,0.8176344585040946,0,0,2.6789069171648165,2.8526794584245123,NFKB1,anterior_up
GO_Biological_Process_2021,"regulation of CD8-positive, alpha-beta T cell differentiation (GO:0043376)",1/7,0.3447737212587443,0.8176344585040946,0,0,2.6789069171648165,2.8526794584245123,NCKAP1L,anterior_up
GO_Biological_Process_2021,regulation of cGMP-mediated signaling (GO:0010752),1/7,0.3447737212587443,0.8176344585040946,0,0,2.6789069171648165,2.8526794584245123,PDE11A,anterior_up
GO_Biological_Process_2021,regulation of cilium beat frequency (GO:0003356),1/7,0.3447737212587443,0.8176344585040946,0,0,2.6789069171648165,2.8526794584245123,DNAAF1,anterior_up
GO_Biological_Process_2021,regulation of cortisol biosynthetic process (GO:2000064),1/7,0.3447737212587443,0.8176344585040946,0,0,2.6789069171648165,2.8526794584245123,DKK3,anterior_up
GO_Biological_Process_2021,regulation of dopamine metabolic process (GO:0042053),1/7,0.3447737212587443,0.8176344585040946,0,0,2.6789069171648165,2.8526794584245123,HTR1A,anterior_up
GO_Biological_Process_2021,regulation of entry of bacterium into host cell (GO:2000535),1/7,0.3447737212587443,0.8176344585040946,0,0,2.6789069171648165,2.8526794584245123,CAV1,anterior_up
GO_Biological_Process_2021,regulation of histamine secretion by mast cell (GO:1903593),1/7,0.3447737212587443,0.8176344585040946,0,0,2.6789069171648165,2.8526794584245123,VAMP8,anterior_up
GO_Biological_Process_2021,regulation of histone H3-K27 methylation (GO:0061085),1/7,0.3447737212587443,0.8176344585040946,0,0,2.6789069171648165,2.8526794584245123,PHF19,anterior_up
GO_Biological_Process_2021,regulation of lysosomal protein catabolic process (GO:1905165),1/7,0.3447737212587443,0.8176344585040946,0,0,2.6789069171648165,2.8526794584245123,LDLR,anterior_up
GO_Biological_Process_2021,regulation of myosin-light-chain-phosphatase activity (GO:0035507),1/7,0.3447737212587443,0.8176344585040946,0,0,2.6789069171648165,2.8526794584245123,NCKAP1L,anterior_up
GO_Biological_Process_2021,regulation of NAD(P)H oxidase activity (GO:0033860),1/7,0.3447737212587443,0.8176344585040946,0,0,2.6789069171648165,2.8526794584245123,DRD5,anterior_up
GO_Biological_Process_2021,regulation of natural killer cell mediated cytotoxicity directed against tumor cell target (GO:0002858),1/7,0.3447737212587443,0.8176344585040946,0,0,2.6789069171648165,2.8526794584245123,IL12A,anterior_up
GO_Biological_Process_2021,regulation of necrotic cell death (GO:0010939),1/7,0.3447737212587443,0.8176344585040946,0,0,2.6789069171648165,2.8526794584245123,OLFM4,anterior_up
GO_Biological_Process_2021,regulation of neurotrophin TRK receptor signaling pathway (GO:0051386),1/7,0.3447737212587443,0.8176344585040946,0,0,2.6789069171648165,2.8526794584245123,NTF3,anterior_up
GO_Biological_Process_2021,regulation of potassium ion export across plasma membrane (GO:1903764),1/7,0.3447737212587443,0.8176344585040946,0,0,2.6789069171648165,2.8526794584245123,KCNE3,anterior_up
GO_Biological_Process_2021,regulation of relaxation of muscle (GO:1901077),1/7,0.3447737212587443,0.8176344585040946,0,0,2.6789069171648165,2.8526794584245123,PLN,anterior_up
GO_Biological_Process_2021,regulation of respiratory system process (GO:0044065),1/7,0.3447737212587443,0.8176344585040946,0,0,2.6789069171648165,2.8526794584245123,TSHZ3,anterior_up
GO_Biological_Process_2021,regulation of skeletal muscle satellite cell proliferation (GO:0014842),1/7,0.3447737212587443,0.8176344585040946,0,0,2.6789069171648165,2.8526794584245123,CFLAR,anterior_up
GO_Biological_Process_2021,regulation of T cell tolerance induction (GO:0002664),1/7,0.3447737212587443,0.8176344585040946,0,0,2.6789069171648165,2.8526794584245123,TGFBR2,anterior_up
GO_Biological_Process_2021,regulation of transforming growth factor beta activation (GO:1901388),1/7,0.3447737212587443,0.8176344585040946,0,0,2.6789069171648165,2.8526794584245123,LTBP1,anterior_up
GO_Biological_Process_2021,regulation of transforming growth factor beta2 production (GO:0032909),1/7,0.3447737212587443,0.8176344585040946,0,0,2.6789069171648165,2.8526794584245123,TGFB2,anterior_up
GO_Biological_Process_2021,regulation of vascular associated smooth muscle cell apoptotic process (GO:1905459),1/7,0.3447737212587443,0.8176344585040946,0,0,2.6789069171648165,2.8526794584245123,PPARG,anterior_up
GO_Biological_Process_2021,regulation of vesicle size (GO:0097494),1/7,0.3447737212587443,0.8176344585040946,0,0,2.6789069171648165,2.8526794584245123,RAB3B,anterior_up
GO_Biological_Process_2021,response to alkaloid (GO:0043279),1/7,0.3447737212587443,0.8176344585040946,0,0,2.6789069171648165,2.8526794584245123,DRD2,anterior_up
GO_Biological_Process_2021,retinal rod cell development (GO:0046548),1/7,0.3447737212587443,0.8176344585040946,0,0,2.6789069171648165,2.8526794584245123,RORB,anterior_up
GO_Biological_Process_2021,sinoatrial node development (GO:0003163),1/7,0.3447737212587443,0.8176344585040946,0,0,2.6789069171648165,2.8526794584245123,BMP4,anterior_up
GO_Biological_Process_2021,"substrate-dependent cell migration, cell extension (GO:0006930)",1/7,0.3447737212587443,0.8176344585040946,0,0,2.6789069171648165,2.8526794584245123,NTN1,anterior_up
GO_Biological_Process_2021,"synaptic transmission, dopaminergic (GO:0001963)",1/7,0.3447737212587443,0.8176344585040946,0,0,2.6789069171648165,2.8526794584245123,DRD5,anterior_up
GO_Biological_Process_2021,synaptic vesicle docking (GO:0016081),1/7,0.3447737212587443,0.8176344585040946,0,0,2.6789069171648165,2.8526794584245123,UNC13C,anterior_up
GO_Biological_Process_2021,vascular associated smooth muscle cell development (GO:0097084),1/7,0.3447737212587443,0.8176344585040946,0,0,2.6789069171648165,2.8526794584245123,HES1,anterior_up
GO_Biological_Process_2021,vascular wound healing (GO:0061042),1/7,0.3447737212587443,0.8176344585040946,0,0,2.6789069171648165,2.8526794584245123,CD34,anterior_up
GO_Biological_Process_2021,zinc ion import across plasma membrane (GO:0071578),1/7,0.3447737212587443,0.8176344585040946,0,0,2.6789069171648165,2.8526794584245123,SLC39A8,anterior_up
GO_Biological_Process_2021,ephrin receptor signaling pathway (GO:0048013),6/82,0.3487081072097616,0.8224468944040048,0,0,1.2696578495982669,1.3376100338953716,EPHB6;EFNA1;EPHA7;EPHA8;EPHB2;VAV2,anterior_up
GO_Biological_Process_2021,regulation of smoothened signaling pathway (GO:0008589),4/51,0.3500456582399666,0.8224468944040048,0,0,1.3684785776741475,1.4364805784643238,EVC;HHIP;ZIC1;GPC3,anterior_up
GO_Biological_Process_2021,regulation of substrate adhesion-dependent cell spreading (GO:1900024),4/51,0.3500456582399666,0.8224468944040048,0,0,1.3684785776741475,1.4364805784643238,CARMIL1;FBLN1;OLFM4;RREB1,anterior_up
GO_Biological_Process_2021,actin filament-based transport (GO:0099515),2/21,0.3508848890790375,0.8224468944040048,0,0,1.6922177237966711,1.7722546481050585,MYO5B;MYO1H,anterior_up
GO_Biological_Process_2021,beta-catenin destruction complex disassembly (GO:1904886),2/21,0.3508848890790375,0.8224468944040048,0,0,1.6922177237966711,1.7722546481050585,FZD5;CAV1,anterior_up
GO_Biological_Process_2021,cyclic purine nucleotide metabolic process (GO:0052652),2/21,0.3508848890790375,0.8224468944040048,0,0,1.6922177237966711,1.7722546481050585,GUCY2C;ADCY10,anterior_up
GO_Biological_Process_2021,endocardial cushion development (GO:0003197),2/21,0.3508848890790375,0.8224468944040048,0,0,1.6922177237966711,1.7722546481050585,BMP4;TGFB2,anterior_up
GO_Biological_Process_2021,negative regulation of cell communication (GO:0010648),2/21,0.3508848890790375,0.8224468944040048,0,0,1.6922177237966711,1.7722546481050585,KIF26A;HHIP,anterior_up
GO_Biological_Process_2021,negative regulation of peptidyl-serine phosphorylation (GO:0033137),2/21,0.3508848890790375,0.8224468944040048,0,0,1.6922177237966711,1.7722546481050585,GADD45A;CAV1,anterior_up
GO_Biological_Process_2021,negative regulation of reproductive process (GO:2000242),2/21,0.3508848890790375,0.8224468944040048,0,0,1.6922177237966711,1.7722546481050585,ACVR1C;SPINK13,anterior_up
GO_Biological_Process_2021,neurotrophin signaling pathway (GO:0038179),2/21,0.3508848890790375,0.8224468944040048,0,0,1.6922177237966711,1.7722546481050585,NTF3;HAP1,anterior_up
GO_Biological_Process_2021,positive regulation of immune system process (GO:0002684),2/21,0.3508848890790375,0.8224468944040048,0,0,1.6922177237966711,1.7722546481050585,TGFB2;NCKAP1L,anterior_up
GO_Biological_Process_2021,positive regulation of vascular associated smooth muscle cell proliferation (GO:1904707),2/21,0.3508848890790375,0.8224468944040048,0,0,1.6922177237966711,1.7722546481050585,JUN;IGFBP5,anterior_up
GO_Biological_Process_2021,purinergic nucleotide receptor signaling pathway (GO:0035590),2/21,0.3508848890790375,0.8224468944040048,0,0,1.6922177237966711,1.7722546481050585,PSTPIP1;P2RX4,anterior_up
GO_Biological_Process_2021,regulation of anoikis (GO:2000209),2/21,0.3508848890790375,0.8224468944040048,0,0,1.6922177237966711,1.7722546481050585,CAV1;SNAI2,anterior_up
GO_Biological_Process_2021,response to progesterone (GO:0032570),2/21,0.3508848890790375,0.8224468944040048,0,0,1.6922177237966711,1.7722546481050585,TGFB2;CAV1,anterior_up
GO_Biological_Process_2021,regulation of peptidyl-serine phosphorylation (GO:0033135),7/98,0.3510232142128774,0.8224468944040048,0,0,1.2371739848134695,1.295201057675618,OPRD1;CALCR;RAMP3;CAV1;NTF3;NOS1;RAPGEF3,anterior_up
GO_Biological_Process_2021,negative regulation of fat cell differentiation (GO:0045599),3/36,0.3538008326510409,0.8227391312991538,0,0,1.461622210125204,1.518656380579472,ZADH2;ZFPM2;FOXO1,anterior_up
GO_Biological_Process_2021,positive regulation of innate immune response (GO:0045089),3/36,0.3538008326510409,0.8227391312991538,0,0,1.461622210125204,1.518656380579472,MAVS;LBP;NMI,anterior_up
GO_Biological_Process_2021,positive regulation of mitotic nuclear division (GO:0045840),3/36,0.3538008326510409,0.8227391312991538,0,0,1.461622210125204,1.518656380579472,BTC;CD28;TGFA,anterior_up
GO_Biological_Process_2021,positive regulation of substrate adhesion-dependent cell spreading (GO:1900026),3/36,0.3538008326510409,0.8227391312991538,0,0,1.461622210125204,1.518656380579472,CARMIL1;OLFM4;RREB1,anterior_up
GO_Biological_Process_2021,positive regulation of T cell mediated immunity (GO:0002711),3/36,0.3538008326510409,0.8227391312991538,0,0,1.461622210125204,1.518656380579472,FZD5;IL12A;CD55,anterior_up
GO_Biological_Process_2021,regulation of cell cycle G1/S phase transition (GO:1902806),3/36,0.3538008326510409,0.8227391312991538,0,0,1.461622210125204,1.518656380579472,SUSD2;KIF14;TM4SF5,anterior_up
GO_Biological_Process_2021,regulation of protein import into nucleus (GO:0042306),3/36,0.3538008326510409,0.8227391312991538,0,0,1.461622210125204,1.518656380579472,BMP4;MAVS;ZIC1,anterior_up
GO_Biological_Process_2021,"Wnt signaling pathway, calcium modulating pathway (GO:0007223)",3/36,0.3538008326510409,0.8227391312991538,0,0,1.461622210125204,1.518656380579472,TCF7L2;FZD5;FZD4,anterior_up
GO_Biological_Process_2021,regulation of viral genome replication (GO:0045069),5/67,0.3562001457596117,0.8227391312991538,0,0,1.2968184205434392,1.338657023434931,FAM111A;RNASEL;MAVS;CD28;PPARA,anterior_up
GO_Biological_Process_2021,vascular endothelial growth factor receptor signaling pathway (GO:0048010),5/67,0.3562001457596117,0.8227391312991538,0,0,1.2968184205434392,1.338657023434931,FLT4;CLEC14A;NCKAP1L;VEGFD;VAV2,anterior_up
GO_Biological_Process_2021,positive regulation of apoptotic process (GO:0043065),20/310,0.3609069523755536,0.8227391312991538,0,0,1.109794061302682,1.1310300855567093,FANK1;HRK;EPHA7;JUN;TGFB2;ARHGEF26;GADD45A;FOXO1;VAV2;FGD3;BMP4;MELK;OBSCN;BCL2L11;LATS2;ACVR1C;DLC1;TNFRSF8;ITGA6;RNF122,anterior_up
GO_Biological_Process_2021,negative regulation of cellular biosynthetic process (GO:0031327),4/52,0.3635940626670575,0.8227391312991538,0,0,1.3398972602739727,1.355597166235601,CAV1;SNAI2;CD34;NFKB1,anterior_up
GO_Biological_Process_2021,positive regulation of developmental growth (GO:0048639),4/52,0.3635940626670575,0.8227391312991538,0,0,1.3398972602739727,1.355597166235601,CPNE9;GHRH;ISLR2;NTN1,anterior_up
GO_Biological_Process_2021,positive regulation of protein localization to plasma membrane (GO:1903078),4/52,0.3635940626670575,0.8227391312991538,0,0,1.3398972602739727,1.355597166235601,RAMP3;STAC2;EPHB2;PLS1,anterior_up
GO_Biological_Process_2021,positive regulation of DNA-binding transcription factor activity (GO:0051091),16/246,0.3700138083502423,0.8227391312991538,0,0,1.1191815856777494,1.1127070689177896,FANK1;OPRD1;FZD4;CAV1;TNFRSF11A;CFLAR;ESR1;ESR2;NFKB1;NHLH2;MAVS;RELN;KIT;PPARG;ROR1;WNT2,anterior_up
GO_Biological_Process_2021,positive regulation of angiogenesis (GO:0045766),8/116,0.3700715469529647,0.8227391312991538,0,0,1.1912943871706758,1.184216814169631,SEMA5A;SMOC2;ADAM12;FGF18;HMOX1;VEGFD;CD34;RAPGEF3,anterior_up
GO_Biological_Process_2021,acyl-CoA metabolic process (GO:0006637),3/37,0.3700850081585179,0.8227391312991538,0,0,1.418557842298596,1.410078480820342,ACOT12;ACOT1;ACACB,anterior_up
GO_Biological_Process_2021,ncRNA metabolic process (GO:0034660),3/37,0.3700850081585179,0.8227391312991538,0,0,1.418557842298596,1.410078480820342,TDRD1;TDRD12;PLD6,anterior_up
GO_Biological_Process_2021,negative regulation of endothelial cell proliferation (GO:0001937),3/37,0.3700850081585179,0.8227391312991538,0,0,1.418557842298596,1.410078480820342,CAV1;IL12A;PPARG,anterior_up
GO_Biological_Process_2021,regulation of protein autophosphorylation (GO:0031952),3/37,0.3700850081585179,0.8227391312991538,0,0,1.418557842298596,1.410078480820342,EPHA7;GPNMB;NEK10,anterior_up
GO_Biological_Process_2021,regulation of transport (GO:0051049),3/37,0.3700850081585179,0.8227391312991538,0,0,1.418557842298596,1.410078480820342,CLDN10;EPB41;LEPR,anterior_up
GO_Biological_Process_2021,regulation of vascular associated smooth muscle cell proliferation (GO:1904705),3/37,0.3700850081585179,0.8227391312991538,0,0,1.418557842298596,1.410078480820342,JUN;IGFBP5;PPARG,anterior_up
GO_Biological_Process_2021,positive regulation of multicellular organismal process (GO:0051240),22/345,0.372027423688873,0.8227391312991538,0,0,1.096002153721901,1.0837134573580534,TGFB2;CAV1;ZBTB16;EBF2;PTH2R;ALOX12B;INHBB;ADRB2;PRLR;ADRA1A;TSHR;TGFBR2;CCDC88B;VAMP8;BMP4;GHRH;CD28;LEPR;HAP1;LBP;RREB1;TRPM4,anterior_up
GO_Biological_Process_2021,cell projection assembly (GO:0030031),2/22,0.3724504591086234,0.8227391312991538,0,0,1.6075213675213675,1.5876704811038105,NCKAP1L;PARVB,anterior_up
GO_Biological_Process_2021,female gonad development (GO:0008585),2/22,0.3724504591086234,0.8227391312991538,0,0,1.6075213675213675,1.5876704811038105,KIT;INHBB,anterior_up
GO_Biological_Process_2021,glutathione derivative biosynthetic process (GO:1901687),2/22,0.3724504591086234,0.8227391312991538,0,0,1.6075213675213675,1.5876704811038105,GSTM2;GSTM1,anterior_up
GO_Biological_Process_2021,glutathione derivative metabolic process (GO:1901685),2/22,0.3724504591086234,0.8227391312991538,0,0,1.6075213675213675,1.5876704811038105,GSTM2;GSTM1,anterior_up
GO_Biological_Process_2021,limb morphogenesis (GO:0035108),2/22,0.3724504591086234,0.8227391312991538,0,0,1.6075213675213675,1.5876704811038105,TGFB2;MYH3,anterior_up
GO_Biological_Process_2021,negative regulation of cyclin-dependent protein kinase activity (GO:1904030),2/22,0.3724504591086234,0.8227391312991538,0,0,1.6075213675213675,1.5876704811038105,CEBPA;LATS2,anterior_up
GO_Biological_Process_2021,negative regulation of myeloid cell differentiation (GO:0045638),2/22,0.3724504591086234,0.8227391312991538,0,0,1.6075213675213675,1.5876704811038105,CDK6;ZBTB16,anterior_up
GO_Biological_Process_2021,negative regulation of protein dephosphorylation (GO:0035308),2/22,0.3724504591086234,0.8227391312991538,0,0,1.6075213675213675,1.5876704811038105,PPP4R4;PPP1R1B,anterior_up
GO_Biological_Process_2021,neuronal action potential (GO:0019228),2/22,0.3724504591086234,0.8227391312991538,0,0,1.6075213675213675,1.5876704811038105,MYH14;SCN5A,anterior_up
GO_Biological_Process_2021,osteoclast differentiation (GO:0030316),2/22,0.3724504591086234,0.8227391312991538,0,0,1.6075213675213675,1.5876704811038105,CSF1;TNFRSF11A,anterior_up
GO_Biological_Process_2021,positive regulation of amyloid precursor protein catabolic process (GO:1902993),2/22,0.3724504591086234,0.8227391312991538,0,0,1.6075213675213675,1.5876704811038105,EFNA1;LRRTM3,anterior_up
GO_Biological_Process_2021,"positive regulation of DNA-templated transcription, initiation (GO:2000144)",2/22,0.3724504591086234,0.8227391312991538,0,0,1.6075213675213675,1.5876704811038105,JUN;HNF1B,anterior_up
GO_Biological_Process_2021,protein localization to cell junction (GO:1902414),2/22,0.3724504591086234,0.8227391312991538,0,0,1.6075213675213675,1.5876704811038105,NPHS1;CGNL1,anterior_up
GO_Biological_Process_2021,regulation of endoplasmic reticulum stress-induced intrinsic apoptotic signaling pathway (GO:1902235),2/22,0.3724504591086234,0.8227391312991538,0,0,1.6075213675213675,1.5876704811038105,BCL2L11;CREB3L1,anterior_up
GO_Biological_Process_2021,regulation of execution phase of apoptosis (GO:1900117),2/22,0.3724504591086234,0.8227391312991538,0,0,1.6075213675213675,1.5876704811038105,DLC1;CIDEA,anterior_up
GO_Biological_Process_2021,regulation of lipid storage (GO:0010883),2/22,0.3724504591086234,0.8227391312991538,0,0,1.6075213675213675,1.5876704811038105,LPL;NFKB1,anterior_up
GO_Biological_Process_2021,regulation of neuron projection development (GO:0010975),11/165,0.3741149232799058,0.8227391312991538,0,0,1.1488864279561954,1.1295762289623466,NTNG2;RELN;PRAG1;LPAR1;KNDC1;ROR1;ITGA6;ALKAL1;TOX;PDLIM5;MFSD2A,anterior_up
GO_Biological_Process_2021,cellular response to chemical stress (GO:0062197),7/101,0.3801145662087692,0.8227391312991538,0,0,1.1974979453931147,1.1583189041734894,SRXN1;CAV1;SLC4A11;NOX4;PRR5L;VRK2;FOXO1,anterior_up
GO_Biological_Process_2021,adenosine to inosine editing (GO:0006382),1/8,0.3831833623889509,0.8227391312991538,0,0,2.296083933146273,2.202499343769014,ADARB2,anterior_up
GO_Biological_Process_2021,adenylate cyclase-inhibiting G protein-coupled acetylcholine receptor signaling pathway (GO:0007197),1/8,0.3831833623889509,0.8227391312991538,0,0,2.296083933146273,2.202499343769014,CHRM2,anterior_up
GO_Biological_Process_2021,ammonium transmembrane transport (GO:0072488),1/8,0.3831833623889509,0.8227391312991538,0,0,2.296083933146273,2.202499343769014,SLC12A7,anterior_up
GO_Biological_Process_2021,aspartate family amino acid biosynthetic process (GO:0009067),1/8,0.3831833623889509,0.8227391312991538,0,0,2.296083933146273,2.202499343769014,PLOD2,anterior_up
GO_Biological_Process_2021,axon extension involved in axon guidance (GO:0048846),1/8,0.3831833623889509,0.8227391312991538,0,0,2.296083933146273,2.202499343769014,ALCAM,anterior_up
GO_Biological_Process_2021,brown fat cell differentiation (GO:0050873),1/8,0.3831833623889509,0.8227391312991538,0,0,2.296083933146273,2.202499343769014,METRNL,anterior_up
GO_Biological_Process_2021,cell migration involved in heart development (GO:0060973),1/8,0.3831833623889509,0.8227391312991538,0,0,2.296083933146273,2.202499343769014,SNAI2,anterior_up
GO_Biological_Process_2021,cellular response to angiotensin (GO:1904385),1/8,0.3831833623889509,0.8227391312991538,0,0,2.296083933146273,2.202499343769014,NFKB1,anterior_up
GO_Biological_Process_2021,cellular response to hepatocyte growth factor stimulus (GO:0035729),1/8,0.3831833623889509,0.8227391312991538,0,0,2.296083933146273,2.202499343769014,HGF,anterior_up
GO_Biological_Process_2021,chromatin silencing at telomere (GO:0006348),1/8,0.3831833623889509,0.8227391312991538,0,0,2.296083933146273,2.202499343769014,DYDC2,anterior_up
GO_Biological_Process_2021,collecting duct development (GO:0072044),1/8,0.3831833623889509,0.8227391312991538,0,0,2.296083933146273,2.202499343769014,BMP4,anterior_up
GO_Biological_Process_2021,cysteine metabolic process (GO:0006534),1/8,0.3831833623889509,0.8227391312991538,0,0,2.296083933146273,2.202499343769014,CTH,anterior_up
GO_Biological_Process_2021,diacylglycerol biosynthetic process (GO:0006651),1/8,0.3831833623889509,0.8227391312991538,0,0,2.296083933146273,2.202499343769014,PLCE1,anterior_up
GO_Biological_Process_2021,entry of bacterium into host cell (GO:0035635),1/8,0.3831833623889509,0.8227391312991538,0,0,2.296083933146273,2.202499343769014,MET,anterior_up
GO_Biological_Process_2021,excitatory synapse assembly (GO:1904861),1/8,0.3831833623889509,0.8227391312991538,0,0,2.296083933146273,2.202499343769014,GRID2,anterior_up
GO_Biological_Process_2021,folic acid transport (GO:0015884),1/8,0.3831833623889509,0.8227391312991538,0,0,2.296083933146273,2.202499343769014,FOLR2,anterior_up
GO_Biological_Process_2021,fructose metabolic process (GO:0006000),1/8,0.3831833623889509,0.8227391312991538,0,0,2.296083933146273,2.202499343769014,ALDOC,anterior_up
GO_Biological_Process_2021,galactosylceramide metabolic process (GO:0006681),1/8,0.3831833623889509,0.8227391312991538,0,0,2.296083933146273,2.202499343769014,B3GALT2,anterior_up
GO_Biological_Process_2021,lens fiber cell development (GO:0070307),1/8,0.3831833623889509,0.8227391312991538,0,0,2.296083933146273,2.202499343769014,WNT5B,anterior_up
GO_Biological_Process_2021,lens fiber cell differentiation (GO:0070306),1/8,0.3831833623889509,0.8227391312991538,0,0,2.296083933146273,2.202499343769014,WNT5B,anterior_up
GO_Biological_Process_2021,mast cell activation involved in immune response (GO:0002279),1/8,0.3831833623889509,0.8227391312991538,0,0,2.296083933146273,2.202499343769014,KIT,anterior_up
GO_Biological_Process_2021,mast cell degranulation (GO:0043303),1/8,0.3831833623889509,0.8227391312991538,0,0,2.296083933146273,2.202499343769014,KIT,anterior_up
GO_Biological_Process_2021,meiotic sister chromatid cohesion (GO:0051177),1/8,0.3831833623889509,0.8227391312991538,0,0,2.296083933146273,2.202499343769014,REC8,anterior_up
GO_Biological_Process_2021,mitotic spindle elongation (GO:0000022),1/8,0.3831833623889509,0.8227391312991538,0,0,2.296083933146273,2.202499343769014,KIF23,anterior_up
GO_Biological_Process_2021,mitotic spindle midzone assembly (GO:0051256),1/8,0.3831833623889509,0.8227391312991538,0,0,2.296083933146273,2.202499343769014,KIF23,anterior_up
GO_Biological_Process_2021,natural killer cell differentiation (GO:0001779),1/8,0.3831833623889509,0.8227391312991538,0,0,2.296083933146273,2.202499343769014,TOX,anterior_up
GO_Biological_Process_2021,negative regulation of appetite (GO:0032099),1/8,0.3831833623889509,0.8227391312991538,0,0,2.296083933146273,2.202499343769014,PPARA,anterior_up
GO_Biological_Process_2021,negative regulation of calcium ion import (GO:0090281),1/8,0.3831833623889509,0.8227391312991538,0,0,2.296083933146273,2.202499343769014,PLN,anterior_up
GO_Biological_Process_2021,"negative regulation of complement activation, classical pathway (GO:0045959)",1/8,0.3831833623889509,0.8227391312991538,0,0,2.296083933146273,2.202499343769014,CD55,anterior_up
GO_Biological_Process_2021,negative regulation of fatty acid oxidation (GO:0046322),1/8,0.3831833623889509,0.8227391312991538,0,0,2.296083933146273,2.202499343769014,MFSD2A,anterior_up
GO_Biological_Process_2021,negative regulation of keratinocyte proliferation (GO:0010839),1/8,0.3831833623889509,0.8227391312991538,0,0,2.296083933146273,2.202499343769014,SNAI2,anterior_up
GO_Biological_Process_2021,negative regulation of long-term synaptic potentiation (GO:1900272),1/8,0.3831833623889509,0.8227391312991538,0,0,2.296083933146273,2.202499343769014,FAM107A,anterior_up
GO_Biological_Process_2021,negative regulation of microglial cell activation (GO:1903979),1/8,0.3831833623889509,0.8227391312991538,0,0,2.296083933146273,2.202499343769014,LDLR,anterior_up
GO_Biological_Process_2021,negative regulation of mitochondrial membrane potential (GO:0010917),1/8,0.3831833623889509,0.8227391312991538,0,0,2.296083933146273,2.202499343769014,RNF122,anterior_up
GO_Biological_Process_2021,negative regulation of mitotic nuclear division (GO:0045839),1/8,0.3831833623889509,0.8227391312991538,0,0,2.296083933146273,2.202499343769014,BMP4,anterior_up
GO_Biological_Process_2021,negative regulation of monooxygenase activity (GO:0032769),1/8,0.3831833623889509,0.8227391312991538,0,0,2.296083933146273,2.202499343769014,NFKB1,anterior_up
GO_Biological_Process_2021,negative regulation of muscle hypertrophy (GO:0014741),1/8,0.3831833623889509,0.8227391312991538,0,0,2.296083933146273,2.202499343769014,P2RX4,anterior_up
GO_Biological_Process_2021,negative regulation of nitrogen compound metabolic process (GO:0051172),1/8,0.3831833623889509,0.8227391312991538,0,0,2.296083933146273,2.202499343769014,LDLR,anterior_up
GO_Biological_Process_2021,negative regulation of T cell mediated cytotoxicity (GO:0001915),1/8,0.3831833623889509,0.8227391312991538,0,0,2.296083933146273,2.202499343769014,NCKAP1L,anterior_up
GO_Biological_Process_2021,negative regulation of vascular associated smooth muscle cell differentiation (GO:1905064),1/8,0.3831833623889509,0.8227391312991538,0,0,2.296083933146273,2.202499343769014,NFATC2,anterior_up
GO_Biological_Process_2021,neuron projection extension involved in neuron projection guidance (GO:1902284),1/8,0.3831833623889509,0.8227391312991538,0,0,2.296083933146273,2.202499343769014,ALCAM,anterior_up
GO_Biological_Process_2021,neurotransmitter reuptake (GO:0098810),1/8,0.3831833623889509,0.8227391312991538,0,0,2.296083933146273,2.202499343769014,SLC22A1,anterior_up
GO_Biological_Process_2021,osteoblast development (GO:0002076),1/8,0.3831833623889509,0.8227391312991538,0,0,2.296083933146273,2.202499343769014,PTHLH,anterior_up
GO_Biological_Process_2021,peptidyl-lysine hydroxylation (GO:0017185),1/8,0.3831833623889509,0.8227391312991538,0,0,2.296083933146273,2.202499343769014,PLOD2,anterior_up
GO_Biological_Process_2021,peptidyl-proline hydroxylation to 4-hydroxy-L-proline (GO:0018401),1/8,0.3831833623889509,0.8227391312991538,0,0,2.296083933146273,2.202499343769014,P4HA3,anterior_up
GO_Biological_Process_2021,phosphatidylinositol-3-phosphate biosynthetic process (GO:0036092),1/8,0.3831833623889509,0.8227391312991538,0,0,2.296083933146273,2.202499343769014,PIK3C2G,anterior_up
GO_Biological_Process_2021,plasma membrane phospholipid scrambling (GO:0017121),1/8,0.3831833623889509,0.8227391312991538,0,0,2.296083933146273,2.202499343769014,PLSCR4,anterior_up
GO_Biological_Process_2021,positive regulation of aspartic-type peptidase activity (GO:1905247),1/8,0.3831833623889509,0.8227391312991538,0,0,2.296083933146273,2.202499343769014,EFNA1,anterior_up
GO_Biological_Process_2021,positive regulation of astrocyte differentiation (GO:0048711),1/8,0.3831833623889509,0.8227391312991538,0,0,2.296083933146273,2.202499343769014,HES1,anterior_up
GO_Biological_Process_2021,"positive regulation of CD4-positive, alpha-beta T cell differentiation (GO:0043372)",1/8,0.3831833623889509,0.8227391312991538,0,0,2.296083933146273,2.202499343769014,NCKAP1L,anterior_up
GO_Biological_Process_2021,positive regulation of cysteine-type endopeptidase activity involved in apoptotic signaling pathway (GO:2001269),1/8,0.3831833623889509,0.8227391312991538,0,0,2.296083933146273,2.202499343769014,ST18,anterior_up
GO_Biological_Process_2021,positive regulation of dendritic cell chemotaxis (GO:2000510),1/8,0.3831833623889509,0.8227391312991538,0,0,2.296083933146273,2.202499343769014,IL12A,anterior_up
GO_Biological_Process_2021,positive regulation of execution phase of apoptosis (GO:1900119),1/8,0.3831833623889509,0.8227391312991538,0,0,2.296083933146273,2.202499343769014,DLC1,anterior_up
GO_Biological_Process_2021,positive regulation of leukocyte differentiation (GO:1902107),1/8,0.3831833623889509,0.8227391312991538,0,0,2.296083933146273,2.202499343769014,NCKAP1L,anterior_up
GO_Biological_Process_2021,positive regulation of membrane invagination (GO:1905155),1/8,0.3831833623889509,0.8227391312991538,0,0,2.296083933146273,2.202499343769014,NCKAP1L,anterior_up
GO_Biological_Process_2021,positive regulation of neuron projection arborization (GO:0150012),1/8,0.3831833623889509,0.8227391312991538,0,0,2.296083933146273,2.202499343769014,FZD4,anterior_up
GO_Biological_Process_2021,positive regulation of oligodendrocyte differentiation (GO:0048714),1/8,0.3831833623889509,0.8227391312991538,0,0,2.296083933146273,2.202499343769014,PTPRZ1,anterior_up
GO_Biological_Process_2021,positive regulation of ryanodine-sensitive calcium-release channel activity (GO:0060316),1/8,0.3831833623889509,0.8227391312991538,0,0,2.296083933146273,2.202499343769014,GSTM2,anterior_up
GO_Biological_Process_2021,positive regulation of steroid biosynthetic process (GO:0010893),1/8,0.3831833623889509,0.8227391312991538,0,0,2.296083933146273,2.202499343769014,STARD4,anterior_up
GO_Biological_Process_2021,positive regulation of T-helper 2 cell cytokine production (GO:2000553),1/8,0.3831833623889509,0.8227391312991538,0,0,2.296083933146273,2.202499343769014,DENND1B,anterior_up
GO_Biological_Process_2021,positive regulation of vascular associated smooth muscle cell migration (GO:1904754),1/8,0.3831833623889509,0.8227391312991538,0,0,2.296083933146273,2.202499343769014,IGFBP5,anterior_up
GO_Biological_Process_2021,pre-replicative complex assembly involved in nuclear cell cycle DNA replication (GO:0006267),1/8,0.3831833623889509,0.8227391312991538,0,0,2.296083933146273,2.202499343769014,MCM6,anterior_up
GO_Biological_Process_2021,regulation of activation of Janus kinase activity (GO:0010533),1/8,0.3831833623889509,0.8227391312991538,0,0,2.296083933146273,2.202499343769014,CD300A,anterior_up
GO_Biological_Process_2021,regulation of anion transport (GO:0044070),1/8,0.3831833623889509,0.8227391312991538,0,0,2.296083933146273,2.202499343769014,ATP8B1,anterior_up
GO_Biological_Process_2021,regulation of ATPase-coupled calcium transmembrane transporter activity (GO:1901894),1/8,0.3831833623889509,0.8227391312991538,0,0,2.296083933146273,2.202499343769014,PLN,anterior_up
GO_Biological_Process_2021,regulation of cardiac muscle cell action potential involved in regulation of contraction (GO:0098909),1/8,0.3831833623889509,0.8227391312991538,0,0,2.296083933146273,2.202499343769014,CAV1,anterior_up
GO_Biological_Process_2021,"regulation of CD4-positive, alpha-beta T cell activation (GO:2000514)",1/8,0.3831833623889509,0.8227391312991538,0,0,2.296083933146273,2.202499343769014,CD55,anterior_up
GO_Biological_Process_2021,regulation of chemokine (C-C motif) ligand 5 production (GO:0071649),1/8,0.3831833623889509,0.8227391312991538,0,0,2.296083933146273,2.202499343769014,MAVS,anterior_up
GO_Biological_Process_2021,regulation of chemokine-mediated signaling pathway (GO:0070099),1/8,0.3831833623889509,0.8227391312991538,0,0,2.296083933146273,2.202499343769014,ROBO1,anterior_up
GO_Biological_Process_2021,regulation of dendritic cell chemotaxis (GO:2000508),1/8,0.3831833623889509,0.8227391312991538,0,0,2.296083933146273,2.202499343769014,IL12A,anterior_up
GO_Biological_Process_2021,regulation of metaphase/anaphase transition of cell cycle (GO:1902099),1/8,0.3831833623889509,0.8227391312991538,0,0,2.296083933146273,2.202499343769014,NEK6,anterior_up
GO_Biological_Process_2021,regulation of microvillus organization (GO:0032530),1/8,0.3831833623889509,0.8227391312991538,0,0,2.296083933146273,2.202499343769014,ATP8B1,anterior_up
GO_Biological_Process_2021,regulation of pattern recognition receptor signaling pathway (GO:0062207),1/8,0.3831833623889509,0.8227391312991538,0,0,2.296083933146273,2.202499343769014,BIRC3,anterior_up
GO_Biological_Process_2021,regulation of positive chemotaxis (GO:0050926),1/8,0.3831833623889509,0.8227391312991538,0,0,2.296083933146273,2.202499343769014,CDH13,anterior_up
GO_Biological_Process_2021,regulation of protein localization to cell cortex (GO:1904776),1/8,0.3831833623889509,0.8227391312991538,0,0,2.296083933146273,2.202499343769014,EPB41,anterior_up
GO_Biological_Process_2021,regulation of striated muscle tissue development (GO:0016202),1/8,0.3831833623889509,0.8227391312991538,0,0,2.296083933146273,2.202499343769014,BMP4,anterior_up
GO_Biological_Process_2021,regulation of toll-like receptor 3 signaling pathway (GO:0034139),1/8,0.3831833623889509,0.8227391312991538,0,0,2.296083933146273,2.202499343769014,CAV1,anterior_up
GO_Biological_Process_2021,regulation of vascular wound healing (GO:0061043),1/8,0.3831833623889509,0.8227391312991538,0,0,2.296083933146273,2.202499343769014,SMOC2,anterior_up
GO_Biological_Process_2021,response to hepatocyte growth factor (GO:0035728),1/8,0.3831833623889509,0.8227391312991538,0,0,2.296083933146273,2.202499343769014,HGF,anterior_up
GO_Biological_Process_2021,self proteolysis (GO:0097264),1/8,0.3831833623889509,0.8227391312991538,0,0,2.296083933146273,2.202499343769014,ADGRV1,anterior_up
GO_Biological_Process_2021,sequestering of BMP from receptor via BMP binding (GO:0038098),1/8,0.3831833623889509,0.8227391312991538,0,0,2.296083933146273,2.202499343769014,CHRDL1,anterior_up
GO_Biological_Process_2021,skeletal muscle tissue regeneration (GO:0043403),1/8,0.3831833623889509,0.8227391312991538,0,0,2.296083933146273,2.202499343769014,CFLAR,anterior_up
GO_Biological_Process_2021,skeletal myofibril assembly (GO:0014866),1/8,0.3831833623889509,0.8227391312991538,0,0,2.296083933146273,2.202499343769014,CFLAR,anterior_up
GO_Biological_Process_2021,SREBP signaling pathway (GO:0032933),1/8,0.3831833623889509,0.8227391312991538,0,0,2.296083933146273,2.202499343769014,ARHGEF10L,anterior_up
GO_Biological_Process_2021,sulfur amino acid biosynthetic process (GO:0000097),1/8,0.3831833623889509,0.8227391312991538,0,0,2.296083933146273,2.202499343769014,CTH,anterior_up
GO_Biological_Process_2021,vascular associated smooth muscle cell differentiation (GO:0035886),1/8,0.3831833623889509,0.8227391312991538,0,0,2.296083933146273,2.202499343769014,HES1,anterior_up
GO_Biological_Process_2021,ventricular trabecula myocardium morphogenesis (GO:0003222),1/8,0.3831833623889509,0.8227391312991538,0,0,2.296083933146273,2.202499343769014,TGFB2,anterior_up
GO_Biological_Process_2021,water homeostasis (GO:0030104),1/8,0.3831833623889509,0.8227391312991538,0,0,2.296083933146273,2.202499343769014,AQP4,anterior_up
GO_Biological_Process_2021,negative regulation of endothelial cell migration (GO:0010596),3/38,0.3862916439039777,0.8262002687242597,0,0,1.3779542954906514,1.310658646392897,GADD45A;PPARG;ADAMTS9,anterior_up
GO_Biological_Process_2021,positive regulation of signaling (GO:0023056),3/38,0.3862916439039777,0.8262002687242597,0,0,1.3779542954906514,1.310658646392897,RAMP3;RIMS3;BVES,anterior_up
GO_Biological_Process_2021,regulation of cell communication (GO:0010646),3/38,0.3862916439039777,0.8262002687242597,0,0,1.3779542954906514,1.310658646392897,IGFBP7;KAZALD1;MGLL,anterior_up
GO_Biological_Process_2021,regulation of phosphoprotein phosphatase activity (GO:0043666),3/38,0.3862916439039777,0.8262002687242597,0,0,1.3779542954906514,1.310658646392897,CD300A;PPP4R4;PPP1R1B,anterior_up
GO_Biological_Process_2021,response to cAMP (GO:0051591),3/38,0.3862916439039777,0.8262002687242597,0,0,1.3779542954906514,1.310658646392897,IGFBP5;RAPGEF3;SLC5A5,anterior_up
GO_Biological_Process_2021,response to estradiol (GO:0032355),3/38,0.3862916439039777,0.8262002687242597,0,0,1.3779542954906514,1.310658646392897,RAMP3;SSTR1;ESR1,anterior_up
GO_Biological_Process_2021,negative regulation of response to external stimulus (GO:0032102),8/118,0.3880913984887086,0.8295140665761882,0,0,1.1695095282724148,1.1069576141066888,GRID2;PPARG;DRD1;NMI;METRNL;DRD2;PPARA;SMPDL3B,anterior_up
GO_Biological_Process_2021,protein O-linked glycosylation (GO:0006493),7/102,0.3898376888461075,0.8299188066742279,0,0,1.184829455613282,1.1161387415414314,GALNT14;GALNT16;GALNT15;GCNT1;PLOD2;GCNT4;TMTC4,anterior_up
GO_Biological_Process_2021,positive regulation of leukocyte chemotaxis (GO:0002690),4/54,0.3906381448280202,0.8299188066742279,0,0,1.286164383561644,1.2089605764807,CXCL12;CSF1;IL12A;VEGFD,anterior_up
GO_Biological_Process_2021,carbohydrate homeostasis (GO:0033500),5/70,0.3916481374782642,0.8299188066742279,0,0,1.2367675169731724,1.1593352969848705,BACE2;CEBPA;TCF7L2;LEPR;PPARG,anterior_up
GO_Biological_Process_2021,regulation of plasma membrane bounded cell projection assembly (GO:0120032),5/70,0.3916481374782642,0.8299188066742279,0,0,1.2367675169731724,1.1593352969848705,P2RX4;ATP8B1;CAV1;MAPK15;CDKL1,anterior_up
GO_Biological_Process_2021,cilium-dependent cell motility (GO:0060285),2/23,0.3937198442373008,0.8299188066742279,0,0,1.5308913308913308,1.4269678105918584,DNAH8;TEKT1,anterior_up
GO_Biological_Process_2021,ear morphogenesis (GO:0042471),2/23,0.3937198442373008,0.8299188066742279,0,0,1.5308913308913308,1.4269678105918584,ZIC1;EPHB2,anterior_up
GO_Biological_Process_2021,hexose transmembrane transport (GO:0008645),2/23,0.3937198442373008,0.8299188066742279,0,0,1.5308913308913308,1.4269678105918584,SLC2A9;SLC2A5,anterior_up
GO_Biological_Process_2021,hyaluronan metabolic process (GO:0030212),2/23,0.3937198442373008,0.8299188066742279,0,0,1.5308913308913308,1.4269678105918584,STAB2;HMMR,anterior_up
GO_Biological_Process_2021,oligosaccharide biosynthetic process (GO:0009312),2/23,0.3937198442373008,0.8299188066742279,0,0,1.5308913308913308,1.4269678105918584,B3GALT2;ST6GALNAC5,anterior_up
GO_Biological_Process_2021,positive regulation of morphogenesis of an epithelium (GO:1905332),2/23,0.3937198442373008,0.8299188066742279,0,0,1.5308913308913308,1.4269678105918584,BMP4;WNT5B,anterior_up
GO_Biological_Process_2021,positive regulation of natural killer cell mediated immunity (GO:0002717),2/23,0.3937198442373008,0.8299188066742279,0,0,1.5308913308913308,1.4269678105918584,IL12A;RASGRP1,anterior_up
GO_Biological_Process_2021,positive regulation of protein autophosphorylation (GO:0031954),2/23,0.3937198442373008,0.8299188066742279,0,0,1.5308913308913308,1.4269678105918584,GPNMB;NEK10,anterior_up
GO_Biological_Process_2021,positive regulation of transcription initiation from RNA polymerase II promoter (GO:0060261),2/23,0.3937198442373008,0.8299188066742279,0,0,1.5308913308913308,1.4269678105918584,HNF1B;ESR1,anterior_up
GO_Biological_Process_2021,regulation of B cell receptor signaling pathway (GO:0050855),2/23,0.3937198442373008,0.8299188066742279,0,0,1.5308913308913308,1.4269678105918584,CD300A;PAX5,anterior_up
GO_Biological_Process_2021,regulation of cysteine-type endopeptidase activity (GO:2000116),2/23,0.3937198442373008,0.8299188066742279,0,0,1.5308913308913308,1.4269678105918584,EPHA7;BIRC3,anterior_up
GO_Biological_Process_2021,regulation of necroptotic process (GO:0060544),2/23,0.3937198442373008,0.8299188066742279,0,0,1.5308913308913308,1.4269678105918584,CFLAR;BIRC3,anterior_up
GO_Biological_Process_2021,regulation of peptidase activity (GO:0052547),2/23,0.3937198442373008,0.8299188066742279,0,0,1.5308913308913308,1.4269678105918584,CAV1;PRSS22,anterior_up
GO_Biological_Process_2021,regulation of protein export from nucleus (GO:0046825),2/23,0.3937198442373008,0.8299188066742279,0,0,1.5308913308913308,1.4269678105918584,TCF7L2;RAPGEF3,anterior_up
GO_Biological_Process_2021,regulation of SMAD protein signal transduction (GO:0060390),2/23,0.3937198442373008,0.8299188066742279,0,0,1.5308913308913308,1.4269678105918584,BMP4;OVOL2,anterior_up
GO_Biological_Process_2021,regulation of telomere capping (GO:1904353),2/23,0.3937198442373008,0.8299188066742279,0,0,1.5308913308913308,1.4269678105918584,NEK7;MAPK15,anterior_up
GO_Biological_Process_2021,negative regulation of protein secretion (GO:0050709),3/39,0.4023968404584925,0.8299188066742279,0,0,1.339606501283148,1.2194659176614038,IL12A;INHBB;DRD2,anterior_up
GO_Biological_Process_2021,positive regulation of intracellular transport (GO:0032388),3/39,0.4023968404584925,0.8299188066742279,0,0,1.339606501283148,1.2194659176614038,SPAG5;PRR5L;ABCA12,anterior_up
GO_Biological_Process_2021,regulation of intracellular transport (GO:0032386),3/39,0.4023968404584925,0.8299188066742279,0,0,1.339606501283148,1.2194659176614038,SPAG5;HAP1;LCP1,anterior_up
GO_Biological_Process_2021,regulation of ion transmembrane transporter activity (GO:0032412),3/39,0.4023968404584925,0.8299188066742279,0,0,1.339606501283148,1.2194659176614038,TRPC6;FXYD1;SCN4B,anterior_up
GO_Biological_Process_2021,regulation of nitric-oxide synthase activity (GO:0050999),3/39,0.4023968404584925,0.8299188066742279,0,0,1.339606501283148,1.2194659176614038,CAV1;NPR3;CYGB,anterior_up
GO_Biological_Process_2021,response to peptide (GO:1901652),3/39,0.4023968404584925,0.8299188066742279,0,0,1.339606501283148,1.2194659176614038,RAMP3;CALCR;INAVA,anterior_up
GO_Biological_Process_2021,vesicle cytoskeletal trafficking (GO:0099518),3/39,0.4023968404584925,0.8299188066742279,0,0,1.339606501283148,1.2194659176614038,MYO5B;HAP1;MYO1H,anterior_up
GO_Biological_Process_2021,protein localization to plasma membrane (GO:0072659),9/136,0.4029909572689686,0.8299188066742279,0,0,1.139525121698567,1.0356473286969938,RAB3B;MRAP;EHD4;RAMP3;KCNB2;P2RY1;PKP2;ZDHHC22;ABCA12,anterior_up
GO_Biological_Process_2021,cholesterol homeostasis (GO:0042632),5/71,0.4034427327554155,0.8299188066742279,0,0,1.217963698683493,1.1055708947609908,LIPC;CAV1;LIPG;LPL;LDLR,anterior_up
GO_Biological_Process_2021,negative regulation of neuron apoptotic process (GO:0043524),5/71,0.4034427327554155,0.8299188066742279,0,0,1.217963698683493,1.1055708947609908,TOX3;PTPRZ1;NTF3;KIF14;CRLF1,anterior_up
GO_Biological_Process_2021,regulation of endopeptidase activity (GO:0052548),5/71,0.4034427327554155,0.8299188066742279,0,0,1.217963698683493,1.1055708947609908,SERPIND1;SPOCK3;SERPINB8;SERPINB5;BIRC3,anterior_up
GO_Biological_Process_2021,ceramide metabolic process (GO:0006672),4/55,0.4041032420323863,0.8299188066742279,0,0,1.2608783239323127,1.14246278998311,ALOX12B;ABCA12;ST6GALNAC3;ALOXE3,anterior_up
GO_Biological_Process_2021,cellular metal ion homeostasis (GO:0006875),7/104,0.4092865255643005,0.8299188066742279,0,0,1.1602760939781425,1.0365208331263125,CASR;CXCL12;STC2;CAV1;ATP13A4;HTR2A;DRD5,anterior_up
GO_Biological_Process_2021,regulation of canonical Wnt signaling pathway (GO:0060828),16/253,0.413334449727351,0.8299188066742279,0,0,1.0857167885769348,0.9592288372134838,SEMA5A;PTPRU;TCF7L2;FZD4;FZD7;CAV1;LRP4;TPBGL;NFKB1;DKK3;SHISA6;LATS2;GPC3;SNAI2;TRPM4;FGF10,anterior_up
GO_Biological_Process_2021,amino acid import across plasma membrane (GO:0089718),2/24,0.4146537055075474,0.8299188066742279,0,0,1.4612276612276611,1.2863355897753934,SLC1A5;SLC7A3,anterior_up
GO_Biological_Process_2021,apoptotic nuclear changes (GO:0030262),2/24,0.4146537055075474,0.8299188066742279,0,0,1.4612276612276611,1.2863355897753934,ACVR1C;DNASE1L3,anterior_up
GO_Biological_Process_2021,axon extension (GO:0048675),2/24,0.4146537055075474,0.8299188066742279,0,0,1.4612276612276611,1.2863355897753934,SEMA5A;ALCAM,anterior_up
GO_Biological_Process_2021,carbohydrate biosynthetic process (GO:0016051),2/24,0.4146537055075474,0.8299188066742279,0,0,1.4612276612276611,1.2863355897753934,B3GALT2;ST6GALNAC5,anterior_up
GO_Biological_Process_2021,cellular response to catecholamine stimulus (GO:0071870),2/24,0.4146537055075474,0.8299188066742279,0,0,1.4612276612276611,1.2863355897753934,DRD1;DRD5,anterior_up
GO_Biological_Process_2021,dendritic cell differentiation (GO:0097028),2/24,0.4146537055075474,0.8299188066742279,0,0,1.4612276612276611,1.2863355897753934,BATF3;TGFBR2,anterior_up
GO_Biological_Process_2021,endocrine system development (GO:0035270),2/24,0.4146537055075474,0.8299188066742279,0,0,1.4612276612276611,1.2863355897753934,DKK3;STRA6,anterior_up
GO_Biological_Process_2021,inner ear morphogenesis (GO:0042472),2/24,0.4146537055075474,0.8299188066742279,0,0,1.4612276612276611,1.2863355897753934,ZIC1;EPHB2,anterior_up
GO_Biological_Process_2021,negative regulation of lipid metabolic process (GO:0045833),2/24,0.4146537055075474,0.8299188066742279,0,0,1.4612276612276611,1.2863355897753934,CIDEA;CCDC3,anterior_up
GO_Biological_Process_2021,negative regulation of synaptic transmission (GO:0050805),2/24,0.4146537055075474,0.8299188066742279,0,0,1.4612276612276611,1.2863355897753934,DRD2;CBLN1,anterior_up
GO_Biological_Process_2021,neuromuscular junction development (GO:0007528),2/24,0.4146537055075474,0.8299188066742279,0,0,1.4612276612276611,1.2863355897753934,UNC13C;LRP4,anterior_up
GO_Biological_Process_2021,positive regulation of lamellipodium assembly (GO:0010592),2/24,0.4146537055075474,0.8299188066742279,0,0,1.4612276612276611,1.2863355897753934,OCLN;PLCE1,anterior_up
GO_Biological_Process_2021,positive regulation of neuron apoptotic process (GO:0043525),2/24,0.4146537055075474,0.8299188066742279,0,0,1.4612276612276611,1.2863355897753934,EPHA7;TGFB2,anterior_up
GO_Biological_Process_2021,regulation of cellular response to transforming growth factor beta stimulus (GO:1903844),2/24,0.4146537055075474,0.8299188066742279,0,0,1.4612276612276611,1.2863355897753934,LATS2;DKK3,anterior_up
GO_Biological_Process_2021,regulation of cytokine production involved in immune response (GO:0002718),2/24,0.4146537055075474,0.8299188066742279,0,0,1.4612276612276611,1.2863355897753934,INAVA;TRPM4,anterior_up
GO_Biological_Process_2021,regulation of monooxygenase activity (GO:0032768),2/24,0.4146537055075474,0.8299188066742279,0,0,1.4612276612276611,1.2863355897753934,CAV1;CYGB,anterior_up
GO_Biological_Process_2021,sulfur amino acid metabolic process (GO:0000096),2/24,0.4146537055075474,0.8299188066742279,0,0,1.4612276612276611,1.2863355897753934,CTH;NOX4,anterior_up
GO_Biological_Process_2021,positive regulation of protein secretion (GO:0050714),5/72,0.415209582706148,0.8299188066742279,0,0,1.1997211884024608,1.0545211736430258,TCF7L2;TGFB2;NNAT;TRH;EXPH5,anterior_up
GO_Biological_Process_2021,sterol homeostasis (GO:0055092),5/72,0.415209582706148,0.8299188066742279,0,0,1.1997211884024608,1.0545211736430258,LIPC;CAV1;LIPG;LPL;LDLR,anterior_up
GO_Biological_Process_2021,organic hydroxy compound transport (GO:0015850),3/40,0.4183784170220103,0.8299188066742279,0,0,1.3033315608165907,1.135682656410259,ABCC4;ATP8B1;STRA6,anterior_up
GO_Biological_Process_2021,positive regulation of intrinsic apoptotic signaling pathway (GO:2001244),3/40,0.4183784170220103,0.8299188066742279,0,0,1.3033315608165907,1.135682656410259,BCL2L11;CAV1;GSDME,anterior_up
GO_Biological_Process_2021,regulation of microtubule polymerization (GO:0031113),3/40,0.4183784170220103,0.8299188066742279,0,0,1.3033315608165907,1.135682656410259,OCLN;PSRC1;MET,anterior_up
GO_Biological_Process_2021,stem cell differentiation (GO:0048863),3/40,0.4183784170220103,0.8299188066742279,0,0,1.3033315608165907,1.135682656410259,DNMT3L;TGFB2;KIT,anterior_up
GO_Biological_Process_2021,synaptic vesicle exocytosis (GO:0016079),3/40,0.4183784170220103,0.8299188066742279,0,0,1.3033315608165907,1.135682656410259,UNC13C;RIMS3;SYT10,anterior_up
GO_Biological_Process_2021,adenosine metabolic process (GO:0046085),1/9,0.4193432183436937,0.8299188066742279,0,0,2.0089666951323655,1.7459237609263227,ADA,anterior_up
GO_Biological_Process_2021,associative learning (GO:0008306),1/9,0.4193432183436937,0.8299188066742279,0,0,2.0089666951323655,1.7459237609263227,DRD2,anterior_up
GO_Biological_Process_2021,cellular response to leptin stimulus (GO:0044320),1/9,0.4193432183436937,0.8299188066742279,0,0,2.0089666951323655,1.7459237609263227,LEPR,anterior_up
GO_Biological_Process_2021,cellular response to sterol depletion (GO:0071501),1/9,0.4193432183436937,0.8299188066742279,0,0,2.0089666951323655,1.7459237609263227,ARHGEF10L,anterior_up
GO_Biological_Process_2021,chylomicron remodeling (GO:0034371),1/9,0.4193432183436937,0.8299188066742279,0,0,2.0089666951323655,1.7459237609263227,LPL,anterior_up
GO_Biological_Process_2021,cilium movement involved in cell motility (GO:0060294),1/9,0.4193432183436937,0.8299188066742279,0,0,2.0089666951323655,1.7459237609263227,TEKT1,anterior_up
GO_Biological_Process_2021,epithelial cilium movement involved in determination of left/right asymmetry (GO:0060287),1/9,0.4193432183436937,0.8299188066742279,0,0,2.0089666951323655,1.7459237609263227,DNAAF1,anterior_up
GO_Biological_Process_2021,"fructose 1,6-bisphosphate metabolic process (GO:0030388)",1/9,0.4193432183436937,0.8299188066742279,0,0,2.0089666951323655,1.7459237609263227,ALDOC,anterior_up
GO_Biological_Process_2021,intestinal cholesterol absorption (GO:0030299),1/9,0.4193432183436937,0.8299188066742279,0,0,2.0089666951323655,1.7459237609263227,LDLR,anterior_up
GO_Biological_Process_2021,kinetochore assembly (GO:0051382),1/9,0.4193432183436937,0.8299188066742279,0,0,2.0089666951323655,1.7459237609263227,CENPA,anterior_up
GO_Biological_Process_2021,kynurenine metabolic process (GO:0070189),1/9,0.4193432183436937,0.8299188066742279,0,0,2.0089666951323655,1.7459237609263227,TDO2,anterior_up
GO_Biological_Process_2021,mast cell mediated immunity (GO:0002448),1/9,0.4193432183436937,0.8299188066742279,0,0,2.0089666951323655,1.7459237609263227,KIT,anterior_up
GO_Biological_Process_2021,mesodermal cell differentiation (GO:0048333),1/9,0.4193432183436937,0.8299188066742279,0,0,2.0089666951323655,1.7459237609263227,BMP4,anterior_up
GO_Biological_Process_2021,N-acylphosphatidylethanolamine metabolic process (GO:0070292),1/9,0.4193432183436937,0.8299188066742279,0,0,2.0089666951323655,1.7459237609263227,PLAAT1,anterior_up
GO_Biological_Process_2021,negative regulation of alpha-beta T cell activation (GO:0046636),1/9,0.4193432183436937,0.8299188066742279,0,0,2.0089666951323655,1.7459237609263227,CD300A,anterior_up
GO_Biological_Process_2021,negative regulation of exocytosis (GO:0045920),1/9,0.4193432183436937,0.8299188066742279,0,0,2.0089666951323655,1.7459237609263227,STXBP6,anterior_up
GO_Biological_Process_2021,negative regulation of glial cell differentiation (GO:0045686),1/9,0.4193432183436937,0.8299188066742279,0,0,2.0089666951323655,1.7459237609263227,HES1,anterior_up
GO_Biological_Process_2021,negative regulation of glycoprotein biosynthetic process (GO:0010561),1/9,0.4193432183436937,0.8299188066742279,0,0,2.0089666951323655,1.7459237609263227,BACE2,anterior_up
GO_Biological_Process_2021,negative regulation of membrane potential (GO:0045837),1/9,0.4193432183436937,0.8299188066742279,0,0,2.0089666951323655,1.7459237609263227,RNF122,anterior_up
GO_Biological_Process_2021,negative regulation of necroptotic process (GO:0060546),1/9,0.4193432183436937,0.8299188066742279,0,0,2.0089666951323655,1.7459237609263227,BIRC3,anterior_up
GO_Biological_Process_2021,negative regulation of pathway-restricted SMAD protein phosphorylation (GO:0060394),1/9,0.4193432183436937,0.8299188066742279,0,0,2.0089666951323655,1.7459237609263227,SMAD6,anterior_up
GO_Biological_Process_2021,negative regulation of platelet aggregation (GO:0090331),1/9,0.4193432183436937,0.8299188066742279,0,0,2.0089666951323655,1.7459237609263227,ADAMTS18,anterior_up
GO_Biological_Process_2021,negative regulation of smooth muscle cell differentiation (GO:0051151),1/9,0.4193432183436937,0.8299188066742279,0,0,2.0089666951323655,1.7459237609263227,NFATC2,anterior_up
GO_Biological_Process_2021,negative regulation of systemic arterial blood pressure (GO:0003085),1/9,0.4193432183436937,0.8299188066742279,0,0,2.0089666951323655,1.7459237609263227,ADRB2,anterior_up
GO_Biological_Process_2021,nucleoside diphosphate phosphorylation (GO:0006165),1/9,0.4193432183436937,0.8299188066742279,0,0,2.0089666951323655,1.7459237609263227,AK9,anterior_up
GO_Biological_Process_2021,oligosaccharide catabolic process (GO:0009313),1/9,0.4193432183436937,0.8299188066742279,0,0,2.0089666951323655,1.7459237609263227,MANBA,anterior_up
GO_Biological_Process_2021,organic acid catabolic process (GO:0016054),1/9,0.4193432183436937,0.8299188066742279,0,0,2.0089666951323655,1.7459237609263227,CTH,anterior_up
GO_Biological_Process_2021,peptidyl-cysteine modification (GO:0018198),1/9,0.4193432183436937,0.8299188066742279,0,0,2.0089666951323655,1.7459237609263227,NOS1,anterior_up
GO_Biological_Process_2021,phenol-containing compound biosynthetic process (GO:0046189),1/9,0.4193432183436937,0.8299188066742279,0,0,2.0089666951323655,1.7459237609263227,DDC,anterior_up
GO_Biological_Process_2021,positive regulation of ATP biosynthetic process (GO:2001171),1/9,0.4193432183436937,0.8299188066742279,0,0,2.0089666951323655,1.7459237609263227,PPARA,anterior_up
GO_Biological_Process_2021,positive regulation of B cell differentiation (GO:0045579),1/9,0.4193432183436937,0.8299188066742279,0,0,2.0089666951323655,1.7459237609263227,NCKAP1L,anterior_up
GO_Biological_Process_2021,positive regulation of blood vessel endothelial cell proliferation involved in sprouting angiogenesis (GO:1903589),1/9,0.4193432183436937,0.8299188066742279,0,0,2.0089666951323655,1.7459237609263227,HMOX1,anterior_up
GO_Biological_Process_2021,"positive regulation of CD8-positive, alpha-beta T cell activation (GO:2001187)",1/9,0.4193432183436937,0.8299188066742279,0,0,2.0089666951323655,1.7459237609263227,NCKAP1L,anterior_up
GO_Biological_Process_2021,positive regulation of cell-cell adhesion mediated by cadherin (GO:2000049),1/9,0.4193432183436937,0.8299188066742279,0,0,2.0089666951323655,1.7459237609263227,PTPRU,anterior_up
GO_Biological_Process_2021,positive regulation of cholesterol esterification (GO:0010873),1/9,0.4193432183436937,0.8299188066742279,0,0,2.0089666951323655,1.7459237609263227,STARD4,anterior_up
GO_Biological_Process_2021,positive regulation of DNA-directed DNA polymerase activity (GO:1900264),1/9,0.4193432183436937,0.8299188066742279,0,0,2.0089666951323655,1.7459237609263227,CHTF18,anterior_up
GO_Biological_Process_2021,positive regulation of fatty acid beta-oxidation (GO:0032000),1/9,0.4193432183436937,0.8299188066742279,0,0,2.0089666951323655,1.7459237609263227,PPARA,anterior_up
GO_Biological_Process_2021,positive regulation of inositol phosphate biosynthetic process (GO:0060732),1/9,0.4193432183436937,0.8299188066742279,0,0,2.0089666951323655,1.7459237609263227,HRH1,anterior_up
GO_Biological_Process_2021,positive regulation of mast cell degranulation (GO:0043306),1/9,0.4193432183436937,0.8299188066742279,0,0,2.0089666951323655,1.7459237609263227,VAMP8,anterior_up
GO_Biological_Process_2021,positive regulation of megakaryocyte differentiation (GO:0045654),1/9,0.4193432183436937,0.8299188066742279,0,0,2.0089666951323655,1.7459237609263227,THPO,anterior_up
GO_Biological_Process_2021,"positive regulation of phagocytosis, engulfment (GO:0060100)",1/9,0.4193432183436937,0.8299188066742279,0,0,2.0089666951323655,1.7459237609263227,NCKAP1L,anterior_up
GO_Biological_Process_2021,positive regulation of synapse maturation (GO:0090129),1/9,0.4193432183436937,0.8299188066742279,0,0,2.0089666951323655,1.7459237609263227,RELN,anterior_up
GO_Biological_Process_2021,postsynaptic membrane assembly (GO:0097104),1/9,0.4193432183436937,0.8299188066742279,0,0,2.0089666951323655,1.7459237609263227,LRP4,anterior_up
GO_Biological_Process_2021,protein O-linked glycosylation via threonine (GO:0018243),1/9,0.4193432183436937,0.8299188066742279,0,0,2.0089666951323655,1.7459237609263227,GALNT16,anterior_up
GO_Biological_Process_2021,quaternary ammonium group transport (GO:0015697),1/9,0.4193432183436937,0.8299188066742279,0,0,2.0089666951323655,1.7459237609263227,SLC22A1,anterior_up
GO_Biological_Process_2021,regulation of actin filament organization (GO:0110053),1/9,0.4193432183436937,0.8299188066742279,0,0,2.0089666951323655,1.7459237609263227,CXCL12,anterior_up
GO_Biological_Process_2021,regulation of aspartic-type endopeptidase activity involved in amyloid precursor protein catabolic process (GO:1902959),1/9,0.4193432183436937,0.8299188066742279,0,0,2.0089666951323655,1.7459237609263227,EFNA1,anterior_up
GO_Biological_Process_2021,regulation of cell adhesion molecule production (GO:0060353),1/9,0.4193432183436937,0.8299188066742279,0,0,2.0089666951323655,1.7459237609263227,CAV1,anterior_up
GO_Biological_Process_2021,regulation of cellular extravasation (GO:0002691),1/9,0.4193432183436937,0.8299188066742279,0,0,2.0089666951323655,1.7459237609263227,OLFM4,anterior_up
GO_Biological_Process_2021,"regulation of complement activation, classical pathway (GO:0030450)",1/9,0.4193432183436937,0.8299188066742279,0,0,2.0089666951323655,1.7459237609263227,CD55,anterior_up
GO_Biological_Process_2021,regulation of DNA-directed DNA polymerase activity (GO:1900262),1/9,0.4193432183436937,0.8299188066742279,0,0,2.0089666951323655,1.7459237609263227,CHTF18,anterior_up
GO_Biological_Process_2021,regulation of endothelial cell differentiation (GO:0045601),1/9,0.4193432183436937,0.8299188066742279,0,0,2.0089666951323655,1.7459237609263227,ZEB1,anterior_up
GO_Biological_Process_2021,regulation of ER-associated ubiquitin-dependent protein catabolic process (GO:1903069),1/9,0.4193432183436937,0.8299188066742279,0,0,2.0089666951323655,1.7459237609263227,CAV1,anterior_up
GO_Biological_Process_2021,regulation of fibroblast apoptotic process (GO:2000269),1/9,0.4193432183436937,0.8299188066742279,0,0,2.0089666951323655,1.7459237609263227,BCL2L11,anterior_up
GO_Biological_Process_2021,regulation of gap junction assembly (GO:1903596),1/9,0.4193432183436937,0.8299188066742279,0,0,2.0089666951323655,1.7459237609263227,CAV1,anterior_up
GO_Biological_Process_2021,regulation of glial cell proliferation (GO:0060251),1/9,0.4193432183436937,0.8299188066742279,0,0,2.0089666951323655,1.7459237609263227,HES1,anterior_up
GO_Biological_Process_2021,regulation of leukocyte mediated cytotoxicity (GO:0001910),1/9,0.4193432183436937,0.8299188066742279,0,0,2.0089666951323655,1.7459237609263227,DNASE1L3,anterior_up
GO_Biological_Process_2021,regulation of lipid transport (GO:0032368),1/9,0.4193432183436937,0.8299188066742279,0,0,2.0089666951323655,1.7459237609263227,PPARA,anterior_up
GO_Biological_Process_2021,regulation of smooth muscle cell apoptotic process (GO:0034391),1/9,0.4193432183436937,0.8299188066742279,0,0,2.0089666951323655,1.7459237609263227,IL12A,anterior_up
GO_Biological_Process_2021,response to leptin (GO:0044321),1/9,0.4193432183436937,0.8299188066742279,0,0,2.0089666951323655,1.7459237609263227,LEPR,anterior_up
GO_Biological_Process_2021,response to magnesium ion (GO:0032026),1/9,0.4193432183436937,0.8299188066742279,0,0,2.0089666951323655,1.7459237609263227,RYR3,anterior_up
GO_Biological_Process_2021,retinal rod cell differentiation (GO:0060221),1/9,0.4193432183436937,0.8299188066742279,0,0,2.0089666951323655,1.7459237609263227,RORB,anterior_up
GO_Biological_Process_2021,sensory organ morphogenesis (GO:0090596),1/9,0.4193432183436937,0.8299188066742279,0,0,2.0089666951323655,1.7459237609263227,STRA6,anterior_up
GO_Biological_Process_2021,skeletal muscle fiber development (GO:0048741),1/9,0.4193432183436937,0.8299188066742279,0,0,2.0089666951323655,1.7459237609263227,MYORG,anterior_up
GO_Biological_Process_2021,sympathetic ganglion development (GO:0061549),1/9,0.4193432183436937,0.8299188066742279,0,0,2.0089666951323655,1.7459237609263227,INSM1,anterior_up
GO_Biological_Process_2021,tetrahydrofolate interconversion (GO:0035999),1/9,0.4193432183436937,0.8299188066742279,0,0,2.0089666951323655,1.7459237609263227,MTHFD1L,anterior_up
GO_Biological_Process_2021,potassium ion transport (GO:0006813),8/122,0.4241825212590646,0.8326107918705553,0,0,1.128232953517815,0.9675629251923138,KCNG2;KCNG3;KCNH6;KCNC2;KCNB2;KCNQ5;KCNAB1;KCNA5,anterior_up
GO_Biological_Process_2021,regulation of cellular component organization (GO:0051128),9/139,0.4283609244669895,0.8326107918705553,0,0,1.1130498048812751,0.9436315561103984,PIFO;FAM107A;KIF14;PLCE1;CDH13;STON2;INSM1;SNCAIP;ERMN,anterior_up
GO_Biological_Process_2021,arachidonic acid metabolic process (GO:0019369),4/57,0.430848328267029,0.8326107918705553,0,0,1.2131687774618765,1.0214870883887586,ALOX12B;ALOXE3;MGLL;PTGS1,anterior_up
GO_Biological_Process_2021,dicarboxylic acid metabolic process (GO:0043648),4/57,0.430848328267029,0.8326107918705553,0,0,1.2131687774618765,1.0214870883887586,MTHFD1L;DGLUCY;FOLR2;ASS1,anterior_up
GO_Biological_Process_2021,icosanoid metabolic process (GO:0006690),4/57,0.430848328267029,0.8326107918705553,0,0,1.2131687774618765,1.0214870883887586,ALOX12B;ALOXE3;MGLL;PTGS1,anterior_up
GO_Biological_Process_2021,positive regulation of cell junction assembly (GO:1901890),4/57,0.430848328267029,0.8326107918705553,0,0,1.2131687774618765,1.0214870883887586,GRID2;COL16A1;CAV1;EPHB2,anterior_up
GO_Biological_Process_2021,positive regulation of interferon-gamma production (GO:0032729),4/57,0.430848328267029,0.8326107918705553,0,0,1.2131687774618765,1.0214870883887586,FZD5;IL12A;TLR7;RASGRP1,anterior_up
GO_Biological_Process_2021,regulation of mitotic nuclear division (GO:0007088),4/57,0.430848328267029,0.8326107918705553,0,0,1.2131687774618765,1.0214870883887586,BTC;BMP4;CD28;TGFA,anterior_up
GO_Biological_Process_2021,carbohydrate catabolic process (GO:0016052),3/41,0.4342158711083708,0.8326107918705553,0,0,1.2689658277430105,1.0585883860621932,MANBA;HKDC1;ALDOC,anterior_up
GO_Biological_Process_2021,cortical cytoskeleton organization (GO:0030865),3/41,0.4342158711083708,0.8326107918705553,0,0,1.2689658277430105,1.0585883860621932,NCKAP1L;LCP1;RND3,anterior_up
GO_Biological_Process_2021,epithelial cell migration (GO:0010631),3/41,0.4342158711083708,0.8326107918705553,0,0,1.2689658277430105,1.0585883860621932,FERMT1;KIT;CDH13,anterior_up
GO_Biological_Process_2021,keratinocyte differentiation (GO:0030216),3/41,0.4342158711083708,0.8326107918705553,0,0,1.2689658277430105,1.0585883860621932,JAG1;EVPL;EXPH5,anterior_up
GO_Biological_Process_2021,regulation of cell development (GO:0060284),3/41,0.4342158711083708,0.8326107918705553,0,0,1.2689658277430105,1.0585883860621932,NOTCH2;HES1;FOXO1,anterior_up
GO_Biological_Process_2021,regulation of mitochondrial membrane potential (GO:0051881),3/41,0.4342158711083708,0.8326107918705553,0,0,1.2689658277430105,1.0585883860621932,OPRD1;SLC4A11;RNF122,anterior_up
GO_Biological_Process_2021,regulation of release of cytochrome c from mitochondria (GO:0090199),3/41,0.4342158711083708,0.8326107918705553,0,0,1.2689658277430105,1.0585883860621932,HRK;BCL2L11;HGF,anterior_up
GO_Biological_Process_2021,response to growth factor (GO:0070848),3/41,0.4342158711083708,0.8326107918705553,0,0,1.2689658277430105,1.0585883860621932,ACVR1C;NOS1;TGFBR2,anterior_up
GO_Biological_Process_2021,T cell differentiation (GO:0030217),3/41,0.4342158711083708,0.8326107918705553,0,0,1.2689658277430105,1.0585883860621932,KIT;LEPR;CD28,anterior_up
GO_Biological_Process_2021,visual system development (GO:0150063),3/41,0.4342158711083708,0.8326107918705553,0,0,1.2689658277430105,1.0585883860621932,TGFB2;ADAMTS18;CHRDL1,anterior_up
GO_Biological_Process_2021,acylglycerol homeostasis (GO:0055090),2/25,0.4352183235072804,0.8326107918705553,0,0,1.397621701969528,1.1626919490284569,LIPC;LPL,anterior_up
GO_Biological_Process_2021,energy derivation by oxidation of organic compounds (GO:0015980),2/25,0.4352183235072804,0.8326107918705553,0,0,1.397621701969528,1.1626919490284569,LEPR;SLC25A13,anterior_up
GO_Biological_Process_2021,negative regulation of cell junction assembly (GO:1901889),2/25,0.4352183235072804,0.8326107918705553,0,0,1.397621701969528,1.1626919490284569,DLC1;FAM107A,anterior_up
GO_Biological_Process_2021,negative regulation of ion transport (GO:0043271),2/25,0.4352183235072804,0.8326107918705553,0,0,1.397621701969528,1.1626919490284569,PLN;NOS1,anterior_up
GO_Biological_Process_2021,negative regulation of signaling (GO:0023057),2/25,0.4352183235072804,0.8326107918705553,0,0,1.397621701969528,1.1626919490284569,KIF26A;HHIP,anterior_up
GO_Biological_Process_2021,positive regulation of lipid metabolic process (GO:0045834),2/25,0.4352183235072804,0.8326107918705553,0,0,1.397621701969528,1.1626919490284569,PPARG;PPARA,anterior_up
GO_Biological_Process_2021,positive regulation of release of cytochrome c from mitochondria (GO:0090200),2/25,0.4352183235072804,0.8326107918705553,0,0,1.397621701969528,1.1626919490284569,HRK;BCL2L11,anterior_up
GO_Biological_Process_2021,positive regulation of T cell migration (GO:2000406),2/25,0.4352183235072804,0.8326107918705553,0,0,1.397621701969528,1.1626919490284569,CXCL12;DOCK8,anterior_up
GO_Biological_Process_2021,positive regulation of vascular endothelial growth factor production (GO:0010575),2/25,0.4352183235072804,0.8326107918705553,0,0,1.397621701969528,1.1626919490284569,FLT4;SULF2,anterior_up
GO_Biological_Process_2021,receptor signaling pathway via STAT (GO:0097696),2/25,0.4352183235072804,0.8326107918705553,0,0,1.397621701969528,1.1626919490284569,THPO;NMI,anterior_up
GO_Biological_Process_2021,regulation of calcium ion import (GO:0090279),2/25,0.4352183235072804,0.8326107918705553,0,0,1.397621701969528,1.1626919490284569,PLN;CXCL12,anterior_up
GO_Biological_Process_2021,regulation of cAMP-mediated signaling (GO:0043949),2/25,0.4352183235072804,0.8326107918705553,0,0,1.397621701969528,1.1626919490284569,RASD2;PDE11A,anterior_up
GO_Biological_Process_2021,regulation of cholesterol transport (GO:0032374),2/25,0.4352183235072804,0.8326107918705553,0,0,1.397621701969528,1.1626919490284569,LIPG;NFKB1,anterior_up
GO_Biological_Process_2021,regulation of epidermal cell differentiation (GO:0045604),2/25,0.4352183235072804,0.8326107918705553,0,0,1.397621701969528,1.1626919490284569,BMP4;ABCA12,anterior_up
GO_Biological_Process_2021,regulation of interferon-alpha production (GO:0032647),2/25,0.4352183235072804,0.8326107918705553,0,0,1.397621701969528,1.1626919490284569,MAVS;TLR7,anterior_up
GO_Biological_Process_2021,regulation of proteolysis involved in cellular protein catabolic process (GO:1903050),2/25,0.4352183235072804,0.8326107918705553,0,0,1.397621701969528,1.1626919490284569,EFNA1;CTSC,anterior_up
GO_Biological_Process_2021,positive regulation of supramolecular fiber organization (GO:1902905),6/91,0.4440222344746437,0.8326107918705553,0,0,1.134678639895066,0.9212236205317988,SEMA5A;CARMIL1;OCLN;PSRC1;NCKAP1L;MET,anterior_up
GO_Biological_Process_2021,negative regulation of neuron projection development (GO:0010977),4/58,0.4441019484811828,0.8326107918705553,0,0,1.1906392694063928,0.9664432394598252,EFNA1;PRAG1;LPAR1;LRP4,anterior_up
GO_Biological_Process_2021,positive regulation of protein binding (GO:0032092),4/58,0.4441019484811828,0.8326107918705553,0,0,1.1906392694063928,0.9664432394598252,BMP4;TCF7L2;EPB41;CAV1,anterior_up
GO_Biological_Process_2021,regulation of pathway-restricted SMAD protein phosphorylation (GO:0060393),4/58,0.4441019484811828,0.8326107918705553,0,0,1.1906392694063928,0.9664432394598252,BMP4;TGFB2;INHBB;SMAD6,anterior_up
GO_Biological_Process_2021,cellular response to growth factor stimulus (GO:0071363),10/158,0.4477563745695067,0.8326107918705553,0,0,1.0861980741498811,0.8727666711236369,BMP4;WNT10A;ACVR1C;HGF;FLT4;SNAI2;NOS1;WNT2;OVOL2;TGFBR2,anterior_up
GO_Biological_Process_2021,calcium ion transmembrane import into cytosol (GO:0097553),3/42,0.4498903320988765,0.8326107918705553,0,0,1.2363624399552544,0.987546269837726,HTR2A;DRD2;RYR3,anterior_up
GO_Biological_Process_2021,regulation of nervous system development (GO:0051960),3/42,0.4498903320988765,0.8326107918705553,0,0,1.2363624399552544,0.987546269837726,PTPRZ1;KIF14;HES1,anterior_up
GO_Biological_Process_2021,skeletal system morphogenesis (GO:0048705),3/42,0.4498903320988765,0.8326107918705553,0,0,1.2363624399552544,0.987546269837726,FBN2;HHIP;FGFR1,anterior_up
GO_Biological_Process_2021,fibroblast growth factor receptor signaling pathway (GO:0008543),5/75,0.4502485245634045,0.8326107918705553,0,0,1.148120945036112,0.9161495052594892,KL;FGF16;FGF18;FGF10;FGFR1,anterior_up
GO_Biological_Process_2021,regulation of protein secretion (GO:0050708),8/125,0.4511490647491557,0.8326107918705553,0,0,1.0991276764472642,0.8748588884881646,KCNG2;TGFB2;KCNC2;IL12A;KCNA5;DRD2;RAPGEF3;EXPH5,anterior_up
GO_Biological_Process_2021,arachidonate transport (GO:1903963),1/10,0.4533849605334208,0.8326107918705553,0,0,1.7856532877882152,1.412476235294763,DRD2,anterior_up
GO_Biological_Process_2021,arachidonic acid secretion (GO:0050482),1/10,0.4533849605334208,0.8326107918705553,0,0,1.7856532877882152,1.412476235294763,DRD2,anterior_up
GO_Biological_Process_2021,B cell homeostasis (GO:0001782),1/10,0.4533849605334208,0.8326107918705553,0,0,1.7856532877882152,1.412476235294763,NCKAP1L,anterior_up
GO_Biological_Process_2021,cAMP biosynthetic process (GO:0006171),1/10,0.4533849605334208,0.8326107918705553,0,0,1.7856532877882152,1.412476235294763,ADCY10,anterior_up
GO_Biological_Process_2021,cell differentiation involved in metanephros development (GO:0072202),1/10,0.4533849605334208,0.8326107918705553,0,0,1.7856532877882152,1.412476235294763,BMP4,anterior_up
GO_Biological_Process_2021,cellular response to acetylcholine (GO:1905145),1/10,0.4533849605334208,0.8326107918705553,0,0,1.7856532877882152,1.412476235294763,LYPD1,anterior_up
GO_Biological_Process_2021,cellular response to dopamine (GO:1903351),1/10,0.4533849605334208,0.8326107918705553,0,0,1.7856532877882152,1.412476235294763,DRD1,anterior_up
GO_Biological_Process_2021,cGMP biosynthetic process (GO:0006182),1/10,0.4533849605334208,0.8326107918705553,0,0,1.7856532877882152,1.412476235294763,GUCY2C,anterior_up
GO_Biological_Process_2021,chloride ion homeostasis (GO:0055064),1/10,0.4533849605334208,0.8326107918705553,0,0,1.7856532877882152,1.412476235294763,SLC12A7,anterior_up
GO_Biological_Process_2021,dicarboxylic acid biosynthetic process (GO:0043650),1/10,0.4533849605334208,0.8326107918705553,0,0,1.7856532877882152,1.412476235294763,MTHFD1L,anterior_up
GO_Biological_Process_2021,DNA dealkylation (GO:0035510),1/10,0.4533849605334208,0.8326107918705553,0,0,1.7856532877882152,1.412476235294763,MGMT,anterior_up
GO_Biological_Process_2021,DNA dealkylation involved in DNA repair (GO:0006307),1/10,0.4533849605334208,0.8326107918705553,0,0,1.7856532877882152,1.412476235294763,MGMT,anterior_up
GO_Biological_Process_2021,ectoderm development (GO:0007398),1/10,0.4533849605334208,0.8326107918705553,0,0,1.7856532877882152,1.412476235294763,ITGA6,anterior_up
GO_Biological_Process_2021,endothelial tube morphogenesis (GO:0061154),1/10,0.4533849605334208,0.8326107918705553,0,0,1.7856532877882152,1.412476235294763,BMP4,anterior_up
GO_Biological_Process_2021,fatty acid beta-oxidation using acyl-CoA dehydrogenase (GO:0033539),1/10,0.4533849605334208,0.8326107918705553,0,0,1.7856532877882152,1.412476235294763,ACADM,anterior_up
GO_Biological_Process_2021,genetic imprinting (GO:0071514),1/10,0.4533849605334208,0.8326107918705553,0,0,1.7856532877882152,1.412476235294763,DNMT3L,anterior_up
GO_Biological_Process_2021,I-kappaB phosphorylation (GO:0007252),1/10,0.4533849605334208,0.8326107918705553,0,0,1.7856532877882152,1.412476235294763,TLR7,anterior_up
GO_Biological_Process_2021,indolalkylamine catabolic process (GO:0046218),1/10,0.4533849605334208,0.8326107918705553,0,0,1.7856532877882152,1.412476235294763,TDO2,anterior_up
GO_Biological_Process_2021,ionotropic glutamate receptor signaling pathway (GO:0035235),1/10,0.4533849605334208,0.8326107918705553,0,0,1.7856532877882152,1.412476235294763,GRIN3A,anterior_up
GO_Biological_Process_2021,iron ion transmembrane transport (GO:0034755),1/10,0.4533849605334208,0.8326107918705553,0,0,1.7856532877882152,1.412476235294763,SLC39A8,anterior_up
GO_Biological_Process_2021,L-glutamate transmembrane transport (GO:0015813),1/10,0.4533849605334208,0.8326107918705553,0,0,1.7856532877882152,1.412476235294763,SLC25A13,anterior_up
GO_Biological_Process_2021,L-serine metabolic process (GO:0006563),1/10,0.4533849605334208,0.8326107918705553,0,0,1.7856532877882152,1.412476235294763,PHGDH,anterior_up
GO_Biological_Process_2021,lactation (GO:0007595),1/10,0.4533849605334208,0.8326107918705553,0,0,1.7856532877882152,1.412476235294763,PRLR,anterior_up
GO_Biological_Process_2021,leptin-mediated signaling pathway (GO:0033210),1/10,0.4533849605334208,0.8326107918705553,0,0,1.7856532877882152,1.412476235294763,LEPR,anterior_up
GO_Biological_Process_2021,lipoprotein transport (GO:0042953),1/10,0.4533849605334208,0.8326107918705553,0,0,1.7856532877882152,1.412476235294763,PPARG,anterior_up
GO_Biological_Process_2021,membrane lipid catabolic process (GO:0046466),1/10,0.4533849605334208,0.8326107918705553,0,0,1.7856532877882152,1.412476235294763,SMPDL3B,anterior_up
GO_Biological_Process_2021,mitotic DNA replication (GO:1902969),1/10,0.4533849605334208,0.8326107918705553,0,0,1.7856532877882152,1.412476235294763,MCM6,anterior_up
GO_Biological_Process_2021,monocyte activation (GO:0042117),1/10,0.4533849605334208,0.8326107918705553,0,0,1.7856532877882152,1.412476235294763,CSF1,anterior_up
GO_Biological_Process_2021,monovalent inorganic anion homeostasis (GO:0055083),1/10,0.4533849605334208,0.8326107918705553,0,0,1.7856532877882152,1.412476235294763,SLC12A7,anterior_up
GO_Biological_Process_2021,N-acetylneuraminate metabolic process (GO:0006054),1/10,0.4533849605334208,0.8326107918705553,0,0,1.7856532877882152,1.412476235294763,NPL,anterior_up
GO_Biological_Process_2021,negative regulation of cAMP-mediated signaling (GO:0043951),1/10,0.4533849605334208,0.8326107918705553,0,0,1.7856532877882152,1.412476235294763,PDE11A,anterior_up
GO_Biological_Process_2021,negative regulation of cell adhesion mediated by integrin (GO:0033629),1/10,0.4533849605334208,0.8326107918705553,0,0,1.7856532877882152,1.412476235294763,SNAI2,anterior_up
GO_Biological_Process_2021,negative regulation of cellular protein catabolic process (GO:1903363),1/10,0.4533849605334208,0.8326107918705553,0,0,1.7856532877882152,1.412476235294763,EFNA1,anterior_up
GO_Biological_Process_2021,negative regulation of glycolytic process (GO:0045820),1/10,0.4533849605334208,0.8326107918705553,0,0,1.7856532877882152,1.412476235294763,PPARA,anterior_up
GO_Biological_Process_2021,negative regulation of heterotypic cell-cell adhesion (GO:0034115),1/10,0.4533849605334208,0.8326107918705553,0,0,1.7856532877882152,1.412476235294763,MBP,anterior_up
GO_Biological_Process_2021,negative regulation of humoral immune response mediated by circulating immunoglobulin (GO:0002924),1/10,0.4533849605334208,0.8326107918705553,0,0,1.7856532877882152,1.412476235294763,CD55,anterior_up
GO_Biological_Process_2021,negative regulation of protein autophosphorylation (GO:0031953),1/10,0.4533849605334208,0.8326107918705553,0,0,1.7856532877882152,1.412476235294763,CAV1,anterior_up
GO_Biological_Process_2021,negative regulation of purine nucleotide metabolic process (GO:1900543),1/10,0.4533849605334208,0.8326107918705553,0,0,1.7856532877882152,1.412476235294763,PPARA,anterior_up
GO_Biological_Process_2021,negative regulation of transcription by competitive promoter binding (GO:0010944),1/10,0.4533849605334208,0.8326107918705553,0,0,1.7856532877882152,1.412476235294763,DACH1,anterior_up
GO_Biological_Process_2021,negative regulation of transcription from RNA polymerase II promoter in response to stress (GO:0097201),1/10,0.4533849605334208,0.8326107918705553,0,0,1.7856532877882152,1.412476235294763,JUN,anterior_up
GO_Biological_Process_2021,negative regulation of vascular endothelial growth factor signaling pathway (GO:1900747),1/10,0.4533849605334208,0.8326107918705553,0,0,1.7856532877882152,1.412476235294763,IL12A,anterior_up
GO_Biological_Process_2021,negative regulation of voltage-gated calcium channel activity (GO:1901386),1/10,0.4533849605334208,0.8326107918705553,0,0,1.7856532877882152,1.412476235294763,DRD2,anterior_up
GO_Biological_Process_2021,nerve growth factor signaling pathway (GO:0038180),1/10,0.4533849605334208,0.8326107918705553,0,0,1.7856532877882152,1.412476235294763,NTF3,anterior_up
GO_Biological_Process_2021,neuron remodeling (GO:0016322),1/10,0.4533849605334208,0.8326107918705553,0,0,1.7856532877882152,1.412476235294763,EPHA8,anterior_up
GO_Biological_Process_2021,phosphatidylcholine catabolic process (GO:0034638),1/10,0.4533849605334208,0.8326107918705553,0,0,1.7856532877882152,1.412476235294763,LIPC,anterior_up
GO_Biological_Process_2021,pinocytosis (GO:0006907),1/10,0.4533849605334208,0.8326107918705553,0,0,1.7856532877882152,1.412476235294763,CARMIL1,anterior_up
GO_Biological_Process_2021,positive regulation of behavior (GO:0048520),1/10,0.4533849605334208,0.8326107918705553,0,0,1.7856532877882152,1.412476235294763,STRA6,anterior_up
GO_Biological_Process_2021,positive regulation of dendritic spine morphogenesis (GO:0061003),1/10,0.4533849605334208,0.8326107918705553,0,0,1.7856532877882152,1.412476235294763,RELN,anterior_up
GO_Biological_Process_2021,positive regulation of epidermis development (GO:0045684),1/10,0.4533849605334208,0.8326107918705553,0,0,1.7856532877882152,1.412476235294763,BMP4,anterior_up
GO_Biological_Process_2021,positive regulation of keratinocyte migration (GO:0051549),1/10,0.4533849605334208,0.8326107918705553,0,0,1.7856532877882152,1.412476235294763,FGF10,anterior_up
GO_Biological_Process_2021,positive regulation of lipase activity (GO:0060193),1/10,0.4533849605334208,0.8326107918705553,0,0,1.7856532877882152,1.412476235294763,FGFR1,anterior_up
GO_Biological_Process_2021,positive regulation of mesenchymal cell proliferation (GO:0002053),1/10,0.4533849605334208,0.8326107918705553,0,0,1.7856532877882152,1.412476235294763,TGFBR2,anterior_up
GO_Biological_Process_2021,positive regulation of monocyte differentiation (GO:0045657),1/10,0.4533849605334208,0.8326107918705553,0,0,1.7856532877882152,1.412476235294763,CSF1,anterior_up
GO_Biological_Process_2021,positive regulation of toll-like receptor 4 signaling pathway (GO:0034145),1/10,0.4533849605334208,0.8326107918705553,0,0,1.7856532877882152,1.412476235294763,LBP,anterior_up
GO_Biological_Process_2021,positive regulation of transcription by RNA polymerase III (GO:0045945),1/10,0.4533849605334208,0.8326107918705553,0,0,1.7856532877882152,1.412476235294763,CEBPA,anterior_up
GO_Biological_Process_2021,positive regulation of vasculogenesis (GO:2001214),1/10,0.4533849605334208,0.8326107918705553,0,0,1.7856532877882152,1.412476235294763,CD34,anterior_up
GO_Biological_Process_2021,presynaptic membrane assembly (GO:0097105),1/10,0.4533849605334208,0.8326107918705553,0,0,1.7856532877882152,1.412476235294763,LRP4,anterior_up
GO_Biological_Process_2021,protein O-linked glycosylation via serine (GO:0018242),1/10,0.4533849605334208,0.8326107918705553,0,0,1.7856532877882152,1.412476235294763,GALNT16,anterior_up
GO_Biological_Process_2021,Rap protein signal transduction (GO:0032486),1/10,0.4533849605334208,0.8326107918705553,0,0,1.7856532877882152,1.412476235294763,RAPGEF3,anterior_up
GO_Biological_Process_2021,receptor guanylyl cyclase signaling pathway (GO:0007168),1/10,0.4533849605334208,0.8326107918705553,0,0,1.7856532877882152,1.412476235294763,GUCY2C,anterior_up
GO_Biological_Process_2021,regulation of attachment of spindle microtubules to kinetochore (GO:0051988),1/10,0.4533849605334208,0.8326107918705553,0,0,1.7856532877882152,1.412476235294763,SPAG5,anterior_up
GO_Biological_Process_2021,regulation of bile acid biosynthetic process (GO:0070857),1/10,0.4533849605334208,0.8326107918705553,0,0,1.7856532877882152,1.412476235294763,STARD4,anterior_up
GO_Biological_Process_2021,regulation of cell-cell adhesion involved in gastrulation (GO:0070587),1/10,0.4533849605334208,0.8326107918705553,0,0,1.7856532877882152,1.412476235294763,MBP,anterior_up
GO_Biological_Process_2021,regulation of cell-cell adhesion mediated by integrin (GO:0033632),1/10,0.4533849605334208,0.8326107918705553,0,0,1.7856532877882152,1.412476235294763,ADA,anterior_up
GO_Biological_Process_2021,regulation of cilium movement (GO:0003352),1/10,0.4533849605334208,0.8326107918705553,0,0,1.7856532877882152,1.412476235294763,DNAAF1,anterior_up
GO_Biological_Process_2021,regulation of DNA methylation (GO:0044030),1/10,0.4533849605334208,0.8326107918705553,0,0,1.7856532877882152,1.412476235294763,DNMT3L,anterior_up
GO_Biological_Process_2021,regulation of glycoprotein biosynthetic process (GO:0010559),1/10,0.4533849605334208,0.8326107918705553,0,0,1.7856532877882152,1.412476235294763,NECAB2,anterior_up
GO_Biological_Process_2021,regulation of leukocyte tethering or rolling (GO:1903236),1/10,0.4533849605334208,0.8326107918705553,0,0,1.7856532877882152,1.412476235294763,CXCL12,anterior_up
GO_Biological_Process_2021,regulation of macrophage migration (GO:1905521),1/10,0.4533849605334208,0.8326107918705553,0,0,1.7856532877882152,1.412476235294763,CSF1,anterior_up
GO_Biological_Process_2021,regulation of organ growth (GO:0046620),1/10,0.4533849605334208,0.8326107918705553,0,0,1.7856532877882152,1.412476235294763,LATS2,anterior_up
GO_Biological_Process_2021,regulation of phospholipid metabolic process (GO:1903725),1/10,0.4533849605334208,0.8326107918705553,0,0,1.7856532877882152,1.412476235294763,MFSD2A,anterior_up
GO_Biological_Process_2021,regulation of podosome assembly (GO:0071801),1/10,0.4533849605334208,0.8326107918705553,0,0,1.7856532877882152,1.412476235294763,LCP1,anterior_up
GO_Biological_Process_2021,regulation of RNA polymerase II transcription preinitiation complex assembly (GO:0045898),1/10,0.4533849605334208,0.8326107918705553,0,0,1.7856532877882152,1.412476235294763,ESR1,anterior_up
GO_Biological_Process_2021,regulation of type B pancreatic cell development (GO:2000074),1/10,0.4533849605334208,0.8326107918705553,0,0,1.7856532877882152,1.412476235294763,FOXO1,anterior_up
GO_Biological_Process_2021,regulation of urine volume (GO:0035809),1/10,0.4533849605334208,0.8326107918705553,0,0,1.7856532877882152,1.412476235294763,NPR3,anterior_up
GO_Biological_Process_2021,response to dopamine (GO:1903350),1/10,0.4533849605334208,0.8326107918705553,0,0,1.7856532877882152,1.412476235294763,DRD1,anterior_up
GO_Biological_Process_2021,serine family amino acid catabolic process (GO:0009071),1/10,0.4533849605334208,0.8326107918705553,0,0,1.7856532877882152,1.412476235294763,THNSL2,anterior_up
GO_Biological_Process_2021,sulfur amino acid catabolic process (GO:0000098),1/10,0.4533849605334208,0.8326107918705553,0,0,1.7856532877882152,1.412476235294763,CTH,anterior_up
GO_Biological_Process_2021,toxin transport (GO:1901998),1/10,0.4533849605334208,0.8326107918705553,0,0,1.7856532877882152,1.412476235294763,SLC22A1,anterior_up
GO_Biological_Process_2021,urea cycle (GO:0000050),1/10,0.4533849605334208,0.8326107918705553,0,0,1.7856532877882152,1.412476235294763,ASS1,anterior_up
GO_Biological_Process_2021,UV protection (GO:0009650),1/10,0.4533849605334208,0.8326107918705553,0,0,1.7856532877882152,1.412476235294763,SCARA3,anterior_up
GO_Biological_Process_2021,Wnt signaling pathway involved in midbrain dopaminergic neuron differentiation (GO:1904953),1/10,0.4533849605334208,0.8326107918705553,0,0,1.7856532877882152,1.412476235294763,WNT2,anterior_up
GO_Biological_Process_2021,regulation of lipid metabolic process (GO:0019216),6/92,0.4545054411911172,0.8326107918705553,0,0,1.1214248673660696,0.8842944134508921,C1QTNF2;CAV1;PPARG;CCDC3;PPARA;ACACB,anterior_up
GO_Biological_Process_2021,regulation of peptidyl-tyrosine phosphorylation (GO:0050730),6/92,0.4545054411911172,0.8326107918705553,0,0,1.1214248673660696,0.8842944134508921,EFNA1;EPHA7;RELN;HGF;NTF3;FGF10,anterior_up
GO_Biological_Process_2021,T cell activation (GO:0042110),6/92,0.4545054411911172,0.8326107918705553,0,0,1.1214248673660696,0.8842944134508921,KIT;LEPR;CD28;LCP1;RASGRP1;ADA,anterior_up
GO_Biological_Process_2021,endothelial cell development (GO:0001885),2/26,0.4553850754209013,0.8326107918705553,0,0,1.3393162393162392,1.0535220895012918,MET;RAPGEF3,anterior_up
GO_Biological_Process_2021,glial cell development (GO:0021782),2/26,0.4553850754209013,0.8326107918705553,0,0,1.3393162393162392,1.0535220895012918,PRDM8;CDK6,anterior_up
GO_Biological_Process_2021,hippo signaling (GO:0035329),2/26,0.4553850754209013,0.8326107918705553,0,0,1.3393162393162392,1.0535220895012918,TEAD4;LATS2,anterior_up
GO_Biological_Process_2021,membrane depolarization during action potential (GO:0086010),2/26,0.4553850754209013,0.8326107918705553,0,0,1.3393162393162392,1.0535220895012918,SCN5A;SCN4B,anterior_up
GO_Biological_Process_2021,metanephros development (GO:0001656),2/26,0.4553850754209013,0.8326107918705553,0,0,1.3393162393162392,1.0535220895012918,BMP4;FGF10,anterior_up
GO_Biological_Process_2021,negative regulation of cell development (GO:0010721),2/26,0.4553850754209013,0.8326107918705553,0,0,1.3393162393162392,1.0535220895012918,PTHLH;FBN1,anterior_up
GO_Biological_Process_2021,negative regulation of protein transport (GO:0051224),2/26,0.4553850754209013,0.8326107918705553,0,0,1.3393162393162392,1.0535220895012918,IL12A;DRD2,anterior_up
GO_Biological_Process_2021,regulation of myelination (GO:0031641),2/26,0.4553850754209013,0.8326107918705553,0,0,1.3393162393162392,1.0535220895012918,PTPRZ1;KIF14,anterior_up
GO_Biological_Process_2021,regulation of synapse organization (GO:0050807),2/26,0.4553850754209013,0.8326107918705553,0,0,1.3393162393162392,1.0535220895012918,PDLIM5;MDGA1,anterior_up
GO_Biological_Process_2021,positive regulation of tyrosine phosphorylation of STAT protein (GO:0042531),4/59,0.4572598891741129,0.8355775029419945,0,0,1.1689290161892902,0.914690887966212,KIT;IL12A;HES1;CRLF1,anterior_up
GO_Biological_Process_2021,positive regulation of axonogenesis (GO:0050772),3/43,0.4653845107726745,0.8455510373113273,0,0,1.2053892215568862,0.9219917409833912,ISLR2;NTN1;ROBO1,anterior_up
GO_Biological_Process_2021,positive regulation of neuron differentiation (GO:0045666),3/43,0.4653845107726745,0.8455510373113273,0,0,1.2053892215568862,0.9219917409833912,ZEB1;VWC2;FGFR1,anterior_up
GO_Biological_Process_2021,regulation of cell-substrate adhesion (GO:0010810),3/43,0.4653845107726745,0.8455510373113273,0,0,1.2053892215568862,0.9219917409833912,VIT;FZD4;FZD7,anterior_up
GO_Biological_Process_2021,substantia nigra development (GO:0021762),3/43,0.4653845107726745,0.8455510373113273,0,0,1.2053892215568862,0.9219917409833912,MBP;SYPL2;NDRG2,anterior_up
GO_Biological_Process_2021,response to organic cyclic compound (GO:0014070),4/60,0.4703107347864372,0.8455510373113273,0,0,1.1479941291585127,0.866002762555838,PAQR7;IGFBP5;DRD2;ESR1,anterior_up
GO_Biological_Process_2021,cellular lipid catabolic process (GO:0044242),2/27,0.4751299547855102,0.8455510373113273,0,0,1.2856752136752136,0.9567569681803504,LIPG;SMPDL3B,anterior_up
GO_Biological_Process_2021,L-alpha-amino acid transmembrane transport (GO:1902475),2/27,0.4751299547855102,0.8455510373113273,0,0,1.2856752136752136,0.9567569681803504,SLC7A3;SLC25A13,anterior_up
GO_Biological_Process_2021,microtubule polymerization or depolymerization (GO:0031109),2/27,0.4751299547855102,0.8455510373113273,0,0,1.2856752136752136,0.9567569681803504,TPPP3;KIF14,anterior_up
GO_Biological_Process_2021,modulation of excitatory postsynaptic potential (GO:0098815),2/27,0.4751299547855102,0.8455510373113273,0,0,1.2856752136752136,0.9567569681803504,RELN;CBLN1,anterior_up
GO_Biological_Process_2021,monovalent inorganic cation homeostasis (GO:0055067),2/27,0.4751299547855102,0.8455510373113273,0,0,1.2856752136752136,0.9567569681803504,SLC26A4;SLC12A7,anterior_up
GO_Biological_Process_2021,negative regulation of catalytic activity (GO:0043086),2/27,0.4751299547855102,0.8455510373113273,0,0,1.2856752136752136,0.9567569681803504,PLN;NOS1,anterior_up
GO_Biological_Process_2021,positive regulation of mitotic cell cycle (GO:0045931),2/27,0.4751299547855102,0.8455510373113273,0,0,1.2856752136752136,0.9567569681803504,SMOC2;HES1,anterior_up
GO_Biological_Process_2021,positive regulation of nitric oxide biosynthetic process (GO:0045429),2/27,0.4751299547855102,0.8455510373113273,0,0,1.2856752136752136,0.9567569681803504,P2RX4;ASS1,anterior_up
GO_Biological_Process_2021,positive regulation of toll-like receptor signaling pathway (GO:0034123),2/27,0.4751299547855102,0.8455510373113273,0,0,1.2856752136752136,0.9567569681803504,CAV1;LBP,anterior_up
GO_Biological_Process_2021,regulation of epidermal growth factor-activated receptor activity (GO:0007176),2/27,0.4751299547855102,0.8455510373113273,0,0,1.2856752136752136,0.9567569681803504,BTC;TGFA,anterior_up
GO_Biological_Process_2021,regulation of toll-like receptor signaling pathway (GO:0034121),2/27,0.4751299547855102,0.8455510373113273,0,0,1.2856752136752136,0.9567569681803504,SMPDL3B;BIRC3,anterior_up
GO_Biological_Process_2021,regulation of vascular endothelial growth factor production (GO:0010574),2/27,0.4751299547855102,0.8455510373113273,0,0,1.2856752136752136,0.9567569681803504,FLT4;SULF2,anterior_up
GO_Biological_Process_2021,positive regulation of epithelial cell migration (GO:0010634),6/94,0.4753252164555177,0.8455510373113273,0,0,1.095820988616872,0.8150234823326001,BMP4;SMOC2;TGFB2;FLT4;RREB1;FGF10,anterior_up
GO_Biological_Process_2021,embryonic organ morphogenesis (GO:0048562),3/44,0.4806826442247723,0.8455510373113273,0,0,1.1759268918608776,0.8614229044742653,FBN2;HES1;FBN1,anterior_up
GO_Biological_Process_2021,positive regulation of biosynthetic process (GO:0009891),3/44,0.4806826442247723,0.8455510373113273,0,0,1.1759268918608776,0.8614229044742653,BMP4;CREB3L1;PPARA,anterior_up
GO_Biological_Process_2021,positive regulation of osteoblast differentiation (GO:0045669),3/44,0.4806826442247723,0.8455510373113273,0,0,1.1759268918608776,0.8614229044742653,FBN2;BMP4;HGF,anterior_up
GO_Biological_Process_2021,response to amyloid-beta (GO:1904645),3/44,0.4806826442247723,0.8455510373113273,0,0,1.1759268918608776,0.8614229044742653,RAMP3;CALCR;ADRB2,anterior_up
GO_Biological_Process_2021,negative regulation of response to stimulus (GO:0048585),4/61,0.4832437691989546,0.8455510373113273,0,0,1.1277937995674117,0.8201700575132975,CDK6;KIF26A;HHIP;CD34,anterior_up
GO_Biological_Process_2021,O-glycan processing (GO:0016266),4/61,0.4832437691989546,0.8455510373113273,0,0,1.1277937995674117,0.8201700575132975,GALNT14;GALNT15;GCNT1;GCNT4,anterior_up
GO_Biological_Process_2021,pattern recognition receptor signaling pathway (GO:0002221),4/61,0.4832437691989546,0.8455510373113273,0,0,1.1277937995674117,0.8201700575132975,TLR7;LBP;ALPK1;INAVA,anterior_up
GO_Biological_Process_2021,negative regulation of protein serine/threonine kinase activity (GO:0071901),5/78,0.4847109501023651,0.8455510373113273,0,0,1.1007618175628882,0.7971745095871149,BMP4;CEBPA;LATS2;CD300A;GADD45A,anterior_up
GO_Biological_Process_2021,angiogenesis involved in wound healing (GO:0060055),1/11,0.4854325605089479,0.8455510373113273,0,0,1.607002561912895,1.161404708998614,CD34,anterior_up
GO_Biological_Process_2021,axonal transport of mitochondrion (GO:0019896),1/11,0.4854325605089479,0.8455510373113273,0,0,1.607002561912895,1.161404708998614,HAP1,anterior_up
GO_Biological_Process_2021,calcineurin-NFAT signaling cascade (GO:0033173),1/11,0.4854325605089479,0.8455510373113273,0,0,1.607002561912895,1.161404708998614,NFATC2,anterior_up
GO_Biological_Process_2021,carnitine shuttle (GO:0006853),1/11,0.4854325605089479,0.8455510373113273,0,0,1.607002561912895,1.161404708998614,ACACB,anterior_up
GO_Biological_Process_2021,cell differentiation in spinal cord (GO:0021515),1/11,0.4854325605089479,0.8455510373113273,0,0,1.607002561912895,1.161404708998614,MDGA1,anterior_up
GO_Biological_Process_2021,cell proliferation in forebrain (GO:0021846),1/11,0.4854325605089479,0.8455510373113273,0,0,1.607002561912895,1.161404708998614,KIF14,anterior_up
GO_Biological_Process_2021,cell-cell junction maintenance (GO:0045217),1/11,0.4854325605089479,0.8455510373113273,0,0,1.607002561912895,1.161404708998614,INAVA,anterior_up
GO_Biological_Process_2021,cyclooxygenase pathway (GO:0019371),1/11,0.4854325605089479,0.8455510373113273,0,0,1.607002561912895,1.161404708998614,PTGS1,anterior_up
GO_Biological_Process_2021,desensitization of G protein-coupled receptor signaling pathway (GO:0002029),1/11,0.4854325605089479,0.8455510373113273,0,0,1.607002561912895,1.161404708998614,ADRB2,anterior_up
GO_Biological_Process_2021,enteric nervous system development (GO:0048484),1/11,0.4854325605089479,0.8455510373113273,0,0,1.607002561912895,1.161404708998614,KIF26A,anterior_up
GO_Biological_Process_2021,erythrocyte development (GO:0048821),1/11,0.4854325605089479,0.8455510373113273,0,0,1.607002561912895,1.161404708998614,NCKAP1L,anterior_up
GO_Biological_Process_2021,glutamine family amino acid biosynthetic process (GO:0009084),1/11,0.4854325605089479,0.8455510373113273,0,0,1.607002561912895,1.161404708998614,ASS1,anterior_up
GO_Biological_Process_2021,hematopoietic stem cell proliferation (GO:0071425),1/11,0.4854325605089479,0.8455510373113273,0,0,1.607002561912895,1.161404708998614,CD34,anterior_up
GO_Biological_Process_2021,interleukin-35-mediated signaling pathway (GO:0070757),1/11,0.4854325605089479,0.8455510373113273,0,0,1.607002561912895,1.161404708998614,IL12A,anterior_up
GO_Biological_Process_2021,intestinal lipid absorption (GO:0098856),1/11,0.4854325605089479,0.8455510373113273,0,0,1.607002561912895,1.161404708998614,LDLR,anterior_up
GO_Biological_Process_2021,lipoprotein biosynthetic process (GO:0042158),1/11,0.4854325605089479,0.8455510373113273,0,0,1.607002561912895,1.161404708998614,ALOX12B,anterior_up
GO_Biological_Process_2021,lipoprotein localization (GO:0044872),1/11,0.4854325605089479,0.8455510373113273,0,0,1.607002561912895,1.161404708998614,PPARG,anterior_up
GO_Biological_Process_2021,mitochondrion morphogenesis (GO:0070584),1/11,0.4854325605089479,0.8455510373113273,0,0,1.607002561912895,1.161404708998614,MYH14,anterior_up
GO_Biological_Process_2021,myotube cell development (GO:0014904),1/11,0.4854325605089479,0.8455510373113273,0,0,1.607002561912895,1.161404708998614,MYORG,anterior_up
GO_Biological_Process_2021,negative regulation of calcium ion transmembrane transport (GO:1903170),1/11,0.4854325605089479,0.8455510373113273,0,0,1.607002561912895,1.161404708998614,PLN,anterior_up
GO_Biological_Process_2021,negative regulation of cholesterol transport (GO:0032375),1/11,0.4854325605089479,0.8455510373113273,0,0,1.607002561912895,1.161404708998614,NFKB1,anterior_up
GO_Biological_Process_2021,negative regulation of homotypic cell-cell adhesion (GO:0034111),1/11,0.4854325605089479,0.8455510373113273,0,0,1.607002561912895,1.161404708998614,ADAMTS18,anterior_up
GO_Biological_Process_2021,negative regulation of nuclear division (GO:0051784),1/11,0.4854325605089479,0.8455510373113273,0,0,1.607002561912895,1.161404708998614,BMP4,anterior_up
GO_Biological_Process_2021,negative regulation of programmed necrotic cell death (GO:0062099),1/11,0.4854325605089479,0.8455510373113273,0,0,1.607002561912895,1.161404708998614,BIRC3,anterior_up
GO_Biological_Process_2021,negative regulation of receptor signaling pathway via STAT (GO:1904893),1/11,0.4854325605089479,0.8455510373113273,0,0,1.607002561912895,1.161404708998614,CAV1,anterior_up
GO_Biological_Process_2021,nuclear DNA replication (GO:0033260),1/11,0.4854325605089479,0.8455510373113273,0,0,1.607002561912895,1.161404708998614,MCM6,anterior_up
GO_Biological_Process_2021,nucleus localization (GO:0051647),1/11,0.4854325605089479,0.8455510373113273,0,0,1.607002561912895,1.161404708998614,CLMN,anterior_up
GO_Biological_Process_2021,organophosphate catabolic process (GO:0046434),1/11,0.4854325605089479,0.8455510373113273,0,0,1.607002561912895,1.161404708998614,LIPG,anterior_up
GO_Biological_Process_2021,positive regulation of bone resorption (GO:0045780),1/11,0.4854325605089479,0.8455510373113273,0,0,1.607002561912895,1.161404708998614,TNFRSF11A,anterior_up
GO_Biological_Process_2021,positive regulation of chondrocyte differentiation (GO:0032332),1/11,0.4854325605089479,0.8455510373113273,0,0,1.607002561912895,1.161404708998614,ZBTB16,anterior_up
GO_Biological_Process_2021,positive regulation of integrin activation (GO:0033625),1/11,0.4854325605089479,0.8455510373113273,0,0,1.607002561912895,1.161404708998614,FERMT1,anterior_up
GO_Biological_Process_2021,positive regulation of macrophage differentiation (GO:0045651),1/11,0.4854325605089479,0.8455510373113273,0,0,1.607002561912895,1.161404708998614,CSF1,anterior_up
GO_Biological_Process_2021,positive regulation of neuroblast proliferation (GO:0002052),1/11,0.4854325605089479,0.8455510373113273,0,0,1.607002561912895,1.161404708998614,DRD2,anterior_up
GO_Biological_Process_2021,positive regulation of non-canonical Wnt signaling pathway (GO:2000052),1/11,0.4854325605089479,0.8455510373113273,0,0,1.607002561912895,1.161404708998614,WNT5B,anterior_up
GO_Biological_Process_2021,positive regulation of production of miRNAs involved in gene silencing by miRNA (GO:1903800),1/11,0.4854325605089479,0.8455510373113273,0,0,1.607002561912895,1.161404708998614,BMP4,anterior_up
GO_Biological_Process_2021,positive regulation of transcription from RNA polymerase II promoter in response to endoplasmic reticulum stress (GO:1990440),1/11,0.4854325605089479,0.8455510373113273,0,0,1.607002561912895,1.161404708998614,CREB3L1,anterior_up
GO_Biological_Process_2021,positive regulation of transforming growth factor beta production (GO:0071636),1/11,0.4854325605089479,0.8455510373113273,0,0,1.607002561912895,1.161404708998614,CD34,anterior_up
GO_Biological_Process_2021,postsynapse assembly (GO:0099068),1/11,0.4854325605089479,0.8455510373113273,0,0,1.607002561912895,1.161404708998614,LRP4,anterior_up
GO_Biological_Process_2021,presynaptic membrane organization (GO:0097090),1/11,0.4854325605089479,0.8455510373113273,0,0,1.607002561912895,1.161404708998614,LRP4,anterior_up
GO_Biological_Process_2021,regulation of calcium ion transmembrane transport via high voltage-gated calcium channel (GO:1902514),1/11,0.4854325605089479,0.8455510373113273,0,0,1.607002561912895,1.161404708998614,NOS1,anterior_up
GO_Biological_Process_2021,regulation of cardiac muscle cell differentiation (GO:2000725),1/11,0.4854325605089479,0.8455510373113273,0,0,1.607002561912895,1.161404708998614,FZD7,anterior_up
GO_Biological_Process_2021,regulation of cysteine-type endopeptidase activity involved in apoptotic signaling pathway (GO:2001267),1/11,0.4854325605089479,0.8455510373113273,0,0,1.607002561912895,1.161404708998614,ST18,anterior_up
GO_Biological_Process_2021,regulation of dendritic cell apoptotic process (GO:2000668),1/11,0.4854325605089479,0.8455510373113273,0,0,1.607002561912895,1.161404708998614,CXCL12,anterior_up
GO_Biological_Process_2021,regulation of gene expression by genetic imprinting (GO:0006349),1/11,0.4854325605089479,0.8455510373113273,0,0,1.607002561912895,1.161404708998614,DNMT3L,anterior_up
GO_Biological_Process_2021,regulation of histone H3-K9 acetylation (GO:2000615),1/11,0.4854325605089479,0.8455510373113273,0,0,1.607002561912895,1.161404708998614,RAPGEF3,anterior_up
GO_Biological_Process_2021,regulation of inclusion body assembly (GO:0090083),1/11,0.4854325605089479,0.8455510373113273,0,0,1.607002561912895,1.161404708998614,SNCAIP,anterior_up
GO_Biological_Process_2021,regulation of lamellipodium morphogenesis (GO:2000392),1/11,0.4854325605089479,0.8455510373113273,0,0,1.607002561912895,1.161404708998614,RREB1,anterior_up
GO_Biological_Process_2021,regulation of long-term neuronal synaptic plasticity (GO:0048169),1/11,0.4854325605089479,0.8455510373113273,0,0,1.607002561912895,1.161404708998614,DRD2,anterior_up
GO_Biological_Process_2021,regulation of mast cell activation involved in immune response (GO:0033006),1/11,0.4854325605089479,0.8455510373113273,0,0,1.607002561912895,1.161404708998614,CD300A,anterior_up
GO_Biological_Process_2021,regulation of mesenchymal cell proliferation (GO:0010464),1/11,0.4854325605089479,0.8455510373113273,0,0,1.607002561912895,1.161404708998614,TGFBR2,anterior_up
GO_Biological_Process_2021,regulation of microtubule-based movement (GO:0060632),1/11,0.4854325605089479,0.8455510373113273,0,0,1.607002561912895,1.161404708998614,HAP1,anterior_up
GO_Biological_Process_2021,regulation of mitochondrial fusion (GO:0010635),1/11,0.4854325605089479,0.8455510373113273,0,0,1.607002561912895,1.161404708998614,PLD6,anterior_up
GO_Biological_Process_2021,regulation of myeloid leukocyte mediated immunity (GO:0002886),1/11,0.4854325605089479,0.8455510373113273,0,0,1.607002561912895,1.161404708998614,DNASE1L3,anterior_up
GO_Biological_Process_2021,regulation of pH (GO:0006885),1/11,0.4854325605089479,0.8455510373113273,0,0,1.607002561912895,1.161404708998614,SLC26A4,anterior_up
GO_Biological_Process_2021,regulation of T cell mediated immunity (GO:0002709),1/11,0.4854325605089479,0.8455510373113273,0,0,1.607002561912895,1.161404708998614,TRPM4,anterior_up
GO_Biological_Process_2021,regulation of T-helper 2 cell cytokine production (GO:2000551),1/11,0.4854325605089479,0.8455510373113273,0,0,1.607002561912895,1.161404708998614,DENND1B,anterior_up
GO_Biological_Process_2021,response to corticosteroid (GO:0031960),1/11,0.4854325605089479,0.8455510373113273,0,0,1.607002561912895,1.161404708998614,CALCR,anterior_up
GO_Biological_Process_2021,response to sterol (GO:0036314),1/11,0.4854325605089479,0.8455510373113273,0,0,1.607002561912895,1.161404708998614,TGFBR2,anterior_up
GO_Biological_Process_2021,"synaptic transmission, GABAergic (GO:0051932)",1/11,0.4854325605089479,0.8455510373113273,0,0,1.607002561912895,1.161404708998614,GABRA3,anterior_up
GO_Biological_Process_2021,T cell homeostasis (GO:0043029),1/11,0.4854325605089479,0.8455510373113273,0,0,1.607002561912895,1.161404708998614,NCKAP1L,anterior_up
GO_Biological_Process_2021,tetrahydrofolate metabolic process (GO:0046653),1/11,0.4854325605089479,0.8455510373113273,0,0,1.607002561912895,1.161404708998614,MTHFD1L,anterior_up
GO_Biological_Process_2021,tryptophan catabolic process (GO:0006569),1/11,0.4854325605089479,0.8455510373113273,0,0,1.607002561912895,1.161404708998614,TDO2,anterior_up
GO_Biological_Process_2021,tryptophan metabolic process (GO:0006568),1/11,0.4854325605089479,0.8455510373113273,0,0,1.607002561912895,1.161404708998614,TDO2,anterior_up
GO_Biological_Process_2021,amide transport (GO:0042886),2/28,0.4944331292271607,0.8532426953897736,0,0,1.2361604207758057,0.8706813918447245,ABCA12;FOLR2,anterior_up
GO_Biological_Process_2021,bile acid and bile salt transport (GO:0015721),2/28,0.4944331292271607,0.8532426953897736,0,0,1.2361604207758057,0.8706813918447245,ABCC4;ATP8B1,anterior_up
GO_Biological_Process_2021,carbohydrate derivative biosynthetic process (GO:1901137),2/28,0.4944331292271607,0.8532426953897736,0,0,1.2361604207758057,0.8706813918447245,GCNT1;GAL3ST2,anterior_up
GO_Biological_Process_2021,L-amino acid transport (GO:0015807),2/28,0.4944331292271607,0.8532426953897736,0,0,1.2361604207758057,0.8706813918447245,SLC7A3;SLC25A13,anterior_up
GO_Biological_Process_2021,positive regulation of nitric oxide metabolic process (GO:1904407),2/28,0.4944331292271607,0.8532426953897736,0,0,1.2361604207758057,0.8706813918447245,P2RX4;ASS1,anterior_up
GO_Biological_Process_2021,positive regulation of phosphatidylinositol 3-kinase activity (GO:0043552),2/28,0.4944331292271607,0.8532426953897736,0,0,1.2361604207758057,0.8706813918447245,EPHA8;KIT,anterior_up
GO_Biological_Process_2021,positive regulation of protein import into nucleus (GO:0042307),2/28,0.4944331292271607,0.8532426953897736,0,0,1.2361604207758057,0.8706813918447245,MAVS;ZIC1,anterior_up
GO_Biological_Process_2021,positive regulation of response to wounding (GO:1903036),2/28,0.4944331292271607,0.8532426953897736,0,0,1.2361604207758057,0.8706813918447245,OCLN;CLDN1,anterior_up
GO_Biological_Process_2021,protein localization to cell surface (GO:0034394),2/28,0.4944331292271607,0.8532426953897736,0,0,1.2361604207758057,0.8706813918447245,PTPRU;FGF10,anterior_up
GO_Biological_Process_2021,"regulation of DNA damage response, signal transduction by p53 class mediator (GO:0043516)",2/28,0.4944331292271607,0.8532426953897736,0,0,1.2361604207758057,0.8706813918447245,SNAI2;HIC1,anterior_up
GO_Biological_Process_2021,regulation of extrinsic apoptotic signaling pathway in absence of ligand (GO:2001239),2/28,0.4944331292271607,0.8532426953897736,0,0,1.2361604207758057,0.8706813918447245,SNAI2;FGFR1,anterior_up
GO_Biological_Process_2021,response to ketone (GO:1901654),2/28,0.4944331292271607,0.8532426953897736,0,0,1.2361604207758057,0.8706813918447245,TGFB2;CAV1,anterior_up
GO_Biological_Process_2021,action potential (GO:0001508),3/45,0.49577043886649,0.8532426953897736,0,0,1.1478675302456312,0.8053923959490201,KCNE3;MYH14;SCN5A,anterior_up
GO_Biological_Process_2021,positive regulation of Notch signaling pathway (GO:0045747),3/45,0.49577043886649,0.8532426953897736,0,0,1.1478675302456312,0.8053923959490201,TGFB2;JAG1;ROBO1,anterior_up
GO_Biological_Process_2021,regulation of receptor signaling pathway via JAK-STAT (GO:0046425),3/45,0.49577043886649,0.8532426953897736,0,0,1.1478675302456312,0.8053923959490201,CAV1;KIT;HES1,anterior_up
GO_Biological_Process_2021,regulation of vesicle-mediated transport (GO:0060627),6/96,0.4959090603420146,0.8532426953897736,0,0,1.0713550600343054,0.7514084937972862,RAB3B;RAB26;CDH13;STON2;HAP1;OLFM4,anterior_up
GO_Biological_Process_2021,regulation of neuron differentiation (GO:0045664),5/79,0.4960329565136214,0.8532426953897736,0,0,1.0858287593506102,0.7612885611003903,ZEB1;NTF3;VWC2;HES1;FGFR1,anterior_up
GO_Biological_Process_2021,positive regulation of interleukin-1 production (GO:0032732),4/62,0.4960489674132535,0.8532426953897736,0,0,1.1082900330656589,0.7770006773825098,FZD5;LPL;IL16;INAVA,anterior_up
GO_Biological_Process_2021,negative regulation of canonical Wnt signaling pathway (GO:0090090),10/165,0.502970119559197,0.8532426953897736,0,0,1.0367553161956582,0.7124836694517632,PTPRU;TCF7L2;LATS2;FZD4;CAV1;SNAI2;LRP4;TPBGL;DKK3;SHISA6,anterior_up
GO_Biological_Process_2021,cellular response to transforming growth factor beta stimulus (GO:0071560),7/114,0.5051360834865174,0.8532426953897736,0,0,1.0512775259716818,0.7179462419530905,JUN;TGFB2;WNT10A;SMAD6;WNT2;OVOL2;TGFBR2,anterior_up
GO_Biological_Process_2021,glycosaminoglycan biosynthetic process (GO:0006024),6/97,0.506098251272883,0.8532426953897736,0,0,1.0595253802800972,0.721562695795127,CHST9;GPC3;PXYLP1;GPC4;CHST5;GPC6,anterior_up
GO_Biological_Process_2021,negative regulation of cell cycle (GO:0045786),5/80,0.5072601703574204,0.8532426953897736,0,0,1.0712939160239932,0.7271206592623214,BMP4;CEBPA;LATS2;CDK6;GMNC,anterior_up
GO_Biological_Process_2021,positive regulation of cell adhesion (GO:0045785),5/80,0.5072601703574204,0.8532426953897736,0,0,1.0712939160239932,0.7271206592623214,VIT;TGFB2;CXCL12;IL12A;NCKAP1L,anterior_up
GO_Biological_Process_2021,actin cytoskeleton reorganization (GO:0031532),4/63,0.5087169850279538,0.8532426953897736,0,0,1.0894474111910843,0.7363176735287176,THSD7B;KIT;PARVB;FGF10,anterior_up
GO_Biological_Process_2021,negative regulation of endopeptidase activity (GO:0010951),4/63,0.5087169850279538,0.8532426953897736,0,0,1.0894474111910843,0.7363176735287176,SERPIND1;SPOCK3;SERPINB8;SERPINB5,anterior_up
GO_Biological_Process_2021,negative regulation of peptidase activity (GO:0010466),4/63,0.5087169850279538,0.8532426953897736,0,0,1.0894474111910843,0.7363176735287176,SERPIND1;SPOCK3;SERPINB8;SERPINB5,anterior_up
GO_Biological_Process_2021,organonitrogen compound catabolic process (GO:1901565),4/63,0.5087169850279538,0.8532426953897736,0,0,1.0894474111910843,0.7363176735287176,LIPC;CTH;PRSS16;NPL,anterior_up
GO_Biological_Process_2021,alpha-amino acid metabolic process (GO:1901605),3/46,0.5106350105868769,0.8532426953897736,0,0,1.1211132552171406,0.7535004531256501,NOX4;ASS1;SLC25A13,anterior_up
GO_Biological_Process_2021,negative regulation of tumor necrosis factor production (GO:0032720),3/46,0.5106350105868769,0.8532426953897736,0,0,1.1211132552171406,0.7535004531256501,CIDEA;LBP;CD34,anterior_up
GO_Biological_Process_2021,positive regulation of programmed cell death (GO:0043068),17/286,0.5117089132956842,0.8532426953897736,0,0,1.0154749835047232,0.6803675731374995,FANK1;HRK;JUN;ARHGEF26;GADD45A;FOXO1;VAV2;FGD3;BMP4;MELK;OBSCN;BCL2L11;LATS2;ACVR1C;TNFRSF8;ITGA6;RNF122,anterior_up
GO_Biological_Process_2021,positive regulation of signal transduction (GO:0009967),15/252,0.51321673139663,0.8532426953897736,0,0,1.016979749023555,0.6783835058771789,NECAB2;TGFB2;RWDD3;JAG1;CTBP2;ROBO1;SULF2;SMOC2;RELN;EVC;GHRH;NTF3;RSPO2;HAP1;MYORG,anterior_up
GO_Biological_Process_2021,actin filament polymerization (GO:0030041),2/29,0.5132785345551306,0.8532426953897736,0,0,1.1903133903133902,0.7938635997600144,PSTPIP1;FAM107A,anterior_up
GO_Biological_Process_2021,dicarboxylic acid transport (GO:0006835),2/29,0.5132785345551306,0.8532426953897736,0,0,1.1903133903133902,0.7938635997600144,FOLR2;SLC25A13,anterior_up
GO_Biological_Process_2021,glycolytic process (GO:0006096),2/29,0.5132785345551306,0.8532426953897736,0,0,1.1903133903133902,0.7938635997600144,HKDC1;ALDOC,anterior_up
GO_Biological_Process_2021,negative regulation of epithelial to mesenchymal transition (GO:0010719),2/29,0.5132785345551306,0.8532426953897736,0,0,1.1903133903133902,0.7938635997600144,EFNA1;OVOL2,anterior_up
GO_Biological_Process_2021,negative regulation of myeloid leukocyte differentiation (GO:0002762),2/29,0.5132785345551306,0.8532426953897736,0,0,1.1903133903133902,0.7938635997600144,CDK6;FBN1,anterior_up
GO_Biological_Process_2021,positive regulation of leukocyte migration (GO:0002687),2/29,0.5132785345551306,0.8532426953897736,0,0,1.1903133903133902,0.7938635997600144,CSF1;NCKAP1L,anterior_up
GO_Biological_Process_2021,positive regulation of viral genome replication (GO:0045070),2/29,0.5132785345551306,0.8532426953897736,0,0,1.1903133903133902,0.7938635997600144,CD28;PPARA,anterior_up
GO_Biological_Process_2021,regulation of actin polymerization or depolymerization (GO:0008064),2/29,0.5132785345551306,0.8532426953897736,0,0,1.1903133903133902,0.7938635997600144,CXCL12;COTL1,anterior_up
GO_Biological_Process_2021,regulation of response to biotic stimulus (GO:0002831),2/29,0.5132785345551306,0.8532426953897736,0,0,1.1903133903133902,0.7938635997600144,CD55;BIRC3,anterior_up
GO_Biological_Process_2021,response to zinc ion (GO:0010043),2/29,0.5132785345551306,0.8532426953897736,0,0,1.1903133903133902,0.7938635997600144,GLRA2;P2RX4,anterior_up
GO_Biological_Process_2021,attachment of mitotic spindle microtubules to kinetochore (GO:0051315),1/12,0.5156027395624289,0.8532426953897736,0,0,1.4608337861967238,0.9676836096549304,NUF2,anterior_up
GO_Biological_Process_2021,calcineurin-mediated signaling (GO:0097720),1/12,0.5156027395624289,0.8532426953897736,0,0,1.4608337861967238,0.9676836096549304,NFATC2,anterior_up
GO_Biological_Process_2021,carboxylic acid catabolic process (GO:0046395),1/12,0.5156027395624289,0.8532426953897736,0,0,1.4608337861967238,0.9676836096549304,NPL,anterior_up
GO_Biological_Process_2021,cardiocyte differentiation (GO:0035051),1/12,0.5156027395624289,0.8532426953897736,0,0,1.4608337861967238,0.9676836096549304,TGFB2,anterior_up
GO_Biological_Process_2021,carnitine metabolic process (GO:0009437),1/12,0.5156027395624289,0.8532426953897736,0,0,1.4608337861967238,0.9676836096549304,ACADM,anterior_up
GO_Biological_Process_2021,cellular response to fluid shear stress (GO:0071498),1/12,0.5156027395624289,0.8532426953897736,0,0,1.4608337861967238,0.9676836096549304,ASS1,anterior_up
GO_Biological_Process_2021,cGMP metabolic process (GO:0046068),1/12,0.5156027395624289,0.8532426953897736,0,0,1.4608337861967238,0.9676836096549304,GUCY2C,anterior_up
GO_Biological_Process_2021,digestive system development (GO:0055123),1/12,0.5156027395624289,0.8532426953897736,0,0,1.4608337861967238,0.9676836096549304,KIT,anterior_up
GO_Biological_Process_2021,double-strand break repair via break-induced replication (GO:0000727),1/12,0.5156027395624289,0.8532426953897736,0,0,1.4608337861967238,0.9676836096549304,MCM6,anterior_up
GO_Biological_Process_2021,exit from mitosis (GO:0010458),1/12,0.5156027395624289,0.8532426953897736,0,0,1.4608337861967238,0.9676836096549304,EPS8,anterior_up
GO_Biological_Process_2021,ganglion development (GO:0061548),1/12,0.5156027395624289,0.8532426953897736,0,0,1.4608337861967238,0.9676836096549304,INSM1,anterior_up
GO_Biological_Process_2021,magnesium ion transport (GO:0015693),1/12,0.5156027395624289,0.8532426953897736,0,0,1.4608337861967238,0.9676836096549304,NIPAL4,anterior_up
GO_Biological_Process_2021,melanocyte differentiation (GO:0030318),1/12,0.5156027395624289,0.8532426953897736,0,0,1.4608337861967238,0.9676836096549304,KIT,anterior_up
GO_Biological_Process_2021,mitochondrion distribution (GO:0048311),1/12,0.5156027395624289,0.8532426953897736,0,0,1.4608337861967238,0.9676836096549304,HAP1,anterior_up
GO_Biological_Process_2021,mitotic nuclear membrane disassembly (GO:0007077),1/12,0.5156027395624289,0.8532426953897736,0,0,1.4608337861967238,0.9676836096549304,NEK6,anterior_up
GO_Biological_Process_2021,morphogenesis of a polarized epithelium (GO:0001738),1/12,0.5156027395624289,0.8532426953897736,0,0,1.4608337861967238,0.9676836096549304,CELSR1,anterior_up
GO_Biological_Process_2021,negative regulation of amyloid fibril formation (GO:1905907),1/12,0.5156027395624289,0.8532426953897736,0,0,1.4608337861967238,0.9676836096549304,LDLR,anterior_up
GO_Biological_Process_2021,negative regulation of B cell proliferation (GO:0030889),1/12,0.5156027395624289,0.8532426953897736,0,0,1.4608337861967238,0.9676836096549304,CD300A,anterior_up
GO_Biological_Process_2021,negative regulation of cell division (GO:0051782),1/12,0.5156027395624289,0.8532426953897736,0,0,1.4608337861967238,0.9676836096549304,SUSD2,anterior_up
GO_Biological_Process_2021,negative regulation of cellular response to vascular endothelial growth factor stimulus (GO:1902548),1/12,0.5156027395624289,0.8532426953897736,0,0,1.4608337861967238,0.9676836096549304,IL12A,anterior_up
GO_Biological_Process_2021,negative regulation of complement activation (GO:0045916),1/12,0.5156027395624289,0.8532426953897736,0,0,1.4608337861967238,0.9676836096549304,CD55,anterior_up
GO_Biological_Process_2021,negative regulation of heart contraction (GO:0045822),1/12,0.5156027395624289,0.8532426953897736,0,0,1.4608337861967238,0.9676836096549304,PLN,anterior_up
GO_Biological_Process_2021,negative regulation of hemostasis (GO:1900047),1/12,0.5156027395624289,0.8532426953897736,0,0,1.4608337861967238,0.9676836096549304,CD34,anterior_up
GO_Biological_Process_2021,negative regulation of leukocyte apoptotic process (GO:2000107),1/12,0.5156027395624289,0.8532426953897736,0,0,1.4608337861967238,0.9676836096549304,CXCL12,anterior_up
GO_Biological_Process_2021,negative regulation of oxidoreductase activity (GO:0051354),1/12,0.5156027395624289,0.8532426953897736,0,0,1.4608337861967238,0.9676836096549304,DRD5,anterior_up
GO_Biological_Process_2021,negative regulation of production of miRNAs involved in gene silencing by miRNA (GO:1903799),1/12,0.5156027395624289,0.8532426953897736,0,0,1.4608337861967238,0.9676836096549304,ESR1,anterior_up
GO_Biological_Process_2021,negative regulation of receptor internalization (GO:0002091),1/12,0.5156027395624289,0.8532426953897736,0,0,1.4608337861967238,0.9676836096549304,NECAB2,anterior_up
GO_Biological_Process_2021,negative regulation of release of sequestered calcium ion into cytosol (GO:0051280),1/12,0.5156027395624289,0.8532426953897736,0,0,1.4608337861967238,0.9676836096549304,GSTM2,anterior_up
GO_Biological_Process_2021,negative regulation of ryanodine-sensitive calcium-release channel activity (GO:0060315),1/12,0.5156027395624289,0.8532426953897736,0,0,1.4608337861967238,0.9676836096549304,GSTM2,anterior_up
GO_Biological_Process_2021,phasic smooth muscle contraction (GO:0014821),1/12,0.5156027395624289,0.8532426953897736,0,0,1.4608337861967238,0.9676836096549304,DRD2,anterior_up
GO_Biological_Process_2021,phospholipid efflux (GO:0033700),1/12,0.5156027395624289,0.8532426953897736,0,0,1.4608337861967238,0.9676836096549304,ABCA12,anterior_up
GO_Biological_Process_2021,phospholipid homeostasis (GO:0055091),1/12,0.5156027395624289,0.8532426953897736,0,0,1.4608337861967238,0.9676836096549304,LIPG,anterior_up
GO_Biological_Process_2021,poly-N-acetyllactosamine biosynthetic process (GO:0030311),1/12,0.5156027395624289,0.8532426953897736,0,0,1.4608337861967238,0.9676836096549304,B3GALT2,anterior_up
GO_Biological_Process_2021,positive regulation of cardiocyte differentiation (GO:1905209),1/12,0.5156027395624289,0.8532426953897736,0,0,1.4608337861967238,0.9676836096549304,TGFB2,anterior_up
GO_Biological_Process_2021,positive regulation of endoplasmic reticulum unfolded protein response (GO:1900103),1/12,0.5156027395624289,0.8532426953897736,0,0,1.4608337861967238,0.9676836096549304,BCL2L11,anterior_up
GO_Biological_Process_2021,positive regulation of fatty acid oxidation (GO:0046321),1/12,0.5156027395624289,0.8532426953897736,0,0,1.4608337861967238,0.9676836096549304,PPARA,anterior_up
GO_Biological_Process_2021,positive regulation of myeloid leukocyte mediated immunity (GO:0002888),1/12,0.5156027395624289,0.8532426953897736,0,0,1.4608337861967238,0.9676836096549304,MAVS,anterior_up
GO_Biological_Process_2021,positive regulation of protein depolymerization (GO:1901881),1/12,0.5156027395624289,0.8532426953897736,0,0,1.4608337861967238,0.9676836096549304,SEMA5A,anterior_up
GO_Biological_Process_2021,positive regulation of vascular permeability (GO:0043117),1/12,0.5156027395624289,0.8532426953897736,0,0,1.4608337861967238,0.9676836096549304,OCLN,anterior_up
GO_Biological_Process_2021,presynapse organization (GO:0099172),1/12,0.5156027395624289,0.8532426953897736,0,0,1.4608337861967238,0.9676836096549304,LRRTM3,anterior_up
GO_Biological_Process_2021,protein localization to synapse (GO:0035418),1/12,0.5156027395624289,0.8532426953897736,0,0,1.4608337861967238,0.9676836096549304,NPHS1,anterior_up
GO_Biological_Process_2021,purine nucleotide biosynthetic process (GO:0006164),1/12,0.5156027395624289,0.8532426953897736,0,0,1.4608337861967238,0.9676836096549304,ADA,anterior_up
GO_Biological_Process_2021,regulation of actin filament depolymerization (GO:0030834),1/12,0.5156027395624289,0.8532426953897736,0,0,1.4608337861967238,0.9676836096549304,SEMA5A,anterior_up
GO_Biological_Process_2021,regulation of astrocyte differentiation (GO:0048710),1/12,0.5156027395624289,0.8532426953897736,0,0,1.4608337861967238,0.9676836096549304,HES1,anterior_up
GO_Biological_Process_2021,"regulation of CD4-positive, alpha-beta T cell differentiation (GO:0043370)",1/12,0.5156027395624289,0.8532426953897736,0,0,1.4608337861967238,0.9676836096549304,NCKAP1L,anterior_up
GO_Biological_Process_2021,regulation of cell communication by electrical coupling involved in cardiac conduction (GO:1901844),1/12,0.5156027395624289,0.8532426953897736,0,0,1.4608337861967238,0.9676836096549304,CAV1,anterior_up
GO_Biological_Process_2021,regulation of cholesterol esterification (GO:0010872),1/12,0.5156027395624289,0.8532426953897736,0,0,1.4608337861967238,0.9676836096549304,STARD4,anterior_up
GO_Biological_Process_2021,regulation of feeding behavior (GO:0060259),1/12,0.5156027395624289,0.8532426953897736,0,0,1.4608337861967238,0.9676836096549304,LEPR,anterior_up
GO_Biological_Process_2021,regulation of keratinocyte migration (GO:0051547),1/12,0.5156027395624289,0.8532426953897736,0,0,1.4608337861967238,0.9676836096549304,FGF10,anterior_up
GO_Biological_Process_2021,regulation of myoblast fusion (GO:1901739),1/12,0.5156027395624289,0.8532426953897736,0,0,1.4608337861967238,0.9676836096549304,CFLAR,anterior_up
GO_Biological_Process_2021,regulation of natural killer cell activation (GO:0032814),1/12,0.5156027395624289,0.8532426953897736,0,0,1.4608337861967238,0.9676836096549304,IL12A,anterior_up
GO_Biological_Process_2021,regulation of sensory perception (GO:0051931),1/12,0.5156027395624289,0.8532426953897736,0,0,1.4608337861967238,0.9676836096549304,MGLL,anterior_up
GO_Biological_Process_2021,regulation of vascular associated smooth muscle cell migration (GO:1904752),1/12,0.5156027395624289,0.8532426953897736,0,0,1.4608337861967238,0.9676836096549304,IGFBP5,anterior_up
GO_Biological_Process_2021,sphingoid metabolic process (GO:0046519),1/12,0.5156027395624289,0.8532426953897736,0,0,1.4608337861967238,0.9676836096549304,SGPP2,anterior_up
GO_Biological_Process_2021,thyroid hormone generation (GO:0006590),1/12,0.5156027395624289,0.8532426953897736,0,0,1.4608337861967238,0.9676836096549304,SLC5A5,anterior_up
GO_Biological_Process_2021,toll-like receptor 3 signaling pathway (GO:0034138),1/12,0.5156027395624289,0.8532426953897736,0,0,1.4608337861967238,0.9676836096549304,SCARA3,anterior_up
GO_Biological_Process_2021,tricarboxylic acid metabolic process (GO:0072350),1/12,0.5156027395624289,0.8532426953897736,0,0,1.4608337861967238,0.9676836096549304,ASS1,anterior_up
GO_Biological_Process_2021,urogenital system development (GO:0001655),1/12,0.5156027395624289,0.8532426953897736,0,0,1.4608337861967238,0.9676836096549304,EPHB2,anterior_up
GO_Biological_Process_2021,very-low-density lipoprotein particle assembly (GO:0034379),1/12,0.5156027395624289,0.8532426953897736,0,0,1.4608337861967238,0.9676836096549304,MFSD2A,anterior_up
GO_Biological_Process_2021,negative regulation of intrinsic apoptotic signaling pathway (GO:2001243),4/64,0.521239145802641,0.8620364255870312,0,0,1.0712328767123287,0.6979578488468019,CXCL12;CREB3L1;ACKR3;SNAI2,anterior_up
GO_Biological_Process_2021,negative regulation of gene expression (GO:0010629),19/322,0.5215928356361995,0.8620364255870312,0,0,1.007487999450422,0.6557417030790036,OPRD1;NOTCH2;TGFB2;IGFBP5;SFMBT2;CIDEA;ESR1;NFKB1;OVOL2;ROBO1;BMP4;OCLN;GPNMB;CREB3L1;STC2;CD28;CCDC3;CD34;PHF19,anterior_up
GO_Biological_Process_2021,transmembrane receptor protein serine/threonine kinase signaling pathway (GO:0007178),8/133,0.5216972632967092,0.8620364255870312,0,0,1.028343642611684,0.6691101107079895,BMP4;JUN;TGFB2;ACVR1C;INHBB;SMAD6;RGMA;TGFBR2,anterior_up
GO_Biological_Process_2021,embryonic heart tube morphogenesis (GO:0003143),3/47,0.5252648236948434,0.865772318856227,0,0,1.0955750835990357,0.7053889947842795,DNAAF1;HES1;TGFBR2,anterior_up
GO_Biological_Process_2021,epidermal growth factor receptor signaling pathway (GO:0007173),3/47,0.5252648236948434,0.865772318856227,0,0,1.0955750835990357,0.7053889947842795,BTC;TGFA;PLCE1,anterior_up
GO_Biological_Process_2021,glycosphingolipid metabolic process (GO:0006687),3/47,0.5252648236948434,0.865772318856227,0,0,1.0955750835990357,0.7053889947842795,ESYT3;ST6GALNAC3;ST6GALNAC5,anterior_up
GO_Biological_Process_2021,positive regulation of pathway-restricted SMAD protein phosphorylation (GO:0010862),3/47,0.5252648236948434,0.865772318856227,0,0,1.0955750835990357,0.7053889947842795,BMP4;TGFB2;INHBB,anterior_up
GO_Biological_Process_2021,regulation of DNA binding (GO:0051101),3/47,0.5252648236948434,0.865772318856227,0,0,1.0955750835990357,0.7053889947842795,JUN;HES1;PPARG,anterior_up
GO_Biological_Process_2021,positive regulation of stress-activated MAPK cascade (GO:0032874),6/99,0.5262447800487624,0.8669562189465687,0,0,1.036629225917114,0.6655043664562885,TGFB2;GADD45A;FZD7;FLT4;RASGRP1;INAVA,anterior_up
GO_Biological_Process_2021,positive regulation of cytoskeleton organization (GO:0051495),5/82,0.5294039684682771,0.8696863046977796,0,0,1.0433568145650407,0.6635785785661209,SEMA5A;CARMIL1;SPAG5;NTF3;NCKAP1L,anterior_up
GO_Biological_Process_2021,regulation of cyclin-dependent protein serine/threonine kinase activity (GO:0000079),5/82,0.5294039684682771,0.8696863046977796,0,0,1.0433568145650407,0.6635785785661209,CCNA1;CEBPA;LATS2;PSRC1;GADD45A,anterior_up
GO_Biological_Process_2021,cell projection organization (GO:0030030),2/30,0.5316535018380385,0.8696863046977796,0,0,1.1477411477411477,0.7251007513074065,NCKAP1L;PARVB,anterior_up
GO_Biological_Process_2021,positive regulation of endopeptidase activity (GO:0010950),2/30,0.5316535018380385,0.8696863046977796,0,0,1.1477411477411477,0.7251007513074065,EFNA1;MBP,anterior_up
GO_Biological_Process_2021,positive regulation of lipid kinase activity (GO:0090218),2/30,0.5316535018380385,0.8696863046977796,0,0,1.1477411477411477,0.7251007513074065,EPHA8;KIT,anterior_up
GO_Biological_Process_2021,positive regulation of protein import (GO:1904591),2/30,0.5316535018380385,0.8696863046977796,0,0,1.1477411477411477,0.7251007513074065,MAVS;ZIC1,anterior_up
GO_Biological_Process_2021,regulation of macrophage activation (GO:0043030),2/30,0.5316535018380385,0.8696863046977796,0,0,1.1477411477411477,0.7251007513074065,CEBPA;LBP,anterior_up
GO_Biological_Process_2021,regulation of natural killer cell mediated cytotoxicity (GO:0042269),2/30,0.5316535018380385,0.8696863046977796,0,0,1.1477411477411477,0.7251007513074065,IL12A;RASGRP1,anterior_up
GO_Biological_Process_2021,regulation of striated muscle contraction (GO:0006942),2/30,0.5316535018380385,0.8696863046977796,0,0,1.1477411477411477,0.7251007513074065,P2RX4;NOS1,anterior_up
GO_Biological_Process_2021,regulation of type I interferon-mediated signaling pathway (GO:0060338),2/30,0.5316535018380385,0.8696863046977796,0,0,1.1477411477411477,0.7251007513074065,RNASEL;MAVS,anterior_up
GO_Biological_Process_2021,response to alcohol (GO:0097305),2/30,0.5316535018380385,0.8696863046977796,0,0,1.1477411477411477,0.7251007513074065,GRIN3A;TGFBR2,anterior_up
GO_Biological_Process_2021,BMP signaling pathway (GO:0030509),4/65,0.5336074277079825,0.8696863046977796,0,0,1.0536155400853358,0.6617705098693305,BMP4;TGFB2;SMAD6;RGMA,anterior_up
GO_Biological_Process_2021,chemical homeostasis (GO:0048878),4/65,0.5336074277079825,0.8696863046977796,0,0,1.0536155400853358,0.6617705098693305,CEBPA;SLC4A11;AQP4;PPARG,anterior_up
GO_Biological_Process_2021,cell-matrix adhesion (GO:0007160),6/100,0.5361922932857619,0.8696863046977796,0,0,1.025546512900989,0.6391846077283205,FERMT1;BCAM;COL13A1;DLC1;ADAMTS9;CD34,anterior_up
GO_Biological_Process_2021,Golgi to plasma membrane transport (GO:0006893),3/48,0.5396496290340491,0.8696863046977796,0,0,1.0711719418306245,0.6607365430457448,OSBPL5;RAB26;STXBP6,anterior_up
GO_Biological_Process_2021,negative regulation of tumor necrosis factor superfamily cytokine production (GO:1903556),3/48,0.5396496290340491,0.8696863046977796,0,0,1.0711719418306245,0.6607365430457448,CIDEA;LBP;CD34,anterior_up
GO_Biological_Process_2021,regulation of interleukin-10 production (GO:0032653),3/48,0.5396496290340491,0.8696863046977796,0,0,1.0711719418306245,0.6607365430457448,CD28;CD34;INAVA,anterior_up
GO_Biological_Process_2021,epidermis development (GO:0008544),5/83,0.5403083766387948,0.8696863046977796,0,0,1.0299255157866982,0.6340378379920873,WNT10A;LAMC2;EVPL;PTHLH;OVOL2,anterior_up
GO_Biological_Process_2021,glycoprotein biosynthetic process (GO:0009101),5/83,0.5403083766387948,0.8696863046977796,0,0,1.0299255157866982,0.6340378379920873,CHST8;CHST9;B3GALT2;GCNT1;GAL3ST2,anterior_up
GO_Biological_Process_2021,long-chain fatty acid metabolic process (GO:0001676),5/83,0.5403083766387948,0.8696863046977796,0,0,1.0299255157866982,0.6340378379920873,GSTM2;ACOT1;ALOX12B;ALOXE3;MGLL,anterior_up
GO_Biological_Process_2021,regulation of Notch signaling pathway (GO:0008593),5/83,0.5403083766387948,0.8696863046977796,0,0,1.0299255157866982,0.6340378379920873,TGFB2;JAG1;PRAG1;TSPEAR;DLK1,anterior_up
GO_Biological_Process_2021,positive regulation of protein-containing complex assembly (GO:0031334),7/118,0.5420878909107814,0.8696863046977796,0,0,1.0131771256234776,0.6203958418561795,HRK;FERMT1;TPPP3;BCL2L11;LCP1;ESR1;TRABD2B,anterior_up
GO_Biological_Process_2021,AMP metabolic process (GO:0046033),1/13,0.5440053927971165,0.8696863046977796,0,0,1.3390264730999146,0.8151941199882903,AK9,anterior_up
GO_Biological_Process_2021,cardiac cell development (GO:0055006),1/13,0.5440053927971165,0.8696863046977796,0,0,1.3390264730999146,0.8151941199882903,JAG1,anterior_up
GO_Biological_Process_2021,cell part morphogenesis (GO:0032990),1/13,0.5440053927971165,0.8696863046977796,0,0,1.3390264730999146,0.8151941199882903,MYH14,anterior_up
GO_Biological_Process_2021,cellular component maintenance (GO:0043954),1/13,0.5440053927971165,0.8696863046977796,0,0,1.3390264730999146,0.8151941199882903,CLDN1,anterior_up
GO_Biological_Process_2021,detection of calcium ion (GO:0005513),1/13,0.5440053927971165,0.8696863046977796,0,0,1.3390264730999146,0.8151941199882903,CASR,anterior_up
GO_Biological_Process_2021,DNA catabolic process (GO:0006308),1/13,0.5440053927971165,0.8696863046977796,0,0,1.3390264730999146,0.8151941199882903,DNASE1L3,anterior_up
GO_Biological_Process_2021,entry into host (GO:0044409),1/13,0.5440053927971165,0.8696863046977796,0,0,1.3390264730999146,0.8151941199882903,MET,anterior_up
GO_Biological_Process_2021,inner dynein arm assembly (GO:0036159),1/13,0.5440053927971165,0.8696863046977796,0,0,1.3390264730999146,0.8151941199882903,DNAAF1,anterior_up
GO_Biological_Process_2021,intracellular sterol transport (GO:0032366),1/13,0.5440053927971165,0.8696863046977796,0,0,1.3390264730999146,0.8151941199882903,STARD4,anterior_up
GO_Biological_Process_2021,lipid oxidation (GO:0034440),1/13,0.5440053927971165,0.8696863046977796,0,0,1.3390264730999146,0.8151941199882903,ALOX12B,anterior_up
GO_Biological_Process_2021,mature B cell differentiation involved in immune response (GO:0002313),1/13,0.5440053927971165,0.8696863046977796,0,0,1.3390264730999146,0.8151941199882903,NOTCH2,anterior_up
GO_Biological_Process_2021,mitochondrial outer membrane permeabilization (GO:0097345),1/13,0.5440053927971165,0.8696863046977796,0,0,1.3390264730999146,0.8151941199882903,BCL2L11,anterior_up
GO_Biological_Process_2021,negative regulation by host of viral transcription (GO:0043922),1/13,0.5440053927971165,0.8696863046977796,0,0,1.3390264730999146,0.8151941199882903,JUN,anterior_up
GO_Biological_Process_2021,negative regulation of cell morphogenesis involved in differentiation (GO:0010771),1/13,0.5440053927971165,0.8696863046977796,0,0,1.3390264730999146,0.8151941199882903,FBLN1,anterior_up
GO_Biological_Process_2021,negative regulation of cellular senescence (GO:2000773),1/13,0.5440053927971165,0.8696863046977796,0,0,1.3390264730999146,0.8151941199882903,CDK6,anterior_up
GO_Biological_Process_2021,negative regulation of reactive oxygen species biosynthetic process (GO:1903427),1/13,0.5440053927971165,0.8696863046977796,0,0,1.3390264730999146,0.8151941199882903,PPARA,anterior_up
GO_Biological_Process_2021,negative regulation of substrate adhesion-dependent cell spreading (GO:1900025),1/13,0.5440053927971165,0.8696863046977796,0,0,1.3390264730999146,0.8151941199882903,FBLN1,anterior_up
GO_Biological_Process_2021,poly-N-acetyllactosamine metabolic process (GO:0030309),1/13,0.5440053927971165,0.8696863046977796,0,0,1.3390264730999146,0.8151941199882903,B3GALT2,anterior_up
GO_Biological_Process_2021,positive regulation of calcium ion-dependent exocytosis (GO:0045956),1/13,0.5440053927971165,0.8696863046977796,0,0,1.3390264730999146,0.8151941199882903,SYT10,anterior_up
GO_Biological_Process_2021,positive regulation of ERAD pathway (GO:1904294),1/13,0.5440053927971165,0.8696863046977796,0,0,1.3390264730999146,0.8151941199882903,CAV1,anterior_up
GO_Biological_Process_2021,positive regulation of lipid transport (GO:0032370),1/13,0.5440053927971165,0.8696863046977796,0,0,1.3390264730999146,0.8151941199882903,ABCA12,anterior_up
GO_Biological_Process_2021,positive regulation of mRNA metabolic process (GO:1903313),1/13,0.5440053927971165,0.8696863046977796,0,0,1.3390264730999146,0.8151941199882903,PRR5L,anterior_up
GO_Biological_Process_2021,positive regulation of protein acetylation (GO:1901985),1/13,0.5440053927971165,0.8696863046977796,0,0,1.3390264730999146,0.8151941199882903,RAPGEF3,anterior_up
GO_Biological_Process_2021,positive regulation of steroid metabolic process (GO:0045940),1/13,0.5440053927971165,0.8696863046977796,0,0,1.3390264730999146,0.8151941199882903,STARD4,anterior_up
GO_Biological_Process_2021,positive regulation of transporter activity (GO:0032411),1/13,0.5440053927971165,0.8696863046977796,0,0,1.3390264730999146,0.8151941199882903,TRPC6,anterior_up
GO_Biological_Process_2021,positive regulation of vascular endothelial cell proliferation (GO:1905564),1/13,0.5440053927971165,0.8696863046977796,0,0,1.3390264730999146,0.8151941199882903,FGFR1,anterior_up
GO_Biological_Process_2021,protein heterotetramerization (GO:0051290),1/13,0.5440053927971165,0.8696863046977796,0,0,1.3390264730999146,0.8151941199882903,KRT1,anterior_up
GO_Biological_Process_2021,purine-containing compound salvage (GO:0043101),1/13,0.5440053927971165,0.8696863046977796,0,0,1.3390264730999146,0.8151941199882903,ADA,anterior_up
GO_Biological_Process_2021,regulation of autophagosome maturation (GO:1901096),1/13,0.5440053927971165,0.8696863046977796,0,0,1.3390264730999146,0.8151941199882903,ADRB2,anterior_up
GO_Biological_Process_2021,regulation of cell aging (GO:0090342),1/13,0.5440053927971165,0.8696863046977796,0,0,1.3390264730999146,0.8151941199882903,NEK6,anterior_up
GO_Biological_Process_2021,regulation of cell communication by electrical coupling (GO:0010649),1/13,0.5440053927971165,0.8696863046977796,0,0,1.3390264730999146,0.8151941199882903,CAV1,anterior_up
GO_Biological_Process_2021,regulation of membrane repolarization (GO:0060306),1/13,0.5440053927971165,0.8696863046977796,0,0,1.3390264730999146,0.8151941199882903,CAV1,anterior_up
GO_Biological_Process_2021,regulation of nucleocytoplasmic transport (GO:0046822),1/13,0.5440053927971165,0.8696863046977796,0,0,1.3390264730999146,0.8151941199882903,BMP4,anterior_up
GO_Biological_Process_2021,regulation of protein acetylation (GO:1901983),1/13,0.5440053927971165,0.8696863046977796,0,0,1.3390264730999146,0.8151941199882903,RAPGEF3,anterior_up
GO_Biological_Process_2021,regulation of receptor signaling pathway via STAT (GO:1904892),1/13,0.5440053927971165,0.8696863046977796,0,0,1.3390264730999146,0.8151941199882903,HES1,anterior_up
GO_Biological_Process_2021,response to interleukin-6 (GO:0070741),1/13,0.5440053927971165,0.8696863046977796,0,0,1.3390264730999146,0.8151941199882903,NFKB1,anterior_up
GO_Biological_Process_2021,response to muramyl dipeptide (GO:0032495),1/13,0.5440053927971165,0.8696863046977796,0,0,1.3390264730999146,0.8151941199882903,INAVA,anterior_up
GO_Biological_Process_2021,response to UV-B (GO:0010224),1/13,0.5440053927971165,0.8696863046977796,0,0,1.3390264730999146,0.8151941199882903,IL12A,anterior_up
GO_Biological_Process_2021,toll-like receptor 9 signaling pathway (GO:0034162),1/13,0.5440053927971165,0.8696863046977796,0,0,1.3390264730999146,0.8151941199882903,TLR7,anterior_up
GO_Biological_Process_2021,positive regulation of Wnt signaling pathway (GO:0030177),9/153,0.5441773950010556,0.8696863046977796,0,0,1.0040842648323305,0.6109651849618535,SEMA5A;WNT5B;CAV1;RSPO2;GPC3;NFKB1;TRPM4;FGF10;SULF2,anterior_up
GO_Biological_Process_2021,cellular component disassembly (GO:0022411),4/66,0.5458144474819406,0.8714618142205635,0,0,1.0365665046398589,0.6276163490773929,ADAMTS4;ADAMTS15;TLL2;LCP1,anterior_up
GO_Biological_Process_2021,extracellular matrix disassembly (GO:0022617),4/66,0.5458144474819406,0.8714618142205635,0,0,1.0365665046398589,0.6276163490773929,ADAMTS4;ADAMTS15;TLL2;LCP1,anterior_up
GO_Biological_Process_2021,peptide cross-linking (GO:0018149),2/31,0.549548415250686,0.8723784857333602,0,0,1.1081049218980257,0.6633763208977693,KRT1;EVPL,anterior_up
GO_Biological_Process_2021,positive regulation of locomotion (GO:0040017),2/31,0.549548415250686,0.8723784857333602,0,0,1.1081049218980257,0.6633763208977693,NTN1;BVES,anterior_up
GO_Biological_Process_2021,positive regulation of mononuclear cell migration (GO:0071677),2/31,0.549548415250686,0.8723784857333602,0,0,1.1081049218980257,0.6633763208977693,CXCL12;IL12A,anterior_up
GO_Biological_Process_2021,positive regulation of protein targeting to mitochondrion (GO:1903955),2/31,0.549548415250686,0.8723784857333602,0,0,1.1081049218980257,0.6633763208977693,ABLIM3;FZD5,anterior_up
GO_Biological_Process_2021,prostaglandin metabolic process (GO:0006693),2/31,0.549548415250686,0.8723784857333602,0,0,1.1081049218980257,0.6633763208977693,GSTM1;PTGS1,anterior_up
GO_Biological_Process_2021,purine nucleoside bisphosphate metabolic process (GO:0034032),2/31,0.549548415250686,0.8723784857333602,0,0,1.1081049218980257,0.6633763208977693,ACOT12;ACOT1,anterior_up
GO_Biological_Process_2021,regulation of calcium ion-dependent exocytosis (GO:0017158),2/31,0.549548415250686,0.8723784857333602,0,0,1.1081049218980257,0.6633763208977693,SYT10;SYT6,anterior_up
GO_Biological_Process_2021,regulation of cellular senescence (GO:2000772),2/31,0.549548415250686,0.8723784857333602,0,0,1.1081049218980257,0.6633763208977693,CDK6;NEK6,anterior_up
GO_Biological_Process_2021,regulation of developmental growth (GO:0048638),2/31,0.549548415250686,0.8723784857333602,0,0,1.1081049218980257,0.6633763208977693,LATS2;MFSD2A,anterior_up
GO_Biological_Process_2021,renal water homeostasis (GO:0003091),2/31,0.549548415250686,0.8723784857333602,0,0,1.1081049218980257,0.6633763208977693,MYO5B;AQP4,anterior_up
GO_Biological_Process_2021,ribonucleoside bisphosphate metabolic process (GO:0033875),2/31,0.549548415250686,0.8723784857333602,0,0,1.1081049218980257,0.6633763208977693,ACOT12;ACOT1,anterior_up
GO_Biological_Process_2021,triglyceride homeostasis (GO:0070328),2/31,0.549548415250686,0.8723784857333602,0,0,1.1081049218980257,0.6633763208977693,LIPC;LPL,anterior_up
GO_Biological_Process_2021,regulation of inflammatory response (GO:0050727),12/206,0.5508745293267271,0.8739938743615396,0,0,0.9936366868112336,0.5924540961307099,CEBPA;LPL;IL16;PPARG;TLR7;NMI;PPARA;METRNL;SMPDL3B;DNASE1L3;MGLL;BIRC3,anterior_up
GO_Biological_Process_2021,lymphocyte differentiation (GO:0030098),5/84,0.5510936322189123,0.8739938743615396,0,0,1.01683424988882,0.6058812499369518,TPD52;KIT;BLNK;LEPR;TOX,anterior_up
GO_Biological_Process_2021,positive regulation of protein kinase activity (GO:0045860),9/154,0.5521428464980961,0.8752388758125322,0,0,0.9971061760607228,0.5922297039465886,EFNA1;TGFB2;RELN;CSF1;KIF14;NOX4;LCP2;ADRB2;TGFBR2,anterior_up
GO_Biological_Process_2021,regulation of GTPase activity (GO:0043087),11/189,0.5535359934530341,0.8762163257200256,0,0,0.9927029197998626,0.5871127989275609,FGD3;RASA4;DOCK8;RGS16;ITGA6;RGS8;BVES;RASGRP1;RAPGEF3;PROM2;VAV2,anterior_up
GO_Biological_Process_2021,positive regulation of reactive oxygen species metabolic process (GO:2000379),3/49,0.5537804015804204,0.8762163257200256,0,0,1.0478298062260571,0.6192538543152706,GADD45A;DCXR;TGFBR2,anterior_up
GO_Biological_Process_2021,receptor internalization (GO:0031623),3/49,0.5537804015804204,0.8762163257200256,0,0,1.0478298062260571,0.6192538543152706,RAMP3;CAV1;ACKR3,anterior_up
GO_Biological_Process_2021,regulation of I-kappaB kinase/NF-kappaB signaling (GO:0043122),13/224,0.5551144131509497,0.8762163257200256,0,0,0.9896626034046346,0.5824966410556591,NEK6;PELI2;LPAR1;CFLAR;S100B;ESR1;INAVA;MAVS;HMOX1;ROR1;S100A4;ALPK1;BIRC3,anterior_up
GO_Biological_Process_2021,anion transmembrane transport (GO:0098656),4/67,0.5578534437617247,0.8762163257200256,0,0,1.020058708414873,0.5953664423147784,SLC13A1;SLC39A8;SLC25A13;SLC7A3,anterior_up
GO_Biological_Process_2021,regulation of epidermal growth factor receptor signaling pathway (GO:0042058),4/67,0.5578534437617247,0.8762163257200256,0,0,1.020058708414873,0.5953664423147784,BTC;CDH13;TGFA;HAP1,anterior_up
GO_Biological_Process_2021,B cell activation (GO:0042113),5/85,0.5617545777414062,0.8762163257200256,0,0,1.004070265638389,0.57903750125942,TPD52;KIT;BLNK;EPHB2;RASGRP1,anterior_up
GO_Biological_Process_2021,negative regulation of defense response (GO:0031348),5/85,0.5617545777414062,0.8762163257200256,0,0,1.004070265638389,0.57903750125942,PPARG;NMI;METRNL;PPARA;SMPDL3B,anterior_up
GO_Biological_Process_2021,"Wnt signaling pathway, planar cell polarity pathway (GO:0060071)",5/85,0.5617545777414062,0.8762163257200256,0,0,1.004070265638389,0.57903750125942,VANGL1;FZD5;FZD4;FZD7;CELSR1,anterior_up
GO_Biological_Process_2021,axonemal dynein complex assembly (GO:0070286),2/32,0.5669563983864009,0.8762163257200256,0,0,1.0711111111111111,0.6078265038096011,DNAH8;DNAAF1,anterior_up
GO_Biological_Process_2021,cardiac muscle tissue morphogenesis (GO:0055008),2/32,0.5669563983864009,0.8762163257200256,0,0,1.0711111111111111,0.6078265038096011,TNNT2;PKP2,anterior_up
GO_Biological_Process_2021,endodermal cell differentiation (GO:0035987),2/32,0.5669563983864009,0.8762163257200256,0,0,1.0711111111111111,0.6078265038096011,COL8A1;LAMB1,anterior_up
GO_Biological_Process_2021,metal ion export (GO:0070839),2/32,0.5669563983864009,0.8762163257200256,0,0,1.0711111111111111,0.6078265038096011,KCNE3;KCNA5,anterior_up
GO_Biological_Process_2021,positive regulation of receptor signaling pathway via STAT (GO:1904894),2/32,0.5669563983864009,0.8762163257200256,0,0,1.0711111111111111,0.6078265038096011,KIT;HES1,anterior_up
GO_Biological_Process_2021,positive regulation of telomere maintenance (GO:0032206),2/32,0.5669563983864009,0.8762163257200256,0,0,1.0711111111111111,0.6078265038096011,NEK7;MAPK15,anterior_up
GO_Biological_Process_2021,regulation of cell morphogenesis (GO:0022604),2/32,0.5669563983864009,0.8762163257200256,0,0,1.0711111111111111,0.6078265038096011,NTNG2;MFSD2A,anterior_up
GO_Biological_Process_2021,regulation of NMDA receptor activity (GO:2000310),2/32,0.5669563983864009,0.8762163257200256,0,0,1.0711111111111111,0.6078265038096011,RELN;EPHB2,anterior_up
GO_Biological_Process_2021,response to amino acid (GO:0043200),2/32,0.5669563983864009,0.8762163257200256,0,0,1.0711111111111111,0.6078265038096011,GLRA2;GLRA3,anterior_up
GO_Biological_Process_2021,positive regulation of cell morphogenesis involved in differentiation (GO:0010770),3/50,0.5676492782073295,0.8762163257200256,0,0,1.0254809529876416,0.5806801472503912,CARMIL1;OLFM4;RREB1,anterior_up
GO_Biological_Process_2021,regulation of cellular component movement (GO:0051270),3/50,0.5676492782073295,0.8762163257200256,0,0,1.0254809529876416,0.5806801472503912,BTC;CDK6;PRAG1,anterior_up
GO_Biological_Process_2021,regulation of cell differentiation (GO:0045595),9/156,0.5679036430085821,0.8762163257200256,0,0,0.9834348184673698,0.5564308792675203,CDK6;CSF1;CEBPD;PLEKHB1;NTF3;SNAI2;INSM1;PTHLH;FGFR1,anterior_up
GO_Biological_Process_2021,regulation of tyrosine phosphorylation of STAT protein (GO:0042509),4/68,0.5697182596149536,0.8762163257200256,0,0,1.004066780821918,0.5649013467950833,KIT;IL12A;HES1;CRLF1,anterior_up
GO_Biological_Process_2021,C4-dicarboxylate transport (GO:0015740),1/14,0.570743987595477,0.8762163257200256,0,0,1.2359587466333837,0.6931436209291185,SLC25A13,anterior_up
GO_Biological_Process_2021,carbohydrate transport (GO:0008643),1/14,0.570743987595477,0.8762163257200256,0,0,1.2359587466333837,0.6931436209291185,SLC2A5,anterior_up
GO_Biological_Process_2021,cardiac left ventricle morphogenesis (GO:0003214),1/14,0.570743987595477,0.8762163257200256,0,0,1.2359587466333837,0.6931436209291185,TGFBR2,anterior_up
GO_Biological_Process_2021,ceramide transport (GO:0035627),1/14,0.570743987595477,0.8762163257200256,0,0,1.2359587466333837,0.6931436209291185,ABCA12,anterior_up
GO_Biological_Process_2021,cGMP-mediated signaling (GO:0019934),1/14,0.570743987595477,0.8762163257200256,0,0,1.2359587466333837,0.6931436209291185,KCNC2,anterior_up
GO_Biological_Process_2021,dicarboxylic acid catabolic process (GO:0043649),1/14,0.570743987595477,0.8762163257200256,0,0,1.2359587466333837,0.6931436209291185,DDO,anterior_up
GO_Biological_Process_2021,endothelial cell differentiation (GO:0045446),1/14,0.570743987595477,0.8762163257200256,0,0,1.2359587466333837,0.6931436209291185,JAG1,anterior_up
GO_Biological_Process_2021,genitalia development (GO:0048806),1/14,0.570743987595477,0.8762163257200256,0,0,1.2359587466333837,0.6931436209291185,STRA6,anterior_up
GO_Biological_Process_2021,growth hormone receptor signaling pathway via JAK-STAT (GO:0060397),1/14,0.570743987595477,0.8762163257200256,0,0,1.2359587466333837,0.6931436209291185,PRLR,anterior_up
GO_Biological_Process_2021,immune response-regulating cell surface receptor signaling pathway (GO:0002768),1/14,0.570743987595477,0.8762163257200256,0,0,1.2359587466333837,0.6931436209291185,KIT,anterior_up
GO_Biological_Process_2021,intestinal absorption (GO:0050892),1/14,0.570743987595477,0.8762163257200256,0,0,1.2359587466333837,0.6931436209291185,SLC2A5,anterior_up
GO_Biological_Process_2021,membrane repolarization during action potential (GO:0086011),1/14,0.570743987595477,0.8762163257200256,0,0,1.2359587466333837,0.6931436209291185,KCNE3,anterior_up
GO_Biological_Process_2021,negative regulation of bone mineralization (GO:0030502),1/14,0.570743987595477,0.8762163257200256,0,0,1.2359587466333837,0.6931436209291185,TRPM4,anterior_up
GO_Biological_Process_2021,negative regulation of cell activation (GO:0050866),1/14,0.570743987595477,0.8762163257200256,0,0,1.2359587466333837,0.6931436209291185,LDLR,anterior_up
GO_Biological_Process_2021,negative regulation of coagulation (GO:0050819),1/14,0.570743987595477,0.8762163257200256,0,0,1.2359587466333837,0.6931436209291185,CD34,anterior_up
GO_Biological_Process_2021,"negative regulation of DNA damage response, signal transduction by p53 class mediator (GO:0043518)",1/14,0.570743987595477,0.8762163257200256,0,0,1.2359587466333837,0.6931436209291185,SNAI2,anterior_up
GO_Biological_Process_2021,negative regulation of neuroinflammatory response (GO:0150079),1/14,0.570743987595477,0.8762163257200256,0,0,1.2359587466333837,0.6931436209291185,LDLR,anterior_up
GO_Biological_Process_2021,negative regulation of secretion (GO:0051048),1/14,0.570743987595477,0.8762163257200256,0,0,1.2359587466333837,0.6931436209291185,VAMP8,anterior_up
GO_Biological_Process_2021,negative regulation of smooth muscle cell migration (GO:0014912),1/14,0.570743987595477,0.8762163257200256,0,0,1.2359587466333837,0.6931436209291185,IGFBP5,anterior_up
GO_Biological_Process_2021,negative regulation of T cell differentiation (GO:0045581),1/14,0.570743987595477,0.8762163257200256,0,0,1.2359587466333837,0.6931436209291185,BMP4,anterior_up
GO_Biological_Process_2021,negative regulation of TORC1 signaling (GO:1904262),1/14,0.570743987595477,0.8762163257200256,0,0,1.2359587466333837,0.6931436209291185,RNF152,anterior_up
GO_Biological_Process_2021,neurotransmitter biosynthetic process (GO:0042136),1/14,0.570743987595477,0.8762163257200256,0,0,1.2359587466333837,0.6931436209291185,NOS1,anterior_up
GO_Biological_Process_2021,nuclear membrane disassembly (GO:0051081),1/14,0.570743987595477,0.8762163257200256,0,0,1.2359587466333837,0.6931436209291185,NEK6,anterior_up
GO_Biological_Process_2021,nuclear migration (GO:0007097),1/14,0.570743987595477,0.8762163257200256,0,0,1.2359587466333837,0.6931436209291185,CLMN,anterior_up
GO_Biological_Process_2021,nucleoside phosphate biosynthetic process (GO:1901293),1/14,0.570743987595477,0.8762163257200256,0,0,1.2359587466333837,0.6931436209291185,NMNAT3,anterior_up
GO_Biological_Process_2021,positive regulation of cardiac muscle cell proliferation (GO:0060045),1/14,0.570743987595477,0.8762163257200256,0,0,1.2359587466333837,0.6931436209291185,ZFPM2,anterior_up
GO_Biological_Process_2021,positive regulation of granulocyte macrophage colony-stimulating factor production (GO:0032725),1/14,0.570743987595477,0.8762163257200256,0,0,1.2359587466333837,0.6931436209291185,RASGRP1,anterior_up
GO_Biological_Process_2021,positive regulation of macrophage chemotaxis (GO:0010759),1/14,0.570743987595477,0.8762163257200256,0,0,1.2359587466333837,0.6931436209291185,CSF1,anterior_up
GO_Biological_Process_2021,positive regulation of protein-containing complex disassembly (GO:0043243),1/14,0.570743987595477,0.8762163257200256,0,0,1.2359587466333837,0.6931436209291185,ADRB2,anterior_up
GO_Biological_Process_2021,positive regulation of SMAD protein signal transduction (GO:0060391),1/14,0.570743987595477,0.8762163257200256,0,0,1.2359587466333837,0.6931436209291185,BMP4,anterior_up
GO_Biological_Process_2021,positive regulation of type 2 immune response (GO:0002830),1/14,0.570743987595477,0.8762163257200256,0,0,1.2359587466333837,0.6931436209291185,DENND1B,anterior_up
GO_Biological_Process_2021,regulation of acrosome reaction (GO:0060046),1/14,0.570743987595477,0.8762163257200256,0,0,1.2359587466333837,0.6931436209291185,SPINK13,anterior_up
GO_Biological_Process_2021,regulation of cAMP-dependent protein kinase activity (GO:2000479),1/14,0.570743987595477,0.8762163257200256,0,0,1.2359587466333837,0.6931436209291185,ADRB2,anterior_up
GO_Biological_Process_2021,regulation of IRE1-mediated unfolded protein response (GO:1903894),1/14,0.570743987595477,0.8762163257200256,0,0,1.2359587466333837,0.6931436209291185,BCL2L11,anterior_up
GO_Biological_Process_2021,regulation of lamellipodium organization (GO:1902743),1/14,0.570743987595477,0.8762163257200256,0,0,1.2359587466333837,0.6931436209291185,CARMIL1,anterior_up
GO_Biological_Process_2021,regulation of macrophage cytokine production (GO:0010935),1/14,0.570743987595477,0.8762163257200256,0,0,1.2359587466333837,0.6931436209291185,TGFB2,anterior_up
GO_Biological_Process_2021,regulation of sensory perception of pain (GO:0051930),1/14,0.570743987595477,0.8762163257200256,0,0,1.2359587466333837,0.6931436209291185,MGLL,anterior_up
GO_Biological_Process_2021,regulation of trophoblast cell migration (GO:1901163),1/14,0.570743987595477,0.8762163257200256,0,0,1.2359587466333837,0.6931436209291185,ACVR1C,anterior_up
GO_Biological_Process_2021,regulation of vasculogenesis (GO:2001212),1/14,0.570743987595477,0.8762163257200256,0,0,1.2359587466333837,0.6931436209291185,CD34,anterior_up
GO_Biological_Process_2021,respiratory electron transport chain (GO:0022904),1/14,0.570743987595477,0.8762163257200256,0,0,1.2359587466333837,0.6931436209291185,SLC25A13,anterior_up
GO_Biological_Process_2021,response to X-ray (GO:0010165),1/14,0.570743987595477,0.8762163257200256,0,0,1.2359587466333837,0.6931436209291185,XRRA1,anterior_up
GO_Biological_Process_2021,secretion (GO:0046903),1/14,0.570743987595477,0.8762163257200256,0,0,1.2359587466333837,0.6931436209291185,TPD52,anterior_up
GO_Biological_Process_2021,smooth muscle contraction (GO:0006939),1/14,0.570743987595477,0.8762163257200256,0,0,1.2359587466333837,0.6931436209291185,ADRA1A,anterior_up
GO_Biological_Process_2021,sodium-independent organic anion transport (GO:0043252),1/14,0.570743987595477,0.8762163257200256,0,0,1.2359587466333837,0.6931436209291185,SLCO2A1,anterior_up
GO_Biological_Process_2021,tRNA wobble base modification (GO:0002097),1/14,0.570743987595477,0.8762163257200256,0,0,1.2359587466333837,0.6931436209291185,TRMT9B,anterior_up
GO_Biological_Process_2021,tRNA wobble uridine modification (GO:0002098),1/14,0.570743987595477,0.8762163257200256,0,0,1.2359587466333837,0.6931436209291185,TRMT9B,anterior_up
GO_Biological_Process_2021,regulation of neuron death (GO:1901214),5/86,0.5722864178125325,0.8781773516502641,0,0,0.9916214414929068,0.5534394775850797,GRID2;CSF1;GPNMB;KIF14;CD34,anterior_up
GO_Biological_Process_2021,blood circulation (GO:0008015),3/51,0.581249495570108,0.8905174345724794,0,0,1.0040633019674936,0.5447798367540252,SGCD;PLN;CXCL12,anterior_up
GO_Biological_Process_2021,mitotic metaphase plate congression (GO:0007080),3/51,0.581249495570108,0.8905174345724794,0,0,1.0040633019674936,0.5447798367540252,PSRC1;NUF2;KIF14,anterior_up
GO_Biological_Process_2021,regulation of epithelial cell migration (GO:0010632),3/51,0.581249495570108,0.8905174345724794,0,0,1.0040633019674936,0.5447798367540252,TGFB2;RREB1;FGF10,anterior_up
GO_Biological_Process_2021,negative regulation of cellular catabolic process (GO:0031330),4/69,0.5814033235678457,0.8905174345724794,0,0,0.9885669125395152,0.5361102901550742,HGF;LEPR;MET;MFSD2A,anterior_up
GO_Biological_Process_2021,muscle cell development (GO:0055001),2/33,0.5838730264709422,0.8914153625337473,0,0,1.0365039977943205,0.5577135098377897,NEBL;HES1,anterior_up
GO_Biological_Process_2021,neuron projection extension (GO:1990138),2/33,0.5838730264709422,0.8914153625337473,0,0,1.0365039977943205,0.5577135098377897,SEMA5A;ALCAM,anterior_up
GO_Biological_Process_2021,phosphatidylcholine biosynthetic process (GO:0006656),2/33,0.5838730264709422,0.8914153625337473,0,0,1.0365039977943205,0.5577135098377897,SLC44A5;MFSD2A,anterior_up
GO_Biological_Process_2021,positive regulation of telomere maintenance via telomerase (GO:0032212),2/33,0.5838730264709422,0.8914153625337473,0,0,1.0365039977943205,0.5577135098377897,NEK7;MAPK15,anterior_up
GO_Biological_Process_2021,regulation of histone acetylation (GO:0035065),2/33,0.5838730264709422,0.8914153625337473,0,0,1.0365039977943205,0.5577135098377897,NOS1;RAPGEF3,anterior_up
GO_Biological_Process_2021,regulation of interleukin-17 production (GO:0032660),2/33,0.5838730264709422,0.8914153625337473,0,0,1.0365039977943205,0.5577135098377897,IL12A;NCKAP1L,anterior_up
GO_Biological_Process_2021,vasculogenesis (GO:0001570),2/33,0.5838730264709422,0.8914153625337473,0,0,1.0365039977943205,0.5577135098377897,CAV1;TGFBR2,anterior_up
GO_Biological_Process_2021,activation of GTPase activity (GO:0090630),6/105,0.5844977051099256,0.8917206449242469,0,0,0.9734913457040388,0.5227672127000441,ARHGEF26;ARHGEF15;TBC1D4;NTF3;RASGRP1;ARHGAP25,anterior_up
GO_Biological_Process_2021,phosphate-containing compound metabolic process (GO:0006796),12/212,0.5914140170242485,0.8917206449242469,0,0,0.9635172413793104,0.5060768038411861,INPP4B;EPHA7;PLCB4;HKDC1;INPPL1;PLCE1;LPL;PXYLP1;PLCH1;ALDOC;EPHB2;THNSL2,anterior_up
GO_Biological_Process_2021,positive regulation of neuron projection development (GO:0010976),5/88,0.5929453699330532,0.8917206449242469,0,0,0.9676237082004108,0.5057314427967384,RELN;ITGA6;ROR1;ALKAL1;TOX,anterior_up
GO_Biological_Process_2021,regulation of establishment of planar polarity (GO:0090175),5/88,0.5929453699330532,0.8917206449242469,0,0,0.9676237082004108,0.5057314427967384,VANGL1;FZD5;FZD4;FZD7;CELSR1,anterior_up
GO_Biological_Process_2021,positive regulation of developmental process (GO:0051094),10/177,0.5933972097223282,0.8917206449242469,0,0,0.9616395436321848,0.50187128590425,BMP4;RELN;FZD4;ZBTB16;PLD6;INSM1;RREB1;RAPGEF3;TRPM4;FGFR1,anterior_up
GO_Biological_Process_2021,small GTPase mediated signal transduction (GO:0007264),6/106,0.5938455672217386,0.8917206449242469,0,0,0.963704974271012,0.5022213374160889,JUN;PLCE1;RASGRP1;RREB1;NTN1;RASGRP3,anterior_up
GO_Biological_Process_2021,amide biosynthetic process (GO:0043604),3/52,0.5945753292771976,0.8917206449242469,0,0,0.9835198407849024,0.5113396962524958,ALOX12B;ALOXE3;ASS1,anterior_up
GO_Biological_Process_2021,myeloid cell differentiation (GO:0030099),3/52,0.5945753292771976,0.8917206449242469,0,0,0.9835198407849024,0.5113396962524958,CEBPA;ZBTB16;KIT,anterior_up
GO_Biological_Process_2021,negative regulation of protein metabolic process (GO:0051248),3/52,0.5945753292771976,0.8917206449242469,0,0,0.9835198407849024,0.5113396962524958,INHBB;LDLR;NFKB1,anterior_up
GO_Biological_Process_2021,negative regulation of protein-containing complex assembly (GO:0031333),3/52,0.5945753292771976,0.8917206449242469,0,0,0.9835198407849024,0.5113396962524958,OPRD1;KIF14;SMAD6,anterior_up
GO_Biological_Process_2021,plasma membrane bounded cell projection morphogenesis (GO:0120039),3/52,0.5945753292771976,0.8917206449242469,0,0,0.9835198407849024,0.5113396962524958,NTF3;NCKAP1L;MYO16,anterior_up
GO_Biological_Process_2021,regulation of intrinsic apoptotic signaling pathway (GO:2001242),3/52,0.5945753292771976,0.8917206449242469,0,0,0.9835198407849024,0.5113396962524958,BCL2L11;CAV1;GSDME,anterior_up
GO_Biological_Process_2021,acute-phase response (GO:0006953),1/15,0.5959159395901849,0.8917206449242469,0,0,1.1476149810906429,0.5940693936987118,LBP,anterior_up
GO_Biological_Process_2021,cardiac myofibril assembly (GO:0055003),1/15,0.5959159395901849,0.8917206449242469,0,0,1.1476149810906429,0.5940693936987118,NEBL,anterior_up
GO_Biological_Process_2021,contractile actin filament bundle assembly (GO:0030038),1/15,0.5959159395901849,0.8917206449242469,0,0,1.1476149810906429,0.5940693936987118,PDLIM1,anterior_up
GO_Biological_Process_2021,engulfment of apoptotic cell (GO:0043652),1/15,0.5959159395901849,0.8917206449242469,0,0,1.1476149810906429,0.5940693936987118,XKR8,anterior_up
GO_Biological_Process_2021,eye photoreceptor cell development (GO:0042462),1/15,0.5959159395901849,0.8917206449242469,0,0,1.1476149810906429,0.5940693936987118,RORB,anterior_up
GO_Biological_Process_2021,fibrinolysis (GO:0042730),1/15,0.5959159395901849,0.8917206449242469,0,0,1.1476149810906429,0.5940693936987118,KRT1,anterior_up
GO_Biological_Process_2021,glucosamine-containing compound metabolic process (GO:1901071),1/15,0.5959159395901849,0.8917206449242469,0,0,1.1476149810906429,0.5940693936987118,CHST5,anterior_up
GO_Biological_Process_2021,interleukin-27-mediated signaling pathway (GO:0070106),1/15,0.5959159395901849,0.8917206449242469,0,0,1.1476149810906429,0.5940693936987118,CRLF1,anterior_up
GO_Biological_Process_2021,macrophage migration (GO:1905517),1/15,0.5959159395901849,0.8917206449242469,0,0,1.1476149810906429,0.5940693936987118,P2RX4,anterior_up
GO_Biological_Process_2021,mammary gland epithelium development (GO:0061180),1/15,0.5959159395901849,0.8917206449242469,0,0,1.1476149810906429,0.5940693936987118,WNT2,anterior_up
GO_Biological_Process_2021,medium-chain fatty acid metabolic process (GO:0051791),1/15,0.5959159395901849,0.8917206449242469,0,0,1.1476149810906429,0.5940693936987118,ACADM,anterior_up
GO_Biological_Process_2021,membrane repolarization during cardiac muscle cell action potential (GO:0086013),1/15,0.5959159395901849,0.8917206449242469,0,0,1.1476149810906429,0.5940693936987118,KCNA5,anterior_up
GO_Biological_Process_2021,negative regulation of endoplasmic reticulum stress-induced intrinsic apoptotic signaling pathway (GO:1902236),1/15,0.5959159395901849,0.8917206449242469,0,0,1.1476149810906429,0.5940693936987118,CREB3L1,anterior_up
GO_Biological_Process_2021,negative regulation of leukocyte activation (GO:0002695),1/15,0.5959159395901849,0.8917206449242469,0,0,1.1476149810906429,0.5940693936987118,CD300A,anterior_up
GO_Biological_Process_2021,neurotrophin TRK receptor signaling pathway (GO:0048011),1/15,0.5959159395901849,0.8917206449242469,0,0,1.1476149810906429,0.5940693936987118,HAP1,anterior_up
GO_Biological_Process_2021,nitric oxide biosynthetic process (GO:0006809),1/15,0.5959159395901849,0.8917206449242469,0,0,1.1476149810906429,0.5940693936987118,NOS1,anterior_up
GO_Biological_Process_2021,placenta development (GO:0001890),1/15,0.5959159395901849,0.8917206449242469,0,0,1.1476149810906429,0.5940693936987118,PPARG,anterior_up
GO_Biological_Process_2021,positive regulation of cell killing (GO:0031343),1/15,0.5959159395901849,0.8917206449242469,0,0,1.1476149810906429,0.5940693936987118,FZD7,anterior_up
GO_Biological_Process_2021,"positive regulation of DNA damage response, signal transduction by p53 class mediator (GO:0043517)",1/15,0.5959159395901849,0.8917206449242469,0,0,1.1476149810906429,0.5940693936987118,HIC1,anterior_up
GO_Biological_Process_2021,positive regulation of natural killer cell activation (GO:0032816),1/15,0.5959159395901849,0.8917206449242469,0,0,1.1476149810906429,0.5940693936987118,IL12A,anterior_up
GO_Biological_Process_2021,positive regulation of osteoclast differentiation (GO:0045672),1/15,0.5959159395901849,0.8917206449242469,0,0,1.1476149810906429,0.5940693936987118,CSF1,anterior_up
GO_Biological_Process_2021,positive regulation of response to cytokine stimulus (GO:0060760),1/15,0.5959159395901849,0.8917206449242469,0,0,1.1476149810906429,0.5940693936987118,MAVS,anterior_up
GO_Biological_Process_2021,prostanoid biosynthetic process (GO:0046457),1/15,0.5959159395901849,0.8917206449242469,0,0,1.1476149810906429,0.5940693936987118,PTGS1,anterior_up
GO_Biological_Process_2021,protein kinase A signaling (GO:0010737),1/15,0.5959159395901849,0.8917206449242469,0,0,1.1476149810906429,0.5940693936987118,LCP1,anterior_up
GO_Biological_Process_2021,protein localization to cell-cell junction (GO:0150105),1/15,0.5959159395901849,0.8917206449242469,0,0,1.1476149810906429,0.5940693936987118,CGNL1,anterior_up
GO_Biological_Process_2021,regulation of amyloid fibril formation (GO:1905906),1/15,0.5959159395901849,0.8917206449242469,0,0,1.1476149810906429,0.5940693936987118,LDLR,anterior_up
GO_Biological_Process_2021,regulation of branching involved in ureteric bud morphogenesis (GO:0090189),1/15,0.5959159395901849,0.8917206449242469,0,0,1.1476149810906429,0.5940693936987118,BMP4,anterior_up
GO_Biological_Process_2021,regulation of clathrin-dependent endocytosis (GO:2000369),1/15,0.5959159395901849,0.8917206449242469,0,0,1.1476149810906429,0.5940693936987118,PROM2,anterior_up
GO_Biological_Process_2021,regulation of macrophage differentiation (GO:0045649),1/15,0.5959159395901849,0.8917206449242469,0,0,1.1476149810906429,0.5940693936987118,CSF1,anterior_up
GO_Biological_Process_2021,regulation of microglial cell activation (GO:1903978),1/15,0.5959159395901849,0.8917206449242469,0,0,1.1476149810906429,0.5940693936987118,LDLR,anterior_up
GO_Biological_Process_2021,stress fiber assembly (GO:0043149),1/15,0.5959159395901849,0.8917206449242469,0,0,1.1476149810906429,0.5940693936987118,PDLIM1,anterior_up
GO_Biological_Process_2021,superoxide anion generation (GO:0042554),1/15,0.5959159395901849,0.8917206449242469,0,0,1.1476149810906429,0.5940693936987118,NOX4,anterior_up
GO_Biological_Process_2021,apoptotic process (GO:0006915),13/231,0.6002948641737622,0.8946382626670432,0,0,0.9575242814511086,0.4886574879228451,NOTCH2;TRPC5;GADD45A;MAGI3;ZBTB16;CFLAR;ADRA1A;FOXO1;TGFBR2;MELK;BCL2L11;DLC1;RNF152,anterior_up
GO_Biological_Process_2021,cellular response to vascular endothelial growth factor stimulus (GO:0035924),2/34,0.6002960633591419,0.8946382626670432,0,0,1.004059829059829,0.512404168463285,FLT4;VEGFD,anterior_up
GO_Biological_Process_2021,negative regulation of blood vessel endothelial cell migration (GO:0043537),2/34,0.6002960633591419,0.8946382626670432,0,0,1.004059829059829,0.512404168463285,GADD45A;PPARG,anterior_up
GO_Biological_Process_2021,negative regulation of extrinsic apoptotic signaling pathway via death domain receptors (GO:1902042),2/34,0.6002960633591419,0.8946382626670432,0,0,1.004059829059829,0.512404168463285,HMOX1;CFLAR,anterior_up
GO_Biological_Process_2021,positive regulation of DNA binding (GO:0043388),2/34,0.6002960633591419,0.8946382626670432,0,0,1.004059829059829,0.512404168463285,HES1;PPARG,anterior_up
GO_Biological_Process_2021,positive regulation of protein dephosphorylation (GO:0035307),2/34,0.6002960633591419,0.8946382626670432,0,0,1.004059829059829,0.512404168463285,CD300A;DLC1,anterior_up
GO_Biological_Process_2021,positive regulation of telomerase activity (GO:0051973),2/34,0.6002960633591419,0.8946382626670432,0,0,1.004059829059829,0.512404168463285,NEK7;MAPK15,anterior_up
GO_Biological_Process_2021,protein localization to chromosome (GO:0034502),2/34,0.6002960633591419,0.8946382626670432,0,0,1.004059829059829,0.512404168463285,CENPA;ESR1,anterior_up
GO_Biological_Process_2021,regulation of lamellipodium assembly (GO:0010591),2/34,0.6002960633591419,0.8946382626670432,0,0,1.004059829059829,0.512404168463285,OCLN;PLCE1,anterior_up
GO_Biological_Process_2021,platelet degranulation (GO:0002576),7/125,0.6037652739549935,0.89909802971492,0,0,0.9527169564268568,0.4807121811615355,ABCC4;ISLR;TGFB2;HGF;ITGA2B;TAGLN2;VEGFD,anterior_up
GO_Biological_Process_2021,cellular response to BMP stimulus (GO:0071773),4/71,0.6042147209572016,0.89909802971492,0,0,0.9589552238805972,0.4831462351071853,BMP4;TGFB2;SMAD6;RGMA,anterior_up
GO_Biological_Process_2021,negative regulation of multicellular organismal process (GO:0051241),12/214,0.6045652421587034,0.89909802971492,0,0,0.9538750426766814,0.4800335014271851,BMP4;EFNA1;ACVR1C;GPNMB;NFIB;NPR3;CIDEA;SOSTDC1;LRP4;SMAD6;OVOL2;ROBO1,anterior_up
GO_Biological_Process_2021,transcription by RNA polymerase II (GO:0006366),18/320,0.6059145970788828,0.89909802971492,0,0,0.9568446061496436,0.4793946789500761,TEAD4;NOTCH2;CEBPD;PRRX1;HNF4G;PAX5;RORB;ELL2;ESR1;ESR2;NFKB1;NR4A2;RARB;E2F2;PPARG;PPARA;RREB1;RXRG,anterior_up
GO_Biological_Process_2021,bicellular tight junction assembly (GO:0070830),3/53,0.6076220334791144,0.89909802971492,0,0,0.963798118049615,0.4801663868964725,CLDN10;OCLN;CLDN1,anterior_up
GO_Biological_Process_2021,cellular macromolecule catabolic process (GO:0044265),3/53,0.6076220334791144,0.89909802971492,0,0,0.963798118049615,0.4801663868964725,MANBA;ADAMTS9;DNASE1L3,anterior_up
GO_Biological_Process_2021,epidermal cell differentiation (GO:0009913),3/53,0.6076220334791144,0.89909802971492,0,0,0.963798118049615,0.4801663868964725,JAG1;EVPL;OVOL2,anterior_up
GO_Biological_Process_2021,heart morphogenesis (GO:0003007),3/53,0.6076220334791144,0.89909802971492,0,0,0.963798118049615,0.4801663868964725,TGFB2;DLC1;HES1,anterior_up
GO_Biological_Process_2021,positive regulation of B cell activation (GO:0050871),3/53,0.6076220334791144,0.89909802971492,0,0,0.963798118049615,0.4801663868964725,NFATC2;NCKAP1L;EPHB2,anterior_up
GO_Biological_Process_2021,MAPK cascade (GO:0000165),17/303,0.6091274038742556,0.89909802971492,0,0,0.9542396996942452,0.4730431769536797,KL;SPTBN5;HGF;TGFA;GFRA2;RASGRP1;NFKB1;RASGRP3;BTC;FGF16;RASA4;KIT;FGF18;MBP;MET;FGF10;FGFR1,anterior_up
GO_Biological_Process_2021,cellular amino acid catabolic process (GO:0009063),5/90,0.6130390986620899,0.89909802971492,0,0,0.9447552800040324,0.4622938536596675,TDO2;AMDHD1;NOS1;FTCD;DDO,anterior_up
GO_Biological_Process_2021,protein complex oligomerization (GO:0051259),5/90,0.6130390986620899,0.89909802971492,0,0,0.9447552800040324,0.4622938536596675,GLRA3;EHD4;KCNC2;CLDN1;VSTM5,anterior_up
GO_Biological_Process_2021,sodium ion transport (GO:0006814),5/90,0.6130390986620899,0.89909802971492,0,0,0.9447552800040324,0.4622938536596675,SLC4A11;SCN5A;SCN4B;SLC9B2;SLC5A5,anterior_up
GO_Biological_Process_2021,positive regulation of secretion by cell (GO:1903532),4/72,0.6153326623749442,0.89909802971492,0,0,0.9448025785656728,0.458788803304938,TGFB2;P2RX4;EXPH5;BAIAP3,anterior_up
GO_Biological_Process_2021,bicarbonate transport (GO:0015701),2/35,0.616225220441607,0.89909802971492,0,0,0.9735819735819736,0.4713526683232738,SLC4A11;SLC39A8,anterior_up
GO_Biological_Process_2021,cellular response to virus (GO:0098586),2/35,0.616225220441607,0.89909802971492,0,0,0.9735819735819736,0.4713526683232738,IL12A;GSDME,anterior_up
GO_Biological_Process_2021,embryonic skeletal system development (GO:0048706),2/35,0.616225220441607,0.89909802971492,0,0,0.9735819735819736,0.4713526683232738,UCMA;SULF2,anterior_up
GO_Biological_Process_2021,regulation of JUN kinase activity (GO:0043506),2/35,0.616225220441607,0.89909802971492,0,0,0.9735819735819736,0.4713526683232738,TNFRSF11A;PPEF2,anterior_up
GO_Biological_Process_2021,regulation of phosphatidylinositol 3-kinase activity (GO:0043551),2/35,0.616225220441607,0.89909802971492,0,0,0.9735819735819736,0.4713526683232738,EPHA8;KIT,anterior_up
GO_Biological_Process_2021,regulation of protein polymerization (GO:0032271),2/35,0.616225220441607,0.89909802971492,0,0,0.9735819735819736,0.4713526683232738,TPPP3;COTL1,anterior_up
GO_Biological_Process_2021,response to exogenous dsRNA (GO:0043330),2/35,0.616225220441607,0.89909802971492,0,0,0.9735819735819736,0.4713526683232738,MAVS;CAV1,anterior_up
GO_Biological_Process_2021,proteolysis (GO:0006508),16/287,0.6182196347216838,0.89909802971492,0,0,0.9477649101750532,0.4557910338641866,PCSK2;CPB1;ADGRV1;HGF;HTRA4;PRSS16;CELA1;PCSK6;PRSS22;FAM111A;BACE2;CPA6;PGPEP1L;ADAMTS9;CTSC;TRABD2B,anterior_up
GO_Biological_Process_2021,apoptotic DNA fragmentation (GO:0006309),1/16,0.6196129660608501,0.89909802971492,0,0,1.0710503842869343,0.5126692384462036,DNASE1L3,anterior_up
GO_Biological_Process_2021,aromatic amino acid family catabolic process (GO:0009074),1/16,0.6196129660608501,0.89909802971492,0,0,1.0710503842869343,0.5126692384462036,TDO2,anterior_up
GO_Biological_Process_2021,body fluid secretion (GO:0007589),1/16,0.6196129660608501,0.89909802971492,0,0,1.0710503842869343,0.5126692384462036,PRLR,anterior_up
GO_Biological_Process_2021,dendrite self-avoidance (GO:0070593),1/16,0.6196129660608501,0.89909802971492,0,0,1.0710503842869343,0.5126692384462036,ROBO3,anterior_up
GO_Biological_Process_2021,dendritic cell chemotaxis (GO:0002407),1/16,0.6196129660608501,0.89909802971492,0,0,1.0710503842869343,0.5126692384462036,TRPM4,anterior_up
GO_Biological_Process_2021,dendritic spine morphogenesis (GO:0060997),1/16,0.6196129660608501,0.89909802971492,0,0,1.0710503842869343,0.5126692384462036,EPHB2,anterior_up
GO_Biological_Process_2021,digestive tract morphogenesis (GO:0048546),1/16,0.6196129660608501,0.89909802971492,0,0,1.0710503842869343,0.5126692384462036,STRA6,anterior_up
GO_Biological_Process_2021,DNA unwinding involved in DNA replication (GO:0006268),1/16,0.6196129660608501,0.89909802971492,0,0,1.0710503842869343,0.5126692384462036,MCM6,anterior_up
GO_Biological_Process_2021,epiboly involved in wound healing (GO:0090505),1/16,0.6196129660608501,0.89909802971492,0,0,1.0710503842869343,0.5126692384462036,LCP1,anterior_up
GO_Biological_Process_2021,glutamine family amino acid catabolic process (GO:0009065),1/16,0.6196129660608501,0.89909802971492,0,0,1.0710503842869343,0.5126692384462036,NOS1,anterior_up
GO_Biological_Process_2021,heme catabolic process (GO:0042167),1/16,0.6196129660608501,0.89909802971492,0,0,1.0710503842869343,0.5126692384462036,HMOX1,anterior_up
GO_Biological_Process_2021,membrane repolarization (GO:0086009),1/16,0.6196129660608501,0.89909802971492,0,0,1.0710503842869343,0.5126692384462036,KCNE3,anterior_up
GO_Biological_Process_2021,mesenchyme development (GO:0060485),1/16,0.6196129660608501,0.89909802971492,0,0,1.0710503842869343,0.5126692384462036,BMP4,anterior_up
GO_Biological_Process_2021,mitotic sister chromatid cohesion (GO:0007064),1/16,0.6196129660608501,0.89909802971492,0,0,1.0710503842869343,0.5126692384462036,REC8,anterior_up
GO_Biological_Process_2021,N-acetylglucosamine metabolic process (GO:0006044),1/16,0.6196129660608501,0.89909802971492,0,0,1.0710503842869343,0.5126692384462036,CHST5,anterior_up
GO_Biological_Process_2021,negative regulation of DNA replication (GO:0008156),1/16,0.6196129660608501,0.89909802971492,0,0,1.0710503842869343,0.5126692384462036,GMNC,anterior_up
GO_Biological_Process_2021,negative regulation of macrophage activation (GO:0043031),1/16,0.6196129660608501,0.89909802971492,0,0,1.0710503842869343,0.5126692384462036,LDLR,anterior_up
GO_Biological_Process_2021,negative regulation of platelet activation (GO:0010544),1/16,0.6196129660608501,0.89909802971492,0,0,1.0710503842869343,0.5126692384462036,ADAMTS18,anterior_up
GO_Biological_Process_2021,negative regulation of receptor signaling pathway via JAK-STAT (GO:0046426),1/16,0.6196129660608501,0.89909802971492,0,0,1.0710503842869343,0.5126692384462036,CAV1,anterior_up
GO_Biological_Process_2021,negative regulation of release of cytochrome c from mitochondria (GO:0090201),1/16,0.6196129660608501,0.89909802971492,0,0,1.0710503842869343,0.5126692384462036,HGF,anterior_up
GO_Biological_Process_2021,neuron cell-cell adhesion (GO:0007158),1/16,0.6196129660608501,0.89909802971492,0,0,1.0710503842869343,0.5126692384462036,NCAM2,anterior_up
GO_Biological_Process_2021,neuron projection organization (GO:0106027),1/16,0.6196129660608501,0.89909802971492,0,0,1.0710503842869343,0.5126692384462036,PLS1,anterior_up
GO_Biological_Process_2021,neutrophil activation (GO:0042119),1/16,0.6196129660608501,0.89909802971492,0,0,1.0710503842869343,0.5126692384462036,DNASE1L3,anterior_up
GO_Biological_Process_2021,nitric oxide metabolic process (GO:0046209),1/16,0.6196129660608501,0.89909802971492,0,0,1.0710503842869343,0.5126692384462036,NOS1,anterior_up
GO_Biological_Process_2021,odontogenesis of dentin-containing tooth (GO:0042475),1/16,0.6196129660608501,0.89909802971492,0,0,1.0710503842869343,0.5126692384462036,SCN5A,anterior_up
GO_Biological_Process_2021,oligodendrocyte development (GO:0014003),1/16,0.6196129660608501,0.89909802971492,0,0,1.0710503842869343,0.5126692384462036,PRDM8,anterior_up
GO_Biological_Process_2021,porphyrin-containing compound catabolic process (GO:0006787),1/16,0.6196129660608501,0.89909802971492,0,0,1.0710503842869343,0.5126692384462036,HMOX1,anterior_up
GO_Biological_Process_2021,positive regulation by host of viral transcription (GO:0043923),1/16,0.6196129660608501,0.89909802971492,0,0,1.0710503842869343,0.5126692384462036,JUN,anterior_up
GO_Biological_Process_2021,positive regulation of syncytium formation by plasma membrane fusion (GO:0060143),1/16,0.6196129660608501,0.89909802971492,0,0,1.0710503842869343,0.5126692384462036,RAPGEF3,anterior_up
GO_Biological_Process_2021,protein localization to microtubule organizing center (GO:1905508),1/16,0.6196129660608501,0.89909802971492,0,0,1.0710503842869343,0.5126692384462036,SPAG5,anterior_up
GO_Biological_Process_2021,regulation of ATP biosynthetic process (GO:2001169),1/16,0.6196129660608501,0.89909802971492,0,0,1.0710503842869343,0.5126692384462036,PPARA,anterior_up
GO_Biological_Process_2021,regulation of ERBB signaling pathway (GO:1901184),1/16,0.6196129660608501,0.89909802971492,0,0,1.0710503842869343,0.5126692384462036,CDH13,anterior_up
GO_Biological_Process_2021,regulation of fatty acid oxidation (GO:0046320),1/16,0.6196129660608501,0.89909802971492,0,0,1.0710503842869343,0.5126692384462036,PPARA,anterior_up
GO_Biological_Process_2021,regulation of granulocyte macrophage colony-stimulating factor production (GO:0032645),1/16,0.6196129660608501,0.89909802971492,0,0,1.0710503842869343,0.5126692384462036,RASGRP1,anterior_up
GO_Biological_Process_2021,regulation of mast cell degranulation (GO:0043304),1/16,0.6196129660608501,0.89909802971492,0,0,1.0710503842869343,0.5126692384462036,CD300A,anterior_up
GO_Biological_Process_2021,regulation of mitotic sister chromatid separation (GO:0010965),1/16,0.6196129660608501,0.89909802971492,0,0,1.0710503842869343,0.5126692384462036,NEK6,anterior_up
GO_Biological_Process_2021,retrograde axonal transport (GO:0008090),1/16,0.6196129660608501,0.89909802971492,0,0,1.0710503842869343,0.5126692384462036,HAP1,anterior_up
GO_Biological_Process_2021,sympathetic nervous system development (GO:0048485),1/16,0.6196129660608501,0.89909802971492,0,0,1.0710503842869343,0.5126692384462036,INSM1,anterior_up
GO_Biological_Process_2021,negative regulation of viral genome replication (GO:0045071),3/54,0.620385782048991,0.89909802971492,0,0,0.9448497962059076,0.4510842988836073,FAM111A;RNASEL;MAVS,anterior_up
GO_Biological_Process_2021,regulation of focal adhesion assembly (GO:0051893),3/54,0.620385782048991,0.89909802971492,0,0,0.9448497962059076,0.4510842988836073,COL16A1;DLC1;FAM107A,anterior_up
GO_Biological_Process_2021,regulation of potassium ion transmembrane transport (GO:1901379),3/54,0.620385782048991,0.89909802971492,0,0,0.9448497962059076,0.4510842988836073,KCNIP1;CAV1;KCNAB1,anterior_up
GO_Biological_Process_2021,toll-like receptor signaling pathway (GO:0002224),5/91,0.6228656535947497,0.9022972935546156,0,0,0.933719933839501,0.4420458253655615,SCARA3;TLR7;LBP;NMI;BIRC3,anterior_up
GO_Biological_Process_2021,positive regulation of JNK cascade (GO:0046330),4/73,0.6262540265969835,0.9060172882601776,0,0,0.9310601548540798,0.4357354047447017,GADD45A;FLT4;FZD7;RASGRP1,anterior_up
GO_Biological_Process_2021,regulation of actin filament polymerization (GO:0030833),4/73,0.6262540265969835,0.9060172882601776,0,0,0.9310601548540798,0.4357354047447017,CARMIL1;COTL1;NCKAP1L;KANK4,anterior_up
GO_Biological_Process_2021,regulation of actin filament-based process (GO:0032970),4/73,0.6262540265969835,0.9060172882601776,0,0,0.9310601548540798,0.4357354047447017,DLC1;FAM107A;CELSR1;RND3,anterior_up
GO_Biological_Process_2021,dendrite morphogenesis (GO:0048813),2/36,0.6316619365708309,0.9076763387586734,0,0,0.9448969331322272,0.4340865378101414,LRP4;EPHB2,anterior_up
GO_Biological_Process_2021,embryonic limb morphogenesis (GO:0030326),2/36,0.6316619365708309,0.9076763387586734,0,0,0.9448969331322272,0.4340865378101414,TGFB2;MYH3,anterior_up
GO_Biological_Process_2021,endoderm formation (GO:0001706),2/36,0.6316619365708309,0.9076763387586734,0,0,0.9448969331322272,0.4340865378101414,COL8A1;LAMB1,anterior_up
GO_Biological_Process_2021,macrophage activation (GO:0042116),2/36,0.6316619365708309,0.9076763387586734,0,0,0.9448969331322272,0.4340865378101414,LBP;NMI,anterior_up
GO_Biological_Process_2021,negative regulation of DNA metabolic process (GO:0051053),2/36,0.6316619365708309,0.9076763387586734,0,0,0.9448969331322272,0.4340865378101414,DNMT3L;DACH1,anterior_up
GO_Biological_Process_2021,negative regulation of toll-like receptor signaling pathway (GO:0034122),2/36,0.6316619365708309,0.9076763387586734,0,0,0.9448969331322272,0.4340865378101414,CD300A;SMPDL3B,anterior_up
GO_Biological_Process_2021,positive regulation of cytokine-mediated signaling pathway (GO:0001961),2/36,0.6316619365708309,0.9076763387586734,0,0,0.9448969331322272,0.4340865378101414,MAVS;CSF1,anterior_up
GO_Biological_Process_2021,positive regulation of interferon-beta production (GO:0032728),2/36,0.6316619365708309,0.9076763387586734,0,0,0.9448969331322272,0.4340865378101414,MAVS;TLR7,anterior_up
GO_Biological_Process_2021,positive regulation of telomere maintenance via telomere lengthening (GO:1904358),2/36,0.6316619365708309,0.9076763387586734,0,0,0.9448969331322272,0.4340865378101414,NEK7;MAPK15,anterior_up
GO_Biological_Process_2021,regulation of mRNA processing (GO:0050684),2/36,0.6316619365708309,0.9076763387586734,0,0,0.9448969331322272,0.4340865378101414,KHDRBS2;KHDRBS3,anterior_up
GO_Biological_Process_2021,regulation of osteoclast differentiation (GO:0045670),2/36,0.6316619365708309,0.9076763387586734,0,0,0.9448969331322272,0.4340865378101414,CSF1;FBN1,anterior_up
GO_Biological_Process_2021,retina homeostasis (GO:0001895),2/36,0.6316619365708309,0.9076763387586734,0,0,0.9448969331322272,0.4340865378101414,WHRN;KRT1,anterior_up
GO_Biological_Process_2021,cellular response to fibroblast growth factor stimulus (GO:0044344),5/92,0.6325415208317972,0.9076763387586734,0,0,0.9229382737936944,0.4227144188162925,KL;FGF16;FGF18;FGF10;FGFR1,anterior_up
GO_Biological_Process_2021,negative regulation of cytokine-mediated signaling pathway (GO:0001960),3/55,0.632863611045464,0.9076763387586734,0,0,0.9266302559715732,0.4239336612726469,PPARG;CCDC3;ROBO1,anterior_up
GO_Biological_Process_2021,regulation of cardiac conduction (GO:1903779),3/55,0.632863611045464,0.9076763387586734,0,0,0.9266302559715732,0.4239336612726469,FXYD1;NOS1;RYR3,anterior_up
GO_Biological_Process_2021,regulation of cytokine-mediated signaling pathway (GO:0001959),4/74,0.6369758700204686,0.9076763387586734,0,0,0.9177103718199608,0.4139089482767652,RNASEL;VRK2;CFLAR;BIRC3,anterior_up
GO_Biological_Process_2021,regulation of peptide hormone secretion (GO:0090276),4/74,0.6369758700204686,0.9076763387586734,0,0,0.9177103718199608,0.4139089482767652,KCNG2;KCNC2;KCNA5;RAPGEF3,anterior_up
GO_Biological_Process_2021,sphingolipid biosynthetic process (GO:0030148),4/74,0.6369758700204686,0.9076763387586734,0,0,0.9177103718199608,0.4139089482767652,ALOX12B;ALOXE3;SGPP2;ST6GALNAC5,anterior_up
GO_Biological_Process_2021,amyloid-beta metabolic process (GO:0050435),1/17,0.641921419170411,0.9076763387586734,0,0,1.004056362083689,0.4450875250743742,BACE2,anterior_up
GO_Biological_Process_2021,cell communication by electrical coupling involved in cardiac conduction (GO:0086064),1/17,0.641921419170411,0.9076763387586734,0,0,1.004056362083689,0.4450875250743742,PKP2,anterior_up
GO_Biological_Process_2021,cellular response to fatty acid (GO:0071398),1/17,0.641921419170411,0.9076763387586734,0,0,1.004056362083689,0.4450875250743742,LPL,anterior_up
GO_Biological_Process_2021,epithelial cell morphogenesis (GO:0003382),1/17,0.641921419170411,0.9076763387586734,0,0,1.004056362083689,0.4450875250743742,MET,anterior_up
GO_Biological_Process_2021,mesenchyme morphogenesis (GO:0072132),1/17,0.641921419170411,0.9076763387586734,0,0,1.004056362083689,0.4450875250743742,TGFB2,anterior_up
GO_Biological_Process_2021,mesonephric tubule development (GO:0072164),1/17,0.641921419170411,0.9076763387586734,0,0,1.004056362083689,0.4450875250743742,BMP4,anterior_up
GO_Biological_Process_2021,modified amino acid transport (GO:0072337),1/17,0.641921419170411,0.9076763387586734,0,0,1.004056362083689,0.4450875250743742,FOLR2,anterior_up
GO_Biological_Process_2021,monosaccharide transmembrane transport (GO:0015749),1/17,0.641921419170411,0.9076763387586734,0,0,1.004056362083689,0.4450875250743742,SLC2A9,anterior_up
GO_Biological_Process_2021,muscle tissue morphogenesis (GO:0060415),1/17,0.641921419170411,0.9076763387586734,0,0,1.004056362083689,0.4450875250743742,BMP4,anterior_up
GO_Biological_Process_2021,negative regulation of amyloid-beta formation (GO:1902430),1/17,0.641921419170411,0.9076763387586734,0,0,1.004056362083689,0.4450875250743742,HAP1,anterior_up
GO_Biological_Process_2021,negative regulation of ATP metabolic process (GO:1903579),1/17,0.641921419170411,0.9076763387586734,0,0,1.004056362083689,0.4450875250743742,PPARA,anterior_up
GO_Biological_Process_2021,negative regulation of cell aging (GO:0090344),1/17,0.641921419170411,0.9076763387586734,0,0,1.004056362083689,0.4450875250743742,CDK6,anterior_up
GO_Biological_Process_2021,negative regulation of cytokine production involved in immune response (GO:0002719),1/17,0.641921419170411,0.9076763387586734,0,0,1.004056362083689,0.4450875250743742,TGFB2,anterior_up
GO_Biological_Process_2021,negative regulation of execution phase of apoptosis (GO:1900118),1/17,0.641921419170411,0.9076763387586734,0,0,1.004056362083689,0.4450875250743742,CIDEA,anterior_up
GO_Biological_Process_2021,negative regulation of insulin secretion (GO:0046676),1/17,0.641921419170411,0.9076763387586734,0,0,1.004056362083689,0.4450875250743742,INHBB,anterior_up
GO_Biological_Process_2021,negative regulation of peptidyl-threonine phosphorylation (GO:0010801),1/17,0.641921419170411,0.9076763387586734,0,0,1.004056362083689,0.4450875250743742,PPEF2,anterior_up
GO_Biological_Process_2021,negative regulation of phagocytosis (GO:0050765),1/17,0.641921419170411,0.9076763387586734,0,0,1.004056362083689,0.4450875250743742,CD300A,anterior_up
GO_Biological_Process_2021,negative regulation of vascular associated smooth muscle cell proliferation (GO:1904706),1/17,0.641921419170411,0.9076763387586734,0,0,1.004056362083689,0.4450875250743742,PPARG,anterior_up
GO_Biological_Process_2021,positive regulation of cardiac muscle tissue growth (GO:0055023),1/17,0.641921419170411,0.9076763387586734,0,0,1.004056362083689,0.4450875250743742,ZFPM2,anterior_up
GO_Biological_Process_2021,positive regulation of cyclin-dependent protein serine/threonine kinase activity (GO:0045737),1/17,0.641921419170411,0.9076763387586734,0,0,1.004056362083689,0.4450875250743742,PSRC1,anterior_up
GO_Biological_Process_2021,positive regulation of dendrite extension (GO:1903861),1/17,0.641921419170411,0.9076763387586734,0,0,1.004056362083689,0.4450875250743742,CPNE9,anterior_up
GO_Biological_Process_2021,positive regulation of regulated secretory pathway (GO:1903307),1/17,0.641921419170411,0.9076763387586734,0,0,1.004056362083689,0.4450875250743742,SYT10,anterior_up
GO_Biological_Process_2021,positive regulation of smooth muscle cell migration (GO:0014911),1/17,0.641921419170411,0.9076763387586734,0,0,1.004056362083689,0.4450875250743742,IGFBP5,anterior_up
GO_Biological_Process_2021,protein autoprocessing (GO:0016540),1/17,0.641921419170411,0.9076763387586734,0,0,1.004056362083689,0.4450875250743742,FAM111A,anterior_up
GO_Biological_Process_2021,"protein localization to chromosome, centromeric region (GO:0071459)",1/17,0.641921419170411,0.9076763387586734,0,0,1.004056362083689,0.4450875250743742,CENPA,anterior_up
GO_Biological_Process_2021,purine ribonucleotide transport (GO:0015868),1/17,0.641921419170411,0.9076763387586734,0,0,1.004056362083689,0.4450875250743742,ABCC4,anterior_up
GO_Biological_Process_2021,regulation of cardiac muscle contraction by regulation of the release of sequestered calcium ion (GO:0010881),1/17,0.641921419170411,0.9076763387586734,0,0,1.004056362083689,0.4450875250743742,GSTM2,anterior_up
GO_Biological_Process_2021,regulation of neuroblast proliferation (GO:1902692),1/17,0.641921419170411,0.9076763387586734,0,0,1.004056362083689,0.4450875250743742,DRD2,anterior_up
GO_Biological_Process_2021,regulation of osteoblast proliferation (GO:0033688),1/17,0.641921419170411,0.9076763387586734,0,0,1.004056362083689,0.4450875250743742,NPR3,anterior_up
GO_Biological_Process_2021,regulation of stem cell proliferation (GO:0072091),1/17,0.641921419170411,0.9076763387586734,0,0,1.004056362083689,0.4450875250743742,FBLN1,anterior_up
GO_Biological_Process_2021,regulation of transferase activity (GO:0051338),1/17,0.641921419170411,0.9076763387586734,0,0,1.004056362083689,0.4450875250743742,LDB2,anterior_up
GO_Biological_Process_2021,ruffle organization (GO:0031529),1/17,0.641921419170411,0.9076763387586734,0,0,1.004056362083689,0.4450875250743742,CARMIL1,anterior_up
GO_Biological_Process_2021,stem cell development (GO:0048864),1/17,0.641921419170411,0.9076763387586734,0,0,1.004056362083689,0.4450875250743742,SNAI2,anterior_up
GO_Biological_Process_2021,sulfation (GO:0051923),1/17,0.641921419170411,0.9076763387586734,0,0,1.004056362083689,0.4450875250743742,CHST5,anterior_up
GO_Biological_Process_2021,synaptic vesicle membrane organization (GO:0048499),1/17,0.641921419170411,0.9076763387586734,0,0,1.004056362083689,0.4450875250743742,SYNGR2,anterior_up
GO_Biological_Process_2021,post-translational protein modification (GO:0043687),19/345,0.643838624059962,0.9092598483466564,0,0,0.935244946498598,0.4117950538136779,SERPIND1;CSF1;IGFBP5;GOLM1;ZBTB16;DMP1;LAMB1;CHRDL1;LTBP1;ASB16;BMP4;RCN1;STC2;PENK;GPC3;SPARCL1;IGFBP7;ASB2;FBN1,anterior_up
GO_Biological_Process_2021,chemokine-mediated signaling pathway (GO:0070098),3/56,0.6450533630596238,0.9092598483466564,0,0,0.9090982455574028,0.398568882090755,CXCL12;THPO;ACKR3,anterior_up
GO_Biological_Process_2021,negative regulation of metabolic process (GO:0009892),3/56,0.6450533630596238,0.9092598483466564,0,0,0.9090982455574028,0.398568882090755,NPR3;CIDEA;CCDC3,anterior_up
GO_Biological_Process_2021,positive regulation of interleukin-1 beta production (GO:0032731),3/56,0.6450533630596238,0.9092598483466564,0,0,0.9090982455574028,0.398568882090755,FZD5;LPL;INAVA,anterior_up
GO_Biological_Process_2021,protein-containing complex disassembly (GO:0032984),3/56,0.6450533630596238,0.9092598483466564,0,0,0.9090982455574028,0.398568882090755,VAMP8;FZD5;CAV1,anterior_up
GO_Biological_Process_2021,tight junction assembly (GO:0120192),3/56,0.6450533630596238,0.9092598483466564,0,0,0.9090982455574028,0.398568882090755,CLDN10;OCLN;CLDN1,anterior_up
GO_Biological_Process_2021,glutamate receptor signaling pathway (GO:0007215),2/37,0.6466091767898349,0.9092598483466564,0,0,0.9178510378510378,0.4001951877936958,GRID2;GRIN3A,anterior_up
GO_Biological_Process_2021,glutamine family amino acid metabolic process (GO:0009064),2/37,0.6466091767898349,0.9092598483466564,0,0,0.9178510378510378,0.4001951877936958,DGLUCY;SLC39A8,anterior_up
GO_Biological_Process_2021,negative regulation of stress-activated MAPK cascade (GO:0032873),2/37,0.6466091767898349,0.9092598483466564,0,0,0.9178510378510378,0.4001951877936958,FOXO1;KLHL31,anterior_up
GO_Biological_Process_2021,"phagocytosis, engulfment (GO:0006911)",2/37,0.6466091767898349,0.9092598483466564,0,0,0.9178510378510378,0.4001951877936958,XKR8;ARHGAP25,anterior_up
GO_Biological_Process_2021,positive regulation of myeloid cell differentiation (GO:0045639),2/37,0.6466091767898349,0.9092598483466564,0,0,0.9178510378510378,0.4001951877936958,THPO;NCKAP1L,anterior_up
GO_Biological_Process_2021,regulation of erythrocyte differentiation (GO:0045646),2/37,0.6466091767898349,0.9092598483466564,0,0,0.9178510378510378,0.4001951877936958,CDK6;NCKAP1L,anterior_up
GO_Biological_Process_2021,regulation of p38MAPK cascade (GO:1900744),2/37,0.6466091767898349,0.9092598483466564,0,0,0.9178510378510378,0.4001951877936958,GADD45A;RASGRP1,anterior_up
GO_Biological_Process_2021,Fc receptor signaling pathway (GO:0038093),6/112,0.647481805277336,0.9097342213241212,0,0,0.9088643645425418,0.3950511525268527,JUN;KIT;NFATC2;LCP2;NFKB1;VAV2,anterior_up
GO_Biological_Process_2021,positive regulation of T cell activation (GO:0050870),4/75,0.6474957120079318,0.9097342213241212,0,0,0.9047366390121552,0.3932375445315768,CCDC88B;DOCK8;CD28;NCKAP1L,anterior_up
GO_Biological_Process_2021,negative regulation of cell death (GO:0060548),5/94,0.6514315749197451,0.9135867607003044,0,0,0.9021018071883152,0.3866254220768707,BMP4;CSF1;GPNMB;AMIGO2;CD34,anterior_up
GO_Biological_Process_2021,monocarboxylic acid transport (GO:0015718),3/57,0.6569536325127096,0.9135867607003044,0,0,0.8922155688622755,0.3748570885926167,ABCC4;ATP8B1;SLCO2A1,anterior_up
GO_Biological_Process_2021,regulation of reactive oxygen species metabolic process (GO:2000377),3/57,0.6569536325127096,0.9135867607003044,0,0,0.8922155688622755,0.3748570885926167,GADD45A;DCXR;TGFBR2,anterior_up
GO_Biological_Process_2021,regulation of epithelial to mesenchymal transition (GO:0010717),4/76,0.6578115145551725,0.9135867607003044,0,0,0.8921232876712328,0.3736540993551025,EFNA1;TGFB2;OVOL2;TGFBR2,anterior_up
GO_Biological_Process_2021,regulation of T cell proliferation (GO:0042129),4/76,0.6578115145551725,0.9135867607003044,0,0,0.8921232876712328,0.3736540993551025,CCDC88B;GPNMB;CD28;NCKAP1L,anterior_up
GO_Biological_Process_2021,connective tissue development (GO:0061448),2/38,0.6610712488304151,0.9135867607003044,0,0,0.8923076923076924,0.3693204925851146,ZBTB16;SULF2,anterior_up
GO_Biological_Process_2021,positive regulation of production of molecular mediator of immune response (GO:0002702),2/38,0.6610712488304151,0.9135867607003044,0,0,0.8923076923076924,0.3693204925851146,EPHB2;INAVA,anterior_up
GO_Biological_Process_2021,regulation of axon extension (GO:0030516),2/38,0.6610712488304151,0.9135867607003044,0,0,0.8923076923076924,0.3693204925851146,ISLR2;NTN1,anterior_up
GO_Biological_Process_2021,acidic amino acid transport (GO:0015800),1/18,0.6629225996750775,0.9135867607003044,0,0,0.944943989551414,0.3884636753531741,SLC25A13,anterior_up
GO_Biological_Process_2021,adenine nucleotide transport (GO:0051503),1/18,0.6629225996750775,0.9135867607003044,0,0,0.944943989551414,0.3884636753531741,ABCC4,anterior_up
GO_Biological_Process_2021,base conversion or substitution editing (GO:0016553),1/18,0.6629225996750775,0.9135867607003044,0,0,0.944943989551414,0.3884636753531741,ADARB2,anterior_up
GO_Biological_Process_2021,cell migration involved in sprouting angiogenesis (GO:0002042),1/18,0.6629225996750775,0.9135867607003044,0,0,0.944943989551414,0.3884636753531741,ROBO1,anterior_up
GO_Biological_Process_2021,embryonic heart tube development (GO:0035050),1/18,0.6629225996750775,0.9135867607003044,0,0,0.944943989551414,0.3884636753531741,HES1,anterior_up
GO_Biological_Process_2021,intermediate filament organization (GO:0045109),1/18,0.6629225996750775,0.9135867607003044,0,0,0.944943989551414,0.3884636753531741,PKP2,anterior_up
GO_Biological_Process_2021,leukocyte tethering or rolling (GO:0050901),1/18,0.6629225996750775,0.9135867607003044,0,0,0.944943989551414,0.3884636753531741,GCNT1,anterior_up
GO_Biological_Process_2021,maintenance of gastrointestinal epithelium (GO:0030277),1/18,0.6629225996750775,0.9135867607003044,0,0,0.944943989551414,0.3884636753531741,INAVA,anterior_up
GO_Biological_Process_2021,microtubule depolymerization (GO:0007019),1/18,0.6629225996750775,0.9135867607003044,0,0,0.944943989551414,0.3884636753531741,KIF14,anterior_up
GO_Biological_Process_2021,mitochondrial fusion (GO:0008053),1/18,0.6629225996750775,0.9135867607003044,0,0,0.944943989551414,0.3884636753531741,PLD6,anterior_up
GO_Biological_Process_2021,negative regulation of biosynthetic process (GO:0009890),1/18,0.6629225996750775,0.9135867607003044,0,0,0.944943989551414,0.3884636753531741,PPARA,anterior_up
GO_Biological_Process_2021,negative regulation of cation transmembrane transport (GO:1904063),1/18,0.6629225996750775,0.9135867607003044,0,0,0.944943989551414,0.3884636753531741,CAV1,anterior_up
GO_Biological_Process_2021,negative regulation of fibroblast proliferation (GO:0048147),1/18,0.6629225996750775,0.9135867607003044,0,0,0.944943989551414,0.3884636753531741,CD300A,anterior_up
GO_Biological_Process_2021,negative regulation of interleukin-8 production (GO:0032717),1/18,0.6629225996750775,0.9135867607003044,0,0,0.944943989551414,0.3884636753531741,ANXA4,anterior_up
GO_Biological_Process_2021,negative regulation of peptide hormone secretion (GO:0090278),1/18,0.6629225996750775,0.9135867607003044,0,0,0.944943989551414,0.3884636753531741,INHBB,anterior_up
GO_Biological_Process_2021,negative regulation of signal transduction by p53 class mediator (GO:1901797),1/18,0.6629225996750775,0.9135867607003044,0,0,0.944943989551414,0.3884636753531741,SNAI2,anterior_up
GO_Biological_Process_2021,negative regulation of tumor necrosis factor-mediated signaling pathway (GO:0010804),1/18,0.6629225996750775,0.9135867607003044,0,0,0.944943989551414,0.3884636753531741,CCDC3,anterior_up
GO_Biological_Process_2021,neuron maturation (GO:0042551),1/18,0.6629225996750775,0.9135867607003044,0,0,0.944943989551414,0.3884636753531741,EPHA8,anterior_up
GO_Biological_Process_2021,nucleotide biosynthetic process (GO:0009165),1/18,0.6629225996750775,0.9135867607003044,0,0,0.944943989551414,0.3884636753531741,NMNAT3,anterior_up
GO_Biological_Process_2021,positive regulation of cardiac muscle hypertrophy (GO:0010613),1/18,0.6629225996750775,0.9135867607003044,0,0,0.944943989551414,0.3884636753531741,TRPC3,anterior_up
GO_Biological_Process_2021,positive regulation of cell migration involved in sprouting angiogenesis (GO:0090050),1/18,0.6629225996750775,0.9135867607003044,0,0,0.944943989551414,0.3884636753531741,HMOX1,anterior_up
GO_Biological_Process_2021,positive regulation of excitatory postsynaptic potential (GO:2000463),1/18,0.6629225996750775,0.9135867607003044,0,0,0.944943989551414,0.3884636753531741,RELN,anterior_up
GO_Biological_Process_2021,positive regulation of interleukin-4 production (GO:0032753),1/18,0.6629225996750775,0.9135867607003044,0,0,0.944943989551414,0.3884636753531741,CD28,anterior_up
GO_Biological_Process_2021,positive regulation of myoblast differentiation (GO:0045663),1/18,0.6629225996750775,0.9135867607003044,0,0,0.944943989551414,0.3884636753531741,XKR8,anterior_up
GO_Biological_Process_2021,positive regulation of nitric-oxide synthase activity (GO:0051000),1/18,0.6629225996750775,0.9135867607003044,0,0,0.944943989551414,0.3884636753531741,NPR3,anterior_up
GO_Biological_Process_2021,positive regulation of phosphoprotein phosphatase activity (GO:0032516),1/18,0.6629225996750775,0.9135867607003044,0,0,0.944943989551414,0.3884636753531741,CD300A,anterior_up
GO_Biological_Process_2021,positive regulation of response to endoplasmic reticulum stress (GO:1905898),1/18,0.6629225996750775,0.9135867607003044,0,0,0.944943989551414,0.3884636753531741,BCL2L11,anterior_up
GO_Biological_Process_2021,protein localization to centrosome (GO:0071539),1/18,0.6629225996750775,0.9135867607003044,0,0,0.944943989551414,0.3884636753531741,SPAG5,anterior_up
GO_Biological_Process_2021,protein O-linked mannosylation (GO:0035269),1/18,0.6629225996750775,0.9135867607003044,0,0,0.944943989551414,0.3884636753531741,TMTC4,anterior_up
GO_Biological_Process_2021,regulation of B cell differentiation (GO:0045577),1/18,0.6629225996750775,0.9135867607003044,0,0,0.944943989551414,0.3884636753531741,NCKAP1L,anterior_up
GO_Biological_Process_2021,regulation of dendrite extension (GO:1903859),1/18,0.6629225996750775,0.9135867607003044,0,0,0.944943989551414,0.3884636753531741,CPNE9,anterior_up
GO_Biological_Process_2021,regulation of membrane depolarization (GO:0003254),1/18,0.6629225996750775,0.9135867607003044,0,0,0.944943989551414,0.3884636753531741,SCN5A,anterior_up
GO_Biological_Process_2021,regulation of platelet aggregation (GO:0090330),1/18,0.6629225996750775,0.9135867607003044,0,0,0.944943989551414,0.3884636753531741,ADAMTS18,anterior_up
GO_Biological_Process_2021,regulation of spindle organization (GO:0090224),1/18,0.6629225996750775,0.9135867607003044,0,0,0.944943989551414,0.3884636753531741,PSRC1,anterior_up
GO_Biological_Process_2021,response to axon injury (GO:0048678),1/18,0.6629225996750775,0.9135867607003044,0,0,0.944943989551414,0.3884636753531741,P2RX4,anterior_up
GO_Biological_Process_2021,sodium ion import across plasma membrane (GO:0098719),1/18,0.6629225996750775,0.9135867607003044,0,0,0.944943989551414,0.3884636753531741,TRPM4,anterior_up
GO_Biological_Process_2021,triglyceride biosynthetic process (GO:0019432),1/18,0.6629225996750775,0.9135867607003044,0,0,0.944943989551414,0.3884636753531741,GPAT3,anterior_up
GO_Biological_Process_2021,water transport (GO:0006833),1/18,0.6629225996750775,0.9135867607003044,0,0,0.944943989551414,0.3884636753531741,AQP4,anterior_up
GO_Biological_Process_2021,activation of protein kinase activity (GO:0032147),6/114,0.6643714652022585,0.9152027709834024,0,0,0.8919382504288165,0.3647259042892753,TGFB2;NTF3;KIF14;ADRB2;PRLR;TGFBR2,anterior_up
GO_Biological_Process_2021,plasma membrane bounded cell projection assembly (GO:0120031),15/278,0.6666738322414537,0.915693149967519,0,0,0.915160159189723,0.3710556764621644,SPAG16;CARMIL1;ABCC4;DNAAF1;CFAP70;PARVB;EMP3;NTN1;FGD3;EHD4;ABLIM3;KIT;TEKT1;CDH13;VSTM5,anterior_up
GO_Biological_Process_2021,phosphatidylcholine metabolic process (GO:0046470),4/77,0.6679216604330591,0.915693149967519,0,0,0.8798555075999249,0.3550959457919765,SLC44A5;LIPC;PLAAT1;MFSD2A,anterior_up
GO_Biological_Process_2021,chordate embryonic development (GO:0043009),3/58,0.6685637139747193,0.915693149967519,0,0,0.8759468076833347,0.3526768379514093,UCMA;SULF2;FGFR1,anterior_up
GO_Biological_Process_2021,positive regulation of mitochondrion organization (GO:0010822),3/58,0.6685637139747193,0.915693149967519,0,0,0.8759468076833347,0.3526768379514093,HRK;BCL2L11;PLD6,anterior_up
GO_Biological_Process_2021,receptor metabolic process (GO:0043112),3/58,0.6685637139747193,0.915693149967519,0,0,0.8759468076833347,0.3526768379514093,RAMP3;CAV1;ACKR3,anterior_up
GO_Biological_Process_2021,regulation of neurotransmitter receptor activity (GO:0099601),3/58,0.6685637139747193,0.915693149967519,0,0,0.8759468076833347,0.3526768379514093,RELN;SHISA8;SHISA6,anterior_up
GO_Biological_Process_2021,regulation of tumor necrosis factor-mediated signaling pathway (GO:0010803),3/58,0.6685637139747193,0.915693149967519,0,0,0.8759468076833347,0.3526768379514093,CFLAR;CCDC3;BIRC3,anterior_up
GO_Biological_Process_2021,cellular amide metabolic process (GO:0043603),6/115,0.672622765534454,0.915693149967519,0,0,0.8837081215478307,0.3504526893137851,MTHFD1L;ACOT12;PLAAT1;ACOT1;ABCA12;FOLR2,anterior_up
GO_Biological_Process_2021,membrane protein proteolysis (GO:0033619),2/39,0.6750536358858095,0.915693149967519,0,0,0.8681450681450682,0.34114900387559,BACE2;NFKB1,anterior_up
GO_Biological_Process_2021,negative regulation of lymphocyte proliferation (GO:0050672),2/39,0.6750536358858095,0.915693149967519,0,0,0.8681450681450682,0.34114900387559,GPNMB;CD300A,anterior_up
GO_Biological_Process_2021,protein acylation (GO:0043543),2/39,0.6750536358858095,0.915693149967519,0,0,0.8681450681450682,0.34114900387559,ZDHHC22;FOXO1,anterior_up
GO_Biological_Process_2021,regulation of cellular component biogenesis (GO:0044087),2/39,0.6750536358858095,0.915693149967519,0,0,0.8681450681450682,0.34114900387559,INSM1;SNCAIP,anterior_up
GO_Biological_Process_2021,regulation of dendrite development (GO:0050773),2/39,0.6750536358858095,0.915693149967519,0,0,0.8681450681450682,0.34114900387559,KNDC1;MFSD2A,anterior_up
GO_Biological_Process_2021,regulation of protein targeting to mitochondrion (GO:1903214),2/39,0.6750536358858095,0.915693149967519,0,0,0.8681450681450682,0.34114900387559,ABLIM3;FZD5,anterior_up
GO_Biological_Process_2021,neuron projection development (GO:0031175),9/171,0.6773289137587223,0.915693149967519,0,0,0.8916595012897678,0.3473890115574362,GPRIN3;ADGRV1;EPHA8;WHRN;NTF3;NCKAP1L;LAMB1;EPHB2;MYO16,anterior_up
GO_Biological_Process_2021,negative regulation of blood vessel morphogenesis (GO:2000181),4/78,0.6778249332687994,0.915693149967519,0,0,0.8679192891521659,0.3375045061712596,TGFB2;PPARG;SEMA3E;THBS2,anterior_up
GO_Biological_Process_2021,negative regulation of autophagy (GO:0010507),3/59,0.6798835511863699,0.915693149967519,0,0,0.860259073689356,0.3319169789809693,HGF;LEPR;MET,anterior_up
GO_Biological_Process_2021,positive regulation of apoptotic signaling pathway (GO:2001235),3/59,0.6798835511863699,0.915693149967519,0,0,0.860259073689356,0.3319169789809693,BCL2L11;CAV1;GSDME,anterior_up
GO_Biological_Process_2021,protein polymerization (GO:0051258),3/59,0.6798835511863699,0.915693149967519,0,0,0.860259073689356,0.3319169789809693,PSTPIP1;TPPP3;FAM107A,anterior_up
GO_Biological_Process_2021,ion transport (GO:0006811),6/116,0.6807432994634126,0.915693149967519,0,0,0.875627631373772,0.33674010974837,GABRB1;TRPC6;SLC26A4;SLC12A7;TRPM3;SLC5A5,anterior_up
GO_Biological_Process_2021,regulation of protein-containing complex assembly (GO:0043254),6/116,0.6807432994634126,0.915693149967519,0,0,0.875627631373772,0.33674010974837,HRK;OPRD1;BCL2L11;INSM1;MAPK15;TRABD2B,anterior_up
GO_Biological_Process_2021,sphingolipid metabolic process (GO:0006665),6/116,0.6807432994634126,0.915693149967519,0,0,0.875627631373772,0.33674010974837,ESYT3;ALOX12B;ABCA12;ST6GALNAC3;ALOXE3;SGPP2,anterior_up
GO_Biological_Process_2021,positive regulation of cytokine production (GO:0001819),18/335,0.6823583988636532,0.915693149967519,0,0,0.910829975561618,0.3481194422186962,FZD5;FLT4;LPL;IL16;RASGRP1;INAVA;NFKB1;SULF2;CCDC88B;MAVS;CD28;HMOX1;IL12A;TLR7;MBP;LBP;DRD2;CD34,anterior_up
GO_Biological_Process_2021,actin filament capping (GO:0051693),1/19,0.6826930517415551,0.915693149967519,0,0,0.892399658411614,0.3406378131305324,EPS8,anterior_up
GO_Biological_Process_2021,aspartate family amino acid catabolic process (GO:0009068),1/19,0.6826930517415551,0.915693149967519,0,0,0.892399658411614,0.3406378131305324,DDO,anterior_up
GO_Biological_Process_2021,barbed-end actin filament capping (GO:0051016),1/19,0.6826930517415551,0.915693149967519,0,0,0.892399658411614,0.3406378131305324,EPS8,anterior_up
GO_Biological_Process_2021,branching involved in ureteric bud morphogenesis (GO:0001658),1/19,0.6826930517415551,0.915693149967519,0,0,0.892399658411614,0.3406378131305324,BMP4,anterior_up
GO_Biological_Process_2021,detection of mechanical stimulus (GO:0050982),1/19,0.6826930517415551,0.915693149967519,0,0,0.892399658411614,0.3406378131305324,LHFPL5,anterior_up
GO_Biological_Process_2021,diol metabolic process (GO:0034311),1/19,0.6826930517415551,0.915693149967519,0,0,0.892399658411614,0.3406378131305324,SGPP2,anterior_up
GO_Biological_Process_2021,DNA alkylation (GO:0006305),1/19,0.6826930517415551,0.915693149967519,0,0,0.892399658411614,0.3406378131305324,DNMT3L,anterior_up
GO_Biological_Process_2021,DNA methylation or demethylation (GO:0044728),1/19,0.6826930517415551,0.915693149967519,0,0,0.892399658411614,0.3406378131305324,DNMT3L,anterior_up
GO_Biological_Process_2021,fatty acid transmembrane transport (GO:1902001),1/19,0.6826930517415551,0.915693149967519,0,0,0.892399658411614,0.3406378131305324,ACACB,anterior_up
GO_Biological_Process_2021,glycerolipid catabolic process (GO:0046503),1/19,0.6826930517415551,0.915693149967519,0,0,0.892399658411614,0.3406378131305324,MGLL,anterior_up
GO_Biological_Process_2021,heart trabecula morphogenesis (GO:0061384),1/19,0.6826930517415551,0.915693149967519,0,0,0.892399658411614,0.3406378131305324,TGFB2,anterior_up
GO_Biological_Process_2021,mesenchymal cell development (GO:0014031),1/19,0.6826930517415551,0.915693149967519,0,0,0.892399658411614,0.3406378131305324,SNAI2,anterior_up
GO_Biological_Process_2021,mitochondrion localization (GO:0051646),1/19,0.6826930517415551,0.915693149967519,0,0,0.892399658411614,0.3406378131305324,HAP1,anterior_up
GO_Biological_Process_2021,negative regulation of amyloid precursor protein catabolic process (GO:1902992),1/19,0.6826930517415551,0.915693149967519,0,0,0.892399658411614,0.3406378131305324,HAP1,anterior_up
GO_Biological_Process_2021,negative regulation of cytokine production involved in inflammatory response (GO:1900016),1/19,0.6826930517415551,0.915693149967519,0,0,0.892399658411614,0.3406378131305324,PPARA,anterior_up
GO_Biological_Process_2021,negative regulation of immune system process (GO:0002683),1/19,0.6826930517415551,0.915693149967519,0,0,0.892399658411614,0.3406378131305324,HMOX1,anterior_up
GO_Biological_Process_2021,negative regulation of protein localization to nucleus (GO:1900181),1/19,0.6826930517415551,0.915693149967519,0,0,0.892399658411614,0.3406378131305324,LATS2,anterior_up
GO_Biological_Process_2021,negative regulation of RNA metabolic process (GO:0051253),1/19,0.6826930517415551,0.915693149967519,0,0,0.892399658411614,0.3406378131305324,ESR1,anterior_up
GO_Biological_Process_2021,negative regulation of striated muscle cell differentiation (GO:0051154),1/19,0.6826930517415551,0.915693149967519,0,0,0.892399658411614,0.3406378131305324,FZD7,anterior_up
GO_Biological_Process_2021,neural crest cell differentiation (GO:0014033),1/19,0.6826930517415551,0.915693149967519,0,0,0.892399658411614,0.3406378131305324,SNAI2,anterior_up
GO_Biological_Process_2021,neuromuscular process (GO:0050905),1/19,0.6826930517415551,0.915693149967519,0,0,0.892399658411614,0.3406378131305324,STRA6,anterior_up
GO_Biological_Process_2021,positive regulation of actin cytoskeleton reorganization (GO:2000251),1/19,0.6826930517415551,0.915693149967519,0,0,0.892399658411614,0.3406378131305324,NTF3,anterior_up
GO_Biological_Process_2021,positive regulation of cellular protein catabolic process (GO:1903364),1/19,0.6826930517415551,0.915693149967519,0,0,0.892399658411614,0.3406378131305324,CTSC,anterior_up
GO_Biological_Process_2021,positive regulation of cilium assembly (GO:0045724),1/19,0.6826930517415551,0.915693149967519,0,0,0.892399658411614,0.3406378131305324,HAP1,anterior_up
GO_Biological_Process_2021,positive regulation of focal adhesion assembly (GO:0051894),1/19,0.6826930517415551,0.915693149967519,0,0,0.892399658411614,0.3406378131305324,COL16A1,anterior_up
GO_Biological_Process_2021,positive regulation of monocyte chemotaxis (GO:0090026),1/19,0.6826930517415551,0.915693149967519,0,0,0.892399658411614,0.3406378131305324,CXCL12,anterior_up
GO_Biological_Process_2021,positive regulation of neutrophil chemotaxis (GO:0090023),1/19,0.6826930517415551,0.915693149967519,0,0,0.892399658411614,0.3406378131305324,NCKAP1L,anterior_up
GO_Biological_Process_2021,postsynaptic membrane organization (GO:0001941),1/19,0.6826930517415551,0.915693149967519,0,0,0.892399658411614,0.3406378131305324,LRP4,anterior_up
GO_Biological_Process_2021,prostaglandin biosynthetic process (GO:0001516),1/19,0.6826930517415551,0.915693149967519,0,0,0.892399658411614,0.3406378131305324,PTGS1,anterior_up
GO_Biological_Process_2021,pyroptosis (GO:0070269),1/19,0.6826930517415551,0.915693149967519,0,0,0.892399658411614,0.3406378131305324,GSDME,anterior_up
GO_Biological_Process_2021,regulation of autophagy of mitochondrion (GO:1903146),1/19,0.6826930517415551,0.915693149967519,0,0,0.892399658411614,0.3406378131305324,FZD5,anterior_up
GO_Biological_Process_2021,regulation of cell-cell adhesion mediated by cadherin (GO:2000047),1/19,0.6826930517415551,0.915693149967519,0,0,0.892399658411614,0.3406378131305324,PTPRU,anterior_up
GO_Biological_Process_2021,regulation of epithelial cell differentiation (GO:0030856),1/19,0.6826930517415551,0.915693149967519,0,0,0.892399658411614,0.3406378131305324,CAV1,anterior_up
GO_Biological_Process_2021,regulation of glucose transmembrane transport (GO:0010827),1/19,0.6826930517415551,0.915693149967519,0,0,0.892399658411614,0.3406378131305324,OCLN,anterior_up
GO_Biological_Process_2021,regulation of peptidyl-serine phosphorylation of STAT protein (GO:0033139),1/19,0.6826930517415551,0.915693149967519,0,0,0.892399658411614,0.3406378131305324,GADD45A,anterior_up
GO_Biological_Process_2021,regulation of RIG-I signaling pathway (GO:0039535),1/19,0.6826930517415551,0.915693149967519,0,0,0.892399658411614,0.3406378131305324,BIRC3,anterior_up
GO_Biological_Process_2021,regulation of synaptic vesicle exocytosis (GO:2000300),1/19,0.6826930517415551,0.915693149967519,0,0,0.892399658411614,0.3406378131305324,RIMS3,anterior_up
GO_Biological_Process_2021,response to cholesterol (GO:0070723),1/19,0.6826930517415551,0.915693149967519,0,0,0.892399658411614,0.3406378131305324,TGFBR2,anterior_up
GO_Biological_Process_2021,sphingosine metabolic process (GO:0006670),1/19,0.6826930517415551,0.915693149967519,0,0,0.892399658411614,0.3406378131305324,SGPP2,anterior_up
GO_Biological_Process_2021,striated muscle cell differentiation (GO:0051146),1/19,0.6826930517415551,0.915693149967519,0,0,0.892399658411614,0.3406378131305324,BVES,anterior_up
GO_Biological_Process_2021,"synaptic transmission, cholinergic (GO:0007271)",1/19,0.6826930517415551,0.915693149967519,0,0,0.892399658411614,0.3406378131305324,CHRNA5,anterior_up
GO_Biological_Process_2021,ureteric bud morphogenesis (GO:0060675),1/19,0.6826930517415551,0.915693149967519,0,0,0.892399658411614,0.3406378131305324,BMP4,anterior_up
GO_Biological_Process_2021,positive regulation of defense response (GO:0031349),5/98,0.6873135968976134,0.9213282322489256,0,0,0.8631174503137352,0.3236385050370196,CEBPA;LPL;IL16;TLR7;NMI,anterior_up
GO_Biological_Process_2021,bone development (GO:0060348),2/40,0.6885628442645155,0.9213282322489256,0,0,0.8452541610436347,0.3154054811407573,PLS3;SULF2,anterior_up
GO_Biological_Process_2021,negative regulation of blood coagulation (GO:0030195),2/40,0.6885628442645155,0.9213282322489256,0,0,0.8452541610436347,0.3154054811407573,KRT1;CD34,anterior_up
GO_Biological_Process_2021,negative regulation of ERBB signaling pathway (GO:1901185),2/40,0.6885628442645155,0.9213282322489256,0,0,0.8452541610436347,0.3154054811407573,BTC;TGFA,anterior_up
GO_Biological_Process_2021,negative regulation of protein kinase B signaling (GO:0051898),2/40,0.6885628442645155,0.9213282322489256,0,0,0.8452541610436347,0.3154054811407573,DRD2;PPARA,anterior_up
GO_Biological_Process_2021,regulation of sodium ion transmembrane transporter activity (GO:2000649),2/40,0.6885628442645155,0.9213282322489256,0,0,0.8452541610436347,0.3154054811407573,FXYD1;SCN4B,anterior_up
GO_Biological_Process_2021,apical junction assembly (GO:0043297),3/60,0.6909136886716551,0.9237276233128304,0,0,0.8451217865021836,0.3124756427732268,CLDN10;OCLN;CLDN1,anterior_up
GO_Biological_Process_2021,cellular response to chemokine (GO:1990869),3/60,0.6909136886716551,0.9237276233128304,0,0,0.8451217865021836,0.3124756427732268,CXCL12;DOCK8;ACKR3,anterior_up
GO_Biological_Process_2021,lipid biosynthetic process (GO:0008610),4/80,0.6970078729535343,0.9250233830167538,0,0,0.8449891852919971,0.3050060903541845,LIPC;LIPG;LPL;PRLR,anterior_up
GO_Biological_Process_2021,cellular modified amino acid biosynthetic process (GO:0042398),1/20,0.701304841523429,0.9250233830167538,0,0,0.8453863094970561,0.2999537312343943,PLOD2,anterior_up
GO_Biological_Process_2021,energy reserve metabolic process (GO:0006112),1/20,0.701304841523429,0.9250233830167538,0,0,0.8453863094970561,0.2999537312343943,LEPR,anterior_up
GO_Biological_Process_2021,establishment of epithelial cell polarity (GO:0090162),1/20,0.701304841523429,0.9250233830167538,0,0,0.8453863094970561,0.2999537312343943,FERMT1,anterior_up
GO_Biological_Process_2021,gastrulation (GO:0007369),1/20,0.701304841523429,0.9250233830167538,0,0,0.8453863094970561,0.2999537312343943,GPC3,anterior_up
GO_Biological_Process_2021,granulocyte differentiation (GO:0030851),1/20,0.701304841523429,0.9250233830167538,0,0,0.8453863094970561,0.2999537312343943,CEBPA,anterior_up
GO_Biological_Process_2021,growth hormone receptor signaling pathway (GO:0060396),1/20,0.701304841523429,0.9250233830167538,0,0,0.8453863094970561,0.2999537312343943,PRLR,anterior_up
GO_Biological_Process_2021,lipopolysaccharide-mediated signaling pathway (GO:0031663),1/20,0.701304841523429,0.9250233830167538,0,0,0.8453863094970561,0.2999537312343943,LBP,anterior_up
GO_Biological_Process_2021,mesoderm development (GO:0007498),1/20,0.701304841523429,0.9250233830167538,0,0,0.8453863094970561,0.2999537312343943,TCF15,anterior_up
GO_Biological_Process_2021,modulation by symbiont of entry into host (GO:0052372),1/20,0.701304841523429,0.9250233830167538,0,0,0.8453863094970561,0.2999537312343943,CAV1,anterior_up
GO_Biological_Process_2021,negative regulation of osteoclast differentiation (GO:0045671),1/20,0.701304841523429,0.9250233830167538,0,0,0.8453863094970561,0.2999537312343943,FBN1,anterior_up
GO_Biological_Process_2021,nucleobase-containing compound biosynthetic process (GO:0034654),1/20,0.701304841523429,0.9250233830167538,0,0,0.8453863094970561,0.2999537312343943,ADA,anterior_up
GO_Biological_Process_2021,organic cation transport (GO:0015695),1/20,0.701304841523429,0.9250233830167538,0,0,0.8453863094970561,0.2999537312343943,SLC22A1,anterior_up
GO_Biological_Process_2021,positive regulation of cyclin-dependent protein kinase activity (GO:1904031),1/20,0.701304841523429,0.9250233830167538,0,0,0.8453863094970561,0.2999537312343943,PSRC1,anterior_up
GO_Biological_Process_2021,positive regulation of dendrite morphogenesis (GO:0050775),1/20,0.701304841523429,0.9250233830167538,0,0,0.8453863094970561,0.2999537312343943,RELN,anterior_up
GO_Biological_Process_2021,positive regulation of epidermal cell differentiation (GO:0045606),1/20,0.701304841523429,0.9250233830167538,0,0,0.8453863094970561,0.2999537312343943,BMP4,anterior_up
GO_Biological_Process_2021,positive regulation of epithelial cell differentiation (GO:0030858),1/20,0.701304841523429,0.9250233830167538,0,0,0.8453863094970561,0.2999537312343943,BMP4,anterior_up
GO_Biological_Process_2021,positive regulation of G2/M transition of mitotic cell cycle (GO:0010971),1/20,0.701304841523429,0.9250233830167538,0,0,0.8453863094970561,0.2999537312343943,RAD51B,anterior_up
GO_Biological_Process_2021,positive regulation of hormone secretion (GO:0046887),1/20,0.701304841523429,0.9250233830167538,0,0,0.8453863094970561,0.2999537312343943,VAMP8,anterior_up
GO_Biological_Process_2021,positive regulation of lymphocyte differentiation (GO:0045621),1/20,0.701304841523429,0.9250233830167538,0,0,0.8453863094970561,0.2999537312343943,NCKAP1L,anterior_up
GO_Biological_Process_2021,positive regulation of nitrogen compound metabolic process (GO:0051173),1/20,0.701304841523429,0.9250233830167538,0,0,0.8453863094970561,0.2999537312343943,NFKB1,anterior_up
GO_Biological_Process_2021,positive regulation of peptidyl-lysine acetylation (GO:2000758),1/20,0.701304841523429,0.9250233830167538,0,0,0.8453863094970561,0.2999537312343943,NOS1,anterior_up
GO_Biological_Process_2021,regulation of acute inflammatory response (GO:0002673),1/20,0.701304841523429,0.9250233830167538,0,0,0.8453863094970561,0.2999537312343943,DNASE1L3,anterior_up
GO_Biological_Process_2021,regulation of granulocyte chemotaxis (GO:0071622),1/20,0.701304841523429,0.9250233830167538,0,0,0.8453863094970561,0.2999537312343943,CSF1,anterior_up
GO_Biological_Process_2021,regulation of lymphocyte differentiation (GO:0045619),1/20,0.701304841523429,0.9250233830167538,0,0,0.8453863094970561,0.2999537312343943,NCKAP1L,anterior_up
GO_Biological_Process_2021,regulation of protein localization to cell periphery (GO:1904375),1/20,0.701304841523429,0.9250233830167538,0,0,0.8453863094970561,0.2999537312343943,VAMP8,anterior_up
GO_Biological_Process_2021,regulation of smooth muscle cell migration (GO:0014910),1/20,0.701304841523429,0.9250233830167538,0,0,0.8453863094970561,0.2999537312343943,IGFBP5,anterior_up
GO_Biological_Process_2021,xenobiotic transport (GO:0042908),1/20,0.701304841523429,0.9250233830167538,0,0,0.8453863094970561,0.2999537312343943,SLC22A1,anterior_up
GO_Biological_Process_2021,gluconeogenesis (GO:0006094),2/41,0.7016062649668222,0.9250233830167538,0,0,0.8235371466140697,0.2918474892104934,ALDOC;SLC25A13,anterior_up
GO_Biological_Process_2021,hexose metabolic process (GO:0019318),2/41,0.7016062649668222,0.9250233830167538,0,0,0.8235371466140697,0.2918474892104934,DCXR;ALDOC,anterior_up
GO_Biological_Process_2021,positive regulation of TOR signaling (GO:0032008),2/41,0.7016062649668222,0.9250233830167538,0,0,0.8235371466140697,0.2918474892104934,HTR6;NCKAP1L,anterior_up
GO_Biological_Process_2021,B cell differentiation (GO:0030183),3/61,0.7016552253308489,0.9250233830167538,0,0,0.8305064747352585,0.2942593465625519,TPD52;KIT;BLNK,anterior_up
GO_Biological_Process_2021,positive regulation of interleukin-8 production (GO:0032757),3/61,0.7016552253308489,0.9250233830167538,0,0,0.8305064747352585,0.2942593465625519,MAVS;TLR7;LBP,anterior_up
GO_Biological_Process_2021,"regulation of DNA-templated transcription, initiation (GO:2000142)",3/61,0.7016552253308489,0.9250233830167538,0,0,0.8305064747352585,0.2942593465625519,TCF7L2;JUN;NFKB1,anterior_up
GO_Biological_Process_2021,regulation of endocytosis (GO:0030100),3/61,0.7016552253308489,0.9250233830167538,0,0,0.8305064747352585,0.2942593465625519,GPC3;CDH13;STON2,anterior_up
GO_Biological_Process_2021,positive regulation of cysteine-type endopeptidase activity involved in apoptotic process (GO:0043280),6/119,0.7043103396230505,0.9281543974427868,0,0,0.8522442660028233,0.2987424636043185,ACVR1C;DLC1;PPARG;CFLAR;ST18;ROBO1,anterior_up
GO_Biological_Process_2021,activation of cysteine-type endopeptidase activity involved in apoptotic process (GO:0006919),4/81,0.7062869255989114,0.9300193102182804,0,0,0.833970823696851,0.2899997717703124,DLC1;PPARG;CFLAR;ROBO1,anterior_up
GO_Biological_Process_2021,regulation of interleukin-8 production (GO:0032677),4/81,0.7062869255989114,0.9300193102182804,0,0,0.833970823696851,0.2899997717703124,MAVS;ANXA4;TLR7;LBP,anterior_up
GO_Biological_Process_2021,negative regulation of apoptotic process (GO:0043066),26/485,0.7098420931650283,0.9309890293681584,0,0,0.907949218081648,0.3111657621987546,FANK1;NOTCH2;FLT4;KIF14;MPO;FOXO1;PTPRZ1;NTF3;NCKAP1L;NTSR1;MGMT;ANXA4;HGF;CAV1;CIDEA;CFLAR;SMAD6;PRLR;NFKB1;BMP4;NR4A2;TOX3;CD28;SNAI2;CRLF1;BIRC3,anterior_up
GO_Biological_Process_2021,glucose metabolic process (GO:0006006),3/62,0.7121097697857122,0.9309890293681584,0,0,0.8163865972655174,0.2771821968032024,DCXR;ALDOC;SLC25A13,anterior_up
GO_Biological_Process_2021,protein localization to membrane (GO:0072657),10/195,0.712491247177455,0.9309890293681584,0,0,0.867237288924036,0.2939827319332387,MRAP;RAB3B;EHD4;RAMP3;KCNB2;CAV1;P2RY1;PKP2;ZDHHC22;ABCA12,anterior_up
GO_Biological_Process_2021,positive regulation of protein localization to membrane (GO:1905477),5/101,0.7125271902484633,0.9309890293681584,0,0,0.8360111396743788,0.2833552797116511,NECAB2;RAMP3;STAC2;EPHB2;PLS1,anterior_up
GO_Biological_Process_2021,organonitrogen compound biosynthetic process (GO:1901566),8/158,0.7140457192170748,0.9309890293681584,0,0,0.8558075601374571,0.2882430776260488,SLC44A5;GSTM2;GSTM1;GCNT1;GAL3ST2;SGPP2;ASS1;MFSD2A,anterior_up
GO_Biological_Process_2021,monocyte chemotaxis (GO:0002548),2/42,0.7141920475322797,0.9309890293681584,0,0,0.8029059829059829,0.2702608666043365,TNFRSF11A;FOLR2,anterior_up
GO_Biological_Process_2021,positive regulation of ATPase activity (GO:0032781),2/42,0.7141920475322797,0.9309890293681584,0,0,0.8029059829059829,0.2702608666043365,TNNT2;FGF10,anterior_up
GO_Biological_Process_2021,regulation of extrinsic apoptotic signaling pathway via death domain receptors (GO:1902041),2/42,0.7141920475322797,0.9309890293681584,0,0,0.8029059829059829,0.2702608666043365,HMOX1;CFLAR,anterior_up
GO_Biological_Process_2021,positive regulation of protein ubiquitination (GO:0031398),4/82,0.7153578371941599,0.9309890293681584,0,0,0.8232349841938883,0.2757609900899368,CAV1;FAM107A;INAVA;BIRC3,anterior_up
GO_Biological_Process_2021,positive regulation of GTPase activity (GO:0043547),11/214,0.7153638076685686,0.9309890293681584,0,0,0.869282044101611,0.29117822867764,ARHGEF26;ARHGEF15;TBC1D4;DOCK8;RGS16;NTF3;ITGA6;RGS8;RASGRP1;ARHGAP25;RAPGEF3,anterior_up
GO_Biological_Process_2021,glycerophospholipid biosynthetic process (GO:0046474),9/177,0.7160492069775146,0.9309890293681584,0,0,0.8595381402776072,0.2870912309180859,SLC44A5;INPP4B;PLEKHA2;INPPL1;PIK3C2G;GPAT3;PLD6;PTPN13;MFSD2A,anterior_up
GO_Biological_Process_2021,anterior/posterior axis specification (GO:0009948),1/21,0.7188258186307723,0.9309890293681584,0,0,0.8030742954739539,0.2651239007574193,FZD5,anterior_up
GO_Biological_Process_2021,autonomic nervous system development (GO:0048483),1/21,0.7188258186307723,0.9309890293681584,0,0,0.8030742954739539,0.2651239007574193,KIF26A,anterior_up
GO_Biological_Process_2021,calcium ion transport into cytosol (GO:0060402),1/21,0.7188258186307723,0.9309890293681584,0,0,0.8030742954739539,0.2651239007574193,ADRA1A,anterior_up
GO_Biological_Process_2021,cellular response to steroid hormone stimulus (GO:0071383),1/21,0.7188258186307723,0.9309890293681584,0,0,0.8030742954739539,0.2651239007574193,BMP4,anterior_up
GO_Biological_Process_2021,chondroitin sulfate biosynthetic process (GO:0030206),1/21,0.7188258186307723,0.9309890293681584,0,0,0.8030742954739539,0.2651239007574193,CHST9,anterior_up
GO_Biological_Process_2021,focal adhesion assembly (GO:0048041),1/21,0.7188258186307723,0.9309890293681584,0,0,0.8030742954739539,0.2651239007574193,DLC1,anterior_up
GO_Biological_Process_2021,heparan sulfate proteoglycan metabolic process (GO:0030201),1/21,0.7188258186307723,0.9309890293681584,0,0,0.8030742954739539,0.2651239007574193,SULF2,anterior_up
GO_Biological_Process_2021,hydrogen peroxide catabolic process (GO:0042744),1/21,0.7188258186307723,0.9309890293681584,0,0,0.8030742954739539,0.2651239007574193,MPO,anterior_up
GO_Biological_Process_2021,intracellular lipid transport (GO:0032365),1/21,0.7188258186307723,0.9309890293681584,0,0,0.8030742954739539,0.2651239007574193,ACACB,anterior_up
GO_Biological_Process_2021,long-term synaptic potentiation (GO:0060291),1/21,0.7188258186307723,0.9309890293681584,0,0,0.8030742954739539,0.2651239007574193,TSHZ3,anterior_up
GO_Biological_Process_2021,mitotic spindle assembly checkpoint signaling (GO:0007094),1/21,0.7188258186307723,0.9309890293681584,0,0,0.8030742954739539,0.2651239007574193,KNTC1,anterior_up
GO_Biological_Process_2021,mitotic spindle checkpoint signaling (GO:0071174),1/21,0.7188258186307723,0.9309890293681584,0,0,0.8030742954739539,0.2651239007574193,KNTC1,anterior_up
GO_Biological_Process_2021,NAD biosynthetic process (GO:0009435),1/21,0.7188258186307723,0.9309890293681584,0,0,0.8030742954739539,0.2651239007574193,NMNAT3,anterior_up
GO_Biological_Process_2021,negative regulation of ion transmembrane transporter activity (GO:0032413),1/21,0.7188258186307723,0.9309890293681584,0,0,0.8030742954739539,0.2651239007574193,PLN,anterior_up
GO_Biological_Process_2021,negative regulation of protein localization to cell periphery (GO:1904376),1/21,0.7188258186307723,0.9309890293681584,0,0,0.8030742954739539,0.2651239007574193,MRAP,anterior_up
GO_Biological_Process_2021,negative regulation of protein localization to plasma membrane (GO:1903077),1/21,0.7188258186307723,0.9309890293681584,0,0,0.8030742954739539,0.2651239007574193,MRAP,anterior_up
GO_Biological_Process_2021,neuron apoptotic process (GO:0051402),1/21,0.7188258186307723,0.9309890293681584,0,0,0.8030742954739539,0.2651239007574193,TRPC5,anterior_up
GO_Biological_Process_2021,nuclear envelope organization (GO:0006998),1/21,0.7188258186307723,0.9309890293681584,0,0,0.8030742954739539,0.2651239007574193,SUN3,anterior_up
GO_Biological_Process_2021,positive regulation of phosphatase activity (GO:0010922),1/21,0.7188258186307723,0.9309890293681584,0,0,0.8030742954739539,0.2651239007574193,CD300A,anterior_up
GO_Biological_Process_2021,positive regulation of smoothened signaling pathway (GO:0045880),1/21,0.7188258186307723,0.9309890293681584,0,0,0.8030742954739539,0.2651239007574193,EVC,anterior_up
GO_Biological_Process_2021,protein localization to chromatin (GO:0071168),1/21,0.7188258186307723,0.9309890293681584,0,0,0.8030742954739539,0.2651239007574193,ESR1,anterior_up
GO_Biological_Process_2021,regulation of cardiac muscle cell proliferation (GO:0060043),1/21,0.7188258186307723,0.9309890293681584,0,0,0.8030742954739539,0.2651239007574193,ZFPM2,anterior_up
GO_Biological_Process_2021,regulation of cardiac muscle contraction by calcium ion signaling (GO:0010882),1/21,0.7188258186307723,0.9309890293681584,0,0,0.8030742954739539,0.2651239007574193,GSTM2,anterior_up
GO_Biological_Process_2021,regulation of dendritic spine development (GO:0060998),1/21,0.7188258186307723,0.9309890293681584,0,0,0.8030742954739539,0.2651239007574193,GRIN3A,anterior_up
GO_Biological_Process_2021,regulation of fibroblast migration (GO:0010762),1/21,0.7188258186307723,0.9309890293681584,0,0,0.8030742954739539,0.2651239007574193,PRR5L,anterior_up
GO_Biological_Process_2021,regulation of lipid catabolic process (GO:0050994),1/21,0.7188258186307723,0.9309890293681584,0,0,0.8030742954739539,0.2651239007574193,CIDEA,anterior_up
GO_Biological_Process_2021,regulation of lipopolysaccharide-mediated signaling pathway (GO:0031664),1/21,0.7188258186307723,0.9309890293681584,0,0,0.8030742954739539,0.2651239007574193,CD55,anterior_up
GO_Biological_Process_2021,regulation of transcription by RNA polymerase III (GO:0006359),1/21,0.7188258186307723,0.9309890293681584,0,0,0.8030742954739539,0.2651239007574193,CEBPA,anterior_up
GO_Biological_Process_2021,retinol metabolic process (GO:0042572),1/21,0.7188258186307723,0.9309890293681584,0,0,0.8030742954739539,0.2651239007574193,DHRS3,anterior_up
GO_Biological_Process_2021,spindle assembly checkpoint signaling (GO:0071173),1/21,0.7188258186307723,0.9309890293681584,0,0,0.8030742954739539,0.2651239007574193,KNTC1,anterior_up
GO_Biological_Process_2021,zinc ion transport (GO:0006829),1/21,0.7188258186307723,0.9309890293681584,0,0,0.8030742954739539,0.2651239007574193,SLC39A8,anterior_up
GO_Biological_Process_2021,protein autophosphorylation (GO:0046777),8/159,0.7205601945582326,0.9318365041394489,0,0,0.850094444823741,0.2785983253270563,MELK;EPHA8;NEK6;FLT4;KIT;VRK2;MAPK15;FGFR1,anterior_up
GO_Biological_Process_2021,calcium-mediated signaling (GO:0019722),5/102,0.7206052289783483,0.9318365041394489,0,0,0.8273482981298421,0.2710921073697931,P2RX4;PLCE1;ACKR3;MCTP2;TRPM4,anterior_up
GO_Biological_Process_2021,mitotic sister chromatid segregation (GO:0000070),5/102,0.7206052289783483,0.9318365041394489,0,0,0.8273482981298421,0.2710921073697931,PSRC1;SPAG5;KIF14;KIF23;REC8,anterior_up
GO_Biological_Process_2021,positive regulation of cell growth (GO:0030307),5/102,0.7206052289783483,0.9318365041394489,0,0,0.8273482981298421,0.2710921073697931,CPNE9;TGFB2;ISLR2;NTN1;MFSD2A,anterior_up
GO_Biological_Process_2021,monocarboxylic acid biosynthetic process (GO:0072330),3/63,0.7222793978619816,0.9332728725104308,0,0,0.802737382378101,0.2611651786827536,LIPC;LIPG;LPL,anterior_up
GO_Biological_Process_2021,positive regulation of viral process (GO:0048524),3/63,0.7222793978619816,0.9332728725104308,0,0,0.802737382378101,0.2611651786827536,CD28;PPARA;CLEC4G,anterior_up
GO_Biological_Process_2021,positive regulation of plasma membrane bounded cell projection assembly (GO:0120034),4/83,0.7242210916036658,0.934093061570638,0,0,0.8127709380960638,0.2622474989278743,EPS8;OCLN;PLCE1;EPS8L2,anterior_up
GO_Biological_Process_2021,anion transport (GO:0006820),2/43,0.7263289863430661,0.934093061570638,0,0,0.7832812174275589,0.2504559062499248,SLC13A1;SLC26A4,anterior_up
GO_Biological_Process_2021,cellular glucose homeostasis (GO:0001678),2/43,0.7263289863430661,0.934093061570638,0,0,0.7832812174275589,0.2504559062499248,HKDC1;FOXO1,anterior_up
GO_Biological_Process_2021,development of primary male sexual characteristics (GO:0046546),2/43,0.7263289863430661,0.934093061570638,0,0,0.7832812174275589,0.2504559062499248,TGFB2;KIT,anterior_up
GO_Biological_Process_2021,glutathione metabolic process (GO:0006749),2/43,0.7263289863430661,0.934093061570638,0,0,0.7832812174275589,0.2504559062499248,GSTM2;GSTM1,anterior_up
GO_Biological_Process_2021,heart looping (GO:0001947),2/43,0.7263289863430661,0.934093061570638,0,0,0.7832812174275589,0.2504559062499248,DNAAF1;TGFBR2,anterior_up
GO_Biological_Process_2021,lipid modification (GO:0030258),2/43,0.7263289863430661,0.934093061570638,0,0,0.7832812174275589,0.2504559062499248,ALOX12B;SGPP2,anterior_up
GO_Biological_Process_2021,male gonad development (GO:0008584),2/43,0.7263289863430661,0.934093061570638,0,0,0.7832812174275589,0.2504559062499248,TGFB2;KIT,anterior_up
GO_Biological_Process_2021,natural killer cell activation (GO:0030101),2/43,0.7263289863430661,0.934093061570638,0,0,0.7832812174275589,0.2504559062499248,TOX;RASGRP1,anterior_up
GO_Biological_Process_2021,positive regulation of leukocyte mediated cytotoxicity (GO:0001912),2/43,0.7263289863430661,0.934093061570638,0,0,0.7832812174275589,0.2504559062499248,IL12A;RASGRP1,anterior_up
GO_Biological_Process_2021,spermatid development (GO:0007286),2/43,0.7263289863430661,0.934093061570638,0,0,0.7832812174275589,0.2504559062499248,DPY19L2;PLD6,anterior_up
GO_Biological_Process_2021,negative regulation of programmed cell death (GO:0043069),20/381,0.7267722731737603,0.934093061570638,0,0,0.8881098030163127,0.2834332207897056,FANK1;NOTCH2;MGMT;ANXA4;HGF;FLT4;AMIGO2;KIF14;CFLAR;SMAD6;MPO;PRLR;FOXO1;NFKB1;BMP4;CD28;NCKAP1L;MET;NTSR1;BIRC3,anterior_up
GO_Biological_Process_2021,lipid homeostasis (GO:0055088),3/64,0.7321666120820961,0.934093061570638,0,0,0.7895356827328949,0.2461355216432738,CEBPA;LIPG;PPARG,anterior_up
GO_Biological_Process_2021,protein catabolic process (GO:0030163),3/64,0.7321666120820961,0.934093061570638,0,0,0.7895356827328949,0.2461355216432738,MANBA;PRSS16;ADAMTS9,anterior_up
GO_Biological_Process_2021,regulation of innate immune response (GO:0045088),3/64,0.7321666120820961,0.934093061570638,0,0,0.7895356827328949,0.2461355216432738,RNASEL;NMI;BIRC3,anterior_up
GO_Biological_Process_2021,regulation of transcription initiation from RNA polymerase II promoter (GO:0060260),3/64,0.7321666120820961,0.934093061570638,0,0,0.7895356827328949,0.2461355216432738,TCF7L2;HNF1B;NFKB1,anterior_up
GO_Biological_Process_2021,regulation of cytokinesis (GO:0032465),4/84,0.7328774550389904,0.934093061570638,0,0,0.8025684931506849,0.2494196470783771,OPN1MW;KIF14;KIF23;DRD2,anterior_up
GO_Biological_Process_2021,response to insulin (GO:0032868),4/84,0.7328774550389904,0.934093061570638,0,0,0.8025684931506849,0.2494196470783771,TBC1D4;PPARG;INHBB;FOXO1,anterior_up
GO_Biological_Process_2021,cellular response to organic substance (GO:0071310),6/123,0.7338558612770656,0.934093061570638,0,0,0.8229317851959361,0.2546501873879475,RAMP3;ACVR1C;IGFBP5;NOS1;PTPN13;TGFBR2,anterior_up
GO_Biological_Process_2021,regulation of anatomical structure morphogenesis (GO:0022603),6/123,0.7338558612770656,0.934093061570638,0,0,0.8229317851959361,0.2546501873879475,GPNMB;FLT4;KRT1;HMOX1;KNDC1;PDLIM5,anterior_up
GO_Biological_Process_2021,cellular response to nerve growth factor stimulus (GO:1990090),1/22,0.7353198625343267,0.934093061570638,0,0,0.7647919970720995,0.2351350603602339,NTF3,anterior_up
GO_Biological_Process_2021,cellular response to osmotic stress (GO:0071470),1/22,0.7353198625343267,0.934093061570638,0,0,0.7647919970720995,0.2351350603602339,SLC4A11,anterior_up
GO_Biological_Process_2021,exogenous drug catabolic process (GO:0042738),1/22,0.7353198625343267,0.934093061570638,0,0,0.7647919970720995,0.2351350603602339,NOS1,anterior_up
GO_Biological_Process_2021,glutamate metabolic process (GO:0006536),1/22,0.7353198625343267,0.934093061570638,0,0,0.7647919970720995,0.2351350603602339,DGLUCY,anterior_up
GO_Biological_Process_2021,homologous chromosome segregation (GO:0045143),1/22,0.7353198625343267,0.934093061570638,0,0,0.7647919970720995,0.2351350603602339,RNF212B,anterior_up
GO_Biological_Process_2021,lipid droplet organization (GO:0034389),1/22,0.7353198625343267,0.934093061570638,0,0,0.7647919970720995,0.2351350603602339,CIDEA,anterior_up
GO_Biological_Process_2021,membrane protein intracellular domain proteolysis (GO:0031293),1/22,0.7353198625343267,0.934093061570638,0,0,0.7647919970720995,0.2351350603602339,NFKB1,anterior_up
GO_Biological_Process_2021,negative regulation of B cell activation (GO:0050869),1/22,0.7353198625343267,0.934093061570638,0,0,0.7647919970720995,0.2351350603602339,CD300A,anterior_up
GO_Biological_Process_2021,negative regulation of biomineral tissue development (GO:0070168),1/22,0.7353198625343267,0.934093061570638,0,0,0.7647919970720995,0.2351350603602339,TRPM4,anterior_up
GO_Biological_Process_2021,negative regulation of interleukin-2 production (GO:0032703),1/22,0.7353198625343267,0.934093061570638,0,0,0.7647919970720995,0.2351350603602339,CD34,anterior_up
GO_Biological_Process_2021,negative regulation of lymphocyte activation (GO:0051250),1/22,0.7353198625343267,0.934093061570638,0,0,0.7647919970720995,0.2351350603602339,GPNMB,anterior_up
GO_Biological_Process_2021,negative regulation of mitotic metaphase/anaphase transition (GO:0045841),1/22,0.7353198625343267,0.934093061570638,0,0,0.7647919970720995,0.2351350603602339,KNTC1,anterior_up
GO_Biological_Process_2021,negative regulation of phosphate metabolic process (GO:0045936),1/22,0.7353198625343267,0.934093061570638,0,0,0.7647919970720995,0.2351350603602339,BMP4,anterior_up
GO_Biological_Process_2021,organelle fusion (GO:0048284),1/22,0.7353198625343267,0.934093061570638,0,0,0.7647919970720995,0.2351350603602339,PLD6,anterior_up
GO_Biological_Process_2021,phosphatidylserine acyl-chain remodeling (GO:0036150),1/22,0.7353198625343267,0.934093061570638,0,0,0.7647919970720995,0.2351350603602339,OSBPL5,anterior_up
GO_Biological_Process_2021,positive regulation of dendritic spine development (GO:0060999),1/22,0.7353198625343267,0.934093061570638,0,0,0.7647919970720995,0.2351350603602339,RELN,anterior_up
GO_Biological_Process_2021,positive regulation of granulocyte chemotaxis (GO:0071624),1/22,0.7353198625343267,0.934093061570638,0,0,0.7647919970720995,0.2351350603602339,NCKAP1L,anterior_up
GO_Biological_Process_2021,positive regulation of lipid catabolic process (GO:0050996),1/22,0.7353198625343267,0.934093061570638,0,0,0.7647919970720995,0.2351350603602339,PPARA,anterior_up
GO_Biological_Process_2021,positive regulation of neutrophil migration (GO:1902624),1/22,0.7353198625343267,0.934093061570638,0,0,0.7647919970720995,0.2351350603602339,NCKAP1L,anterior_up
GO_Biological_Process_2021,positive regulation of peptidase activity (GO:0010952),1/22,0.7353198625343267,0.934093061570638,0,0,0.7647919970720995,0.2351350603602339,PRSS22,anterior_up
GO_Biological_Process_2021,positive regulation of signal transduction by p53 class mediator (GO:1901798),1/22,0.7353198625343267,0.934093061570638,0,0,0.7647919970720995,0.2351350603602339,HIC1,anterior_up
GO_Biological_Process_2021,regulation of macrophage chemotaxis (GO:0010758),1/22,0.7353198625343267,0.934093061570638,0,0,0.7647919970720995,0.2351350603602339,CSF1,anterior_up
GO_Biological_Process_2021,regulation of response to cytokine stimulus (GO:0060759),1/22,0.7353198625343267,0.934093061570638,0,0,0.7647919970720995,0.2351350603602339,MAVS,anterior_up
GO_Biological_Process_2021,zinc ion transmembrane transport (GO:0071577),1/22,0.7353198625343267,0.934093061570638,0,0,0.7647919970720995,0.2351350603602339,SLC39A8,anterior_up
GO_Biological_Process_2021,hexose biosynthetic process (GO:0019319),2/44,0.7380264168193899,0.935718815584202,0,0,0.7645909645909645,0.2322641248023726,ALDOC;SLC25A13,anterior_up
GO_Biological_Process_2021,intracellular steroid hormone receptor signaling pathway (GO:0030518),2/44,0.7380264168193899,0.935718815584202,0,0,0.7645909645909645,0.2322641248023726,ESR1;ESR2,anterior_up
GO_Biological_Process_2021,metal ion homeostasis (GO:0055065),2/44,0.7380264168193899,0.935718815584202,0,0,0.7645909645909645,0.2322641248023726,CAV1;SLC12A7,anterior_up
GO_Biological_Process_2021,mitotic spindle assembly (GO:0090307),2/44,0.7380264168193899,0.935718815584202,0,0,0.7645909645909645,0.2322641248023726,TOGARAM2;KIF23,anterior_up
GO_Biological_Process_2021,negative regulation of epidermal growth factor receptor signaling pathway (GO:0042059),2/44,0.7380264168193899,0.935718815584202,0,0,0.7645909645909645,0.2322641248023726,BTC;TGFA,anterior_up
GO_Biological_Process_2021,nitrogen compound transport (GO:0071705),7/143,0.7396499271999689,0.935718815584202,0,0,0.8258268114112598,0.2490514261168594,RAMP3;SLC35F3;SLC22A1;SLC7A14;SLC1A5;SLC7A11;SLC7A3,anterior_up
GO_Biological_Process_2021,receptor-mediated endocytosis (GO:0006898),7/143,0.7396499271999689,0.935718815584202,0,0,0.8258268114112598,0.2490514261168594,RAMP3;CAV1;STAB2;ACKR3;MASP1;ADRB2;LDLR,anterior_up
GO_Biological_Process_2021,non-canonical Wnt signaling pathway (GO:0035567),6/124,0.7409051974564855,0.935718815584202,0,0,0.8159141785620839,0.2446784656733252,VANGL1;TCF7L2;FZD5;FZD4;FZD7;CELSR1,anterior_up
GO_Biological_Process_2021,cellular response to lipid (GO:0071396),11/219,0.7427622027807376,0.935718815584202,0,0,0.8481580865301795,0.252224688243016,RAMP3;WNT5B;FZD4;FZD7;LPL;RORB;LBP;SSTR1;WNT2;ESR1;NFKB1,anterior_up
GO_Biological_Process_2021,regulation of JNK cascade (GO:0046328),5/105,0.7438600129903135,0.935718815584202,0,0,0.8023993144815766,0.2374318961010877,GADD45A;FZD7;FLT4;RASGRP1;KLHL31,anterior_up
GO_Biological_Process_2021,negative regulation of cytokine production (GO:0001818),9/182,0.7459052711642856,0.935718815584202,0,0,0.8344723383317014,0.2446311312405364,MAVS;GPNMB;ANXA4;CIDEA;IL12A;NCKAP1L;INHBB;PPARA;CD34,anterior_up
GO_Biological_Process_2021,amino acid transmembrane transport (GO:0003333),2/45,0.749294122120452,0.935718815584202,0,0,0.7467700258397932,0.2155355175544283,SLC7A11;SLC25A13,anterior_up
GO_Biological_Process_2021,cellular response to radiation (GO:0071478),2/45,0.749294122120452,0.935718815584202,0,0,0.7467700258397932,0.2155355175544283,OPN1MW;GADD45A,anterior_up
GO_Biological_Process_2021,negative regulation of T cell activation (GO:0050868),2/45,0.749294122120452,0.935718815584202,0,0,0.7467700258397932,0.2155355175544283,GPNMB;NCKAP1L,anterior_up
GO_Biological_Process_2021,positive regulation of nervous system development (GO:0051962),2/45,0.749294122120452,0.935718815584202,0,0,0.7467700258397932,0.2155355175544283,GRID2;EPHB2,anterior_up
GO_Biological_Process_2021,positive regulation of RNA metabolic process (GO:0051254),2/45,0.749294122120452,0.935718815584202,0,0,0.7467700258397932,0.2155355175544283,BMP4;NFKB1,anterior_up
GO_Biological_Process_2021,regulation of interferon-gamma production (GO:0032649),4/86,0.7495738770070395,0.935718815584202,0,0,0.7829101236217841,0.2256741546607425,FZD5;IL12A;TLR7;RASGRP1,anterior_up
GO_Biological_Process_2021,protein phosphorylation (GO:0006468),26/496,0.7504677979130209,0.935718815584202,0,0,0.8861683561694701,0.2543821912729549,RNASEL;PRAG1;FLT4;RSKR;RELN;ACVR1C;EPHB2;STK32B;CDKL4;TGFB2;EPHA8;NEK6;NEK7;VRK2;MAPK15;TGFBR2;BMP4;MELK;CDK6;LATS2;KIT;NEK10;TSSK6;TLR7;CDKL1;FGFR1,anterior_up
GO_Biological_Process_2021,blood vessel endothelial cell migration (GO:0043534),1/23,0.7508471151063659,0.935718815584202,0,0,0.7299899076158683,0.2091809608093373,ROBO1,anterior_up
GO_Biological_Process_2021,cytoskeleton-dependent intracellular transport (GO:0030705),1/23,0.7508471151063659,0.935718815584202,0,0,0.7299899076158683,0.2091809608093373,CCDC88B,anterior_up
GO_Biological_Process_2021,diacylglycerol metabolic process (GO:0046339),1/23,0.7508471151063659,0.935718815584202,0,0,0.7299899076158683,0.2091809608093373,PLCE1,anterior_up
GO_Biological_Process_2021,"DNA catabolic process, endonucleolytic (GO:0000737)",1/23,0.7508471151063659,0.935718815584202,0,0,0.7299899076158683,0.2091809608093373,DNASE1L3,anterior_up
GO_Biological_Process_2021,DNA methylation (GO:0006306),1/23,0.7508471151063659,0.935718815584202,0,0,0.7299899076158683,0.2091809608093373,DNMT3L,anterior_up
GO_Biological_Process_2021,drug catabolic process (GO:0042737),1/23,0.7508471151063659,0.935718815584202,0,0,0.7299899076158683,0.2091809608093373,NOS1,anterior_up
GO_Biological_Process_2021,ERK1 and ERK2 cascade (GO:0070371),1/23,0.7508471151063659,0.935718815584202,0,0,0.7299899076158683,0.2091809608093373,FGF10,anterior_up
GO_Biological_Process_2021,glucose 6-phosphate metabolic process (GO:0051156),1/23,0.7508471151063659,0.935718815584202,0,0,0.7299899076158683,0.2091809608093373,HKDC1,anterior_up
GO_Biological_Process_2021,membrane protein ectodomain proteolysis (GO:0006509),1/23,0.7508471151063659,0.935718815584202,0,0,0.7299899076158683,0.2091809608093373,BACE2,anterior_up
GO_Biological_Process_2021,negative regulation of extrinsic apoptotic signaling pathway in absence of ligand (GO:2001240),1/23,0.7508471151063659,0.935718815584202,0,0,0.7299899076158683,0.2091809608093373,SNAI2,anterior_up
GO_Biological_Process_2021,negative regulation of GTPase activity (GO:0034260),1/23,0.7508471151063659,0.935718815584202,0,0,0.7299899076158683,0.2091809608093373,RASA4,anterior_up
GO_Biological_Process_2021,negative regulation of reactive oxygen species metabolic process (GO:2000378),1/23,0.7508471151063659,0.935718815584202,0,0,0.7299899076158683,0.2091809608093373,PPARA,anterior_up
GO_Biological_Process_2021,negative regulation of signal transduction in absence of ligand (GO:1901099),1/23,0.7508471151063659,0.935718815584202,0,0,0.7299899076158683,0.2091809608093373,SNAI2,anterior_up
GO_Biological_Process_2021,nucleotide metabolic process (GO:0009117),1/23,0.7508471151063659,0.935718815584202,0,0,0.7299899076158683,0.2091809608093373,NMNAT3,anterior_up
GO_Biological_Process_2021,peptidyl-L-cysteine S-palmitoylation (GO:0018230),1/23,0.7508471151063659,0.935718815584202,0,0,0.7299899076158683,0.2091809608093373,ZDHHC22,anterior_up
GO_Biological_Process_2021,peptidyl-S-diacylglycerol-L-cysteine biosynthetic process from peptidyl-cysteine (GO:0018231),1/23,0.7508471151063659,0.935718815584202,0,0,0.7299899076158683,0.2091809608093373,ZDHHC22,anterior_up
GO_Biological_Process_2021,positive regulation of cell cycle G2/M phase transition (GO:1902751),1/23,0.7508471151063659,0.935718815584202,0,0,0.7299899076158683,0.2091809608093373,RAD51B,anterior_up
GO_Biological_Process_2021,positive regulation of histone acetylation (GO:0035066),1/23,0.7508471151063659,0.935718815584202,0,0,0.7299899076158683,0.2091809608093373,NOS1,anterior_up
GO_Biological_Process_2021,positive regulation of JUN kinase activity (GO:0043507),1/23,0.7508471151063659,0.935718815584202,0,0,0.7299899076158683,0.2091809608093373,TNFRSF11A,anterior_up
GO_Biological_Process_2021,positive regulation of receptor internalization (GO:0002092),1/23,0.7508471151063659,0.935718815584202,0,0,0.7299899076158683,0.2091809608093373,NTF3,anterior_up
GO_Biological_Process_2021,regulation of calcium ion transmembrane transport (GO:1903169),1/23,0.7508471151063659,0.935718815584202,0,0,0.7299899076158683,0.2091809608093373,NOS1,anterior_up
GO_Biological_Process_2021,regulation of interferon-gamma-mediated signaling pathway (GO:0060334),1/23,0.7508471151063659,0.935718815584202,0,0,0.7299899076158683,0.2091809608093373,PPARG,anterior_up
GO_Biological_Process_2021,regulation of interleukin-4 production (GO:0032673),1/23,0.7508471151063659,0.935718815584202,0,0,0.7299899076158683,0.2091809608093373,CD28,anterior_up
GO_Biological_Process_2021,regulation of mononuclear cell migration (GO:0071675),1/23,0.7508471151063659,0.935718815584202,0,0,0.7299899076158683,0.2091809608093373,CSF1,anterior_up
GO_Biological_Process_2021,regulation of release of sequestered calcium ion into cytosol by sarcoplasmic reticulum (GO:0010880),1/23,0.7508471151063659,0.935718815584202,0,0,0.7299899076158683,0.2091809608093373,GSTM2,anterior_up
GO_Biological_Process_2021,regulation of toll-like receptor 4 signaling pathway (GO:0034143),1/23,0.7508471151063659,0.935718815584202,0,0,0.7299899076158683,0.2091809608093373,LBP,anterior_up
GO_Biological_Process_2021,response to nutrient levels (GO:0031667),1/23,0.7508471151063659,0.935718815584202,0,0,0.7299899076158683,0.2091809608093373,FAM107A,anterior_up
GO_Biological_Process_2021,vesicle transport along microtubule (GO:0047496),1/23,0.7508471151063659,0.935718815584202,0,0,0.7299899076158683,0.2091809608093373,HAP1,anterior_up
GO_Biological_Process_2021,cell-cell junction assembly (GO:0007043),3/66,0.7511057132320097,0.935718815584202,0,0,0.7643895881705975,0.2187750831996722,PKP2;CDH18;CDH7,anterior_up
GO_Biological_Process_2021,ERBB signaling pathway (GO:0038127),3/66,0.7511057132320097,0.935718815584202,0,0,0.7643895881705975,0.2187750831996722,BTC;PLCE1;TGFA,anterior_up
GO_Biological_Process_2021,positive regulation of cell cycle (GO:0045787),3/66,0.7511057132320097,0.935718815584202,0,0,0.7643895881705975,0.2187750831996722,SMOC2;TGFB2;PSRC1,anterior_up
GO_Biological_Process_2021,positive regulation of cell death (GO:0010942),3/66,0.7511057132320097,0.935718815584202,0,0,0.7643895881705975,0.2187750831996722,BMP4;RAMP3;CALCR,anterior_up
GO_Biological_Process_2021,positive regulation of T cell proliferation (GO:0042102),3/66,0.7511057132320097,0.935718815584202,0,0,0.7643895881705975,0.2187750831996722,CCDC88B;CD28;NCKAP1L,anterior_up
GO_Biological_Process_2021,peptidyl-lysine modification (GO:0018205),5/106,0.7512864622559546,0.935718815584202,0,0,0.7944123461189306,0.2271767154378437,RNF212B;CTH;NNAT;PLOD2;TRPM4,anterior_up
GO_Biological_Process_2021,erythrocyte differentiation (GO:0030218),2/46,0.7601422488297644,0.9434460156325624,0,0,0.7297591297591297,0.2001362178133655,KIT;NCKAP1L,anterior_up
GO_Biological_Process_2021,interleukin-12-mediated signaling pathway (GO:0035722),2/46,0.7601422488297644,0.9434460156325624,0,0,0.7297591297591297,0.2001362178133655,IL12A;LCP1,anterior_up
GO_Biological_Process_2021,positive regulation of organelle assembly (GO:1902117),2/46,0.7601422488297644,0.9434460156325624,0,0,0.7297591297591297,0.2001362178133655,SPAG5;LCP1,anterior_up
GO_Biological_Process_2021,positive regulation of response to stimulus (GO:0048584),2/46,0.7601422488297644,0.9434460156325624,0,0,0.7297591297591297,0.2001362178133655,TGFB2;MAVS,anterior_up
GO_Biological_Process_2021,regulation of telomerase activity (GO:0051972),2/46,0.7601422488297644,0.9434460156325624,0,0,0.7297591297591297,0.2001362178133655,NEK7;MAPK15,anterior_up
GO_Biological_Process_2021,vesicle organization (GO:0016050),2/46,0.7601422488297644,0.9434460156325624,0,0,0.7297591297591297,0.2001362178133655,CAV1;CD34,anterior_up
GO_Biological_Process_2021,membrane organization (GO:0061024),12/242,0.7643019227800959,0.9434460156325624,0,0,0.8364917541229385,0.2248426102745974,BTC;VAMP8;CHRM2;SUN3;SYNGR2;FZD4;TTPA;TRIP10;TGFA;STON2;ADRB2;LDLR,anterior_up
GO_Biological_Process_2021,canonical glycolysis (GO:0061621),1/24,0.765464198617666,0.9434460156325624,0,0,0.698214086808005,0.1866136574426713,ALDOC,anterior_up
GO_Biological_Process_2021,cardiac muscle cell development (GO:0055013),1/24,0.765464198617666,0.9434460156325624,0,0,0.698214086808005,0.1866136574426713,PDLIM5,anterior_up
GO_Biological_Process_2021,establishment of mitotic spindle orientation (GO:0000132),1/24,0.765464198617666,0.9434460156325624,0,0,0.698214086808005,0.1866136574426713,CENPA,anterior_up
GO_Biological_Process_2021,glucose catabolic process to pyruvate (GO:0061718),1/24,0.765464198617666,0.9434460156325624,0,0,0.698214086808005,0.1866136574426713,ALDOC,anterior_up
GO_Biological_Process_2021,lipid translocation (GO:0034204),1/24,0.765464198617666,0.9434460156325624,0,0,0.698214086808005,0.1866136574426713,ATP8B1,anterior_up
GO_Biological_Process_2021,lymphocyte activation involved in immune response (GO:0002285),1/24,0.765464198617666,0.9434460156325624,0,0,0.698214086808005,0.1866136574426713,LCP1,anterior_up
GO_Biological_Process_2021,negative regulation of neuron differentiation (GO:0045665),1/24,0.765464198617666,0.9434460156325624,0,0,0.698214086808005,0.1866136574426713,HES1,anterior_up
GO_Biological_Process_2021,negative regulation of NIK/NF-kappaB signaling (GO:1901223),1/24,0.765464198617666,0.9434460156325624,0,0,0.698214086808005,0.1866136574426713,NMI,anterior_up
GO_Biological_Process_2021,negative regulation of protein tyrosine kinase activity (GO:0061099),1/24,0.765464198617666,0.9434460156325624,0,0,0.698214086808005,0.1866136574426713,CAV1,anterior_up
GO_Biological_Process_2021,phospholipid catabolic process (GO:0009395),1/24,0.765464198617666,0.9434460156325624,0,0,0.698214086808005,0.1866136574426713,LIPG,anterior_up
GO_Biological_Process_2021,positive regulation of carbohydrate metabolic process (GO:0045913),1/24,0.765464198617666,0.9434460156325624,0,0,0.698214086808005,0.1866136574426713,NFKB1,anterior_up
GO_Biological_Process_2021,positive regulation of cell-substrate junction organization (GO:0150117),1/24,0.765464198617666,0.9434460156325624,0,0,0.698214086808005,0.1866136574426713,COL16A1,anterior_up
GO_Biological_Process_2021,positive regulation of p38MAPK cascade (GO:1900745),1/24,0.765464198617666,0.9434460156325624,0,0,0.698214086808005,0.1866136574426713,GADD45A,anterior_up
GO_Biological_Process_2021,positive regulation of transcription from RNA polymerase II promoter in response to stress (GO:0036003),1/24,0.765464198617666,0.9434460156325624,0,0,0.698214086808005,0.1866136574426713,CREB3L1,anterior_up
GO_Biological_Process_2021,positive regulation of viral life cycle (GO:1903902),1/24,0.765464198617666,0.9434460156325624,0,0,0.698214086808005,0.1866136574426713,CLEC4G,anterior_up
GO_Biological_Process_2021,potassium ion homeostasis (GO:0055075),1/24,0.765464198617666,0.9434460156325624,0,0,0.698214086808005,0.1866136574426713,SLC12A7,anterior_up
GO_Biological_Process_2021,protein insertion into mitochondrial membrane (GO:0051204),1/24,0.765464198617666,0.9434460156325624,0,0,0.698214086808005,0.1866136574426713,BCL2L11,anterior_up
GO_Biological_Process_2021,regulation of cardiac muscle hypertrophy (GO:0010611),1/24,0.765464198617666,0.9434460156325624,0,0,0.698214086808005,0.1866136574426713,P2RX4,anterior_up
GO_Biological_Process_2021,regulation of cell size (GO:0008361),1/24,0.765464198617666,0.9434460156325624,0,0,0.698214086808005,0.1866136574426713,VAV2,anterior_up
GO_Biological_Process_2021,regulation of vascular endothelial growth factor receptor signaling pathway (GO:0030947),1/24,0.765464198617666,0.9434460156325624,0,0,0.698214086808005,0.1866136574426713,TMEM204,anterior_up
GO_Biological_Process_2021,"wound healing, spreading of cells (GO:0044319)",1/24,0.765464198617666,0.9434460156325624,0,0,0.698214086808005,0.1866136574426713,LCP1,anterior_up
GO_Biological_Process_2021,negative regulation of nucleic acid-templated transcription (GO:1903507),24/464,0.7658501350566814,0.943570657286272,0,0,0.8736775419702248,0.2330698871995336,CEBPA;TCF7L2;JUN;CTBP2;TSHZ3;ATP8B1;ZBTB16;SFMBT2;TWIST2;PBXIP1;RORB;FOXP2;FOXO1;ELK3;DKK3;BMP4;DNMT3L;ZEB1;DACH1;CREB3L1;DPF3;PPARG;HES1;ZFPM2,anterior_up
GO_Biological_Process_2021,regulation of myeloid cell differentiation (GO:0045637),3/68,0.7689542117820755,0.9469345761014784,0,0,0.7407909455813647,0.1946234520797905,CDK6;ZBTB16;ITGA2B,anterior_up
GO_Biological_Process_2021,determination of heart left/right asymmetry (GO:0061371),2/47,0.7705812306578889,0.9469345761014784,0,0,0.7135042735042735,0.18594649418461,DNAAF1;TGFBR2,anterior_up
GO_Biological_Process_2021,negative regulation of cold-induced thermogenesis (GO:0120163),2/47,0.7705812306578889,0.9469345761014784,0,0,0.7135042735042735,0.18594649418461,NPR3;CIDEA,anterior_up
GO_Biological_Process_2021,positive regulation of neuron death (GO:1901216),2/47,0.7705812306578889,0.9469345761014784,0,0,0.7135042735042735,0.18594649418461,EPHA7;TGFB2,anterior_up
GO_Biological_Process_2021,regulation of cellular metabolic process (GO:0031323),2/47,0.7705812306578889,0.9469345761014784,0,0,0.7135042735042735,0.18594649418461,PPARA;ACACB,anterior_up
GO_Biological_Process_2021,regulation of protein localization to nucleus (GO:1900180),2/47,0.7705812306578889,0.9469345761014784,0,0,0.7135042735042735,0.18594649418461,BMP4;LATS2,anterior_up
GO_Biological_Process_2021,regulation of T cell activation (GO:0050863),2/47,0.7705812306578889,0.9469345761014784,0,0,0.7135042735042735,0.18594649418461,CCDC88B;GPNMB,anterior_up
GO_Biological_Process_2021,positive regulation of intracellular protein transport (GO:0090316),7/148,0.7709172139947289,0.9469961920521084,0,0,0.7963291023650808,0.2071843556516375,TCF7L2;MAVS;FZD5;ABLIM3;ZIC1;PRR5L;RAPGEF3,anterior_up
GO_Biological_Process_2021,regulation of endothelial cell migration (GO:0010594),4/89,0.7731002415610846,0.9487159789954692,0,0,0.755157131345689,0.1943370901608093,BMP4;SMOC2;FLT4;ADAMTS9,anterior_up
GO_Biological_Process_2021,transforming growth factor beta receptor signaling pathway (GO:0007179),4/89,0.7731002415610846,0.9487159789954692,0,0,0.755157131345689,0.1943370901608093,JUN;TGFB2;SMAD6;TGFBR2,anterior_up
GO_Biological_Process_2021,positive regulation of hydrolase activity (GO:0051345),7/149,0.7768275211060686,0.9487159789954692,0,0,0.7906788369703198,0.199675609120334,DOCK8;RGS16;ITGA6;RGS8;PRSS22;RASGRP1;RAPGEF3,anterior_up
GO_Biological_Process_2021,cellular response to decreased oxygen levels (GO:0036294),3/69,0.7774792403166532,0.9487159789954692,0,0,0.7295279570728672,0.1836209727458729,OPRD1;HMOX1;NDRG1,anterior_up
GO_Biological_Process_2021,positive regulation of protein transport (GO:0051222),3/69,0.7774792403166532,0.9487159789954692,0,0,0.7295279570728672,0.1836209727458729,TGFB2;PRR5L;EXPH5,anterior_up
GO_Biological_Process_2021,cAMP-mediated signaling (GO:0019933),1/25,0.7792244221302582,0.9487159789954692,0,0,0.6690862510674637,0.1669077033431118,RAPGEF3,anterior_up
GO_Biological_Process_2021,cellular polysaccharide biosynthetic process (GO:0033692),1/25,0.7792244221302582,0.9487159789954692,0,0,0.6690862510674637,0.1669077033431118,B3GALT2,anterior_up
GO_Biological_Process_2021,cellular response to hexose stimulus (GO:0071331),1/25,0.7792244221302582,0.9487159789954692,0,0,0.6690862510674637,0.1669077033431118,SLC2A5,anterior_up
GO_Biological_Process_2021,divalent inorganic cation homeostasis (GO:0072507),1/25,0.7792244221302582,0.9487159789954692,0,0,0.6690862510674637,0.1669077033431118,CAV1,anterior_up
GO_Biological_Process_2021,fat-soluble vitamin metabolic process (GO:0006775),1/25,0.7792244221302582,0.9487159789954692,0,0,0.6690862510674637,0.1669077033431118,TTPA,anterior_up
GO_Biological_Process_2021,glycolytic process through glucose-6-phosphate (GO:0061620),1/25,0.7792244221302582,0.9487159789954692,0,0,0.6690862510674637,0.1669077033431118,ALDOC,anterior_up
GO_Biological_Process_2021,negative regulation of actin filament polymerization (GO:0030837),1/25,0.7792244221302582,0.9487159789954692,0,0,0.6690862510674637,0.1669077033431118,KANK4,anterior_up
GO_Biological_Process_2021,negative regulation of antigen receptor-mediated signaling pathway (GO:0050858),1/25,0.7792244221302582,0.9487159789954692,0,0,0.6690862510674637,0.1669077033431118,CD300A,anterior_up
GO_Biological_Process_2021,negative regulation of cellular carbohydrate metabolic process (GO:0010677),1/25,0.7792244221302582,0.9487159789954692,0,0,0.6690862510674637,0.1669077033431118,PPARA,anterior_up
GO_Biological_Process_2021,negative regulation of response to endoplasmic reticulum stress (GO:1903573),1/25,0.7792244221302582,0.9487159789954692,0,0,0.6690862510674637,0.1669077033431118,CREB3L1,anterior_up
GO_Biological_Process_2021,peripheral nervous system development (GO:0007422),1/25,0.7792244221302582,0.9487159789954692,0,0,0.6690862510674637,0.1669077033431118,NTF3,anterior_up
GO_Biological_Process_2021,positive regulation of ERBB signaling pathway (GO:1901186),1/25,0.7792244221302582,0.9487159789954692,0,0,0.6690862510674637,0.1669077033431118,HAP1,anterior_up
GO_Biological_Process_2021,regulation of heterotypic cell-cell adhesion (GO:0034114),1/25,0.7792244221302582,0.9487159789954692,0,0,0.6690862510674637,0.1669077033431118,MBP,anterior_up
GO_Biological_Process_2021,regulation of neutrophil chemotaxis (GO:0090022),1/25,0.7792244221302582,0.9487159789954692,0,0,0.6690862510674637,0.1669077033431118,NCKAP1L,anterior_up
GO_Biological_Process_2021,regulation of spindle assembly (GO:0090169),1/25,0.7792244221302582,0.9487159789954692,0,0,0.6690862510674637,0.1669077033431118,SPAG5,anterior_up
GO_Biological_Process_2021,positive regulation of canonical Wnt signaling pathway (GO:0090263),6/130,0.7803857040549182,0.9487159789954692,0,0,0.7761854700381785,0.1924683740207202,SEMA5A;CAV1;GPC3;NFKB1;TRPM4;FGF10,anterior_up
GO_Biological_Process_2021,regulation of response to external stimulus (GO:0032101),6/130,0.7803857040549182,0.9487159789954692,0,0,0.7761854700381785,0.1924683740207202,P2RX4;CAV1;EPHB2;MGLL;CD55;BIRC3,anterior_up
GO_Biological_Process_2021,cellular response to interleukin-12 (GO:0071349),2/48,0.7806217201151974,0.9487159789954692,0,0,0.6979561501300632,0.1728590305475363,IL12A;LCP1,anterior_up
GO_Biological_Process_2021,negative regulation of MAP kinase activity (GO:0043407),2/48,0.7806217201151974,0.9487159789954692,0,0,0.6979561501300632,0.1728590305475363,BMP4;CD300A,anterior_up
GO_Biological_Process_2021,phosphatidic acid biosynthetic process (GO:0006654),2/48,0.7806217201151974,0.9487159789954692,0,0,0.6979561501300632,0.1728590305475363,GPAT3;PLD6,anterior_up
GO_Biological_Process_2021,positive regulation of DNA repair (GO:0045739),2/48,0.7806217201151974,0.9487159789954692,0,0,0.6979561501300632,0.1728590305475363,MGMT;FGF10,anterior_up
GO_Biological_Process_2021,positive regulation of endocytosis (GO:0045807),2/48,0.7806217201151974,0.9487159789954692,0,0,0.6979561501300632,0.1728590305475363,GPC3;NCKAP1L,anterior_up
GO_Biological_Process_2021,purine ribonucleotide biosynthetic process (GO:0009152),2/48,0.7806217201151974,0.9487159789954692,0,0,0.6979561501300632,0.1728590305475363,GUCY2C;ADCY10,anterior_up
GO_Biological_Process_2021,regulation of interleukin-2 production (GO:0032663),2/48,0.7806217201151974,0.9487159789954692,0,0,0.6979561501300632,0.1728590305475363,CD28;CD34,anterior_up
GO_Biological_Process_2021,defense response to Gram-positive bacterium (GO:0050830),3/70,0.7857438079045251,0.9526263627981894,0,0,0.7186011771765637,0.1732723379235219,STAB2;IL12A;LBP,anterior_up
GO_Biological_Process_2021,negative regulation of viral process (GO:0048525),3/70,0.7857438079045251,0.9526263627981894,0,0,0.7186011771765637,0.1732723379235219,FAM111A;RNASEL;MAVS,anterior_up
GO_Biological_Process_2021,Fc-epsilon receptor signaling pathway (GO:0038095),5/111,0.7860161575226162,0.9526263627981894,0,0,0.7567379670498456,0.1822058013492254,JUN;NFATC2;LCP2;NFKB1;VAV2,anterior_up
GO_Biological_Process_2021,regulation of protein serine/threonine kinase activity (GO:0071900),5/111,0.7860161575226162,0.9526263627981894,0,0,0.7567379670498456,0.1822058013492254,FGF16;CCNA1;GADD45A;ADRB2;PPEF2,anterior_up
GO_Biological_Process_2021,regulation of stem cell differentiation (GO:2000736),4/91,0.7877945479149403,0.9526263627981894,0,0,0.7377184695323571,0.1759590963774524,JAG1;TCF15;SLC4A11;HES1,anterior_up
GO_Biological_Process_2021,cellular defense response (GO:0006968),2/49,0.7902745270887627,0.9526263627981894,0,0,0.6830696490270959,0.1607774443505499,LSP1;LBP,anterior_up
GO_Biological_Process_2021,mitotic cytokinesis (GO:0000281),2/49,0.7902745270887627,0.9526263627981894,0,0,0.6830696490270959,0.1607774443505499,KIF23;CENPA,anterior_up
GO_Biological_Process_2021,negative regulation of catabolic process (GO:0009895),2/49,0.7902745270887627,0.9526263627981894,0,0,0.6830696490270959,0.1607774443505499,CIDEA;PPARA,anterior_up
GO_Biological_Process_2021,negative regulation of cell projection organization (GO:0031345),2/49,0.7902745270887627,0.9526263627981894,0,0,0.6830696490270959,0.1607774443505499,PRAG1;LPAR1,anterior_up
GO_Biological_Process_2021,positive regulation of actin filament polymerization (GO:0030838),2/49,0.7902745270887627,0.9526263627981894,0,0,0.6830696490270959,0.1607774443505499,CARMIL1;NCKAP1L,anterior_up
GO_Biological_Process_2021,regulation of cellular localization (GO:0060341),2/49,0.7902745270887627,0.9526263627981894,0,0,0.6830696490270959,0.1607774443505499,SPAG5;ABCA12,anterior_up
GO_Biological_Process_2021,regulation of cellular protein metabolic process (GO:0032268),2/49,0.7902745270887627,0.9526263627981894,0,0,0.6830696490270959,0.1607774443505499,CSF1;NFKB1,anterior_up
GO_Biological_Process_2021,regulation of interferon-beta production (GO:0032648),2/49,0.7902745270887627,0.9526263627981894,0,0,0.6830696490270959,0.1607774443505499,MAVS;TLR7,anterior_up
GO_Biological_Process_2021,response to glucose (GO:0009749),2/49,0.7902745270887627,0.9526263627981894,0,0,0.6830696490270959,0.1607774443505499,TCF7L2;LPL,anterior_up
GO_Biological_Process_2021,negative regulation of protein localization to membrane (GO:1905476),1/26,0.7921779744971361,0.9526263627981894,0,0,0.6422886421861657,0.1496334693011244,MRAP,anterior_up
GO_Biological_Process_2021,negative regulation of proteolysis involved in cellular protein catabolic process (GO:1903051),1/26,0.7921779744971361,0.9526263627981894,0,0,0.6422886421861657,0.1496334693011244,EFNA1,anterior_up
GO_Biological_Process_2021,positive regulation of G1/S transition of mitotic cell cycle (GO:1900087),1/26,0.7921779744971361,0.9526263627981894,0,0,0.6422886421861657,0.1496334693011244,FGF10,anterior_up
GO_Biological_Process_2021,positive regulation of glucose import (GO:0046326),1/26,0.7921779744971361,0.9526263627981894,0,0,0.6422886421861657,0.1496334693011244,OCLN,anterior_up
GO_Biological_Process_2021,positive regulation of histone methylation (GO:0031062),1/26,0.7921779744971361,0.9526263627981894,0,0,0.6422886421861657,0.1496334693011244,PHF19,anterior_up
GO_Biological_Process_2021,positive regulation of interleukin-2 production (GO:0032743),1/26,0.7921779744971361,0.9526263627981894,0,0,0.6422886421861657,0.1496334693011244,CD28,anterior_up
GO_Biological_Process_2021,positive regulation of ion transmembrane transporter activity (GO:0032414),1/26,0.7921779744971361,0.9526263627981894,0,0,0.6422886421861657,0.1496334693011244,TRPC6,anterior_up
GO_Biological_Process_2021,positive regulation of T cell mediated cytotoxicity (GO:0001916),1/26,0.7921779744971361,0.9526263627981894,0,0,0.6422886421861657,0.1496334693011244,IL12A,anterior_up
GO_Biological_Process_2021,purine-containing compound biosynthetic process (GO:0072522),1/26,0.7921779744971361,0.9526263627981894,0,0,0.6422886421861657,0.1496334693011244,ADA,anterior_up
GO_Biological_Process_2021,regulation of mitotic metaphase/anaphase transition (GO:0030071),1/26,0.7921779744971361,0.9526263627981894,0,0,0.6422886421861657,0.1496334693011244,NEK6,anterior_up
GO_Biological_Process_2021,regulation of monocyte chemotaxis (GO:0090025),1/26,0.7921779744971361,0.9526263627981894,0,0,0.6422886421861657,0.1496334693011244,CXCL12,anterior_up
GO_Biological_Process_2021,regulation of potassium ion transmembrane transporter activity (GO:1901016),1/26,0.7921779744971361,0.9526263627981894,0,0,0.6422886421861657,0.1496334693011244,KCNAB1,anterior_up
GO_Biological_Process_2021,regulation of regulatory T cell differentiation (GO:0045589),1/26,0.7921779744971361,0.9526263627981894,0,0,0.6422886421861657,0.1496334693011244,NFATC2,anterior_up
GO_Biological_Process_2021,regulation of viral life cycle (GO:1903900),1/26,0.7921779744971361,0.9526263627981894,0,0,0.6422886421861657,0.1496334693011244,CLEC4G,anterior_up
GO_Biological_Process_2021,TOR signaling (GO:0031929),1/26,0.7921779744971361,0.9526263627981894,0,0,0.6422886421861657,0.1496334693011244,PRR5L,anterior_up
GO_Biological_Process_2021,phosphatidylinositol metabolic process (GO:0046488),5/112,0.7924897165829005,0.952655453932928,0,0,0.7496256076368034,0.1743447373422612,INPP4B;PLEKHA2;INPPL1;PIK3C2G;PTPN13,anterior_up
GO_Biological_Process_2021,fatty acid biosynthetic process (GO:0006633),3/71,0.7937524320373202,0.9538272786868488,0,0,0.7079957731595632,0.1635354583444056,LIPC;LIPG;LPL,anterior_up
GO_Biological_Process_2021,negative regulation of mitotic cell cycle phase transition (GO:1901991),4/92,0.7948514935537716,0.954801667202192,0,0,0.7292963885429639,0.1674464379289938,CDK6;GPNMB;FAM107A;MYO16,anterior_up
GO_Biological_Process_2021,sulfur compound biosynthetic process (GO:0044272),5/113,0.7988091083911678,0.9587082947995712,0,0,0.742644958583262,0.1668227691439177,CHST9;GSTM2;GSTM1;CTH;CHST5,anterior_up
GO_Biological_Process_2021,dephosphorylation (GO:0016311),7/153,0.7993405183033131,0.9587082947995712,0,0,0.768851784349462,0.1721983835758005,PTPRU;PTPRZ1;PXYLP1;PTPN13;THNSL2;PPEF2;SGPP2,anterior_up
GO_Biological_Process_2021,actin polymerization or depolymerization (GO:0008154),2/50,0.7995505639997631,0.9587082947995712,0,0,0.6688034188034188,0.1496150060010243,PSTPIP1;FAM107A,anterior_up
GO_Biological_Process_2021,negative regulation of ERK1 and ERK2 cascade (GO:0070373),2/50,0.7995505639997631,0.9587082947995712,0,0,0.6688034188034188,0.1496150060010243,FBLN1;EPHB2,anterior_up
GO_Biological_Process_2021,phosphatidic acid metabolic process (GO:0046473),2/50,0.7995505639997631,0.9587082947995712,0,0,0.6688034188034188,0.1496150060010243,GPAT3;PLD6,anterior_up
GO_Biological_Process_2021,acute inflammatory response (GO:0002526),1/27,0.8043721075091617,0.9589365930830704,0,0,0.6175523878341983,0.1344370151224405,LBP,anterior_up
GO_Biological_Process_2021,cellular response to cadmium ion (GO:0071276),1/27,0.8043721075091617,0.9589365930830704,0,0,0.6175523878341983,0.1344370151224405,JUN,anterior_up
GO_Biological_Process_2021,cytoplasmic pattern recognition receptor signaling pathway (GO:0002753),1/27,0.8043721075091617,0.9589365930830704,0,0,0.6175523878341983,0.1344370151224405,ALPK1,anterior_up
GO_Biological_Process_2021,dendritic spine organization (GO:0097061),1/27,0.8043721075091617,0.9589365930830704,0,0,0.6175523878341983,0.1344370151224405,EPHB2,anterior_up
GO_Biological_Process_2021,entrainment of circadian clock by photoperiod (GO:0043153),1/27,0.8043721075091617,0.9589365930830704,0,0,0.6175523878341983,0.1344370151224405,PER3,anterior_up
GO_Biological_Process_2021,negative regulation of endothelial cell apoptotic process (GO:2000352),1/27,0.8043721075091617,0.9589365930830704,0,0,0.6175523878341983,0.1344370151224405,SEMA5A,anterior_up
GO_Biological_Process_2021,negative regulation of insulin receptor signaling pathway (GO:0046627),1/27,0.8043721075091617,0.9589365930830704,0,0,0.6175523878341983,0.1344370151224405,TNS2,anterior_up
GO_Biological_Process_2021,negative regulation of protein polymerization (GO:0032272),1/27,0.8043721075091617,0.9589365930830704,0,0,0.6175523878341983,0.1344370151224405,KANK4,anterior_up
GO_Biological_Process_2021,nucleobase-containing small molecule interconversion (GO:0015949),1/27,0.8043721075091617,0.9589365930830704,0,0,0.6175523878341983,0.1344370151224405,AK9,anterior_up
GO_Biological_Process_2021,peptide hormone secretion (GO:0030072),1/27,0.8043721075091617,0.9589365930830704,0,0,0.6175523878341983,0.1344370151224405,GHRH,anterior_up
GO_Biological_Process_2021,positive regulation of BMP signaling pathway (GO:0030513),1/27,0.8043721075091617,0.9589365930830704,0,0,0.6175523878341983,0.1344370151224405,BMP4,anterior_up
GO_Biological_Process_2021,positive regulation of cellular component movement (GO:0051272),1/27,0.8043721075091617,0.9589365930830704,0,0,0.6175523878341983,0.1344370151224405,NTN1,anterior_up
GO_Biological_Process_2021,positive regulation of erythrocyte differentiation (GO:0045648),1/27,0.8043721075091617,0.9589365930830704,0,0,0.6175523878341983,0.1344370151224405,NCKAP1L,anterior_up
GO_Biological_Process_2021,positive regulation of gene silencing by miRNA (GO:2000637),1/27,0.8043721075091617,0.9589365930830704,0,0,0.6175523878341983,0.1344370151224405,BMP4,anterior_up
GO_Biological_Process_2021,presynaptic endocytosis (GO:0140238),1/27,0.8043721075091617,0.9589365930830704,0,0,0.6175523878341983,0.1344370151224405,STON2,anterior_up
GO_Biological_Process_2021,stress-activated protein kinase signaling cascade (GO:0031098),1/27,0.8043721075091617,0.9589365930830704,0,0,0.6175523878341983,0.1344370151224405,NFKB1,anterior_up
GO_Biological_Process_2021,gonad development (GO:0008406),2/51,0.8084607963998679,0.9608713772365134,0,0,0.6551194836909122,0.1392935292311017,TGFB2;KIT,anterior_up
GO_Biological_Process_2021,intrinsic apoptotic signaling pathway in response to DNA damage (GO:0008630),2/51,0.8084607963998679,0.9608713772365134,0,0,0.6551194836909122,0.1392935292311017,BCL2L11;HIC1,anterior_up
GO_Biological_Process_2021,regulation of axonogenesis (GO:0050770),2/51,0.8084607963998679,0.9608713772365134,0,0,0.6551194836909122,0.1392935292311017,LRP4;ROBO1,anterior_up
GO_Biological_Process_2021,regulation of programmed cell death (GO:0043067),9/194,0.808490532775548,0.9608713772365134,0,0,0.7798424391717599,0.1657838262515342,FANK1;TOX3;BCL2L11;AMIGO2;NTF3;CIDEA;OLFM4;NDRG1;BIRC3,anterior_up
GO_Biological_Process_2021,organic substance transport (GO:0071702),6/136,0.8151464625834974,0.9608713772365134,0,0,0.7401240269164797,0.1512720797127664,RAMP3;SLC35F3;SLCO2A1;SLC22A1;ABCA12;MFSD2A,anterior_up
GO_Biological_Process_2021,calcium ion import (GO:0070509),1/28,0.815851307239937,0.9608713772365134,0,0,0.5946484486194136,0.1210247326259012,CASR,anterior_up
GO_Biological_Process_2021,cellular response to acid chemical (GO:0071229),1/28,0.815851307239937,0.9608713772365134,0,0,0.5946484486194136,0.1210247326259012,GLRA2,anterior_up
GO_Biological_Process_2021,cellular response to epidermal growth factor stimulus (GO:0071364),1/28,0.815851307239937,0.9608713772365134,0,0,0.5946484486194136,0.1210247326259012,SNAI2,anterior_up
GO_Biological_Process_2021,cellular zinc ion homeostasis (GO:0006882),1/28,0.815851307239937,0.9608713772365134,0,0,0.5946484486194136,0.1210247326259012,SLC39A8,anterior_up
GO_Biological_Process_2021,cytosolic calcium ion transport (GO:0060401),1/28,0.815851307239937,0.9608713772365134,0,0,0.5946484486194136,0.1210247326259012,ADRA1A,anterior_up
GO_Biological_Process_2021,glycerophospholipid catabolic process (GO:0046475),1/28,0.815851307239937,0.9608713772365134,0,0,0.5946484486194136,0.1210247326259012,LIPC,anterior_up
GO_Biological_Process_2021,keratan sulfate biosynthetic process (GO:0018146),1/28,0.815851307239937,0.9608713772365134,0,0,0.5946484486194136,0.1210247326259012,CHST5,anterior_up
GO_Biological_Process_2021,macromolecule catabolic process (GO:0009057),1/28,0.815851307239937,0.9608713772365134,0,0,0.5946484486194136,0.1210247326259012,PRSS16,anterior_up
GO_Biological_Process_2021,negative regulation of axonogenesis (GO:0050771),1/28,0.815851307239937,0.9608713772365134,0,0,0.5946484486194136,0.1210247326259012,LRP4,anterior_up
GO_Biological_Process_2021,negative regulation of cellular response to insulin stimulus (GO:1900077),1/28,0.815851307239937,0.9608713772365134,0,0,0.5946484486194136,0.1210247326259012,TNS2,anterior_up
GO_Biological_Process_2021,neutral amino acid transport (GO:0015804),1/28,0.815851307239937,0.9608713772365134,0,0,0.5946484486194136,0.1210247326259012,SLC1A5,anterior_up
GO_Biological_Process_2021,nucleotide-binding oligomerization domain containing signaling pathway (GO:0070423),1/28,0.815851307239937,0.9608713772365134,0,0,0.5946484486194136,0.1210247326259012,INAVA,anterior_up
GO_Biological_Process_2021,photoperiodism (GO:0009648),1/28,0.815851307239937,0.9608713772365134,0,0,0.5946484486194136,0.1210247326259012,PER3,anterior_up
GO_Biological_Process_2021,positive regulation of cell communication (GO:0010647),1/28,0.815851307239937,0.9608713772365134,0,0,0.5946484486194136,0.1210247326259012,RIMS3,anterior_up
GO_Biological_Process_2021,positive regulation of defense response to virus by host (GO:0002230),1/28,0.815851307239937,0.9608713772365134,0,0,0.5946484486194136,0.1210247326259012,MAVS,anterior_up
GO_Biological_Process_2021,positive regulation of monooxygenase activity (GO:0032770),1/28,0.815851307239937,0.9608713772365134,0,0,0.5946484486194136,0.1210247326259012,NPR3,anterior_up
GO_Biological_Process_2021,protein depolymerization (GO:0051261),1/28,0.815851307239937,0.9608713772365134,0,0,0.5946484486194136,0.1210247326259012,KIF14,anterior_up
GO_Biological_Process_2021,receptor clustering (GO:0043113),1/28,0.815851307239937,0.9608713772365134,0,0,0.5946484486194136,0.1210247326259012,LRP4,anterior_up
GO_Biological_Process_2021,regulation of immunoglobulin production (GO:0002637),1/28,0.815851307239937,0.9608713772365134,0,0,0.5946484486194136,0.1210247326259012,EPHB2,anterior_up
GO_Biological_Process_2021,regulation of neuron migration (GO:2001222),1/28,0.815851307239937,0.9608713772365134,0,0,0.5946484486194136,0.1210247326259012,NTNG2,anterior_up
GO_Biological_Process_2021,regulation of plasma membrane bounded cell projection organization (GO:0120035),1/28,0.815851307239937,0.9608713772365134,0,0,0.5946484486194136,0.1210247326259012,NTNG2,anterior_up
GO_Biological_Process_2021,regulation of postsynapse organization (GO:0099175),1/28,0.815851307239937,0.9608713772365134,0,0,0.5946484486194136,0.1210247326259012,PDLIM5,anterior_up
GO_Biological_Process_2021,regulation of protein transport (GO:0051223),1/28,0.815851307239937,0.9608713772365134,0,0,0.5946484486194136,0.1210247326259012,LCP1,anterior_up
GO_Biological_Process_2021,regulation of reactive oxygen species biosynthetic process (GO:1903426),1/28,0.815851307239937,0.9608713772365134,0,0,0.5946484486194136,0.1210247326259012,PPARA,anterior_up
GO_Biological_Process_2021,regulation of small molecule metabolic process (GO:0062012),1/28,0.815851307239937,0.9608713772365134,0,0,0.5946484486194136,0.1210247326259012,PPARA,anterior_up
GO_Biological_Process_2021,T cell activation involved in immune response (GO:0002286),1/28,0.815851307239937,0.9608713772365134,0,0,0.5946484486194136,0.1210247326259012,LCP1,anterior_up
GO_Biological_Process_2021,mitotic nuclear division (GO:0140014),3/74,0.8162902405969525,0.9608713772365134,0,0,0.6779720237593224,0.1376183548063188,EPS8;SPAG5;TOGARAM2,anterior_up
GO_Biological_Process_2021,endocytic recycling (GO:0032456),2/52,0.8170161997208748,0.9608713772365134,0,0,0.641982905982906,0.1297424059256258,DENND1B;EHD4,anterior_up
GO_Biological_Process_2021,fatty acid beta-oxidation (GO:0006635),2/52,0.8170161997208748,0.9608713772365134,0,0,0.641982905982906,0.1297424059256258,ECHDC2;ACADM,anterior_up
GO_Biological_Process_2021,glycolipid metabolic process (GO:0006664),2/52,0.8170161997208748,0.9608713772365134,0,0,0.641982905982906,0.1297424059256258,ESYT3;ST6GALNAC3,anterior_up
GO_Biological_Process_2021,regulation of telomere maintenance via telomerase (GO:0032210),2/52,0.8170161997208748,0.9608713772365134,0,0,0.641982905982906,0.1297424059256258,NEK7;MAPK15,anterior_up
GO_Biological_Process_2021,response to peptide hormone (GO:0043434),2/52,0.8170161997208748,0.9608713772365134,0,0,0.641982905982906,0.1297424059256258,IGFBP5;CAV1,anterior_up
GO_Biological_Process_2021,signal transduction in response to DNA damage (GO:0042770),2/52,0.8170161997208748,0.9608713772365134,0,0,0.641982905982906,0.1297424059256258,GADD45A;NDRG1,anterior_up
GO_Biological_Process_2021,integrin-mediated signaling pathway (GO:0007229),3/75,0.8233233335747934,0.966719432355182,0,0,0.6685201026518391,0.1299645086401541,COL16A1;ITGA2B;FBLN1,anterior_up
GO_Biological_Process_2021,cellular response to cytokine stimulus (GO:0071345),24/482,0.8234562055831056,0.966719432355182,0,0,0.8385192398399343,0.1628780956282636,OPRD1;CEBPA;CSF1;CEBPD;HGF;DOCK8;INPPL1;AQP4;IL16;PTPN13;PRLR;FOXO1;NFKB1;ZEB1;BCL2L11;CXCL12;PTPRZ1;KIT;LEPR;HMOX1;IL12A;LBP;CRLF1;GSDME,anterior_up
GO_Biological_Process_2021,negative regulation of cysteine-type endopeptidase activity (GO:2000117),2/53,0.825227720265061,0.966719432355182,0,0,0.6293614881850176,0.1208977653823554,CAST;HGF,anterior_up
GO_Biological_Process_2021,positive regulation of NIK/NF-kappaB signaling (GO:1901224),2/53,0.825227720265061,0.966719432355182,0,0,0.6293614881850176,0.1208977653823554,TLR7;NMI,anterior_up
GO_Biological_Process_2021,negative regulation of intracellular signal transduction (GO:1902532),9/198,0.8265590885895572,0.966719432355182,0,0,0.7631740572411252,0.1453723492273194,PDE11A;CAV1;NMI;PPARA;DRD2;PPEF2;ARHGAP25;ESR1;CGNL1,anterior_up
GO_Biological_Process_2021,beta-catenin-TCF complex assembly (GO:1904837),1/29,0.8266574560405162,0.966719432355182,0,0,0.5733805050628279,0.1091515055589708,TCF7L2,anterior_up
GO_Biological_Process_2021,establishment of endothelial barrier (GO:0061028),1/29,0.8266574560405162,0.966719432355182,0,0,0.5733805050628279,0.1091515055589708,RAPGEF3,anterior_up
GO_Biological_Process_2021,establishment of mitotic spindle localization (GO:0040001),1/29,0.8266574560405162,0.966719432355182,0,0,0.5733805050628279,0.1091515055589708,CENPA,anterior_up
GO_Biological_Process_2021,hydrogen peroxide metabolic process (GO:0042743),1/29,0.8266574560405162,0.966719432355182,0,0,0.5733805050628279,0.1091515055589708,MPO,anterior_up
GO_Biological_Process_2021,negative regulation of wound healing (GO:0061045),1/29,0.8266574560405162,0.966719432355182,0,0,0.5733805050628279,0.1091515055589708,CD34,anterior_up
GO_Biological_Process_2021,positive regulation of dephosphorylation (GO:0035306),1/29,0.8266574560405162,0.966719432355182,0,0,0.5733805050628279,0.1091515055589708,DLC1,anterior_up
GO_Biological_Process_2021,positive regulation of extrinsic apoptotic signaling pathway (GO:2001238),1/29,0.8266574560405162,0.966719432355182,0,0,0.5733805050628279,0.1091515055589708,CAV1,anterior_up
GO_Biological_Process_2021,regulation of double-strand break repair via nonhomologous end joining (GO:2001032),1/29,0.8266574560405162,0.966719432355182,0,0,0.5733805050628279,0.1091515055589708,AUNIP,anterior_up
GO_Biological_Process_2021,regulation of T cell mediated cytotoxicity (GO:0001914),1/29,0.8266574560405162,0.966719432355182,0,0,0.5733805050628279,0.1091515055589708,IL12A,anterior_up
GO_Biological_Process_2021,response to cadmium ion (GO:0046686),1/29,0.8266574560405162,0.966719432355182,0,0,0.5733805050628279,0.1091515055589708,JUN,anterior_up
GO_Biological_Process_2021,transition metal ion homeostasis (GO:0055076),1/29,0.8266574560405162,0.966719432355182,0,0,0.5733805050628279,0.1091515055589708,HMOX1,anterior_up
GO_Biological_Process_2021,double-strand break repair via homologous recombination (GO:0000724),4/97,0.8273397546704095,0.9671759376228184,0,0,0.6899027839151569,0.1307640635745361,RAD51B;AUNIP;MCM6;REC8,anterior_up
GO_Biological_Process_2021,regulation of apoptotic process (GO:0042981),38/742,0.8292549100459828,0.9690380070769056,0,0,0.8626843835177168,0.1615183957880492,FANK1;HRK;NOTCH2;ARHGEF26;FLT4;KIF14;MPO;NDRG1;FOXO1;FGD3;BCL2L11;ACVR1C;NTF3;TNFRSF8;NCKAP1L;NTSR1;JUN;GRID2;MGMT;GADD45A;ANXA4;HGF;CIDEA;CFLAR;OLFM4;SMAD6;PRLR;NFKB1;VAV2;BMP4;TOX3;MELK;OBSCN;LATS2;CD28;ITGA6;RNF122;BIRC3,anterior_up
GO_Biological_Process_2021,cellular response to hormone stimulus (GO:0032870),3/76,0.8301251768837681,0.9690380070769056,0,0,0.6593271382870267,0.1227527182978432,RAMP3;CAV1;SLC5A5,anterior_up
GO_Biological_Process_2021,regulation of RNA splicing (GO:0043484),3/76,0.8301251768837681,0.9690380070769056,0,0,0.6593271382870267,0.1227527182978432,KHDRBS2;KHDRBS3;AHNAK,anterior_up
GO_Biological_Process_2021,regulation of cell cycle (GO:0051726),14/296,0.830810188763991,0.9690380070769056,0,0,0.7950979311358541,0.14737452090927,NOTCH2;TCF7L2;JUN;TGFB2;GADD45A;NEK6;NEK7;BMP4;CDK6;IL12A;GMNC;INSM1;FGF10;BIRC3,anterior_up
GO_Biological_Process_2021,"regulation of alternative mRNA splicing, via spliceosome (GO:0000381)",2/54,0.8331062409203346,0.9690380070769056,0,0,0.6172255095332019,0.1127017393898473,KHDRBS2;KHDRBS3,anterior_up
GO_Biological_Process_2021,regulation of cyclin-dependent protein kinase activity (GO:1904029),2/54,0.8331062409203346,0.9690380070769056,0,0,0.6172255095332019,0.1127017393898473,CCNA1;GADD45A,anterior_up
GO_Biological_Process_2021,regulation of megakaryocyte differentiation (GO:0045652),2/54,0.8331062409203346,0.9690380070769056,0,0,0.6172255095332019,0.1127017393898473,THPO;ITGA2B,anterior_up
GO_Biological_Process_2021,positive regulation of cellular biosynthetic process (GO:0031328),8/180,0.8343938732101277,0.9690380070769056,0,0,0.7454647166946375,0.1349661767899342,SMOC2;STARD4;P2RX4;HGF;CD28;LDLR;ASS1;MFSD2A,anterior_up
GO_Biological_Process_2021,inorganic cation import across plasma membrane (GO:0098659),3/77,0.8367009827066716,0.9690380070769056,0,0,0.6503826324185605,0.115955757733929,SLC39A8;SLC12A7;TRPM4,anterior_up
GO_Biological_Process_2021,positive regulation of type I interferon production (GO:0032481),3/77,0.8367009827066716,0.9690380070769056,0,0,0.6503826324185605,0.115955757733929,MAVS;TLR7;NFKB1,anterior_up
GO_Biological_Process_2021,purine ribonucleotide metabolic process (GO:0009150),3/77,0.8367009827066716,0.9690380070769056,0,0,0.6503826324185605,0.115955757733929,ACOT12;ACOT1;PTHLH,anterior_up
GO_Biological_Process_2021,CENP-A containing chromatin organization (GO:0061641),1/30,0.8368299843788188,0.9690380070769056,0,0,0.5535793162342825,0.0986114939520142,CENPA,anterior_up
GO_Biological_Process_2021,CENP-A containing nucleosome assembly (GO:0034080),1/30,0.8368299843788188,0.9690380070769056,0,0,0.5535793162342825,0.0986114939520142,CENPA,anterior_up
GO_Biological_Process_2021,chondroitin sulfate metabolic process (GO:0030204),1/30,0.8368299843788188,0.9690380070769056,0,0,0.5535793162342825,0.0986114939520142,CHST9,anterior_up
GO_Biological_Process_2021,establishment of spindle orientation (GO:0051294),1/30,0.8368299843788188,0.9690380070769056,0,0,0.5535793162342825,0.0986114939520142,CENPA,anterior_up
GO_Biological_Process_2021,Golgi to plasma membrane protein transport (GO:0043001),1/30,0.8368299843788188,0.9690380070769056,0,0,0.5535793162342825,0.0986114939520142,RAB26,anterior_up
GO_Biological_Process_2021,histone H3-K4 methylation (GO:0051568),1/30,0.8368299843788188,0.9690380070769056,0,0,0.5535793162342825,0.0986114939520142,DYDC2,anterior_up
GO_Biological_Process_2021,ion homeostasis (GO:0050801),1/30,0.8368299843788188,0.9690380070769056,0,0,0.5535793162342825,0.0986114939520142,SLC4A11,anterior_up
GO_Biological_Process_2021,microtubule polymerization (GO:0046785),1/30,0.8368299843788188,0.9690380070769056,0,0,0.5535793162342825,0.0986114939520142,TPPP3,anterior_up
GO_Biological_Process_2021,morphogenesis of an epithelium (GO:0002009),1/30,0.8368299843788188,0.9690380070769056,0,0,0.5535793162342825,0.0986114939520142,WNT10A,anterior_up
GO_Biological_Process_2021,negative regulation of cytoskeleton organization (GO:0051494),1/30,0.8368299843788188,0.9690380070769056,0,0,0.5535793162342825,0.0986114939520142,KANK4,anterior_up
GO_Biological_Process_2021,"negative regulation of gene expression, epigenetic (GO:0045814)",1/30,0.8368299843788188,0.9690380070769056,0,0,0.5535793162342825,0.0986114939520142,PHF19,anterior_up
GO_Biological_Process_2021,negative regulation of Notch signaling pathway (GO:0045746),1/30,0.8368299843788188,0.9690380070769056,0,0,0.5535793162342825,0.0986114939520142,DLK1,anterior_up
GO_Biological_Process_2021,plasma membrane invagination (GO:0099024),1/30,0.8368299843788188,0.9690380070769056,0,0,0.5535793162342825,0.0986114939520142,ARHGAP25,anterior_up
GO_Biological_Process_2021,synaptic vesicle cycle (GO:0099504),1/30,0.8368299843788188,0.9690380070769056,0,0,0.5535793162342825,0.0986114939520142,SYT10,anterior_up
GO_Biological_Process_2021,TRIF-dependent toll-like receptor signaling pathway (GO:0035666),1/30,0.8368299843788188,0.9690380070769056,0,0,0.5535793162342825,0.0986114939520142,BIRC3,anterior_up
GO_Biological_Process_2021,zinc ion homeostasis (GO:0055069),1/30,0.8368299843788188,0.9690380070769056,0,0,0.5535793162342825,0.0986114939520142,SLC39A8,anterior_up
GO_Biological_Process_2021,organic anion transport (GO:0015711),4/99,0.8390842820564343,0.971308954036676,0,0,0.6753064167267484,0.1184785414912482,ABCC4;SLCO2A1;SLC4A11;SLC39A8,anterior_up
GO_Biological_Process_2021,positive regulation of response to DNA damage stimulus (GO:2001022),2/55,0.8406625510350672,0.972116939469172,0,0,0.6055474923399452,0.1051018183009319,HIC1;FGF10,anterior_up
GO_Biological_Process_2021,protein sumoylation (GO:0016925),2/55,0.8406625510350672,0.972116939469172,0,0,0.6055474923399452,0.1051018183009319,RNF212B;TRPM4,anterior_up
GO_Biological_Process_2021,pyruvate metabolic process (GO:0006090),2/55,0.8406625510350672,0.972116939469172,0,0,0.6055474923399452,0.1051018183009319,HKDC1;ALDOC,anterior_up
GO_Biological_Process_2021,activation of protein kinase B activity (GO:0032148),1/31,0.846406014841022,0.9739990021425168,0,0,0.5350982066609735,0.0892308962252772,NTF3,anterior_up
GO_Biological_Process_2021,cellular nitrogen compound biosynthetic process (GO:0044271),1/31,0.846406014841022,0.9739990021425168,0,0,0.5350982066609735,0.0892308962252772,NOS1,anterior_up
GO_Biological_Process_2021,embryonic skeletal system morphogenesis (GO:0048704),1/31,0.846406014841022,0.9739990021425168,0,0,0.5350982066609735,0.0892308962252772,TGFBR2,anterior_up
GO_Biological_Process_2021,MyD88-independent toll-like receptor signaling pathway (GO:0002756),1/31,0.846406014841022,0.9739990021425168,0,0,0.5350982066609735,0.0892308962252772,BIRC3,anterior_up
GO_Biological_Process_2021,negative regulation of DNA binding (GO:0043392),1/31,0.846406014841022,0.9739990021425168,0,0,0.5350982066609735,0.0892308962252772,JUN,anterior_up
GO_Biological_Process_2021,negative regulation of interleukin-6 production (GO:0032715),1/31,0.846406014841022,0.9739990021425168,0,0,0.5350982066609735,0.0892308962252772,NCKAP1L,anterior_up
GO_Biological_Process_2021,negative regulation of response to biotic stimulus (GO:0002832),1/31,0.846406014841022,0.9739990021425168,0,0,0.5350982066609735,0.0892308962252772,NMI,anterior_up
GO_Biological_Process_2021,organelle transport along microtubule (GO:0072384),1/31,0.846406014841022,0.9739990021425168,0,0,0.5350982066609735,0.0892308962252772,HAP1,anterior_up
GO_Biological_Process_2021,phosphatidylethanolamine metabolic process (GO:0046337),1/31,0.846406014841022,0.9739990021425168,0,0,0.5350982066609735,0.0892308962252772,PLAAT1,anterior_up
GO_Biological_Process_2021,positive regulation of leukocyte cell-cell adhesion (GO:1903039),1/31,0.846406014841022,0.9739990021425168,0,0,0.5350982066609735,0.0892308962252772,CCDC88B,anterior_up
GO_Biological_Process_2021,positive regulation of proteolysis involved in cellular protein catabolic process (GO:1903052),1/31,0.846406014841022,0.9739990021425168,0,0,0.5350982066609735,0.0892308962252772,CTSC,anterior_up
GO_Biological_Process_2021,protein acetylation (GO:0006473),1/31,0.846406014841022,0.9739990021425168,0,0,0.5350982066609735,0.0892308962252772,FOXO1,anterior_up
GO_Biological_Process_2021,protein palmitoylation (GO:0018345),1/31,0.846406014841022,0.9739990021425168,0,0,0.5350982066609735,0.0892308962252772,ZDHHC22,anterior_up
GO_Biological_Process_2021,receptor signaling pathway via JAK-STAT (GO:0007259),1/31,0.846406014841022,0.9739990021425168,0,0,0.5350982066609735,0.0892308962252772,NMI,anterior_up
GO_Biological_Process_2021,positive regulation of establishment of protein localization to mitochondrion (GO:1903749),2/56,0.8479073202838907,0.9753878305904616,0,0,0.5943019943019943,0.0980502853311644,ABLIM3;FZD5,anterior_up
GO_Biological_Process_2021,monocarboxylic acid metabolic process (GO:0032787),6/143,0.8500583623986023,0.9769283421249144,0,0,0.7020445468317662,0.1140473263319006,MTHFD1L;ACOT12;ACOT1;LPL;PPARG;PPARA,anterior_up
GO_Biological_Process_2021,cellular response to peptide (GO:1901653),2/57,0.8548510751385185,0.9769283421249144,0,0,0.5834654234654235,0.0915037191311124,CAV1;ADRB2,anterior_up
GO_Biological_Process_2021,positive regulation of proteolysis (GO:0045862),2/57,0.8548510751385185,0.9769283421249144,0,0,0.5834654234654235,0.0915037191311124,PRSS22;CTSC,anterior_up
GO_Biological_Process_2021,negative regulation of cellular component organization (GO:0051129),3/80,0.8551249375727927,0.9769283421249144,0,0,0.6249430637796762,0.0978083983587643,OPRD1;CARMIL1;RAPGEF3,anterior_up
GO_Biological_Process_2021,B cell proliferation (GO:0042100),1/32,0.8554204968344561,0.9769283421249144,0,0,0.5178094267375555,0.0808622187574151,RASGRP1,anterior_up
GO_Biological_Process_2021,chromatin remodeling at centromere (GO:0031055),1/32,0.8554204968344561,0.9769283421249144,0,0,0.5178094267375555,0.0808622187574151,CENPA,anterior_up
GO_Biological_Process_2021,ERBB2 signaling pathway (GO:0038128),1/32,0.8554204968344561,0.9769283421249144,0,0,0.5178094267375555,0.0808622187574151,BTC,anterior_up
GO_Biological_Process_2021,modulation by host of symbiont process (GO:0051851),1/32,0.8554204968344561,0.9769283421249144,0,0,0.5178094267375555,0.0808622187574151,JUN,anterior_up
GO_Biological_Process_2021,negative regulation of DNA biosynthetic process (GO:2000279),1/32,0.8554204968344561,0.9769283421249144,0,0,0.5178094267375555,0.0808622187574151,DACH1,anterior_up
GO_Biological_Process_2021,negative regulation of double-strand break repair (GO:2000780),1/32,0.8554204968344561,0.9769283421249144,0,0,0.5178094267375555,0.0808622187574151,AUNIP,anterior_up
GO_Biological_Process_2021,peptidyl-proline modification (GO:0018208),1/32,0.8554204968344561,0.9769283421249144,0,0,0.5178094267375555,0.0808622187574151,P3H2,anterior_up
GO_Biological_Process_2021,positive regulation of glucose transmembrane transport (GO:0010828),1/32,0.8554204968344561,0.9769283421249144,0,0,0.5178094267375555,0.0808622187574151,OCLN,anterior_up
GO_Biological_Process_2021,positive regulation of immune effector process (GO:0002699),1/32,0.8554204968344561,0.9769283421249144,0,0,0.5178094267375555,0.0808622187574151,LBP,anterior_up
GO_Biological_Process_2021,regulation of cell migration involved in sprouting angiogenesis (GO:0090049),1/32,0.8554204968344561,0.9769283421249144,0,0,0.5178094267375555,0.0808622187574151,HMOX1,anterior_up
GO_Biological_Process_2021,regulation of cellular biosynthetic process (GO:0031326),1/32,0.8554204968344561,0.9769283421249144,0,0,0.5178094267375555,0.0808622187574151,STC2,anterior_up
GO_Biological_Process_2021,regulation of chemotaxis (GO:0050920),1/32,0.8554204968344561,0.9769283421249144,0,0,0.5178094267375555,0.0808622187574151,P2RX4,anterior_up
GO_Biological_Process_2021,regulation of dendrite morphogenesis (GO:0048814),1/32,0.8554204968344561,0.9769283421249144,0,0,0.5178094267375555,0.0808622187574151,KNDC1,anterior_up
GO_Biological_Process_2021,regulation of intracellular estrogen receptor signaling pathway (GO:0033146),1/32,0.8554204968344561,0.9769283421249144,0,0,0.5178094267375555,0.0808622187574151,ESR1,anterior_up
GO_Biological_Process_2021,regulation of transcription involved in G1/S transition of mitotic cell cycle (GO:0000083),1/32,0.8554204968344561,0.9769283421249144,0,0,0.5178094267375555,0.0808622187574151,CCNA1,anterior_up
GO_Biological_Process_2021,superoxide metabolic process (GO:0006801),1/32,0.8554204968344561,0.9769283421249144,0,0,0.5178094267375555,0.0808622187574151,NOX4,anterior_up
GO_Biological_Process_2021,regulation of cell death (GO:0010941),4/102,0.8554389135238083,0.9769283421249144,0,0,0.6545289348616159,0.1021985357718595,BMP4;CALCR;RAMP3;OLFM4,anterior_up
GO_Biological_Process_2021,phosphorylation (GO:0016310),19/400,0.8572571003250876,0.9786673926178552,0,0,0.7978570111520101,0.1228838664156096,RNASEL;CDKL4;EPHA7;TGFB2;PRAG1;NEK6;NEK7;VRK2;RSKR;TGFBR2;MELK;CDK6;LATS2;ACVR1C;NEK10;TSSK6;EPHB2;CDKL1;FGFR1,anterior_up
GO_Biological_Process_2021,positive regulation of cellular amide metabolic process (GO:0034250),3/81,0.8608494640342786,0.9818599254631742,0,0,0.6168980719878924,0.092433310250652,EFNA1;LRRTM3;CD28,anterior_up
GO_Biological_Process_2021,negative regulation of hydrolase activity (GO:0051346),2/58,0.8615041795884198,0.9818599254631742,0,0,0.573015873015873,0.0854225541460105,RASA4;NOS1,anterior_up
GO_Biological_Process_2021,positive regulation of mitotic cell cycle phase transition (GO:1901992),2/58,0.8615041795884198,0.9818599254631742,0,0,0.573015873015873,0.0854225541460105,RAD51B;FGF10,anterior_up
GO_Biological_Process_2021,regulation of phosphorylation (GO:0042325),5/125,0.8632917494593001,0.9818599254631742,0,0,0.6679520137103685,0.0981906698433863,BMP4;FZD7;NCKAP1L;ITGA6;LDB2,anterior_up
GO_Biological_Process_2021,apoptotic cell clearance (GO:0043277),1/33,0.8639063334516006,0.9818599254631742,0,0,0.501601195559351,0.0733797035876703,XKR8,anterior_up
GO_Biological_Process_2021,keratan sulfate metabolic process (GO:0042339),1/33,0.8639063334516006,0.9818599254631742,0,0,0.501601195559351,0.0733797035876703,CHST5,anterior_up
GO_Biological_Process_2021,negative regulation of JNK cascade (GO:0046329),1/33,0.8639063334516006,0.9818599254631742,0,0,0.501601195559351,0.0733797035876703,KLHL31,anterior_up
GO_Biological_Process_2021,positive regulation of ATP metabolic process (GO:1903580),1/33,0.8639063334516006,0.9818599254631742,0,0,0.501601195559351,0.0733797035876703,PPARA,anterior_up
GO_Biological_Process_2021,positive regulation of histone modification (GO:0031058),1/33,0.8639063334516006,0.9818599254631742,0,0,0.501601195559351,0.0733797035876703,NOS1,anterior_up
GO_Biological_Process_2021,positive regulation of organelle organization (GO:0010638),1/33,0.8639063334516006,0.9818599254631742,0,0,0.501601195559351,0.0733797035876703,ADRB2,anterior_up
GO_Biological_Process_2021,primary alcohol metabolic process (GO:0034308),1/33,0.8639063334516006,0.9818599254631742,0,0,0.501601195559351,0.0733797035876703,DHRS3,anterior_up
GO_Biological_Process_2021,signal transduction by p53 class mediator (GO:0072331),1/33,0.8639063334516006,0.9818599254631742,0,0,0.501601195559351,0.0733797035876703,NDRG1,anterior_up
GO_Biological_Process_2021,very long-chain fatty acid metabolic process (GO:0000038),1/33,0.8639063334516006,0.9818599254631742,0,0,0.501601195559351,0.0733797035876703,ACOT1,anterior_up
GO_Biological_Process_2021,positive regulation of macromolecule metabolic process (GO:0010604),18/384,0.8656570074087828,0.9835122309826124,0,0,0.786800011364605,0.1135088950294988,RAMP3;CSF1;ALOX12B;POU3F1;OVOL2;ROBO1;BMP4;FGF16;OCLN;CALCR;NTF3;FGF18;CD28;DRD1;EPHB2;BVES;CD34;FGF10,anterior_up
GO_Biological_Process_2021,phosphatidylinositol biosynthetic process (GO:0006661),5/126,0.8677831361139503,0.9841861955550556,0,0,0.6623963401247813,0.0939367027916111,INPP4B;PLEKHA2;INPPL1;PIK3C2G;PTPN13,anterior_up
GO_Biological_Process_2021,fatty acid oxidation (GO:0019395),2/59,0.8678768176799253,0.9841861955550556,0,0,0.5629329734592893,0.079770692564233,ECHDC2;ACADM,anterior_up
GO_Biological_Process_2021,response to reactive oxygen species (GO:0000302),2/59,0.8678768176799253,0.9841861955550556,0,0,0.5629329734592893,0.079770692564233,JUN;HMOX1,anterior_up
GO_Biological_Process_2021,positive regulation of transcription by RNA polymerase II (GO:0045944),46/908,0.8687348386360007,0.9841861955550556,0,0,0.8514586673150548,0.1198149938334621,CEBPA;RNASEL;HLF;CTBP2;SATB2;CITED4;HNF4G;RORB;LDB2;FOXO1;ELK3;NHLH2;DBP;E2F2;DPF3;HES1;NOS1;RXRG;WNT2;RREB1;TCF7L2;JUN;TGFB2;JAG1;FZD5;TCF15;HGF;HNF1B;KLF14;ESR1;NFKB1;ST18;RGMA;BMP4;NR4A2;TOX3;TOX2;MAVS;NFIB;RARB;CDH13;PPARG;ITGA6;PPARA;ZFPM2;MET,anterior_up
GO_Biological_Process_2021,peptide metabolic process (GO:0006518),3/83,0.8717051884194815,0.9841861955550556,0,0,0.6014114627887083,0.0825761988325545,BACE2;GSTM2;GSTM1,anterior_up
GO_Biological_Process_2021,regulation of interleukin-1 beta production (GO:0032651),3/83,0.8717051884194815,0.9841861955550556,0,0,0.6014114627887083,0.0825761988325545,FZD5;LPL;INAVA,anterior_up
GO_Biological_Process_2021,autophagosome maturation (GO:0097352),1/34,0.8718945016462686,0.9841861955550556,0,0,0.4863752814222498,0.0666756536638978,VAMP8,anterior_up
GO_Biological_Process_2021,cellular response to amino acid stimulus (GO:0071230),1/34,0.8718945016462686,0.9841861955550556,0,0,0.4863752814222498,0.0666756536638978,GLRA2,anterior_up
GO_Biological_Process_2021,female gamete generation (GO:0007292),1/34,0.8718945016462686,0.9841861955550556,0,0,0.4863752814222498,0.0666756536638978,DIAPH2,anterior_up
GO_Biological_Process_2021,histone lysine methylation (GO:0034968),1/34,0.8718945016462686,0.9841861955550556,0,0,0.4863752814222498,0.0666756536638978,DYDC2,anterior_up
GO_Biological_Process_2021,negative regulation of mitochondrion organization (GO:0010823),1/34,0.8718945016462686,0.9841861955550556,0,0,0.4863752814222498,0.0666756536638978,HGF,anterior_up
GO_Biological_Process_2021,organic cyclic compound biosynthetic process (GO:1901362),1/34,0.8718945016462686,0.9841861955550556,0,0,0.4863752814222498,0.0666756536638978,PRLR,anterior_up
GO_Biological_Process_2021,phosphatidylserine metabolic process (GO:0006658),1/34,0.8718945016462686,0.9841861955550556,0,0,0.4863752814222498,0.0666756536638978,OSBPL5,anterior_up
GO_Biological_Process_2021,positive regulation of interleukin-12 production (GO:0032735),1/34,0.8718945016462686,0.9841861955550556,0,0,0.4863752814222498,0.0666756536638978,IL16,anterior_up
GO_Biological_Process_2021,protein insertion into membrane (GO:0051205),1/34,0.8718945016462686,0.9841861955550556,0,0,0.4863752814222498,0.0666756536638978,HMOX1,anterior_up
GO_Biological_Process_2021,regulation of keratinocyte differentiation (GO:0045616),1/34,0.8718945016462686,0.9841861955550556,0,0,0.4863752814222498,0.0666756536638978,ABCA12,anterior_up
GO_Biological_Process_2021,regulation of transmembrane transport (GO:0034762),1/34,0.8718945016462686,0.9841861955550556,0,0,0.4863752814222498,0.0666756536638978,OCLN,anterior_up
GO_Biological_Process_2021,sister chromatid segregation (GO:0000819),1/34,0.8718945016462686,0.9841861955550556,0,0,0.4863752814222498,0.0666756536638978,SPAG5,anterior_up
GO_Biological_Process_2021,synaptic vesicle recycling (GO:0036465),1/34,0.8718945016462686,0.9841861955550556,0,0,0.4863752814222498,0.0666756536638978,STON2,anterior_up
GO_Biological_Process_2021,chromosome organization (GO:0051276),4/106,0.875027158082404,0.986411214652339,0,0,0.628726833199033,0.0839352556172835,TCF7L2;SATB1;NUF2;PHF19,anterior_up
GO_Biological_Process_2021,protein processing (GO:0016485),4/106,0.875027158082404,0.986411214652339,0,0,0.628726833199033,0.0839352556172835,PCSK2;FAM111A;PCSK6;PRSS12,anterior_up
GO_Biological_Process_2021,spindle assembly (GO:0051225),3/84,0.8768469437717777,0.986411214652339,0,0,0.5939549472483604,0.0780592366956594,NEK6;NEK7;TOGARAM2,anterior_up
GO_Biological_Process_2021,regulation of cytokine production (GO:0001817),6/150,0.8793892888490338,0.986411214652339,0,0,0.6676672384219554,0.0858136693398182,CCDC88B;GPNMB;CIDEA;CD28;SNAI2;DTX4,anterior_up
GO_Biological_Process_2021,blood vessel diameter maintenance (GO:0097746),1/35,0.8794141645688481,0.986411214652339,0,0,0.4720450092932134,0.0606574604765005,NOS1,anterior_up
GO_Biological_Process_2021,cellular response to amyloid-beta (GO:1904646),1/35,0.8794141645688481,0.986411214652339,0,0,0.4720450092932134,0.0606574604765005,ADRB2,anterior_up
GO_Biological_Process_2021,negative regulation of epithelial cell migration (GO:0010633),1/35,0.8794141645688481,0.986411214652339,0,0,0.4720450092932134,0.0606574604765005,ADAMTS9,anterior_up
GO_Biological_Process_2021,negative regulation of neurogenesis (GO:0050768),1/35,0.8794141645688481,0.986411214652339,0,0,0.4720450092932134,0.0606574604765005,LRP4,anterior_up
GO_Biological_Process_2021,negative regulation of T cell proliferation (GO:0042130),1/35,0.8794141645688481,0.986411214652339,0,0,0.4720450092932134,0.0606574604765005,GPNMB,anterior_up
GO_Biological_Process_2021,oxoacid metabolic process (GO:0043436),1/35,0.8794141645688481,0.986411214652339,0,0,0.4720450092932134,0.0606574604765005,DDO,anterior_up
GO_Biological_Process_2021,positive regulation of cell cycle G1/S phase transition (GO:1902808),1/35,0.8794141645688481,0.986411214652339,0,0,0.4720450092932134,0.0606574604765005,FGF10,anterior_up
GO_Biological_Process_2021,positive regulation of immunoglobulin production (GO:0002639),1/35,0.8794141645688481,0.986411214652339,0,0,0.4720450092932134,0.0606574604765005,EPHB2,anterior_up
GO_Biological_Process_2021,protein localization to cilium (GO:0061512),1/35,0.8794141645688481,0.986411214652339,0,0,0.4720450092932134,0.0606574604765005,MAPK15,anterior_up
GO_Biological_Process_2021,regulation of lipid biosynthetic process (GO:0046890),1/35,0.8794141645688481,0.986411214652339,0,0,0.4720450092932134,0.0606574604765005,PPARA,anterior_up
GO_Biological_Process_2021,regulation of mitotic spindle organization (GO:0060236),1/35,0.8794141645688481,0.986411214652339,0,0,0.4720450092932134,0.0606574604765005,PSRC1,anterior_up
GO_Biological_Process_2021,regulation of T cell receptor signaling pathway (GO:0050856),1/35,0.8794141645688481,0.986411214652339,0,0,0.4720450092932134,0.0606574604765005,CD300A,anterior_up
GO_Biological_Process_2021,regulation of TORC1 signaling (GO:1903432),1/35,0.8794141645688481,0.986411214652339,0,0,0.4720450092932134,0.0606574604765005,RNF152,anterior_up
GO_Biological_Process_2021,smoothened signaling pathway (GO:0007224),1/35,0.8794141645688481,0.986411214652339,0,0,0.4720450092932134,0.0606574604765005,EVC2,anterior_up
GO_Biological_Process_2021,protein lipidation (GO:0006497),2/61,0.879820446513028,0.986411214652339,0,0,0.5437925539620455,0.0696258012700879,ALOX12B;ZDHHC22,anterior_up
GO_Biological_Process_2021,response to light stimulus (GO:0009416),2/61,0.879820446513028,0.986411214652339,0,0,0.5437925539620455,0.0696258012700879,OPN1MW;DRD2,anterior_up
GO_Biological_Process_2021,positive regulation of macromolecule biosynthetic process (GO:0010557),5/129,0.8805160800080933,0.9868571627424944,0,0,0.6462669651988833,0.0822355899430993,SMOC2;TGFB2;HGF;CD28;NFKB1,anterior_up
GO_Biological_Process_2021,G1/S transition of mitotic cell cycle (GO:0000082),3/85,0.8818049429455956,0.9876334604390664,0,0,0.586680297940704,0.0737952295946108,CCNA1;LATS2;CDK6,anterior_up
GO_Biological_Process_2021,regulation of cell cycle G2/M phase transition (GO:1902749),3/85,0.8818049429455956,0.9876334604390664,0,0,0.586680297940704,0.0737952295946108,KIF14;NEK10;HMMR,anterior_up
GO_Biological_Process_2021,regulation of primary metabolic process (GO:0080090),5/130,0.8845212857974868,0.9888722469026068,0,0,0.6410625535561268,0.0786639527752123,C1QTNF2;PPARG;PPARA;ACACB;LDLR,anterior_up
GO_Biological_Process_2021,I-kappaB kinase/NF-kappaB signaling (GO:0007249),2/62,0.8854107868318931,0.9888722469026068,0,0,0.5347008547008547,0.0650750059758875,TLR7;BIRC3,anterior_up
GO_Biological_Process_2021,axonal transport (GO:0098930),1/36,0.88649277793563,0.9888722469026068,0,0,0.4585336098572649,0.0552451840427638,HAP1,anterior_up
GO_Biological_Process_2021,cellular response to heat (GO:0034605),1/36,0.88649277793563,0.9888722469026068,0,0,0.4585336098572649,0.0552451840427638,HMOX1,anterior_up
GO_Biological_Process_2021,cyclic-nucleotide-mediated signaling (GO:0019935),1/36,0.88649277793563,0.9888722469026068,0,0,0.4585336098572649,0.0552451840427638,RAPGEF3,anterior_up
GO_Biological_Process_2021,establishment of protein localization to plasma membrane (GO:0061951),1/36,0.88649277793563,0.9888722469026068,0,0,0.4585336098572649,0.0552451840427638,RAB26,anterior_up
GO_Biological_Process_2021,membrane assembly (GO:0071709),1/36,0.88649277793563,0.9888722469026068,0,0,0.4585336098572649,0.0552451840427638,LRP4,anterior_up
GO_Biological_Process_2021,negative regulation of cellular protein localization (GO:1903828),1/36,0.88649277793563,0.9888722469026068,0,0,0.4585336098572649,0.0552451840427638,LATS2,anterior_up
GO_Biological_Process_2021,positive regulation of myeloid leukocyte differentiation (GO:0002763),1/36,0.88649277793563,0.9888722469026068,0,0,0.4585336098572649,0.0552451840427638,CSF1,anterior_up
GO_Biological_Process_2021,regulation of defense response to virus by host (GO:0050691),1/36,0.88649277793563,0.9888722469026068,0,0,0.4585336098572649,0.0552451840427638,MAVS,anterior_up
GO_Biological_Process_2021,regulation of microtubule-based process (GO:0032886),1/36,0.88649277793563,0.9888722469026068,0,0,0.4585336098572649,0.0552451840427638,FAM107A,anterior_up
GO_Biological_Process_2021,regulation of receptor internalization (GO:0002090),1/36,0.88649277793563,0.9888722469026068,0,0,0.4585336098572649,0.0552451840427638,NTF3,anterior_up
GO_Biological_Process_2021,regulation of protein ubiquitination (GO:0031396),4/109,0.8881721833532004,0.9903033655906064,0,0,0.610665362035225,0.0724185943682785,CAV1;FAM107A;INAVA;BIRC3,anterior_up
GO_Biological_Process_2021,negative regulation of cellular macromolecule biosynthetic process (GO:2000113),26/547,0.8895426519431524,0.9903033655906064,0,0,0.7972016493988939,0.0933107171999818,CEBPA;CTBP2;TSHZ3;TWIST2;PBXIP1;RORB;FOXO1;ELK3;DNMT3L;DACH1;CREB3L1;DPF3;HES1;TCF7L2;JUN;IGFBP5;ATP8B1;ZBTB16;SFMBT2;FOXP2;DKK3;BMP4;ZEB1;PPARG;GMNC;ZFPM2,anterior_up
GO_Biological_Process_2021,amyloid fibril formation (GO:1990000),2/63,0.8907593414298551,0.9903033655906064,0,0,0.5259072439400309,0.0608374692598306,CALB1;SNCAIP,anterior_up
GO_Biological_Process_2021,cell cycle G1/S phase transition (GO:0044843),2/63,0.8907593414298551,0.9903033655906064,0,0,0.5259072439400309,0.0608374692598306,LATS2;CDK6,anterior_up
GO_Biological_Process_2021,COPII vesicle coating (GO:0048208),2/63,0.8907593414298551,0.9903033655906064,0,0,0.5259072439400309,0.0608374692598306,TGFA;CTSC,anterior_up
GO_Biological_Process_2021,vesicle coating (GO:0006901),2/63,0.8907593414298551,0.9903033655906064,0,0,0.5259072439400309,0.0608374692598306,TGFA;CTSC,anterior_up
GO_Biological_Process_2021,"vesicle targeting, rough ER to cis-Golgi (GO:0048207)",2/63,0.8907593414298551,0.9903033655906064,0,0,0.5259072439400309,0.0608374692598306,TGFA;CTSC,anterior_up
GO_Biological_Process_2021,sodium ion transmembrane transport (GO:0035725),3/87,0.8911903414660216,0.9903033655906064,0,0,0.5726506171330807,0.0659677748961694,SCN5A;SCN4B;TRPM4,anterior_up
GO_Biological_Process_2021,regulation of protein kinase activity (GO:0045859),4/110,0.8922772776553495,0.9903033655906064,0,0,0.604872059963815,0.0689423165227882,RELN;CSF1;PLCE1;LCP2,anterior_up
GO_Biological_Process_2021,anterograde axonal transport (GO:0008089),1/37,0.8931561896724214,0.9903033655906064,0,0,0.4457728437233134,0.0503695715393219,HAP1,anterior_up
GO_Biological_Process_2021,centromere complex assembly (GO:0034508),1/37,0.8931561896724214,0.9903033655906064,0,0,0.4457728437233134,0.0503695715393219,CENPA,anterior_up
GO_Biological_Process_2021,lysosome localization (GO:0032418),1/37,0.8931561896724214,0.9903033655906064,0,0,0.4457728437233134,0.0503695715393219,KIT,anterior_up
GO_Biological_Process_2021,positive regulation of exocytosis (GO:0045921),1/37,0.8931561896724214,0.9903033655906064,0,0,0.4457728437233134,0.0503695715393219,EXPH5,anterior_up
GO_Biological_Process_2021,protein insertion into ER membrane (GO:0045048),1/37,0.8931561896724214,0.9903033655906064,0,0,0.4457728437233134,0.0503695715393219,HMOX1,anterior_up
GO_Biological_Process_2021,proton transmembrane transport (GO:1902600),1/37,0.8931561896724214,0.9903033655906064,0,0,0.4457728437233134,0.0503695715393219,SLC4A11,anterior_up
GO_Biological_Process_2021,regulation of glucose import (GO:0046324),1/37,0.8931561896724214,0.9903033655906064,0,0,0.4457728437233134,0.0503695715393219,OCLN,anterior_up
GO_Biological_Process_2021,regulation of intracellular steroid hormone receptor signaling pathway (GO:0033143),1/37,0.8931561896724214,0.9903033655906064,0,0,0.4457728437233134,0.0503695715393219,ESR1,anterior_up
GO_Biological_Process_2021,regulation of microtubule cytoskeleton organization (GO:0070507),1/37,0.8931561896724214,0.9903033655906064,0,0,0.4457728437233134,0.0503695715393219,FAM107A,anterior_up
GO_Biological_Process_2021,negative regulation of binding (GO:0051100),3/88,0.8956279338840207,0.9923218339100062,0,0,0.5658833593317567,0.0623774384844928,JUN;PLN;CAV1,anterior_up
GO_Biological_Process_2021,regulation of cellular ketone metabolic process (GO:0010565),2/64,0.8958752204119615,0.9923218339100062,0,0,0.5173972980424594,0.0568899742400257,CAV1;PPARA,anterior_up
GO_Biological_Process_2021,regulation of cilium assembly (GO:1902017),2/64,0.8958752204119615,0.9923218339100062,0,0,0.5173972980424594,0.0568899742400257,MAPK15;CDKL1,anterior_up
GO_Biological_Process_2021,DNA replication initiation (GO:0006270),1/38,0.8994287340614254,0.9923483419375884,0,0,0.4337018487317377,0.045970425711086,MCM6,anterior_up
GO_Biological_Process_2021,histone exchange (GO:0043486),1/38,0.8994287340614254,0.9923483419375884,0,0,0.4337018487317377,0.045970425711086,CENPA,anterior_up
GO_Biological_Process_2021,lymphocyte proliferation (GO:0046651),1/38,0.8994287340614254,0.9923483419375884,0,0,0.4337018487317377,0.045970425711086,RASGRP1,anterior_up
GO_Biological_Process_2021,negative regulation of innate immune response (GO:0045824),1/38,0.8994287340614254,0.9923483419375884,0,0,0.4337018487317377,0.045970425711086,NMI,anterior_up
GO_Biological_Process_2021,negative regulation of TOR signaling (GO:0032007),1/38,0.8994287340614254,0.9923483419375884,0,0,0.4337018487317377,0.045970425711086,RNF152,anterior_up
GO_Biological_Process_2021,positive regulation of cell development (GO:0010720),1/38,0.8994287340614254,0.9923483419375884,0,0,0.4337018487317377,0.045970425711086,BMP4,anterior_up
GO_Biological_Process_2021,positive regulation of potassium ion transport (GO:0043268),1/38,0.8994287340614254,0.9923483419375884,0,0,0.4337018487317377,0.045970425711086,DRD1,anterior_up
GO_Biological_Process_2021,regulation of apoptotic signaling pathway (GO:2001233),1/38,0.8994287340614254,0.9923483419375884,0,0,0.4337018487317377,0.045970425711086,NR4A2,anterior_up
GO_Biological_Process_2021,synaptic vesicle endocytosis (GO:0048488),1/38,0.8994287340614254,0.9923483419375884,0,0,0.4337018487317377,0.045970425711086,STON2,anterior_up
GO_Biological_Process_2021,post-Golgi vesicle-mediated transport (GO:0006892),3/89,0.8999021432406809,0.9923483419375884,0,0,0.5592734796188354,0.058986155168412,VAMP8;OSBPL5;STXBP6,anterior_up
GO_Biological_Process_2021,regulation of cysteine-type endopeptidase activity involved in apoptotic process (GO:0043281),3/89,0.8999021432406809,0.9923483419375884,0,0,0.5592734796188354,0.058986155168412,EPHA7;ACVR1C;HGF,anterior_up
GO_Biological_Process_2021,regulation of type I interferon production (GO:0032479),3/89,0.8999021432406809,0.9923483419375884,0,0,0.5592734796188354,0.058986155168412,MAVS;DTX4;NFKB1,anterior_up
GO_Biological_Process_2021,protein-containing complex subunit organization (GO:0043933),4/112,0.9000925950867652,0.9923483419375884,0,0,0.593607305936073,0.062481702637576,OCLN;KNTC1;NCKAP1L;HES1,anterior_up
GO_Biological_Process_2021,regulation of cytoskeleton organization (GO:0051493),4/112,0.9000925950867652,0.9923483419375884,0,0,0.593607305936073,0.062481702637576,DLC1;FAM107A;CELSR1;RND3,anterior_up
GO_Biological_Process_2021,mitotic spindle organization (GO:0007052),6/157,0.9037375002237348,0.9944858390065424,0,0,0.6364772301296104,0.0644218935731504,NEK6;NUF2;TOGARAM2;KNTC1;KIF23;CENPA,anterior_up
GO_Biological_Process_2021,DNA recombination (GO:0006310),1/39,0.9053333203874832,0.9944858390065424,0,0,0.4222661692660344,0.041995254451118,RAD51B,anterior_up
GO_Biological_Process_2021,DNA replication-independent nucleosome assembly (GO:0006336),1/39,0.9053333203874832,0.9944858390065424,0,0,0.4222661692660344,0.041995254451118,CENPA,anterior_up
GO_Biological_Process_2021,endothelial cell migration (GO:0043542),1/39,0.9053333203874832,0.9944858390065424,0,0,0.4222661692660344,0.041995254451118,CDH13,anterior_up
GO_Biological_Process_2021,negative regulation of cellular metabolic process (GO:0031324),1/39,0.9053333203874832,0.9944858390065424,0,0,0.4222661692660344,0.041995254451118,NFKB1,anterior_up
GO_Biological_Process_2021,phospholipid dephosphorylation (GO:0046839),1/39,0.9053333203874832,0.9944858390065424,0,0,0.4222661692660344,0.041995254451118,SGPP2,anterior_up
GO_Biological_Process_2021,regulation of exit from mitosis (GO:0007096),1/39,0.9053333203874832,0.9944858390065424,0,0,0.4222661692660344,0.041995254451118,KNTC1,anterior_up
GO_Biological_Process_2021,regulation of peptidyl-threonine phosphorylation (GO:0010799),1/39,0.9053333203874832,0.9944858390065424,0,0,0.4222661692660344,0.041995254451118,PPEF2,anterior_up
GO_Biological_Process_2021,regulation of receptor-mediated endocytosis (GO:0048259),1/39,0.9053333203874832,0.9944858390065424,0,0,0.4222661692660344,0.041995254451118,PROM2,anterior_up
GO_Biological_Process_2021,regulation of T cell differentiation (GO:0045580),1/39,0.9053333203874832,0.9944858390065424,0,0,0.4222661692660344,0.041995254451118,NFATC2,anterior_up
GO_Biological_Process_2021,replication fork processing (GO:0031297),1/39,0.9053333203874832,0.9944858390065424,0,0,0.4222661692660344,0.041995254451118,FAM111A,anterior_up
GO_Biological_Process_2021,response to lipopolysaccharide (GO:0032496),6/159,0.9098666577913762,0.9969552670575056,0,0,0.6280900010089799,0.0593276354725513,IL12A;TNFRSF11A;LBP;NOS1;SMAD6;NFKB1,anterior_up
GO_Biological_Process_2021,peptidyl-threonine modification (GO:0018210),2/67,0.9099143388570254,0.9969552670575056,0,0,0.4934385272846811,0.0465829738819828,GALNT16;TGFBR2,anterior_up
GO_Biological_Process_2021,positive regulation of catabolic process (GO:0009896),2/67,0.9099143388570254,0.9969552670575056,0,0,0.4934385272846811,0.0465829738819828,GPC3;FOXO1,anterior_up
GO_Biological_Process_2021,positive regulation of protein metabolic process (GO:0051247),4/115,0.910877614307228,0.9969552670575056,0,0,0.5774713069233617,0.0539050598392686,CSF1;GPC3;RASGRP1;FOXO1,anterior_up
GO_Biological_Process_2021,carboxylic acid metabolic process (GO:0019752),1/40,0.9108915162641322,0.9969552670575056,0,0,0.4114169349011364,0.0383981476669974,DDO,anterior_up
GO_Biological_Process_2021,fatty acid derivative biosynthetic process (GO:1901570),1/40,0.9108915162641322,0.9969552670575056,0,0,0.4114169349011364,0.0383981476669974,AWAT2,anterior_up
GO_Biological_Process_2021,glycolipid biosynthetic process (GO:0009247),1/40,0.9108915162641322,0.9969552670575056,0,0,0.4114169349011364,0.0383981476669974,ST6GALNAC5,anterior_up
GO_Biological_Process_2021,negative regulation of I-kappaB kinase/NF-kappaB signaling (GO:0043124),1/40,0.9108915162641322,0.9969552670575056,0,0,0.4114169349011364,0.0383981476669974,ESR1,anterior_up
GO_Biological_Process_2021,positive regulation of catalytic activity (GO:0043085),1/40,0.9108915162641322,0.9969552670575056,0,0,0.4114169349011364,0.0383981476669974,CAV1,anterior_up
GO_Biological_Process_2021,positive regulation of double-strand break repair (GO:2000781),1/40,0.9108915162641322,0.9969552670575056,0,0,0.4114169349011364,0.0383981476669974,MGMT,anterior_up
GO_Biological_Process_2021,sulfur compound catabolic process (GO:0044273),1/40,0.9108915162641322,0.9969552670575056,0,0,0.4114169349011364,0.0383981476669974,CTH,anterior_up
GO_Biological_Process_2021,positive regulation of cellular component biogenesis (GO:0044089),3/92,0.9117933531583072,0.997283386930826,0,0,0.5403350602166453,0.0498955666544388,HRK;BCL2L11;TRABD2B,anterior_up
GO_Biological_Process_2021,positive regulation of transmembrane receptor protein serine/threonine kinase signaling pathway (GO:0090100),3/92,0.9117933531583072,0.997283386930826,0,0,0.5403350602166453,0.0498955666544388,BMP4;TGFB2;INHBB,anterior_up
GO_Biological_Process_2021,positive regulation of protein localization to nucleus (GO:1900182),2/68,0.9141858424715696,0.998722465876391,0,0,0.4859362859362859,0.0435988836191786,MAVS;ZIC1,anterior_up
GO_Biological_Process_2021,tumor necrosis factor-mediated signaling pathway (GO:0033209),4/116,0.9142354093269984,0.998722465876391,0,0,0.5722847358121331,0.0513151591338172,TNFRSF8;TNFRSF11A;ST18;BIRC3,anterior_up
GO_Biological_Process_2021,visual perception (GO:0007601),3/93,0.9154625082709466,0.998722465876391,0,0,0.5343028229255774,0.0471927605537364,ADGRV1;RGS16;DHRS3,anterior_up
GO_Biological_Process_2021,positive regulation of response to external stimulus (GO:0032103),5/139,0.9156560094247383,0.998722465876391,0,0,0.597718349128394,0.0526676656687187,CEBPA;LPL;IL16;TLR7;NMI,anterior_up
GO_Biological_Process_2021,protein dephosphorylation (GO:0006470),5/139,0.9156560094247383,0.998722465876391,0,0,0.597718349128394,0.0526676656687187,PTPRU;PTPRZ1;PTPN13;PPEF2;TNS2,anterior_up
GO_Biological_Process_2021,carboxylic acid transmembrane transport (GO:1905039),1/41,0.9161236262596896,0.998722465876391,0,0,0.4011101622544833,0.0351388387096579,SLC7A11,anterior_up
GO_Biological_Process_2021,import into cell (GO:0098657),1/41,0.9161236262596896,0.998722465876391,0,0,0.4011101622544833,0.0351388387096579,SLC12A7,anterior_up
GO_Biological_Process_2021,nucleobase-containing compound catabolic process (GO:0034655),1/41,0.9161236262596896,0.998722465876391,0,0,0.4011101622544833,0.0351388387096579,DNASE1L3,anterior_up
GO_Biological_Process_2021,positive regulation of cation transmembrane transport (GO:1904064),1/41,0.9161236262596896,0.998722465876391,0,0,0.4011101622544833,0.0351388387096579,NOS1,anterior_up
GO_Biological_Process_2021,regulation of protein dephosphorylation (GO:0035304),1/41,0.9161236262596896,0.998722465876391,0,0,0.4011101622544833,0.0351388387096579,DLC1,anterior_up
GO_Biological_Process_2021,protein-containing complex assembly (GO:0065003),11/267,0.9176283130708264,0.9999958373109156,0,0,0.6873519595176572,0.0590867389423685,TCF7L2;OCLN;RSPH4A;COL16A1;CXCL12;TGFA;NCKAP1L;KNTC1;HES1;CLDN1;CTSC,anterior_up
GO_Biological_Process_2021,interleukin-1-mediated signaling pathway (GO:0070498),3/94,0.918992104103108,0.9999958373109156,0,0,0.5284031622782692,0.0446383094489847,PELI2;NFKB1;ST18,anterior_up
GO_Biological_Process_2021,regulation of protein binding (GO:0043393),4/118,0.9206141098911896,0.9999958373109156,0,0,0.5621845710165826,0.0465007149974597,BMP4;TCF7L2;EPB41;CAV1,anterior_up
GO_Biological_Process_2021,cellular respiration (GO:0045333),1/42,0.9210487654994376,0.9999958373109156,0,0,0.3913061590052279,0.0321819168395224,SLC25A13,anterior_up
GO_Biological_Process_2021,determination of left/right symmetry (GO:0007368),1/42,0.9210487654994376,0.9999958373109156,0,0,0.3913061590052279,0.0321819168395224,DNAAF1,anterior_up
GO_Biological_Process_2021,nucleic acid-templated transcription (GO:0097659),1/42,0.9210487654994376,0.9999958373109156,0,0,0.3913061590052279,0.0321819168395224,NR4A2,anterior_up
GO_Biological_Process_2021,phosphatidylinositol phosphate biosynthetic process (GO:0046854),1/42,0.9210487654994376,0.9999958373109156,0,0,0.3913061590052279,0.0321819168395224,PIK3C2G,anterior_up
GO_Biological_Process_2021,potassium ion import across plasma membrane (GO:1990573),1/42,0.9210487654994376,0.9999958373109156,0,0,0.3913061590052279,0.0321819168395224,SLC12A7,anterior_up
GO_Biological_Process_2021,regulation of double-strand break repair (GO:2000779),1/42,0.9210487654994376,0.9999958373109156,0,0,0.3913061590052279,0.0321819168395224,MGMT,anterior_up
GO_Biological_Process_2021,antigen receptor-mediated signaling pathway (GO:0050851),7/185,0.9218805664184924,0.9999958373109156,0,0,0.6295510440275836,0.0512074309338764,DENND1B;CD28;BLNK;NFATC2;NCKAP1L;LCP2;NFKB1,anterior_up
GO_Biological_Process_2021,COPII-coated vesicle budding (GO:0090114),2/70,0.9221643357847988,0.9999958373109156,0,0,0.4715937657114127,0.0382141072338667,TGFA;CTSC,anterior_up
GO_Biological_Process_2021,fatty acid catabolic process (GO:0009062),2/70,0.9221643357847988,0.9999958373109156,0,0,0.4715937657114127,0.0382141072338667,ECHDC2;ACADM,anterior_up
GO_Biological_Process_2021,neutrophil chemotaxis (GO:0030593),2/70,0.9221643357847988,0.9999958373109156,0,0,0.4715937657114127,0.0382141072338667,TGFB2;NCKAP1L,anterior_up
GO_Biological_Process_2021,DNA-dependent DNA replication maintenance of fidelity (GO:0045005),1/43,0.9256849296832098,0.9999958373109156,0,0,0.3819690130535562,0.0294961632112962,FAM111A,anterior_up
GO_Biological_Process_2021,negative regulation of proteolysis (GO:0045861),1/43,0.9256849296832098,0.9999958373109156,0,0,0.3819690130535562,0.0294961632112962,EFNA1,anterior_up
GO_Biological_Process_2021,negative regulation of type I interferon production (GO:0032480),1/43,0.9256849296832098,0.9999958373109156,0,0,0.3819690130535562,0.0294961632112962,MAVS,anterior_up
GO_Biological_Process_2021,positive regulation of T cell differentiation (GO:0045582),1/43,0.9256849296832098,0.9999958373109156,0,0,0.3819690130535562,0.0294961632112962,NCKAP1L,anterior_up
GO_Biological_Process_2021,regulation of cytokine production involved in inflammatory response (GO:1900015),1/43,0.9256849296832098,0.9999958373109156,0,0,0.3819690130535562,0.0294961632112962,PPARA,anterior_up
GO_Biological_Process_2021,signal release from synapse (GO:0099643),1/43,0.9256849296832098,0.9999958373109156,0,0,0.3819690130535562,0.0294961632112962,SYT10,anterior_up
GO_Biological_Process_2021,Fc-gamma receptor signaling pathway involved in phagocytosis (GO:0038096),2/71,0.9258864047140848,0.9999958373109156,0,0,0.4647342995169082,0.0357862721775533,NCKAP1L;VAV2,anterior_up
GO_Biological_Process_2021,regulation of TOR signaling (GO:0032006),2/71,0.9258864047140848,0.9999958373109156,0,0,0.4647342995169082,0.0357862721775533,HTR6;GPAT3,anterior_up
GO_Biological_Process_2021,cytoskeleton organization (GO:0007010),4/120,0.9265640971116508,0.9999958373109156,0,0,0.5524326877657062,0.0421351756058732,FGD3;PLCE1;ARAP3;RND3,anterior_up
GO_Biological_Process_2021,positive regulation of nucleic acid-templated transcription (GO:1903508),23/511,0.9268171798386536,0.9999958373109156,0,0,0.7522935125340638,0.057173516945582,FANK1;JUN;FZD4;FZD7;ZBTB16;NFATC2;HNF1B;RORB;POU3F1;ESR1;FOXO1;NFKB1;ESR2;BMP4;PSRC1;NFIB;LHX2;ZIC1;PPARG;HES1;NOS1;PPARA;RREB1,anterior_up
GO_Biological_Process_2021,negative regulation of DNA-binding transcription factor activity (GO:0043433),5/143,0.9269423221550748,0.9999958373109156,0,0,0.5802689914682762,0.0440214891960176,TCF7L2;RWDD3;ANXA4;HES1;ESR1,anterior_up
GO_Biological_Process_2021,neuron development (GO:0048666),5/143,0.9269423221550748,0.9999958373109156,0,0,0.5802689914682762,0.0440214891960176,GPRIN3;TGFB2;EPHA8;LAMB1;INSM1,anterior_up
GO_Biological_Process_2021,protein maturation (GO:0051604),3/97,0.9287881059267008,0.9999958373109156,0,0,0.5114573285040861,0.037783733450207,PCSK2;NNAT;PCSK6,anterior_up
GO_Biological_Process_2021,cytoskeleton-dependent cytokinesis (GO:0061640),2/72,0.9294400068175892,0.9999958373109156,0,0,0.458070818070818,0.033518423942391,KIF23;CENPA,anterior_up
GO_Biological_Process_2021,extrinsic apoptotic signaling pathway (GO:0097191),2/72,0.9294400068175892,0.9999958373109156,0,0,0.458070818070818,0.033518423942391,TGFB2;IL12A,anterior_up
GO_Biological_Process_2021,Fc-gamma receptor signaling pathway (GO:0038094),2/72,0.9294400068175892,0.9999958373109156,0,0,0.458070818070818,0.033518423942391,NCKAP1L;VAV2,anterior_up
GO_Biological_Process_2021,negative regulation of supramolecular fiber organization (GO:1902904),2/72,0.9294400068175892,0.9999958373109156,0,0,0.458070818070818,0.033518423942391,LDLR;KANK4,anterior_up
GO_Biological_Process_2021,positive regulation of neurogenesis (GO:0050769),2/72,0.9294400068175892,0.9999958373109156,0,0,0.458070818070818,0.033518423942391,DRD2;ROBO1,anterior_up
GO_Biological_Process_2021,response to ionizing radiation (GO:0010212),2/72,0.9294400068175892,0.9999958373109156,0,0,0.458070818070818,0.033518423942391,GADD45A;XRRA1,anterior_up
GO_Biological_Process_2021,homotypic cell-cell adhesion (GO:0034109),1/44,0.930049060235753,0.9999958373109156,0,0,0.3730661529601017,0.0270539893756147,DSC2,anterior_up
GO_Biological_Process_2021,neurotransmitter secretion (GO:0007269),1/44,0.930049060235753,0.9999958373109156,0,0,0.3730661529601017,0.0270539893756147,SYT10,anterior_up
GO_Biological_Process_2021,positive regulation of mRNA catabolic process (GO:0061014),1/44,0.930049060235753,0.9999958373109156,0,0,0.3730661529601017,0.0270539893756147,PRR5L,anterior_up
GO_Biological_Process_2021,positive regulation of receptor-mediated endocytosis (GO:0048260),1/44,0.930049060235753,0.9999958373109156,0,0,0.3730661529601017,0.0270539893756147,NTF3,anterior_up
GO_Biological_Process_2021,protein K63-linked ubiquitination (GO:0070534),1/44,0.930049060235753,0.9999958373109156,0,0,0.3730661529601017,0.0270539893756147,RNF152,anterior_up
GO_Biological_Process_2021,regulation of endothelial cell apoptotic process (GO:2000351),1/44,0.930049060235753,0.9999958373109156,0,0,0.3730661529601017,0.0270539893756147,SEMA5A,anterior_up
GO_Biological_Process_2021,endoplasmic reticulum organization (GO:0007029),2/73,0.9328320834162646,0.9999958373109156,0,0,0.4515950403274347,0.0313994344198786,HMOX1;MAPK15,anterior_up
GO_Biological_Process_2021,granulocyte chemotaxis (GO:0071621),2/73,0.9328320834162646,0.9999958373109156,0,0,0.4515950403274347,0.0313994344198786,TGFB2;NCKAP1L,anterior_up
GO_Biological_Process_2021,cellular protein-containing complex assembly (GO:0034622),6/168,0.9334367130648162,0.9999958373109156,0,0,0.5929102344196684,0.0408409101354241,VAMP8;DNAAF1;ADRB2;STXBP6;PRLR;CENPA,anterior_up
GO_Biological_Process_2021,cellular protein metabolic process (GO:0044267),18/417,0.9334796065643024,0.9999958373109156,0,0,0.72043627265738,0.0495920682977573,MANBA;SERPIND1;CSF1;IGFBP5;GOLM1;DMP1;PLOD2;LAMB1;CHRDL1;LTBP1;BMP4;RCN1;STC2;PENK;GPC3;SPARCL1;IGFBP7;FBN1,anterior_up
GO_Biological_Process_2021,positive regulation of response to biotic stimulus (GO:0002833),1/45,0.9341571061597824,0.9999958373109156,0,0,0.3645679683254406,0.0248309602049754,NMI,anterior_up
GO_Biological_Process_2021,regulation of DNA repair (GO:0006282),1/45,0.9341571061597824,0.9999958373109156,0,0,0.3645679683254406,0.0248309602049754,FGF10,anterior_up
GO_Biological_Process_2021,regulation of insulin receptor signaling pathway (GO:0046626),1/45,0.9341571061597824,0.9999958373109156,0,0,0.3645679683254406,0.0248309602049754,TNS2,anterior_up
GO_Biological_Process_2021,zymogen activation (GO:0031638),1/45,0.9341571061597824,0.9999958373109156,0,0,0.3645679683254406,0.0248309602049754,PRSS12,anterior_up
GO_Biological_Process_2021,peptidyl-serine modification (GO:0018209),6/169,0.9356857431585918,0.9999958373109156,0,0,0.5892411790085131,0.0391701629038794,LATS2;GALNT16;NEK6;VRK2;STK32B;TGFBR2,anterior_up
GO_Biological_Process_2021,"DNA damage response, signal transduction by p53 class mediator (GO:0030330)",2/74,0.9360693418670872,0.9999958373109156,0,0,0.4452991452991452,0.0294190095656583,GADD45A;NDRG1,anterior_up
GO_Biological_Process_2021,Fc receptor mediated stimulatory signaling pathway (GO:0002431),2/74,0.9360693418670872,0.9999958373109156,0,0,0.4452991452991452,0.0294190095656583,NCKAP1L;VAV2,anterior_up
GO_Biological_Process_2021,negative regulation of protein binding (GO:0032091),2/74,0.9360693418670872,0.9999958373109156,0,0,0.4452991452991452,0.0294190095656583,CAV1;ADRB2,anterior_up
GO_Biological_Process_2021,defense response to symbiont (GO:0140546),4/124,0.9372728233993576,0.9999958373109156,0,0,0.5339041095890411,0.034586773895453,MAVS;RNASEL;OPRK1;TLR7,anterior_up
GO_Biological_Process_2021,establishment of protein localization to extracellular region (GO:0035592),1/46,0.9380240823241134,0.9999958373109156,0,0,0.3564474807856533,0.0228053872690187,RAB3B,anterior_up
GO_Biological_Process_2021,positive regulation of immune response (GO:0050778),2/75,0.93915825858108,0.9999958373109156,0,0,0.4391757405456035,0.0275676209569809,TGFB2;NMI,anterior_up
GO_Biological_Process_2021,positive regulation of cell-cell adhesion (GO:0022409),1/47,0.9416641238012472,0.9999958373109156,0,0,0.3486800579215089,0.0209579812986699,PTPRU,anterior_up
GO_Biological_Process_2021,negative regulation of growth (GO:0045926),4/126,0.942076993703704,0.9999958373109156,0,0,0.5250954412755445,0.0313315383790369,NOTCH2;TGFB2;PSRC1;ESR2,anterior_up
GO_Biological_Process_2021,phospholipid metabolic process (GO:0006644),2/76,0.942105083845722,0.9999958373109156,0,0,0.4332178332178332,0.0258364429668477,LIPG;LPL,anterior_up
GO_Biological_Process_2021,positive regulation of growth (GO:0045927),2/76,0.942105083845722,0.9999958373109156,0,0,0.4332178332178332,0.0258364429668477,TGFB2;MFSD2A,anterior_up
GO_Biological_Process_2021,water-soluble vitamin metabolic process (GO:0006767),2/76,0.942105083845722,0.9999958373109156,0,0,0.4332178332178332,0.0258364429668477,MTHFD1L;FOLR2,anterior_up
GO_Biological_Process_2021,regulation of protein catabolic process (GO:0042176),3/102,0.9427252096765872,0.9999958373109156,0,0,0.485496539388755,0.0286347989993398,RAB26;GPC3;FOXO1,anterior_up
GO_Biological_Process_2021,cytokine-mediated signaling pathway (GO:0019221),28/621,0.943133549588202,0.9999958373109156,0,0,0.7526326961402847,0.0440646757212892,OPRD1;CEBPA;RNASEL;CSF1;CEBPD;PELI2;INPPL1;TNFRSF11A;FOXO1;BCL2L11;PTPRZ1;LEPR;HMOX1;TNFRSF8;IL12A;LBP;HGF;IL16;PRLR;ST18;NFKB1;ZEB1;CXCL12;KIT;ACKR3;LCP1;CRLF1;BIRC3,anterior_up
GO_Biological_Process_2021,regulation of cell growth (GO:0001558),8/217,0.9437677798030616,0.9999958373109156,0,0,0.6122757690853188,0.0354355452849681,TGFB2;PSRC1;KIF26A;KIF14;FAM107A;PLCE1;ESR2;MFSD2A,anterior_up
GO_Biological_Process_2021,neutrophil migration (GO:1990266),2/77,0.9449158450876464,0.9999958373109156,0,0,0.4274188034188034,0.0242172964856669,TGFB2;NCKAP1L,anterior_up
GO_Biological_Process_2021,regulation of organelle assembly (GO:1902115),2/77,0.9449158450876464,0.9999958373109156,0,0,0.4274188034188034,0.0242172964856669,MAPK15;CDKL1,anterior_up
GO_Biological_Process_2021,cellular response to alcohol (GO:0097306),1/48,0.9450905375778084,0.9999958373109156,0,0,0.3412431636898813,0.0192715538086256,GLRA2,anterior_up
GO_Biological_Process_2021,cellular response to ionizing radiation (GO:0071479),1/48,0.9450905375778084,0.9999958373109156,0,0,0.3412431636898813,0.0192715538086256,GADD45A,anterior_up
GO_Biological_Process_2021,myelination (GO:0042552),1/48,0.9450905375778084,0.9999958373109156,0,0,0.3412431636898813,0.0192715538086256,MBP,anterior_up
GO_Biological_Process_2021,negative regulation of mitotic cell cycle (GO:0045930),1/48,0.9450905375778084,0.9999958373109156,0,0,0.3412431636898813,0.0192715538086256,BMP4,anterior_up
GO_Biological_Process_2021,nucleus organization (GO:0006997),1/48,0.9450905375778084,0.9999958373109156,0,0,0.3412431636898813,0.0192715538086256,SUN3,anterior_up
GO_Biological_Process_2021,regulation of mitochondrion organization (GO:0010821),1/48,0.9450905375778084,0.9999958373109156,0,0,0.3412431636898813,0.0192715538086256,FZD5,anterior_up
GO_Biological_Process_2021,regulation of protein metabolic process (GO:0051246),1/48,0.9450905375778084,0.9999958373109156,0,0,0.3412431636898813,0.0192715538086256,LDLR,anterior_up
GO_Biological_Process_2021,chromatin remodeling (GO:0006338),3/103,0.9451899456351996,0.9999958373109156,0,0,0.4806159110350727,0.0270920166044416,SATB1;SATB2;ESR1,anterior_up
GO_Biological_Process_2021,microtubule cytoskeleton organization involved in mitosis (GO:1902850),4/128,0.946543239296008,0.9999958373109156,0,0,0.516570923552806,0.0283796967822266,NEK6;NUF2;KNTC1;CENPA,anterior_up
GO_Biological_Process_2021,plasma membrane bounded cell projection organization (GO:0120036),4/128,0.946543239296008,0.9999958373109156,0,0,0.516570923552806,0.0283796967822266,GPRIN3;CARMIL1;EPHA8;LAMB1,anterior_up
GO_Biological_Process_2021,protein modification process (GO:0036211),2/78,0.9475963523074368,0.9999958373109156,0,0,0.4217723796671165,0.0227025968353937,MANBA;PLOD2,anterior_up
GO_Biological_Process_2021,response to hydrogen peroxide (GO:0042542),1/49,0.9483158509310649,0.9999958373109156,0,0,0.3341161400512382,0.0177307604278294,HMOX1,anterior_up
GO_Biological_Process_2021,secondary alcohol metabolic process (GO:1902652),1/49,0.9483158509310649,0.9999958373109156,0,0,0.3341161400512382,0.0177307604278294,OSBPL5,anterior_up
GO_Biological_Process_2021,cellular response to insulin stimulus (GO:0032869),4/129,0.9486560982423796,0.9999958373109156,0,0,0.5124109589041096,0.027008633033679,TBC1D4;INHBB;PPARG;FOXO1,anterior_up
GO_Biological_Process_2021,negative regulation of NF-kappaB transcription factor activity (GO:0032088),2/79,0.9501522025041672,0.9999958373109156,0,0,0.4162726162726162,0.0212853068416487,RWDD3;ANXA4,anterior_up
GO_Biological_Process_2021,positive regulation of proteasomal ubiquitin-dependent protein catabolic process (GO:0032436),2/79,0.9501522025041672,0.9999958373109156,0,0,0.4162726162726162,0.0212853068416487,CEBPA;CAV1,anterior_up
GO_Biological_Process_2021,recombinational repair (GO:0000725),2/79,0.9501522025041672,0.9999958373109156,0,0,0.4162726162726162,0.0212853068416487,RAD51B;AUNIP,anterior_up
GO_Biological_Process_2021,protein glycosylation (GO:0006486),4/130,0.9506921139986348,0.9999958373109156,0,0,0.5083170254403131,0.0257030598428133,B3GALT2;PLOD2;SLC39A8;GCNT4,anterior_up
GO_Biological_Process_2021,regulation of complement activation (GO:0030449),1/50,0.951351857215368,0.9999958373109156,0,0,0.3272800153366214,0.0163218792751818,CD55,anterior_up
GO_Biological_Process_2021,regulation of NIK/NF-kappaB signaling (GO:1901222),2/80,0.9525887845242368,0.9999958373109156,0,0,0.410913872452334,0.0199588939128544,TLR7;NMI,anterior_up
GO_Biological_Process_2021,regulation of organelle organization (GO:0033043),2/80,0.9525887845242368,0.9999958373109156,0,0,0.410913872452334,0.0199588939128544,MAVS;MAPK15,anterior_up
GO_Biological_Process_2021,positive regulation of NF-kappaB transcription factor activity (GO:0051092),5/155,0.9531604914985632,0.9999958373109156,0,0,0.5335047129391602,0.0255932789648747,CAV1;ROR1;TNFRSF11A;CFLAR;NFKB1,anterior_up
GO_Biological_Process_2021,DNA duplex unwinding (GO:0032508),1/51,0.9542096585593716,0.9999958373109156,0,0,0.3207173356105892,0.015032619272183,MCM6,anterior_up
GO_Biological_Process_2021,negative regulation of protein ubiquitination (GO:0031397),1/51,0.9542096585593716,0.9999958373109156,0,0,0.3207173356105892,0.015032619272183,CAV1,anterior_up
GO_Biological_Process_2021,regulation of interleukin-12 production (GO:0032655),1/51,0.9542096585593716,0.9999958373109156,0,0,0.3207173356105892,0.015032619272183,IL16,anterior_up
GO_Biological_Process_2021,regulation of immune response (GO:0050776),6/179,0.9547175926258424,0.9999958373109156,0,0,0.5548835503028982,0.0257131354589715,DENND1B;TGFB2;CD300A;CD34;CLEC4G;BIRC3,anterior_up
GO_Biological_Process_2021,peptidyl-serine phosphorylation (GO:0018105),5/156,0.9549028657381468,0.9999958373109156,0,0,0.5299431950379362,0.0244545758177731,LATS2;NEK6;VRK2;STK32B;TGFBR2,anterior_up
GO_Biological_Process_2021,defense response to virus (GO:0051607),4/133,0.9563631133974296,0.9999958373109156,0,0,0.4964160560688117,0.0221488991374827,MAVS;RNASEL;OPRK1;TLR7,anterior_up
GO_Biological_Process_2021,"regulation of gene expression, epigenetic (GO:0040029)",2/82,0.9571246911721216,0.9999958373109156,0,0,0.4005982905982906,0.0175548589369703,DNMT3L;PHF19,anterior_up
GO_Biological_Process_2021,cellular response to starvation (GO:0009267),5/158,0.9582114204139563,0.9999958373109156,0,0,0.5229598266041635,0.0223235003487644,INHBB;PPARA;RNF152;FOXO1;MFSD2A,anterior_up
GO_Biological_Process_2021,regulation of defense response (GO:0031347),2/83,0.9592338004799144,0.9999958373109156,0,0,0.3956315289648623,0.0164663573999854,MGLL;BIRC3,anterior_up
GO_Biological_Process_2021,positive regulation of macroautophagy (GO:0016239),1/53,0.959431840802354,0.9999958373109156,0,0,0.3083492084346055,0.0127699748025799,ADRB2,anterior_up
GO_Biological_Process_2021,positive regulation of phagocytosis (GO:0050766),1/53,0.959431840802354,0.9999958373109156,0,0,0.3083492084346055,0.0127699748025799,NCKAP1L,anterior_up
GO_Biological_Process_2021,regulation of DNA replication (GO:0006275),1/53,0.959431840802354,0.9999958373109156,0,0,0.3083492084346055,0.0127699748025799,GMNC,anterior_up
GO_Biological_Process_2021,regulation of immune effector process (GO:0002697),1/53,0.959431840802354,0.9999958373109156,0,0,0.3083492084346055,0.0127699748025799,CD55,anterior_up
GO_Biological_Process_2021,response to endoplasmic reticulum stress (GO:0034976),3/110,0.959865393073874,0.9999958373109156,0,0,0.4490058601088877,0.0183922767779093,JUN;BCL2L11;CREB3L1,anterior_up
GO_Biological_Process_2021,cellular protein modification process (GO:0006464),48/1025,0.960366362795461,0.9999958373109156,0,0,0.7802664121775935,0.0315543165651128,PTPRU;RNASEL;CSF1;PRAG1;PLOD2;DMP1;ALOX12B;EVPL;CHRDL1;LTBP1;RSKR;ASB16;ACVR1C;PTPRZ1;B3GALT2;STC2;PENK;GPC3;IGFBP7;CDKL4;MANBA;TGFB2;SERPIND1;IGFBP5;GOLM1;NEK6;ZBTB16;NEK7;KRT1;LAMB1;VRK2;PTPN13;TGFBR2;BMP4;RCN1;MELK;CDK6;LATS2;CTH;NEK10;SPARCL1;TSSK6;ASB2;CHST5;PPEF2;CDKL1;FBN1;FGFR1,anterior_up
GO_Biological_Process_2021,cytoplasmic microtubule organization (GO:0031122),1/54,0.9618153234004512,0.9999958373109156,0,0,0.302515186181783,0.0117777687652688,CCDC88B,anterior_up
GO_Biological_Process_2021,regulation of humoral immune response (GO:0002920),1/54,0.9618153234004512,0.9999958373109156,0,0,0.302515186181783,0.0117777687652688,CD55,anterior_up
GO_Biological_Process_2021,regulation of proteolysis (GO:0030162),1/54,0.9618153234004512,0.9999958373109156,0,0,0.302515186181783,0.0117777687652688,CAV1,anterior_up
GO_Biological_Process_2021,inflammatory response (GO:0006954),8/230,0.9630494835937417,0.9999958373109156,0,0,0.5760193182873595,0.0216874059377165,HRH1;KIT;BLNK;NOX4;TACR1;FOLR2;MGLL;NFKB1,anterior_up
GO_Biological_Process_2021,positive regulation of protein catabolic process (GO:0045732),2/85,0.963157383294058,0.9999958373109156,0,0,0.3860570487076511,0.0144919833456732,GPC3;FOXO1,anterior_up
GO_Biological_Process_2021,"retrograde vesicle-mediated transport, Golgi to endoplasmic reticulum (GO:0006890)",2/85,0.963157383294058,0.9999958373109156,0,0,0.3860570487076511,0.0144919833456732,KIF26A;KIF23,anterior_up
GO_Biological_Process_2021,negative regulation of cysteine-type endopeptidase activity involved in apoptotic process (GO:0043154),1/55,0.9640588740869048,0.9999958373109156,0,0,0.2968972388272132,0.0108673039607399,HGF,anterior_up
GO_Biological_Process_2021,negative regulation of protein modification by small protein conjugation or removal (GO:1903321),1/55,0.9640588740869048,0.9999958373109156,0,0,0.2968972388272132,0.0108673039607399,CAV1,anterior_up
GO_Biological_Process_2021,negative regulation of transcription by RNA polymerase II (GO:0000122),30/684,0.9646793189828716,0.9999958373109156,0,0,0.7300085155609827,0.0262507739239641,CTBP2;SATB1;LDB2;DACH1;HES1;ANKRD2;RREB1;TCF7L2;JUN;BATF3;GADD45A;ZBTB16;CAV1;ESR1;FOXP2;HIC1;NFKB1;ESR2;BMP4;EFNA1;NR4A2;ZEB1;PER3;NFIB;SNAI2;RARB;PPARG;INSM1;PPARA;ZFPM2,anterior_up
GO_Biological_Process_2021,negative regulation of cellular amide metabolic process (GO:0034249),2/86,0.9649805364436568,0.9999958373109156,0,0,0.3814407814407814,0.013597352023752,IGFBP5;HAP1,anterior_up
GO_Biological_Process_2021,response to interleukin-1 (GO:0070555),2/86,0.9649805364436568,0.9999958373109156,0,0,0.3814407814407814,0.013597352023752,TNFRSF11A;NFKB1,anterior_up
GO_Biological_Process_2021,"DNA damage response, signal transduction by p53 class mediator resulting in cell cycle arrest (GO:0006977)",1/56,0.9661707016376344,0.9999958373109156,0,0,0.291483580467355,0.0100313347290271,GADD45A,anterior_up
GO_Biological_Process_2021,mitochondrial transport (GO:0006839),1/56,0.9661707016376344,0.9999958373109156,0,0,0.291483580467355,0.0100313347290271,SLC25A13,anterior_up
GO_Biological_Process_2021,regulation of transcription from RNA polymerase II promoter in response to stress (GO:0043618),2/87,0.9667167625630368,0.9999958373109156,0,0,0.3769331322272499,0.0127590846323449,HMOX1;ANKRD2,anterior_up
GO_Biological_Process_2021,cellular response to molecule of bacterial origin (GO:0071219),3/115,0.9679946952653224,0.9999958373109156,0,0,0.4288463888549432,0.0139498034435612,FZD5;LBP;NFKB1,anterior_up
GO_Biological_Process_2021,carboxylic acid transport (GO:0046942),1/57,0.9681585333123568,0.9999958373109156,0,0,0.2862632670489203,0.0092633164470811,SLC1A5,anterior_up
GO_Biological_Process_2021,protein K48-linked ubiquitination (GO:0070936),1/57,0.9681585333123568,0.9999958373109156,0,0,0.2862632670489203,0.0092633164470811,RNF152,anterior_up
GO_Biological_Process_2021,positive regulation of cellular catabolic process (GO:0031331),4/141,0.9686714257678304,0.9999958373109156,0,0,0.4672282771722827,0.0148717875174508,PRR5L;PPARA;RNF152;FOXO1,anterior_up
GO_Biological_Process_2021,chromatin organization (GO:0006325),4/142,0.9699588755234976,0.9999958373109156,0,0,0.4638177486599166,0.014147185646118,SATB1;SATB2;ESR1;PHF19,anterior_up
GO_Biological_Process_2021,protein localization to organelle (GO:0033365),4/142,0.9699588755234976,0.9999958373109156,0,0,0.4638177486599166,0.014147185646118,LAMP5;BMP4;OBSCN;HMOX1,anterior_up
GO_Biological_Process_2021,cellular iron ion homeostasis (GO:0006879),1/58,0.97002964376713,0.9999958373109156,0,0,0.2812261225223605,0.0085573305126226,HMOX1,anterior_up
GO_Biological_Process_2021,membrane lipid biosynthetic process (GO:0046467),1/58,0.97002964376713,0.9999958373109156,0,0,0.2812261225223605,0.0085573305126226,SGPP2,anterior_up
GO_Biological_Process_2021,regulation of phagocytosis (GO:0050764),1/58,0.97002964376713,0.9999958373109156,0,0,0.2812261225223605,0.0085573305126226,OLFM4,anterior_up
GO_Biological_Process_2021,RNA modification (GO:0009451),1/58,0.97002964376713,0.9999958373109156,0,0,0.2812261225223605,0.0085573305126226,TRMT9B,anterior_up
GO_Biological_Process_2021,negative regulation of protein kinase activity (GO:0006469),2/90,0.9714422426689966,0.9999958373109156,0,0,0.364024864024864,0.010547061160624,GADD45A;CAV1,anterior_up
GO_Biological_Process_2021,positive regulation of autophagy (GO:0010508),2/90,0.9714422426689966,0.9999958373109156,0,0,0.364024864024864,0.010547061160624,RNF152;FOXO1,anterior_up
GO_Biological_Process_2021,"regulation of mRNA splicing, via spliceosome (GO:0048024)",2/90,0.9714422426689966,0.9999958373109156,0,0,0.364024864024864,0.010547061160624,KHDRBS2;KHDRBS3,anterior_up
GO_Biological_Process_2021,positive regulation of transport (GO:0051050),2/91,0.9728683460980612,0.9999958373109156,0,0,0.3599154902525689,0.0099000201645181,SPAG5;GPC3,anterior_up
GO_Biological_Process_2021,cellular protein catabolic process (GO:0044257),1/60,0.973448691728619,0.9999958373109156,0,0,0.2716640854549928,0.0073105241447936,CTSC,anterior_up
GO_Biological_Process_2021,peptidyl-threonine phosphorylation (GO:0018107),1/60,0.973448691728619,0.9999958373109156,0,0,0.2716640854549928,0.0073105241447936,TGFBR2,anterior_up
GO_Biological_Process_2021,"positive regulation of transcription, DNA-templated (GO:0045893)",55/1183,0.9737936626935418,0.9999958373109156,0,0,0.7726337644526562,0.0205179409961597,FANK1;CITED4;HNF4G;RORB;LDB2;ELK3;DBP;ZIC1;DPF3;NOS1;TCF15;HGF;HNF1B;POU3F1;KLF14;RGMA;TOX3;TOX2;PSRC1;RARB;CDH13;PPARG;ITGA6;PPARA;ZFPM2;MET;CEBPA;RNASEL;HLF;CTBP2;SATB2;FOXO1;NHLH2;E2F2;HES1;RXRG;WNT2;RREB1;TCF7L2;JUN;JAG1;FZD5;FZD4;ZBTB16;FZD7;NFATC2;ESR1;NFKB1;ST18;ESR2;BMP4;NR4A2;MAVS;NFIB;LHX2,anterior_up
GO_Biological_Process_2021,iron ion homeostasis (GO:0055072),1/61,0.9750091445278154,0.9999958373109156,0,0,0.2671221178479931,0.0067604411606664,HMOX1,anterior_up
GO_Biological_Process_2021,positive regulation of cysteine-type endopeptidase activity (GO:2001056),1/62,0.9764779522883784,0.9999958373109156,0,0,0.2627290672117148,0.0062537681571788,ACVR1C,anterior_up
GO_Biological_Process_2021,regulation of neurogenesis (GO:0050767),1/62,0.9764779522883784,0.9999958373109156,0,0,0.2627290672117148,0.0062537681571788,HES1,anterior_up
GO_Biological_Process_2021,stress-activated MAPK cascade (GO:0051403),1/62,0.9764779522883784,0.9999958373109156,0,0,0.2627290672117148,0.0062537681571788,NFKB1,anterior_up
GO_Biological_Process_2021,negative regulation of cellular protein metabolic process (GO:0032269),2/94,0.9767458271182462,0.9999958373109156,0,0,0.3481233742103307,0.0081909312580738,IGFBP5;NFKB1,anterior_up
GO_Biological_Process_2021,anterior/posterior pattern specification (GO:0009952),1/63,0.9778604929618624,0.9999958373109156,0,0,0.2584777278862841,0.0057868677018982,HES1,anterior_up
GO_Biological_Process_2021,cellular response to reactive oxygen species (GO:0034614),1/63,0.9778604929618624,0.9999958373109156,0,0,0.2584777278862841,0.0057868677018982,JUN,anterior_up
GO_Biological_Process_2021,cellular transition metal ion homeostasis (GO:0046916),2/96,0.9790268221206272,0.9999958373109156,0,0,0.3406801236588471,0.0072211374460925,HMOX1;SLC39A8,anterior_up
GO_Biological_Process_2021,neutrophil activation involved in immune response (GO:0002283),19/485,0.9790379551110568,0.9999958373109156,0,0,0.6493193721175213,0.0137557451475702,MANBA;CD300A;KRT1;MCEMP1;NBEAL2;TMC6;RETN;OLFM4;SLC2A5;MPO;NFKB1;VAMP8;CRISPLD2;COTL1;NCKAP1L;ALDOC;DNASE1L3;CTSC;CD55,anterior_up
GO_Biological_Process_2021,regulation of macromolecule metabolic process (GO:0060255),6/200,0.9791458058944468,0.9999958373109156,0,0,0.4942618167671659,0.0104164264508485,CDK6;RNF39;INSM1;FEZF2;LDLR;PTHLH,anterior_up
GO_Biological_Process_2021,antimicrobial humoral immune response mediated by antimicrobial peptide (GO:0061844),1/64,0.979161829109832,0.9999958373109156,0,0,0.2543613517140417,0.0053564302929342,CXCL14,anterior_up
GO_Biological_Process_2021,negative regulation of cell cycle process (GO:0010948),1/64,0.979161829109832,0.9999958373109156,0,0,0.2543613517140417,0.0053564302929342,BMP4,anterior_up
GO_Biological_Process_2021,plasma membrane organization (GO:0007009),1/64,0.979161829109832,0.9999958373109156,0,0,0.2543613517140417,0.0053564302929342,PLSCR4,anterior_up
GO_Biological_Process_2021,pre-replicative complex assembly (GO:0036388),1/64,0.979161829109832,0.9999958373109156,0,0,0.2543613517140417,0.0053564302929342,MCM6,anterior_up
GO_Biological_Process_2021,protein secretion (GO:0009306),1/64,0.979161829109832,0.9999958373109156,0,0,0.2543613517140417,0.0053564302929342,RAB3B,anterior_up
GO_Biological_Process_2021,tRNA processing (GO:0008033),1/64,0.979161829109832,0.9999958373109156,0,0,0.2543613517140417,0.0053564302929342,TRMT9B,anterior_up
GO_Biological_Process_2021,defense response to bacterium (GO:0042742),5/176,0.979392853139318,0.9999958373109156,0,0,0.4674604248410228,0.0097336652103393,MAVS;STAB2;IL12A;LBP;MPO,anterior_up
GO_Biological_Process_2021,"negative regulation of transcription, DNA-templated (GO:0045892)",42/948,0.980065930657704,0.9999958373109156,0,0,0.7352399929672391,0.0148043759107683,CEBPA;CTBP2;TSHZ3;SATB1;TWIST2;PBXIP1;RORB;LDB2;FOXO1;ELK3;DNMT3L;DACH1;CREB3L1;DPF3;HES1;ANKRD2;RREB1;TCF7L2;JUN;BATF3;ATP8B1;GADD45A;ZBTB16;SFMBT2;CAV1;ESR1;FOXP2;NFKB1;HIC1;ESR2;DKK3;BMP4;EFNA1;NR4A2;PER3;ZEB1;SNAI2;RARB;PPARG;INSM1;PPARA;ZFPM2,anterior_up
GO_Biological_Process_2021,cellular response to type I interferon (GO:0071357),1/65,0.9803867264000612,0.9999958373109156,0,0,0.2503736122971819,0.0049594421704099,RNASEL,anterior_up
GO_Biological_Process_2021,mitotic G1 DNA damage checkpoint signaling (GO:0031571),1/65,0.9803867264000612,0.9999958373109156,0,0,0.2503736122971819,0.0049594421704099,GADD45A,anterior_up
GO_Biological_Process_2021,protein autoubiquitination (GO:0051865),1/65,0.9803867264000612,0.9999958373109156,0,0,0.2503736122971819,0.0049594421704099,RNF122,anterior_up
GO_Biological_Process_2021,regulation of cellular catabolic process (GO:0031329),1/65,0.9803867264000612,0.9999958373109156,0,0,0.2503736122971819,0.0049594421704099,MAPK15,anterior_up
GO_Biological_Process_2021,regulation of RNA metabolic process (GO:0051252),1/65,0.9803867264000612,0.9999958373109156,0,0,0.2503736122971819,0.0049594421704099,AHNAK,anterior_up
GO_Biological_Process_2021,steroid biosynthetic process (GO:0006694),1/65,0.9803867264000612,0.9999958373109156,0,0,0.2503736122971819,0.0049594421704099,PRLR,anterior_up
GO_Biological_Process_2021,tRNA modification (GO:0006400),1/65,0.9803867264000612,0.9999958373109156,0,0,0.2503736122971819,0.0049594421704099,TRMT9B,anterior_up
GO_Biological_Process_2021,type I interferon signaling pathway (GO:0060337),1/65,0.9803867264000612,0.9999958373109156,0,0,0.2503736122971819,0.0049594421704099,RNASEL,anterior_up
GO_Biological_Process_2021,negative regulation of cell growth (GO:0030308),3/126,0.9807380233312916,0.9999958373109156,0,0,0.3902647666339794,0.007590612913682,TGFB2;PSRC1;ESR2,anterior_up
GO_Biological_Process_2021,antigen processing and presentation of exogenous peptide antigen via MHC class II (GO:0019886),2/98,0.981090306162161,0.9999958373109156,0,0,0.3335470085470085,0.0063676687048333,KIF26A;KIF23,anterior_up
GO_Biological_Process_2021,regulation of protein localization (GO:0032880),1/66,0.981539671245408,0.9999958373109156,0,0,0.246508572554687,0.0045931565377003,SLC26A4,anterior_up
GO_Biological_Process_2021,response to UV (GO:0009411),2/99,0.9820467736074628,0.9999958373109156,0,0,0.3300907568948806,0.0059800366459,SCARA3;IL12A,anterior_up
GO_Biological_Process_2021,sensory perception of chemical stimulus (GO:0007606),2/99,0.9820467736074628,0.9999958373109156,0,0,0.3300907568948806,0.0059800366459,SYT10;DRD2,anterior_up
GO_Biological_Process_2021,cilium organization (GO:0044782),7/228,0.982184551260855,0.9999958373109156,0,0,0.5058901209873187,0.0090939082396149,SPAG16;ABCC4;EHD4;ABLIM3;DNAAF1;CFAP70;TEKT1,anterior_up
GO_Biological_Process_2021,protein N-linked glycosylation (GO:0006487),1/67,0.9826248866198546,0.9999958373109156,0,0,0.2427606552286313,0.00425506804252,SLC39A8,anterior_up
GO_Biological_Process_2021,regulation of gene silencing by miRNA (GO:0060964),1/67,0.9826248866198546,0.9999958373109156,0,0,0.2427606552286313,0.00425506804252,PPARG,anterior_up
GO_Biological_Process_2021,antigen processing and presentation of peptide antigen via MHC class II (GO:0002495),2/100,0.9829561948967788,0.9999958373109156,0,0,0.3267050409907552,0.0056162956978806,KIF26A;KIF23,anterior_up
GO_Biological_Process_2021,regulation of autophagy (GO:0010506),7/231,0.9840476374196024,0.9999958373109156,0,0,0.4990343347639485,0.0080249567102146,FZD5;HGF;LEPR;RNF152;MET;MAPK15;FOXO1,anterior_up
GO_Biological_Process_2021,intrinsic apoptotic signaling pathway (GO:0097193),2/102,0.984642692568732,0.9999958373109156,0,0,0.3201367521367521,0.004954581167661,BCL2L11;HIC1,anterior_up
GO_Biological_Process_2021,positive regulation of cellular protein metabolic process (GO:0032270),2/102,0.984642692568732,0.9999958373109156,0,0,0.3201367521367521,0.004954581167661,CSF1;CD28,anterior_up
GO_Biological_Process_2021,cellular response to hypoxia (GO:0071456),3/131,0.9847698859336992,0.9999958373109156,0,0,0.3749198032506415,0.0057540004894385,OPRD1;HMOX1;NDRG1,anterior_up
GO_Biological_Process_2021,T cell receptor signaling pathway (GO:0050852),4/158,0.98487634645801,0.9999958373109156,0,0,0.4152730830813023,0.0063284222095843,DENND1B;CD28;LCP2;NFKB1,anterior_up
GO_Biological_Process_2021,antigen processing and presentation of exogenous peptide antigen (GO:0002478),2/103,0.9854239229378904,0.9999958373109156,0,0,0.3169501565541169,0.004653890645161,KIF26A;KIF23,anterior_up
GO_Biological_Process_2021,cellular response to light stimulus (GO:0071482),1/70,0.9855127597856028,0.9999958373109156,0,0,0.2321687149593435,0.0033880856400245,OPN1MW,anterior_up
GO_Biological_Process_2021,establishment of protein localization to membrane (GO:0090150),1/70,0.9855127597856028,0.9999958373109156,0,0,0.2321687149593435,0.0033880856400245,ZDHHC22,anterior_up
GO_Biological_Process_2021,snRNA transcription by RNA polymerase II (GO:0042795),1/70,0.9855127597856028,0.9999958373109156,0,0,0.2321687149593435,0.0033880856400245,ELL2,anterior_up
GO_Biological_Process_2021,sterol metabolic process (GO:0016125),1/70,0.9855127597856028,0.9999958373109156,0,0,0.2321687149593435,0.0033880856400245,OSBPL5,anterior_up
GO_Biological_Process_2021,nucleic acid metabolic process (GO:0090304),1/71,0.9863645487234636,0.9999958373109156,0,0,0.2288398194461388,0.0031418031734578,DNASE1L3,anterior_up
GO_Biological_Process_2021,positive regulation of cellular protein localization (GO:1903829),1/71,0.9863645487234636,0.9999958373109156,0,0,0.2288398194461388,0.0031418031734578,NECAB2,anterior_up
GO_Biological_Process_2021,regulation of glycolytic process (GO:0006110),1/71,0.9863645487234636,0.9999958373109156,0,0,0.2288398194461388,0.0031418031734578,PPARA,anterior_up
GO_Biological_Process_2021,regulation of hematopoietic stem cell differentiation (GO:1902036),1/71,0.9863645487234636,0.9999958373109156,0,0,0.2288398194461388,0.0031418031734578,TCF15,anterior_up
GO_Biological_Process_2021,snRNA transcription (GO:0009301),1/71,0.9863645487234636,0.9999958373109156,0,0,0.2288398194461388,0.0031418031734578,ELL2,anterior_up
GO_Biological_Process_2021,neutrophil degranulation (GO:0043312),18/481,0.9866574858687496,0.9999958373109156,0,0,0.618695045124293,0.0083105130693629,MANBA;CD300A;KRT1;MCEMP1;NBEAL2;TMC6;RETN;OLFM4;SLC2A5;MPO;NFKB1;VAMP8;CRISPLD2;COTL1;NCKAP1L;ALDOC;CTSC;CD55,anterior_up
GO_Biological_Process_2021,regulation of mitotic cell cycle phase transition (GO:1901990),5/188,0.9873816474618374,0.9999958373109156,0,0,0.43652633205501,0.0055432907679512,NEK6;KIF14;KNTC1;TM4SF5;HMMR,anterior_up
GO_Biological_Process_2021,regulation of cell cycle process (GO:0010564),2/106,0.9875425534045476,0.9999958373109156,0,0,0.3077580539119001,0.0038579598912393,SPAG5;INSM1,anterior_up
GO_Biological_Process_2021,"antigen processing and presentation of exogenous peptide antigen via MHC class I, TAP-dependent (GO:0002479)",1/73,0.9879209128442648,0.9999958373109156,0,0,0.2224594363791631,0.0027034677023354,VAMP8,anterior_up
GO_Biological_Process_2021,defense response to Gram-negative bacterium (GO:0050829),1/73,0.9879209128442648,0.9999958373109156,0,0,0.2224594363791631,0.0027034677023354,LBP,anterior_up
GO_Biological_Process_2021,insulin receptor signaling pathway (GO:0008286),1/73,0.9879209128442648,0.9999958373109156,0,0,0.2224594363791631,0.0027034677023354,FOXO1,anterior_up
GO_Biological_Process_2021,neurotransmitter transport (GO:0006836),1/73,0.9879209128442648,0.9999958373109156,0,0,0.2224594363791631,0.0027034677023354,SLC22A1,anterior_up
GO_Biological_Process_2021,cellular response to amino acid starvation (GO:0034198),1/74,0.9886311927981576,0.9999958373109156,0,0,0.2194003486073254,0.0025086073745784,RNF152,anterior_up
GO_Biological_Process_2021,NIK/NF-kappaB signaling (GO:0038061),1/74,0.9886311927981576,0.9999958373109156,0,0,0.2194003486073254,0.0025086073745784,BIRC3,anterior_up
GO_Biological_Process_2021,proteolysis involved in cellular protein catabolic process (GO:0051603),1/74,0.9886311927981576,0.9999958373109156,0,0,0.2194003486073254,0.0025086073745784,CTSC,anterior_up
GO_Biological_Process_2021,DNA replication (GO:0006260),2/108,0.9887849104353952,0.9999958373109156,0,0,0.3019190453152717,0.0034051797253043,FAM111A;MCM6,anterior_up
GO_Biological_Process_2021,neutrophil mediated immunity (GO:0002446),18/488,0.9890005260040788,0.9999958373109156,0,0,0.6092481286183119,0.0067385374482159,MANBA;CD300A;KRT1;MCEMP1;NBEAL2;TMC6;RETN;OLFM4;SLC2A5;MPO;NFKB1;VAMP8;CRISPLD2;COTL1;NCKAP1L;ALDOC;CTSC;CD55,anterior_up
GO_Biological_Process_2021,nucleic acid phosphodiester bond hydrolysis (GO:0090305),1/75,0.9892997304722352,0.9999958373109156,0,0,0.2164239388833752,0.0023282733891629,DNASE1L3,anterior_up
GO_Biological_Process_2021,response to amino acid starvation (GO:1990928),1/75,0.9892997304722352,0.9999958373109156,0,0,0.2164239388833752,0.0023282733891629,RNF152,anterior_up
GO_Biological_Process_2021,response to tumor necrosis factor (GO:0034612),2/110,0.9899060881240076,0.9999958373109156,0,0,0.2962962962962963,0.0030059854322493,TNFRSF11A;GSDME,anterior_up
GO_Biological_Process_2021,establishment of protein localization to organelle (GO:0072594),1/76,0.9899289772634354,0.9999958373109156,0,0,0.2135269000853971,0.0021613360583822,LAMP5,anterior_up
GO_Biological_Process_2021,regulation of cell division (GO:0051302),1/76,0.9899289772634354,0.9999958373109156,0,0,0.2135269000853971,0.0021613360583822,SUSD2,anterior_up
GO_Biological_Process_2021,RNA transport (GO:0050658),1/76,0.9899289772634354,0.9999958373109156,0,0,0.2135269000853971,0.0021613360583822,TGFBR2,anterior_up
GO_Biological_Process_2021,cellular response to tumor necrosis factor (GO:0071356),5/194,0.9901765092076276,0.9999958373109156,0,0,0.4225323376994328,0.0041712644277682,TNFRSF8;TNFRSF11A;ST18;GSDME;BIRC3,anterior_up
GO_Biological_Process_2021,sensory perception of smell (GO:0007608),2/111,0.9904248584776428,0.9999958373109156,0,0,0.2935622990668862,0.0028244444704423,SYT10;DRD2,anterior_up
GO_Biological_Process_2021,cholesterol metabolic process (GO:0008203),1/77,0.9905212402316406,0.9999958373109156,0,0,0.2107060991505236,0.0020067583826096,OSBPL5,anterior_up
GO_Biological_Process_2021,antigen processing and presentation of exogenous peptide antigen via MHC class I (GO:0042590),1/78,0.9910786913911932,0.9999958373109156,0,0,0.2079585657724001,0.001863587779606,VAMP8,anterior_up
GO_Biological_Process_2021,positive regulation of ubiquitin-dependent protein catabolic process (GO:2000060),1/79,0.9916033752725494,0.9999958373109156,0,0,0.2052814819680746,0.0017309488442404,CEBPA,anterior_up
GO_Biological_Process_2021,regulation of cellular response to heat (GO:1900034),1/79,0.9916033752725494,0.9999958373109156,0,0,0.2052814819680746,0.0017309488442404,CD34,anterior_up
GO_Biological_Process_2021,endomembrane system organization (GO:0010256),5/199,0.9920458569105496,0.9999958373109156,0,0,0.4115319039920847,0.0032864715795714,SUN3;SPTBN5;SYNGR2;ATP8B1;MAPK15,anterior_up
GO_Biological_Process_2021,glycerophospholipid metabolic process (GO:0006650),1/80,0.9920972162641092,0.9999958373109156,0,0,0.2026721724372763,0.0016080367335891,PLAAT1,anterior_up
GO_Biological_Process_2021,response to interferon-gamma (GO:0034341),1/80,0.9920972162641092,0.9999958373109156,0,0,0.2026721724372763,0.0016080367335891,AQP4,anterior_up
GO_Biological_Process_2021,regulation of intracellular signal transduction (GO:1902531),15/437,0.9927376214618,0.9999958373109156,0,0,0.5654638774080704,0.0041215972082088,ARHGEF26;STARD8;ARAP3;VRK2;PTPN13;ARHGAP36;ARHGAP25;VAV2;FGD3;RASD2;OBSCN;DLC1;TRIP10;GPAT3;BIRC3,anterior_up
GO_Biological_Process_2021,positive regulation of gene expression (GO:0010628),17/482,0.9929596076894772,0.9999958373109156,0,0,0.5812428431783271,0.0041066508831954,RAMP3;CSF1;ALOX12B;POU3F1;OVOL2;ROBO1;CCDC88B;BMP4;FGF16;OCLN;CALCR;FGF18;CD28;DRD1;EPHB2;CD34;FGF10,anterior_up
GO_Biological_Process_2021,innate immune response (GO:0045087),9/302,0.9932281552215751,0.9999958373109156,0,0,0.489539527936166,0.0033263612520077,MAVS;KRT1;RNF39;PPARG;MASP1;LBP;ALPK1;S100B;INAVA,anterior_up
GO_Biological_Process_2021,regulation of G2/M transition of mitotic cell cycle (GO:0010389),3/149,0.9935782947935596,0.9999958373109156,0,0,0.3283804211537785,0.0021155623125961,RAD51B;KIF14;HMMR,anterior_up
GO_Biological_Process_2021,cellular response to lipopolysaccharide (GO:0071222),2/120,0.9940609866456724,0.9999958373109156,0,0,0.2710415761263219,0.0016145186237634,LBP;NFKB1,anterior_up
GO_Biological_Process_2021,positive regulation of proteasomal protein catabolic process (GO:1901800),1/86,0.9945069072012264,0.9999958373109156,0,0,0.188305621138293,0.0010372316716698,CEBPA,anterior_up
GO_Biological_Process_2021,mitotic cell cycle phase transition (GO:0044772),5/209,0.9948175235962264,0.9999958373109156,0,0,0.3911487474167044,0.0020323901214406,EPS8;CCNA1;MELK;CDK6;LATS2,anterior_up
GO_Biological_Process_2021,protein targeting to membrane (GO:0006612),1/87,0.994830034956558,0.9999958373109156,0,0,0.1861060909975572,0.0009646577625147336,ZDHHC22,anterior_up
GO_Biological_Process_2021,"retrograde transport, endosome to Golgi (GO:0042147)",1/88,0.9951341601720992,0.9999958373109156,0,0,0.1839571247681027,0.0008972907154778442,BAIAP3,anterior_up
GO_Biological_Process_2021,cellular response to interleukin-1 (GO:0071347),3/155,0.9952113579135214,0.9999958373109156,0,0,0.3153167349511503,0.0015135658493777,PELI2;NFKB1;ST18,anterior_up
GO_Biological_Process_2021,SCF-dependent proteasomal ubiquitin-dependent protein catabolic process (GO:0031146),1/89,0.9954203995187908,0.9999958373109156,0,0,0.1818569986802267,0.0008347452608245983,KIF14,anterior_up
GO_Biological_Process_2021,protein targeting (GO:0006605),2/125,0.9954541934828892,0.9999958373109156,0,0,0.2599541380029185,0.001184395274776,HAP1;ZDHHC22,anterior_up
GO_Biological_Process_2021,endoplasmic reticulum to Golgi vesicle-mediated transport (GO:0006888),4/185,0.995501623940928,0.9999958373109156,0,0,0.3528154090668281,0.001590676809036,SPTBN5;TGFA;CTSC;CD55,anterior_up
GO_Biological_Process_2021,cilium assembly (GO:0060271),9/314,0.9956335356393412,0.9999958373109156,0,0,0.4699744865596323,0.0020566202001676,SPAG16;ABCC4;RSPH4A;EHD4;ABLIM3;DNAAF1;CFAP70;TEKT1;SPATA6,anterior_up
GO_Biological_Process_2021,negative regulation of translation (GO:0017148),1/90,0.9956898039229952,0.9999958373109156,0,0,0.179804066437022,0.000776665777673239,IGFBP5,anterior_up
GO_Biological_Process_2021,Golgi organization (GO:0007030),2/130,0.9965250363058428,0.9999958373109156,0,0,0.2497329059829059,0.000869324092664826,SPTBN5;ATP8B1,anterior_up
GO_Biological_Process_2021,regulation of cell cycle phase transition (GO:1901987),1/95,0.996816964953852,0.9999958373109156,0,0,0.170194596362447,0.0005425993801605293,NEK10,anterior_up
GO_Biological_Process_2021,"transcription, DNA-templated (GO:0006351)",5/221,0.9969319028456312,0.9999958373109156,0,0,0.3691802342187946,0.0011344219757217,NR4A2;CEBPD;PAX5;RREB1;NFKB1,anterior_up
GO_Biological_Process_2021,RNA metabolic process (GO:0016070),2/133,0.9970439972262324,0.9999958373109156,0,0,0.2439746851960592,0.0007222578710036487,RNASEL;ADARB2,anterior_up
GO_Biological_Process_2021,positive regulation of translation (GO:0045727),1/100,0.9976493439641572,0.9999958373109156,0,0,0.1615557798307584,0.00038020911468881693,CD28,anterior_up
GO_Biological_Process_2021,regulation of proteasomal ubiquitin-dependent protein catabolic process (GO:0032434),1/102,0.9979177539811916,0.9999958373109156,0,0,0.1583397451615358,0.0003300460418841595,CEBPA,anterior_up
GO_Biological_Process_2021,steroid metabolic process (GO:0008202),1/104,0.9981554992034832,0.9999958373109156,0,0,0.1552486050425741,0.00028662059295150557,PRLR,anterior_up
GO_Biological_Process_2021,mitochondrion organization (GO:0007005),3/175,0.9982292585053468,0.9999958373109156,0,0,0.2783535918196829,0.0004933291634491171,MYH14;PLD6;HAP1,anterior_up
GO_Biological_Process_2021,protein localization to nucleus (GO:0034504),1/106,0.9983660803930778,0.9999958373109156,0,0,0.1522752226424301,0.0002490089576764611,BMP4,anterior_up
GO_Biological_Process_2021,regulation of mitotic cell cycle (GO:0007346),3/178,0.9984776950184536,0.9999958373109156,0,0,0.2735378223145546,0.00041672526155993826,SMOC2;NEK6;NEK7,anterior_up
GO_Biological_Process_2021,response to cytokine (GO:0034097),2/150,0.998826149996874,0.9999958373109156,0,0,0.2157542157542157,0.0002534118497034221,TNFRSF11A;PTPN13,anterior_up
GO_Biological_Process_2021,regulation of gene expression (GO:0010468),42/1079,0.9988510039194072,0.9999958373109156,0,0,0.6376648091414137,0.0007330956091248617,PRDM8;NOTCH2;OPRD1;CEBPA;RAMP3;AHNAK;CSF1;ALOX12B;RORB;PTHLH;ROBO1;CALCR;CREB3L1;STC2;RNF39;SLC39A8;DRD1;EPHB2;FEZF2;CD34;RREB1;TGFB2;SFMBT2;FZD7;NFATC2;POU3F1;ESR1;NFKB1;HIC1;ESR2;OVOL2;BMP4;FGF16;OCLN;CDK6;FGF18;CD28;SNAI2;CCDC3;INSM1;FGF10;PHF19,anterior_up
GO_Biological_Process_2021,cellular response to DNA damage stimulus (GO:0006974),9/350,0.9988955922053312,0.9999958373109156,0,0,0.4195414326887436,0.0004636008778072977,RAD51B;FAM111A;BCL2L11;GADD45A;MGMT;NFATC2;MAPK15;HIC1;FOXO1,anterior_up
GO_Biological_Process_2021,cellular response to lectin (GO:1990858),1/115,0.999052848042505,0.9999958373109156,0,0,0.1401860757786867,0.00013284043606244465,NFKB1,anterior_up
GO_Biological_Process_2021,stimulatory C-type lectin receptor signaling pathway (GO:0002223),1/115,0.999052848042505,0.9999958373109156,0,0,0.1401860757786867,0.00013284043606244465,NFKB1,anterior_up
GO_Biological_Process_2021,cytosolic transport (GO:0016482),1/116,0.9991084966687548,0.9999958373109156,0,0,0.1389596405896112,0.00012393823638187133,BAIAP3,anterior_up
GO_Biological_Process_2021,regulation of nucleic acid-templated transcription (GO:1903506),12/430,0.999110216691668,0.9999958373109156,0,0,0.4556178848374855,0.0004055816555702702,PRDM8;CEBPA;FZD7;NFATC2;SNAI2;SLC39A8;RORB;RREB1;ESR1;HIC1;ESR2;PHF19,anterior_up
GO_Biological_Process_2021,DNA metabolic process (GO:0006259),6/277,0.9991318251334756,0.9999958373109156,0,0,0.3523637123163684,0.00030604618894424976,RAD51B;TCF7L2;GADD45A;MGMT;MCM6;DNASE1L3,anterior_up
GO_Biological_Process_2021,regulation of cellular response to stress (GO:0080135),1/118,0.9992101534751364,0.9999958373109156,0,0,0.1365696643237207,0.00010791169721974078,NEK6,anterior_up
GO_Biological_Process_2021,innate immune response activating cell surface receptor signaling pathway (GO:0002220),1/119,0.9992565360831648,0.9999958373109156,0,0,0.1354050572450028,0.0001007062145774309,NFKB1,anterior_up
GO_Biological_Process_2021,macroautophagy (GO:0016236),1/120,0.9993001862310807,0.9999958373109156,0,0,0.1342600233944987,9.39899045387814e-05,VAMP8,anterior_up
GO_Biological_Process_2021,cellular response to interferon-gamma (GO:0071346),1/121,0.9993412646212274,0.9999958373109156,0,0,0.133134073441503,8.772902257490062e-05,AQP4,anterior_up
GO_Biological_Process_2021,regulation of mRNA catabolic process (GO:0061013),1/122,0.9993799228920808,0.9999958373109156,0,0,0.132026734231532,8.189214787814759e-05,PRR5L,anterior_up
GO_Biological_Process_2021,double-strand break repair (GO:0006302),2/164,0.9994550411737736,0.9999958373109156,0,0,0.1969610636277303,0.00010736492743709564,RAD51B;AUNIP,anterior_up
GO_Biological_Process_2021,organelle assembly (GO:0070925),11/425,0.999574255575056,0.9999958373109156,0,0,0.4214133243455791,0.0001794525766154617,SPAG16;ABCC4;EHD4;ABLIM3;DNAAF1;CFAP70;NEK6;NEK7;TEKT1;CENPA;CD34,anterior_up
GO_Biological_Process_2021,DNA-dependent DNA replication (GO:0006261),1/129,0.9995937324832048,0.9999958373109156,0,0,0.1247598206660973,5.069616133706873e-05,MCM6,anterior_up
GO_Biological_Process_2021,G2/M transition of mitotic cell cycle (GO:0000086),1/130,0.9996175116385876,0.9999958373109156,0,0,0.1237860703433757,4.735578830768845e-05,MELK,anterior_up
GO_Biological_Process_2021,cell cycle G2/M phase transition (GO:0044839),1/131,0.999639888931367,0.9999958373109156,0,0,0.1228273007948499,4.4239436580096586e-05,MELK,anterior_up
GO_Biological_Process_2021,cellular protein localization (GO:0034613),7/329,0.999701584403946,0.9999958373109156,0,0,0.3453256204515768,0.00010306592986519908,PTPRU;OCLN;GRID2;TBC1D4;ABCA12;CELSR1;FGF10,anterior_up
GO_Biological_Process_2021,regulation of translation (GO:0006417),2/178,0.9997476653047116,0.9999958373109156,0,0,0.1811577311577311,4.571814927107143e-05,IGFBP5;CD28,anterior_up
GO_Biological_Process_2021,protein stabilization (GO:0050821),2/179,0.9997611612764044,0.9999958373109156,0,0,0.180124583514414,4.3025863940527525e-05,EFNA1;PER3,anterior_up
GO_Biological_Process_2021,RNA processing (GO:0006396),2/179,0.9997611612764044,0.9999958373109156,0,0,0.180124583514414,4.3025863940527525e-05,RNASEL;ADARB2,anterior_up
GO_Biological_Process_2021,regulation of cellular macromolecule biosynthetic process (GO:2000112),12/468,0.9997843141671042,0.9999958373109156,0,0,0.4167876588021779,8.990488928346212e-05,PRDM8;CEBPA;FZD7;NFATC2;SNAI2;SLC39A8;RORB;RREB1;ESR1;HIC1;ESR2;PHF19,anterior_up
GO_Biological_Process_2021,protein-DNA complex assembly (GO:0065004),1/143,0.9998247825423444,0.9999958373109156,0,0,0.1123753623362721,1.9691850520063783e-05,MCM6,anterior_up
GO_Biological_Process_2021,protein deubiquitination (GO:0016579),4/267,0.9999119202676652,0.9999958373109156,0,0,0.2417443616855044,2.129371645690181e-05,CCNA1;ADRB2;ESR1;BIRC3,anterior_up
GO_Biological_Process_2021,proteasomal protein catabolic process (GO:0010498),2/205,0.9999417569031924,0.9999958373109156,0,0,0.1568355016630878,9.134851329825425e-06,KIF14;RNF122,anterior_up
GO_Biological_Process_2021,protein modification by small protein removal (GO:0070646),4/276,0.9999427300572858,0.9999958373109156,0,0,0.2336321514907332,1.3380483085466338e-05,CCNA1;ADRB2;ESR1;BIRC3,anterior_up
GO_Biological_Process_2021,cellular macromolecule biosynthetic process (GO:0034645),5/314,0.9999567543185192,0.9999958373109156,0,0,0.2567782297984209,1.1104789655877168e-05,NR4A2;FAM111A;GCNT1;MCM6;GAL3ST2,anterior_up
GO_Biological_Process_2021,organelle organization (GO:0006996),8/420,0.9999777746133814,0.9999958373109156,0,0,0.3072098221732893,6.8279329478254544e-06,FGD3;SPTBN5;ATP8B1;CAV1;CIDEA;PLCE1;ARAP3;MAPK15,anterior_up
GO_Biological_Process_2021,DNA repair (GO:0006281),4/298,0.9999787233324094,0.9999958373109156,0,0,0.2158932065977075,4.5935368595896935e-06,RAD51B;FAM111A;GADD45A;MGMT,anterior_up
GO_Biological_Process_2021,protein transport (GO:0015031),6/369,0.999983598360363,0.9999958373109156,0,0,0.2617552414839176,4.29325035218637e-06,RAB3B;RAMP3;TBC1D4;RAB26;PPARG;ABCA12,anterior_up
GO_Biological_Process_2021,regulation of transcription by RNA polymerase II (GO:0006357),85/2206,0.9999901190503436,0.9999958373109156,0,0,0.6159524481821292,6.0862252000981315e-06,CITED4;HNF4G;RORB;LDB2;ELK3;DACH1;DBP;CREB3L1;SALL4;ZIC1;DPF3;ANKRD2;NOS1;TEAD4;BATF3;TCF15;ANXA4;HGF;SEBOX;EBF1;EBF2;HNF1B;PAX5;POU3F1;KLF14;FOXP2;HIC1;RGMA;OVOL2;TOX3;TOX2;ZEB1;KIT;RARB;CDH13;PPARG;ITGA6;PPARA;TOX;ZFPM2;MET;CEBPA;RNASEL;HLF;CTBP2;CEBPD;TSHZ3;ZBTB46;SATB1;SATB2;TSHZ1;TSHZ2;TWIST2;TGFA;FOXO1;NHLH2;E2F2;HES1;RXRG;WNT2;RREB1;TCF7L2;JUN;JAG1;PRRX1;FZD5;GADD45A;ZBTB16;CAV1;NFATC2;SMAD6;ESR1;NFKB1;ST18;ESR2;BMP4;EFNA1;NR4A2;MAVS;PER3;NFIB;LHX2;SNAI2;MKX;INSM1,anterior_up
GO_Biological_Process_2021,modification-dependent protein catabolic process (GO:0019941),1/201,0.9999914895546684,0.9999958373109156,0,0,0.0795388556789069,6.769139634144229e-07,ASB2,anterior_up
GO_Biological_Process_2021,"regulation of transcription, DNA-templated (GO:0006355)",80/2244,0.9999929245561344,0.9999958373109156,0,0,0.5641431889121353,3.99157758634183e-06,PRDM8;FANK1;HNF4G;RORB;ELK3;DNMT3L;DACH1;DBP;CREB3L1;SALL4;ZIC1;DPF3;SLC39A8;ANKRD2;NOS1;TEAD4;BATF3;TCF15;SFMBT2;ANXA4;SEBOX;EBF1;EBF2;HNF1B;PAX5;POU3F1;KLF14;FOXP2;HIC1;DKK3;OVOL2;TOX3;CCNA1;TOX2;PSRC1;ZEB1;KIT;PPARG;PPARA;TOX;ZFPM2;CEBPA;HLF;CTBP2;CEBPD;TSHZ3;ZBTB46;SATB1;SATB2;TSHZ1;TSHZ2;TWIST2;TGFA;PBXIP1;FOXO1;NHLH2;E2F2;HES1;RXRG;RREB1;TCF7L2;JUN;PRRX1;FZD4;ATP8B1;ZBTB16;FZD7;NFATC2;SMAD6;ESR1;NFKB1;ST18;ESR2;BMP4;NR4A2;NFIB;LHX2;SNAI2;MKX;PHF19,anterior_up
GO_Biological_Process_2021,protein modification by small protein conjugation (GO:0032446),6/409,0.9999938694511024,0.9999958373109156,0,0,0.2352638232126972,1.4423007930779602e-06,RNF212B;RNF39;DTX4;ASB2;RNF152;TRPM4,anterior_up
GO_Biological_Process_2021,protein polyubiquitination (GO:0000209),3/314,0.9999948508646884,0.9999958373109156,0,0,0.1527977577229555,7.867783554199912e-07,PELI2;RNF152;HERC6,anterior_up
GO_Biological_Process_2021,gene expression (GO:0010467),4/356,0.9999949440106848,0.9999958373109156,0,0,0.179755603985056,9.088447106752684e-07,NR4A2;RNASEL;NOX4;ADARB2,anterior_up
GO_Biological_Process_2021,protein ubiquitination (GO:0016567),7/525,0.9999951946731338,0.9999958373109156,0,0,0.2123883540192553,1.0205979157914258e-06,PELI2;RNF39;DTX4;ASB2;RNF152;RNF122;HERC6,anterior_up
GO_Biological_Process_2021,intracellular protein transport (GO:0006886),3/336,0.9999955243197116,0.9999958373109156,0,0,0.1425334658867593,6.379356512878097e-07,TBC1D4;HAP1;ABCA12,anterior_up
GO_Biological_Process_2021,ubiquitin-dependent protein catabolic process (GO:0006511),3/354,0.9999956564137964,0.9999958373109156,0,0,0.1350924524577219,5.867869870721672e-07,KIF14;ASB2;RNF122,anterior_up
GO_Biological_Process_2021,proteasome-mediated ubiquitin-dependent protein catabolic process (GO:0043161),2/321,0.9999958373109156,0.9999958373109156,0,0,0.0991828095276371,4.128680578940985e-07,KIF14;RNF122,anterior_up
KEGG_2019_Mouse,Neuroactive ligand-receptor interaction,46/348,2.042733976926823e-07,5.290681000240471e-05,0,0,2.5060755413877875,38.60310285320838,NPFFR2;OPRD1;CHRM2;GABRB1;CHRNA5;LPAR1;GPR83;ADRB2;TRH;HTR2A;HTR4;NTS;ADRA1A;HTR6;GLRA2;HRH1;GLRA3;CALCR;PENK;P2RY1;LEPR;DRD1;DRD2;NTSR1;NTSR2;DRD5;GABRQ;GRID2;HTR1F;GABRA3;HTR1A;TACR3;OPRK1;PTH2R;TACR1;SSTR1;PDYN;PRLR;TSHR;TRHR;HCRTR1;P2RX6;GRIN3A;P2RX4;P2RX3;GHRH,anterior_up
KEGG_2019_Mouse,Pathways in cancer,60/535,1.0452823621389328e-06,0.0001353640658969918,0,0,2.0847784929950777,28.709950587624615,LAMC3;FLT4;HHIP;ITGA2B;LAMC2;IL12A;WNT5B;HGF;TGFBR2;PLCB4;KIT;RARB;PPARG;ITGA6;MET;BIRC3;NOTCH2;CEBPA;CTBP2;LAMA2;LPAR1;TGFA;IL6RA;RASGRP1;FOXO1;RASGRP3;BCL2L11;HMOX1;E2F2;HES1;RXRG;WNT2;TCF7L2;WNT10A;GSTM2;JUN;TGFB2;JAG1;GSTM1;FZD5;FZD4;GADD45A;FZD7;ZBTB16;VEGFD;LAMB1;GNG12;ESR1;NFKB1;ESR2;EPOR;BMP4;FGF16;CXCL12;CDK6;FGF18;GSTM7;GSTM6;FGFR1;FGF10,anterior_up
KEGG_2019_Mouse,Breast cancer,22/147,4.6483175892975385e-05,0.0040130475187602,0,0,2.8623721739130437,28.556227345588553,NOTCH2;TCF7L2;WNT10A;JUN;JAG1;WNT5B;FZD5;FZD4;GADD45A;FZD7;FLT4;ESR1;ESR2;FGF16;CDK6;FGF18;KIT;E2F2;HES1;WNT2;FGFR1;FGF10,anterior_up
KEGG_2019_Mouse,cAMP signaling pathway,26/211,0.00027434392001987905,0.0177637688212871,0,0,2.286297816140748,18.750221164563413,CHRM2;HHIP;ADRB2;HTR4;HTR6;PLN;CREB3L1;PLCE1;DRD1;DRD2;DRD5;ABCC4;JUN;HTR1F;HTR1A;ARAP3;SSTR1;NFKB1;TSHR;VAV2;ADCY10;GRIN3A;PPP1R1B;FXYD1;PPARA;RAPGEF3,anterior_up
KEGG_2019_Mouse,Axon guidance,23/180,0.00035831979091036005,0.0185609651691566,0,0,2.380541373556623,18.887416888683912,SEMA5A;EPHB6;NTNG2;ROBO3;SEMA4A;EPHA7;TRPC5;TRPC6;WNT5B;TRPC3;EPHA8;NFATC2;SEMA3E;SEMA4G;NTN1;ROBO1;RGMA;EFNA1;PPP3R2;CXCL12;ABLIM3;EPHB2;MET,anterior_up
KEGG_2019_Mouse,Calcium signaling pathway,23/189,0.0007171319639048594,0.030956196441893,0,0,2.25039059632787,16.293392054832495,CHRM2;PDE1A;TACR3;ADRB2;HTR2A;TACR1;HTR4;ADRA1A;RYR3;TRHR;P2RX6;HTR6;HRH1;PPP3R2;PLCB4;PLN;P2RX4;P2RX3;PLCE1;DRD1;NOS1;NTSR1;DRD5,anterior_up
KEGG_2019_Mouse,Hepatocellular carcinoma,21/171,0.001064478766323,0.0393857143539532,0,0,2.2718679409209384,15.551549507473853,TCF7L2;TGFB2;WNT10A;GSTM2;GSTM1;WNT5B;FZD5;FZD4;GADD45A;HGF;FZD7;TGFA;TGFBR2;CDK6;DPF3;HMOX1;E2F2;WNT2;GSTM7;MET;GSTM6,anterior_up
KEGG_2019_Mouse,Cocaine addiction,9/48,0.0016687423452376,0.0540255334270674,0,0,3.728222766055956,23.844538507084433,DDC;JUN;GRIN3A;CREB3L1;PPP1R1B;DRD1;DRD2;PDYN;NFKB1,anterior_up
KEGG_2019_Mouse,Small cell lung cancer,13/92,0.00268193017484,0.0771799905870624,0,0,2.6620176712792563,15.762388360228126,LAMA2;LAMC3;GADD45A;ITGA2B;LAMC2;LAMB1;NFKB1;CDK6;RARB;E2F2;ITGA6;RXRG;BIRC3,anterior_up
KEGG_2019_Mouse,Gastric cancer,18/150,0.0030211813856313,0.0782485978878517,0,0,2.209232708366158,12.81820530589659,TCF7L2;TGFB2;WNT10A;WNT5B;FZD5;FZD4;GADD45A;HGF;FZD7;TGFBR2;FGF16;FGF18;RARB;E2F2;WNT2;MET;RXRG;FGF10,anterior_up
KEGG_2019_Mouse,Basal cell carcinoma,10/63,0.003439141709616,0.0809761547991411,0,0,3.0485824700418926,17.29318570637648,BMP4;TCF7L2;WNT10A;WNT5B;FZD5;FZD4;GADD45A;HHIP;FZD7;WNT2,anterior_up
KEGG_2019_Mouse,Rap1 signaling pathway,22/209,0.0056916201796663,0.1228441355444656,0,0,1.907007672634271,9.856865606901358,CSF1;HGF;MAGI3;FLT4;ITGA2B;LPAR1;ARAP3;VEGFD;RASGRP3;EFNA1;FGF16;PLCB4;KIT;FGF18;P2RY1;PLCE1;LCP2;DRD2;MET;RAPGEF3;FGFR1;FGF10,anterior_up
KEGG_2019_Mouse,PI3K-Akt signaling pathway,32/357,0.0112970825500318,0.2250726446506349,0,0,1.5980998650472336,7.164618523337499,CHRM2;TNXB;CSF1;LAMA2;LAMC3;FLT4;ITGA2B;LPAR1;TGFA;IL6RA;LAMC2;THBS2;RELN;BCL2L11;CREB3L1;NTF3;HGF;VEGFD;LAMB1;GNG12;PRLR;NFKB1;EPOR;EFNA1;FGF16;CDK6;KIT;FGF18;ITGA6;MET;FGFR1;FGF10,anterior_up
KEGG_2019_Mouse,Mucin type O-glycan biosynthesis,5/28,0.0218270713925208,0.3501444258471618,0,0,3.5030363995380203,13.39772798072998,GALNT14;GALNT16;GALNT15;GCNT1;GCNT4,anterior_up
KEGG_2019_Mouse,Serotonergic synapse,14/132,0.0227458406943716,0.3501444258471618,0,0,1.916952079857147,7.252544696984094,TPH2;GABRB1;DDC;HTR1F;HTR1A;ALOX12B;HTR2A;HTR4;GNG12;PTGS1;HTR6;CYP2D22;PLCB4;RAPGEF3,anterior_up
KEGG_2019_Mouse,ECM-receptor interaction,10/83,0.022974717309646,0.3501444258471618,0,0,2.2109966283922384,8.342888260938398,TNXB;RELN;LAMA2;LAMC3;ITGA2B;LAMC2;ITGA6;LAMB1;HMMR;THBS2,anterior_up
KEGG_2019_Mouse,Arrhythmogenic right ventricular cardiomyopathy (ARVC),9/72,0.0243343616418876,0.3501444258471618,0,0,2.3049993858248374,8.565068543868088,TCF7L2;SGCD;LAMA2;ITGA2B;CACNA2D3;PKP2;DSG2;ITGA6;DSC2,anterior_up
KEGG_2019_Mouse,Melanoma,9/72,0.0243343616418876,0.3501444258471618,0,0,2.3049993858248374,8.565068543868088,FGF16;CDK6;GADD45A;HGF;FGF18;E2F2;MET;FGFR1;FGF10,anterior_up
KEGG_2019_Mouse,Wnt signaling pathway,16/160,0.0257346219578797,0.3508035308995185,0,0,1.795847750865052,6.57265557292368,TCF7L2;WNT10A;JUN;WNT5B;CTBP2;FZD5;FZD4;FZD7;NFATC2;VANGL1;PPP3R2;PLCB4;RSPO2;ROR1;GPC4;WNT2,anterior_up
KEGG_2019_Mouse,Amphetamine addiction,8/68,0.0446432725566953,0.552764726615263,0,0,2.149828178694158,6.683926853998713,DDC;JUN;PPP3R2;GRIN3A;CREB3L1;PPP1R1B;DRD1;PDYN,anterior_up
KEGG_2019_Mouse,Focal adhesion,18/199,0.0448187616174537,0.552764726615263,0,0,1.606930493982018,4.989725579772593,JUN;TNXB;LAMA2;LAMC3;HGF;CAV1;FLT4;ITGA2B;VEGFD;LAMC2;LAMB1;PARVB;THBS2;VAV2;RELN;ITGA6;MET;BIRC3,anterior_up
KEGG_2019_Mouse,B cell receptor signaling pathway,8/72,0.0591201988512226,0.696005977384849,0,0,2.0150343642611683,5.698885205647662,JUN;PPP3R2;INPPL1;BLNK;NFATC2;NFKB1;VAV2;RASGRP3,anterior_up
KEGG_2019_Mouse,Melanogenesis,10/100,0.0680806674969968,0.7666475165966162,0,0,1.7917383820998278,4.8145121028648346,TCF7L2;WNT10A;PLCB4;WNT5B;FZD5;FZD4;CREB3L1;FZD7;KIT;WNT2,anterior_up
KEGG_2019_Mouse,Osteoclast differentiation,12/128,0.072480181662677,0.7821819604430567,0,0,1.6687277051129608,4.379479260868971,TGFB2;JUN;PPP3R2;CALCR;CSF1;BLNK;NFATC2;LCP2;PPARG;TNFRSF11A;NFKB1;TGFBR2,anterior_up
KEGG_2019_Mouse,Dilated cardiomyopathy (DCM),9/90,0.0807227602071318,0.8342927301417593,0,0,1.7910576096302666,4.50761685141229,TGFB2;SGCD;PLN;LAMA2;TPM2;TNNT2;ITGA2B;CACNA2D3;ITGA6,anterior_up
KEGG_2019_Mouse,Cushing syndrome,14/159,0.0837513937594044,0.8342927301417593,0,0,1.5577511762253589,3.863070984133393,TCF7L2;WNT10A;WNT5B;FZD5;FZD4;FZD7;MRAP;PDE11A;CDK6;PLCB4;CREB3L1;E2F2;WNT2;LDLR,anterior_up
KEGG_2019_Mouse,Ras signaling pathway,19/233,0.0913129674976371,0.874893183718733,0,0,1.4333433302802117,3.4306534672623945,CSF1;HGF;FLT4;TGFA;VEGFD;GNG12;RASGRP1;NFKB1;RASGRP3;EFNA1;FGF16;RASA4;KIT;NTF3;FGF18;PLCE1;MET;FGFR1;FGF10,anterior_up
KEGG_2019_Mouse,MAPK signaling pathway,23/294,0.097222710762977,0.874893183718733,0,0,1.370712218871536,3.194788799434229,JUN;TGFB2;CSF1;GADD45A;HGF;FLT4;CACNA2D3;TGFA;VEGFD;GNG12;RASGRP1;NFKB1;RASGRP3;TGFBR2;EFNA1;FGF16;PPP3R2;KIT;NTF3;FGF18;MET;FGFR1;FGF10,anterior_up
KEGG_2019_Mouse,Hematopoietic cell lineage,9/94,0.0994087492673716,0.874893183718733,0,0,1.706408375904102,3.939269585122224,CSF1;THPO;ITGA2B;KIT;ITGA6;IL6RA;CD34;CD55;EPOR,anterior_up
KEGG_2019_Mouse,Toxoplasmosis,10/108,0.1013389788091196,0.874893183718733,0,0,1.6447715058484669,3.7653493483550977,TGFB2;LAMA2;LAMC3;IL12A;LAMC2;ITGA6;LAMB1;LDLR;NFKB1;BIRC3,anterior_up
KEGG_2019_Mouse,Acute myeloid leukemia,7/69,0.1085245544206858,0.90670514822444,0,0,1.8186626055655544,4.038847401678021,CCNA1;CEBPA;TCF7L2;ZBTB16;KIT;MPO;NFKB1,anterior_up
KEGG_2019_Mouse,Transcriptional misregulation in cancer,15/183,0.1189294226821325,0.9625850148335106,0,0,1.439992591677985,3.0660682958852457,CEBPA;GADD45A;ZBTB16;PAX5;MPO;FOXO1;NFKB1;TGFBR2;BAIAP3;CCNA1;ZEB1;PPARG;MET;RXRG;BIRC3,anterior_up
KEGG_2019_Mouse,Hypertrophic cardiomyopathy (HCM),8/86,0.1307230305676904,0.973013591189482,0,0,1.6521279407877345,3.3615425331777335,TGFB2;SGCD;LAMA2;TPM2;TNNT2;ITGA2B;CACNA2D3;ITGA6,anterior_up
KEGG_2019_Mouse,Thyroid hormone signaling pathway,10/115,0.1369747044502729,0.973013591189482,0,0,1.534546348659946,3.0506152389317696,NOTCH2;BMP4;PLCB4;PLN;TBC1D4;PLCE1;DIO3;ESR1;RXRG;FOXO1,anterior_up
KEGG_2019_Mouse,AGE-RAGE signaling pathway in diabetic complications,9/101,0.1375420553200989,0.973013591189482,0,0,1.5759841489401474,3.1264776238468284,TGFB2;JUN;PLCB4;PLCE1;NOX4;VEGFD;FOXO1;NFKB1;TGFBR2,anterior_up
KEGG_2019_Mouse,Proteoglycans in cancer,16/203,0.1403450091454775,0.973013591189482,0,0,1.3797161519530745,2.709281742223213,WNT10A;TGFB2;FZD5;WNT5B;FZD4;FZD7;HGF;CAV1;TWIST2;ESR1;VAV2;GPC3;PLCE1;WNT2;MET;FGFR1,anterior_up
KEGG_2019_Mouse,Hippo signaling pathway,13/159,0.1410843768444768,0.973013591189482,0,0,1.4352594938953045,2.8108081027102454,TEAD4;TCF7L2;TGFB2;WNT10A;WNT5B;FZD5;FZD4;FZD7;TGFBR2;BMP4;LATS2;SNAI2;WNT2,anterior_up
KEGG_2019_Mouse,Pancreatic cancer,7/75,0.1492655280978582,0.973013591189482,0,0,1.6576622065135067,3.1529207456812807,TGFB2;CDK6;GADD45A;TGFA;E2F2;NFKB1;TGFBR2,anterior_up
KEGG_2019_Mouse,Chronic myeloid leukemia,7/76,0.1566728800135932,0.973013591189482,0,0,1.6335510356409777,3.027942381605385,TGFB2;CDK6;CTBP2;GADD45A;E2F2;NFKB1;TGFBR2,anterior_up
KEGG_2019_Mouse,Cholesterol metabolism,5/49,0.1577859877604565,0.973013591189482,0,0,1.829087793098076,3.377439275374392,LIPC;OSBPL5;LIPG;LPL;LDLR,anterior_up
KEGG_2019_Mouse,Malaria,5/49,0.1577859877604565,0.973013591189482,0,0,1.829087793098076,3.377439275374392,TGFB2;HGF;IL12A;THBS2;MET,anterior_up
KEGG_2019_Mouse,Notch signaling pathway,5/49,0.1577859877604565,0.973013591189482,0,0,1.829087793098076,3.377439275374392,NOTCH2;JAG1;CTBP2;HES1;DTX4,anterior_up
KEGG_2019_Mouse,TGF-beta signaling pathway,8/91,0.1638537387767405,0.9869329847250186,0,0,1.5521881339792158,2.8075685383573905,BMP4;TGFB2;ACVR1C;INHBB;SMAD6;LTBP1;RGMA;TGFBR2,anterior_up
KEGG_2019_Mouse,Thyroid cancer,4/37,0.1692468024627446,0.99624822358752,0,0,1.9504981320049812,3.464859536860024,TCF7L2;GADD45A;PPARG;RXRG,anterior_up
KEGG_2019_Mouse,Non-small cell lung cancer,6/66,0.1889583316448708,0.9999940654832392,0,0,1.6096054888507718,2.681970950882237,CDK6;GADD45A;RARB;TGFA;E2F2;RXRG,anterior_up
KEGG_2019_Mouse,Apoptosis,11/141,0.2046976971252149,0.9999940654832392,0,0,1.362737692970251,2.161603195653444,HRK;JUN;BCL2L11;GADD45A;CFLAR;SEPT4;PTPN13;NFKB1;CTSC;TUBA8;BIRC3,anterior_up
KEGG_2019_Mouse,Nicotine addiction,4/40,0.2052906666281982,0.9999940654832392,0,0,1.7876712328767124,2.8304706652401697,GABRQ;GABRB1;GRIN3A;GABRA3,anterior_up
KEGG_2019_Mouse,Prostate cancer,8/97,0.2081193552223829,0.9999940654832392,0,0,1.4470828989536275,2.27140432515637,TCF7L2;ZEB1;CREB3L1;TGFA;E2F2;FOXO1;NFKB1;FGFR1,anterior_up
KEGG_2019_Mouse,Maturity onset diabetes of the young,3/27,0.2085739763302885,0.9999940654832392,0,0,2.010692899914457,3.1516837051741793,HNF4G;HES1;HNF1B,anterior_up
KEGG_2019_Mouse,Human papillomavirus infection,25/360,0.2164437322872765,0.9999940654832392,0,0,1.2032036851487984,1.84141259361238,NOTCH2;TNXB;LAMA2;H2-M5;LAMC3;ITGA2B;LAMC2;THBS2;FOXO1;RELN;CREB3L1;HES1;WNT2;TCF7L2;WNT10A;JAG1;FZD5;WNT5B;FZD4;FZD7;LAMB1;NFKB1;CCNA1;CDK6;ITGA6,anterior_up
KEGG_2019_Mouse,Fluid shear stress and atherosclerosis,11/143,0.2174709250300905,0.9999940654832392,0,0,1.3419465977605511,2.047394659613598,BMP4;GSTM2;JUN;GSTM1;CAV1;ITGA2B;HMOX1;GSTM7;NFKB1;GSTM6;ASS1,anterior_up
KEGG_2019_Mouse,PPAR signaling pathway,7/85,0.2301085771661819,0.9999940654832392,0,0,1.4443710795642126,2.122075777424233,SCD4;LPL;PPARG;ACAA1B;ACADM;PPARA;RXRG,anterior_up
KEGG_2019_Mouse,T cell receptor signaling pathway,8/101,0.2399519628672959,0.9999940654832392,0,0,1.384547167719765,1.9761870595957496,JUN;PPP3R2;CD28;NFATC2;LCP2;RASGRP1;NFKB1;VAV2,anterior_up
KEGG_2019_Mouse,Adherens junction,6/72,0.2457668961448803,0.9999940654832392,0,0,1.462809917355372,2.05286614132906,TCF7L2;SNAI2;NECTIN4;MET;TGFBR2;FGFR1,anterior_up
KEGG_2019_Mouse,Th1 and Th2 cell differentiation,7/87,0.2478278579747078,0.9999940654832392,0,0,1.4081115879828323,1.9643450875874993,NOTCH2;JUN;PPP3R2;JAG1;NFATC2;IL12A;NFKB1,anterior_up
KEGG_2019_Mouse,Adrenergic signaling in cardiomyocytes,11/148,0.250745703686528,0.9999940654832392,0,0,1.2926246565696575,1.7881083515105125,PLCB4;PLN;CREB3L1;TPM2;TNNT2;CACNA2D3;ADRB2;SCN5A;ADRA1A;SCN4B;RAPGEF3,anterior_up
KEGG_2019_Mouse,Inositol phosphate metabolism,6/73,0.2556895922597557,0.9999940654832392,0,0,1.4409001305650138,1.9650867746981533,INPP4B;PLCB4;INPPL1;PLCE1;PIK3C2G;PLCH1,anterior_up
KEGG_2019_Mouse,Hedgehog signaling pathway,4/44,0.25630992857802,0.9999940654832392,0,0,1.6085616438356165,2.189844200360876,EVC2;EVC;HHIP;GPR161,anterior_up
KEGG_2019_Mouse,Mineral absorption,4/44,0.25630992857802,0.9999940654832392,0,0,1.6085616438356165,2.189844200360876,HMOX1;MT2;MT1;TRPM6,anterior_up
KEGG_2019_Mouse,Colorectal cancer,7/88,0.2568409699733259,0.9999940654832392,0,0,1.3906533142584645,1.8903125183829657,TCF7L2;TGFB2;JUN;BCL2L11;GADD45A;TGFA;TGFBR2,anterior_up
KEGG_2019_Mouse,"Neomycin, kanamycin and gentamicin biosynthesis",1/5,0.2606370010958365,0.9999940654832392,0,0,4.018787361229718,5.4037685468834304,HKDC1,anterior_up
KEGG_2019_Mouse,Nitrogen metabolism,2/17,0.2626774080005808,0.9999940654832392,0,0,2.143931623931624,2.8660690796401926,CAR12;CAR5B,anterior_up
KEGG_2019_Mouse,Amoebiasis,8/106,0.2818231771669255,0.9999940654832392,0,0,1.3135563503752017,1.663586851595793,TGFB2;PLCB4;LAMA2;LAMC3;IL12A;LAMC2;LAMB1;NFKB1,anterior_up
KEGG_2019_Mouse,Signaling pathways regulating pluripotency of stem cells,10/137,0.2826803062369396,0.9999940654832392,0,0,1.2672286446121943,1.6010656857862329,BMP4;WNT10A;ACVR1C;WNT5B;FZD5;FZD4;FZD7;INHBB;WNT2;FGFR1,anterior_up
KEGG_2019_Mouse,Glycerolipid metabolism,5/61,0.2860149150791917,0.9999940654832392,0,0,1.4362223038315582,1.797735714156186,LIPC;LIPG;LPL;GPAT3;MGLL,anterior_up
KEGG_2019_Mouse,Renin secretion,6/76,0.2860596950605529,0.9999940654832392,0,0,1.3789267336437148,1.7258023253933912,PLCB4;PPP3R2;PDE1A;ADRB2;CLCA3A1;CLCA3A2,anterior_up
KEGG_2019_Mouse,Biosynthesis of unsaturated fatty acids,3/32,0.2884285018842517,0.9999940654832392,0,0,1.6635792454499867,2.0683414690769246,SCD4;ACOT1;ACAA1B,anterior_up
KEGG_2019_Mouse,"Parathyroid hormone synthesis, secretion and action",8/107,0.2904243280386827,0.9999940654832392,0,0,1.3002186816619807,1.607606273573538,NR4A2;KL;CASR;PLCB4;CREB3L1;RXRG;PTHLH;FGFR1,anterior_up
KEGG_2019_Mouse,Regulation of actin cytoskeleton,15/217,0.2915471994577658,0.9999940654832392,0,0,1.1954354467425998,1.4734379849872317,CHRM2;ITGA2B;LPAR1;GNG12;VAV2;FGD3;FGF16;DIAPH2;CXCL12;FGF18;MYH14;NCKAP1L;ITGA6;FGFR1;FGF10,anterior_up
KEGG_2019_Mouse,Morphine addiction,7/92,0.2937628843530403,0.9999940654832392,0,0,1.324928048472608,1.623013478185918,GABRQ;GABRB1;PDE11A;PDE1A;GABRA3;DRD1;GNG12,anterior_up
KEGG_2019_Mouse,Arginine biosynthesis,2/19,0.3070541020345617,0.9999940654832392,0,0,1.891503267973856,2.233357148101117,NOS1;ASS1,anterior_up
KEGG_2019_Mouse,One carbon pool by folate,2/19,0.3070541020345617,0.9999940654832392,0,0,1.891503267973856,2.233357148101117,MTHFD1L;FTCD,anterior_up
KEGG_2019_Mouse,Central carbon metabolism in cancer,5/64,0.3208844792659477,0.9999940654832392,0,0,1.3629761956632245,1.549259738209598,HKDC1;KIT;SLC1A5;MET;FGFR1,anterior_up
KEGG_2019_Mouse,Hepatitis C,11/160,0.336679525804646,0.9999940654832392,0,0,1.187757603084589,1.293021151502795,CLDN10;OCLN;MAVS;RNASEL;CDK6;E2F2;CFLAR;PPARA;CLDN1;LDLR;NFKB1,anterior_up
KEGG_2019_Mouse,Metabolism of xenobiotics by cytochrome P450,5/66,0.3443985169284444,0.9999940654832392,0,0,1.3181479764563755,1.4050874974827638,GSTM2;GSTM1;GSTM7;GSTM6;CBR3,anterior_up
KEGG_2019_Mouse,Cytokine-cytokine receptor interaction,19/292,0.3520038991073386,0.9999940654832392,0,0,1.1200118181904826,1.1694189291348451,TGFB2;CSF1;IL16;IL6RA;INHBB;TNFRSF11A;CXCL14;PRLR;EPOR;TGFBR2;BMP4;CXCL12;ACVR1C;THPO;LEPR;TNFRSF8;ACKR3;IL12A;GM13306,anterior_up
KEGG_2019_Mouse,Renal cell carcinoma,5/68,0.3680162756147523,0.9999940654832392,0,0,1.276165993389644,1.2756914058596287,TGFB2;JUN;HGF;TGFA;MET,anterior_up
KEGG_2019_Mouse,Rheumatoid arthritis,6/84,0.369901245262312,0.9999940654832392,0,0,1.2369705765932182,1.230191005161118,TGFB2;JUN;CXCL12;CSF1;CD28;TNFRSF11A,anterior_up
KEGG_2019_Mouse,NF-kappa B signaling pathway,7/102,0.3898376888461075,0.9999940654832392,0,0,1.184829455613282,1.1161387415414314,CXCL12;BLNK;TNFRSF11A;LBP;CFLAR;NFKB1;BIRC3,anterior_up
KEGG_2019_Mouse,Th17 cell differentiation,7/102,0.3898376888461075,0.9999940654832392,0,0,1.184829455613282,1.1161387415414314,JUN;PPP3R2;NFATC2;IL6RA;RXRG;NFKB1;TGFBR2,anterior_up
KEGG_2019_Mouse,Gap junction,6/86,0.3911386683906585,0.9999940654832392,0,0,1.205917667238422,1.1319866310956883,PLCB4;LPAR1;HTR2A;DRD1;DRD2;TUBA8,anterior_up
KEGG_2019_Mouse,Phenylalanine metabolism,2/23,0.3937198442373008,0.9999940654832392,0,0,1.5308913308913308,1.4269678105918584,DDC;GM4952,anterior_up
KEGG_2019_Mouse,Chagas disease (American trypanosomiasis),7/103,0.3995636517485444,0.9999940654832392,0,0,1.1724248927038627,1.075561724982639,TGFB2;JUN;PLCB4;IL12A;CFLAR;NFKB1;TGFBR2,anterior_up
KEGG_2019_Mouse,Viral myocarditis,6/87,0.4017542810920294,0.9999940654832392,0,0,1.1909662664379643,1.0860595482808832,SGCD;LAMA2;H2-M5;CAV1;CD28;CD55,anterior_up
KEGG_2019_Mouse,Adipocytokine signaling pathway,5/71,0.4034427327554155,0.9999940654832392,0,0,1.217963698683493,1.1055708947609908,LEPR;PPARA;ACACB;RXRG;NFKB1,anterior_up
KEGG_2019_Mouse,Endocrine and other factor-regulated calcium reabsorption,4/55,0.4041032420323863,0.9999940654832392,0,0,1.2608783239323127,1.14246278998311,KL;CALB1;PLCB4;ESR1,anterior_up
KEGG_2019_Mouse,Taste transduction,6/88,0.4123576910119541,0.9999940654832392,0,0,1.1763795339497134,1.042112425588961,P2RX3;HTR1F;PDE1A;P2RY1;GABRA3;HTR1A,anterior_up
KEGG_2019_Mouse,Histidine metabolism,2/24,0.4146537055075474,0.9999940654832392,0,0,1.4612276612276611,1.2863355897753934,AMDHD1;FTCD,anterior_up
KEGG_2019_Mouse,Prolactin signaling pathway,5/72,0.415209582706148,0.9999940654832392,0,0,1.1997211884024608,1.0545211736430258,TNFRSF11A;PRLR;ESR1;NFKB1;ESR2,anterior_up
KEGG_2019_Mouse,Regulation of lipolysis in adipocytes,4/56,0.4175111495356655,0.9999940654832392,0,0,1.236564805057956,1.0800701461581743,ADRB2;MGLL;TSHR;PTGS1,anterior_up
KEGG_2019_Mouse,Ferroptosis,3/40,0.4183784170220103,0.9999940654832392,0,0,1.3033315608165907,1.135682656410259,HMOX1;SLC39A8;SLC7A11,anterior_up
KEGG_2019_Mouse,Thyroid hormone synthesis,5/73,0.4269389899705127,0.9999940654832392,0,0,1.1820152225414586,1.006029889213508,PLCB4;CREB3L1;SLC26A4;TSHR;SLC5A5,anterior_up
KEGG_2019_Mouse,Inflammatory bowel disease (IBD),4/59,0.4572598891741129,0.9999940654832392,0,0,1.1689290161892902,0.914690887966212,TGFB2;JUN;IL12A;NFKB1,anterior_up
KEGG_2019_Mouse,AMPK signaling pathway,8/126,0.4600948659655955,0.9999940654832392,0,0,1.089754790610985,0.8460012510520855,CCNA1;CREB3L1;SCD4;LEPR;PPARG;ACACB;ADRA1A;FOXO1,anterior_up
KEGG_2019_Mouse,TNF signaling pathway,7/110,0.4672430731790676,0.9999940654832392,0,0,1.092337180715863,0.8311655406095315,JUN;JAG1;CSF1;CREB3L1;CFLAR;NFKB1;BIRC3,anterior_up
KEGG_2019_Mouse,Salivary secretion,5/78,0.4847109501023651,0.9999940654832392,0,0,1.1007618175628882,0.7971745095871149,PLCB4;NOS1;ADRB2;ADRA1A;RYR3,anterior_up
KEGG_2019_Mouse,Glycosphingolipid biosynthesis,3/45,0.49577043886649,0.9999940654832392,0,0,1.1478675302456312,0.8053923959490201,B3GALT2;ST6GALNAC3;ST6GALNAC5,anterior_up
KEGG_2019_Mouse,Relaxin signaling pathway,8/131,0.5043163643743471,0.9999940654832392,0,0,1.0451764311457548,0.7154770944836101,JUN;PLCB4;CREB3L1;VEGFD;NOS1;GNG12;NFKB1;TGFBR2,anterior_up
KEGG_2019_Mouse,Glutathione metabolism,4/64,0.521239145802641,0.9999940654832392,0,0,1.0712328767123287,0.6979578488468019,GSTM2;GSTM1;GSTM7;GSTM6,anterior_up
KEGG_2019_Mouse,Cellular senescence,11/185,0.5245318421442401,0.9999940654832392,0,0,1.015741483263536,0.6554063220593178,CCNA1;TGFB2;PPP3R2;CDK6;H2-M5;GADD45A;NFATC2;E2F2;FOXO1;NFKB1;TGFBR2,anterior_up
KEGG_2019_Mouse,Circadian entrainment,6/99,0.5262447800487624,0.9999940654832392,0,0,1.036629225917114,0.6655043664562885,ADCY10;PLCB4;PER3;NOS1;GNG12;RYR3,anterior_up
KEGG_2019_Mouse,Circadian rhythm,2/30,0.5316535018380385,0.9999940654832392,0,0,1.1477411477411477,0.7251007513074065,PER3;RORB,anterior_up
KEGG_2019_Mouse,Dopaminergic synapse,8/135,0.5388603089717416,0.9999940654832392,0,0,1.0120410206456152,0.6257438586157364,DDC;PLCB4;CREB3L1;PPP1R1B;DRD1;DRD2;GNG12;DRD5,anterior_up
KEGG_2019_Mouse,Tryptophan metabolism,3/48,0.5396496290340491,0.9999940654832392,0,0,1.0711719418306245,0.6607365430457448,TPH2;DDC;TDO2,anterior_up
KEGG_2019_Mouse,Cell adhesion molecules (CAMs),10/170,0.5414664646155197,0.9999940654832392,0,0,1.0040877796901893,0.6159818921438166,NTNG2;CLDN10;OCLN;ALCAM;H2-M5;CD28;ITGA6;NCAM2;CLDN1;CD34,anterior_up
KEGG_2019_Mouse,Propanoate metabolism,2/31,0.549548415250686,0.9999940654832392,0,0,1.1081049218980257,0.6633763208977693,ACADM;ACACB,anterior_up
KEGG_2019_Mouse,Amino sugar and nucleotide sugar metabolism,3/49,0.5537804015804204,0.9999940654832392,0,0,1.0478298062260571,0.6192538543152706,CHIA1;HKDC1;NPL,anterior_up
KEGG_2019_Mouse,Glucagon signaling pathway,6/102,0.5558130823876546,0.9999940654832392,0,0,1.004073756432247,0.58971583577128,PPP3R2;PLCB4;CREB3L1;PPARA;ACACB;FOXO1,anterior_up
KEGG_2019_Mouse,Leishmaniasis,4/67,0.5578534437617247,0.9999940654832392,0,0,1.020058708414873,0.5953664423147784,TGFB2;JUN;IL12A;NFKB1,anterior_up
KEGG_2019_Mouse,Fatty acid biosynthesis,1/14,0.570743987595477,0.9999940654832392,0,0,1.2359587466333837,0.6931436209291185,ACACB,anterior_up
KEGG_2019_Mouse,Cortisol synthesis and secretion,4/69,0.5814033235678457,0.9999940654832392,0,0,0.9885669125395152,0.5361102901550742,MRAP;PLCB4;CREB3L1;LDLR,anterior_up
KEGG_2019_Mouse,Pentose and glucuronate interconversions,2/34,0.6002960633591419,0.9999940654832392,0,0,1.004059829059829,0.512404168463285,KL;DCXR,anterior_up
KEGG_2019_Mouse,Platelet activation,7/125,0.6037652739549935,0.9999940654832392,0,0,0.9527169564268568,0.4807121811615355,VAMP8;PLCB4;ITGA2B;P2RY1;LCP2;RASGRP1;PTGS1,anterior_up
KEGG_2019_Mouse,GABAergic synapse,5/90,0.6130390986620899,0.9999940654832392,0,0,0.9447552800040324,0.4622938536596675,GABRQ;GABRB1;GABRA3;HAP1;GNG12,anterior_up
KEGG_2019_Mouse,Protein digestion and absorption,5/90,0.6130390986620899,0.9999940654832392,0,0,0.9447552800040324,0.4622938536596675,CPB1;KCNE3;COL13A1;COL5A3;SLC1A5,anterior_up
KEGG_2019_Mouse,Bile secretion,4/72,0.6153326623749442,0.9999940654832392,0,0,0.9448025785656728,0.458788803304938,ABCC4;SLC22A1;AQP4;LDLR,anterior_up
KEGG_2019_Mouse,Fructose and mannose metabolism,2/35,0.616225220441607,0.9999940654832392,0,0,0.9735819735819736,0.4713526683232738,HKDC1;ALDOC,anterior_up
KEGG_2019_Mouse,Hepatitis B,9/163,0.6210475388594547,0.9999940654832392,0,0,0.9383814809438196,0.4469958112523545,CCNA1;TGFB2;JUN;MAVS;CREB3L1;NFATC2;E2F2;NFKB1;TGFBR2,anterior_up
KEGG_2019_Mouse,Insulin resistance,6/110,0.6300866951788107,0.9999940654832392,0,0,0.9264414830452566,0.427921336274481,TBC1D4;CREB3L1;PPARA;ACACB;FOXO1;NFKB1,anterior_up
KEGG_2019_Mouse,Nicotinate and nicotinamide metabolism,2/36,0.6316619365708309,0.9999940654832392,0,0,0.9448969331322272,0.4340865378101414,PNP2;NMNAT3,anterior_up
KEGG_2019_Mouse,Primary immunodeficiency,2/36,0.6316619365708309,0.9999940654832392,0,0,0.9448969331322272,0.4340865378101414,BLNK;ADA,anterior_up
KEGG_2019_Mouse,Selenocompound metabolism,1/17,0.641921419170411,0.9999940654832392,0,0,1.004056362083689,0.4450875250743742,CTH,anterior_up
KEGG_2019_Mouse,"Alanine, aspartate and glutamate metabolism",2/37,0.6466091767898349,0.9999940654832392,0,0,0.9178510378510378,0.4001951877936958,DDO;ASS1,anterior_up
KEGG_2019_Mouse,C-type lectin receptor signaling pathway,6/112,0.647481805277336,0.9999940654832392,0,0,0.9088643645425418,0.3950511525268527,JUN;PPP3R2;NFATC2;IL12A;LSP1;NFKB1,anterior_up
KEGG_2019_Mouse,Glioma,4/75,0.6474957120079318,0.9999940654832392,0,0,0.9047366390121552,0.3932375445315768,CDK6;GADD45A;TGFA;E2F2,anterior_up
KEGG_2019_Mouse,Tight junction,9/167,0.6498258267964712,0.9999940654832392,0,0,0.9144290736528184,0.3941654850367124,CLDN10;JUN;OCLN;MYH3;MYH14;CLDN1;BVES;CGNL1;TUBA8,anterior_up
KEGG_2019_Mouse,Pertussis,4/76,0.6578115145551725,0.9999940654832392,0,0,0.8921232876712328,0.3736540993551025,JUN;C1RA;IL12A;NFKB1,anterior_up
KEGG_2019_Mouse,Pyruvate metabolism,2/38,0.6610712488304151,0.9999940654832392,0,0,0.8923076923076924,0.3693204925851146,ACOT12;ACACB,anterior_up
KEGG_2019_Mouse,Other glycan degradation,1/18,0.6629225996750775,0.9999940654832392,0,0,0.944943989551414,0.3884636753531741,MANBA,anterior_up
KEGG_2019_Mouse,Non-alcoholic fatty liver disease (NAFLD),8/151,0.6656958572614114,0.9999940654832392,0,0,0.8980366712325475,0.3654312227519422,CEBPA;JUN;BCL2L11;LEPR;IL6RA;PPARA;COX7B2;NFKB1,anterior_up
KEGG_2019_Mouse,Leukocyte transendothelial migration,6/115,0.672622765534454,0.9999940654832392,0,0,0.8837081215478307,0.3504526893137851,CLDN10;OCLN;CXCL12;CLDN1;RAPGEF3;VAV2,anterior_up
KEGG_2019_Mouse,African trypanosomiasis,2/39,0.6750536358858095,0.9999940654832392,0,0,0.8681450681450682,0.34114900387559,PLCB4;IL12A,anterior_up
KEGG_2019_Mouse,Cardiac muscle contraction,4/78,0.6778249332687994,0.9999940654832392,0,0,0.8679192891521659,0.3375045061712596,TPM2;TNNT2;CACNA2D3;COX7B2,anterior_up
KEGG_2019_Mouse,Salmonella infection,4/78,0.6778249332687994,0.9999940654832392,0,0,0.8679192891521659,0.3375045061712596,KLC3;JUN;LBP;NFKB1,anterior_up
KEGG_2019_Mouse,cGMP-PKG signaling pathway,9/172,0.6839969649990255,0.9999940654832392,0,0,0.886141721483998,0.3365582195502568,OPRD1;PPP3R2;TRPC6;PLCB4;PLN;CREB3L1;NFATC2;ADRB2;ADRA1A,anterior_up
KEGG_2019_Mouse,Phosphatidylinositol signaling system,5/98,0.6873135968976134,0.9999940654832392,0,0,0.8631174503137352,0.3236385050370196,INPP4B;PLCB4;INPPL1;PLCE1;PIK3C2G,anterior_up
KEGG_2019_Mouse,"Glycine, serine and threonine metabolism",2/40,0.6885628442645155,0.9999940654832392,0,0,0.8452541610436347,0.3154054811407573,CTH;PHGDH,anterior_up
KEGG_2019_Mouse,Purine metabolism,7/136,0.6910553209250905,0.9999940654832392,0,0,0.8709651661842499,0.3218524603692209,GUCY2C;ADCY10;PDE11A;PNP2;PDE1A;ADA;AK9,anterior_up
KEGG_2019_Mouse,Toll-like receptor signaling pathway,5/99,0.6958810792963046,0.9999940654832392,0,0,0.853889770096082,0.3096003610904767,JUN;IL12A;TLR7;LBP;NFKB1,anterior_up
KEGG_2019_Mouse,Long-term depression,3/61,0.7016552253308489,0.9999940654832392,0,0,0.8305064747352585,0.2942593465625519,GRID2;PLCB4;NOS1,anterior_up
KEGG_2019_Mouse,Longevity regulating pathway,5/102,0.7206052289783483,0.9999940654832392,0,0,0.8273482981298421,0.2710921073697931,KL;CREB3L1;PPARG;FOXO1;NFKB1,anterior_up
KEGG_2019_Mouse,Allograft rejection,3/63,0.7222793978619816,0.9999940654832392,0,0,0.802737382378101,0.2611651786827536,H2-M5;CD28;IL12A,anterior_up
KEGG_2019_Mouse,Carbohydrate digestion and absorption,2/43,0.7263289863430661,0.9999940654832392,0,0,0.7832812174275589,0.2504559062499248,HKDC1;SLC2A5,anterior_up
KEGG_2019_Mouse,Intestinal immune network for IgA production,2/43,0.7263289863430661,0.9999940654832392,0,0,0.7832812174275589,0.2504559062499248,CXCL12;CD28,anterior_up
KEGG_2019_Mouse,Vasopressin-regulated water reabsorption,2/43,0.7263289863430661,0.9999940654832392,0,0,0.7832812174275589,0.2504559062499248,CREB3L1;AQP4,anterior_up
KEGG_2019_Mouse,Cell cycle,6/123,0.7338558612770656,0.9999940654832392,0,0,0.8229317851959361,0.2546501873879475,CCNA1;TGFB2;CDK6;GADD45A;E2F2;MCM6,anterior_up
KEGG_2019_Mouse,Other types of O-glycan biosynthesis,1/22,0.7353198625343267,0.9999940654832392,0,0,0.7647919970720995,0.2351350603602339,COLGALT2,anterior_up
KEGG_2019_Mouse,Measles,7/144,0.7461330896330993,0.9999940654832392,0,0,0.8197550202061339,0.2400663154436863,JUN;MAVS;CDK6;CD28;IL12A;TLR7;NFKB1,anterior_up
KEGG_2019_Mouse,Mannose type O-glycan biosynthesis,1/23,0.7508471151063659,0.9999940654832392,0,0,0.7299899076158683,0.2091809608093373,B3GAT2,anterior_up
KEGG_2019_Mouse,Long-term potentiation,3/67,0.7601644016208196,0.9999940654832392,0,0,0.7524059024807528,0.2063251612840735,PLCB4;PPP3R2;RAPGEF3,anterior_up
KEGG_2019_Mouse,Complement and coagulation cascades,4/88,0.7654582014612098,0.9999940654832392,0,0,0.764187866927593,0.2042526437790088,C1RA;SERPIND1;MASP1;CD55,anterior_up
KEGG_2019_Mouse,Vitamin digestion and absorption,1/24,0.765464198617666,0.9999940654832392,0,0,0.698214086808005,0.1866136574426713,AWAT2,anterior_up
KEGG_2019_Mouse,RIG-I-like receptor signaling pathway,3/68,0.7689542117820755,0.9999940654832392,0,0,0.7407909455813647,0.1946234520797905,MAVS;IL12A;NFKB1,anterior_up
KEGG_2019_Mouse,MicroRNAs in cancer,14/281,0.7713656747232369,0.9999940654832392,0,0,0.8404455570433331,0.2181735578931493,NOTCH2;TGFB2;TNXB;TRP63;KIF23;SERPINB5;NFKB1;ZEB1;BCL2L11;CDK6;HMOX1;E2F2;ZFPM2;MET,anterior_up
KEGG_2019_Mouse,Type I diabetes mellitus,3/69,0.7774792403166532,0.9999940654832392,0,0,0.7295279570728672,0.1836209727458729,H2-M5;CD28;IL12A,anterior_up
KEGG_2019_Mouse,alpha-Linolenic acid metabolism,1/25,0.7792244221302582,0.9999940654832392,0,0,0.6690862510674637,0.1669077033431118,ACAA1B,anterior_up
KEGG_2019_Mouse,ABC transporters,2/48,0.7806217201151974,0.9999940654832392,0,0,0.6979561501300632,0.1728590305475363,ABCC4;ABCA12,anterior_up
KEGG_2019_Mouse,Epstein-Barr virus infection,11/229,0.7920942907965459,0.9999940654832392,0,0,0.808817138025587,0.1885149252109242,CCNA1;JUN;MAVS;BCL2L11;CDK6;GADD45A;H2-M5;BLNK;E2F2;HES1;NFKB1,anterior_up
KEGG_2019_Mouse,Folate biosynthesis,1/26,0.7921779744971361,0.9999940654832392,0,0,0.6422886421861657,0.1496334693011244,TPH2,anterior_up
KEGG_2019_Mouse,p53 signaling pathway,3/71,0.7937524320373202,0.9999940654832392,0,0,0.7079957731595632,0.1635354583444056,CDK6;GADD45A;SERPINB5,anterior_up
KEGG_2019_Mouse,Cholinergic synapse,5/113,0.7988091083911678,0.9999940654832392,0,0,0.742644958583262,0.1668227691439177,CHRM2;PLCB4;CREB3L1;KCNQ5;GNG12,anterior_up
KEGG_2019_Mouse,Arginine and proline metabolism,2/50,0.7995505639997631,0.9999940654832392,0,0,0.6688034188034188,0.1496150060010243,P4HA3;NOS1,anterior_up
KEGG_2019_Mouse,Fatty acid degradation,2/50,0.7995505639997631,0.9999940654832392,0,0,0.6688034188034188,0.1496150060010243,ACAA1B;ACADM,anterior_up
KEGG_2019_Mouse,Estrogen signaling pathway,6/134,0.8040712898567466,0.9999940654832392,0,0,0.7517688679245284,0.1639362409000137,JUN;PLCB4;CREB3L1;TGFA;ESR1;ESR2,anterior_up
KEGG_2019_Mouse,Collecting duct acid secretion,1/27,0.8043721075091617,0.9999940654832392,0,0,0.6175523878341983,0.1344370151224405,SLC12A7,anterior_up
KEGG_2019_Mouse,mTOR signaling pathway,7/154,0.8046900877108798,0.9999940654832392,0,0,0.7635806253832005,0.1659245884723164,WNT10A;WNT5B;FZD5;FZD4;FZD7;WNT2;RNF152,anterior_up
KEGG_2019_Mouse,Drug metabolism,5/114,0.8049759638629479,0.9999940654832392,0,0,0.7357923948334552,0.1596249069169161,GSTM2;GSTM1;MPO;GSTM7;GSTM6,anterior_up
KEGG_2019_Mouse,Chemical carcinogenesis,4/94,0.808397727959416,0.9999940654832392,0,0,0.713013698630137,0.1516588008633862,GSTM2;GSTM1;GSTM7;GSTM6,anterior_up
KEGG_2019_Mouse,Bacterial invasion of epithelial cells,3/74,0.8162902405969525,0.9999940654832392,0,0,0.6779720237593224,0.1376183548063188,ARHGEF26;CAV1;MET,anterior_up
KEGG_2019_Mouse,Amyotrophic lateral sclerosis (ALS),2/52,0.8170161997208748,0.9999940654832392,0,0,0.641982905982906,0.1297424059256258,PPP3R2;NOS1,anterior_up
KEGG_2019_Mouse,Apelin signaling pathway,6/138,0.8257230338356636,0.9999940654832392,0,0,0.7288320598783721,0.139568330714213,ADCY10;JAG1;PLCB4;NOS1;GNG12;RYR3,anterior_up
KEGG_2019_Mouse,Fatty acid elongation,1/29,0.8266574560405162,0.9999940654832392,0,0,0.5733805050628279,0.1091515055589708,ACOT1,anterior_up
KEGG_2019_Mouse,Autoimmune thyroid disease,3/78,0.843056012258606,0.9999940654832392,0,0,0.6416766467065869,0.1095482429819546,H2-M5;CD28;TSHR,anterior_up
KEGG_2019_Mouse,"Valine, leucine and isoleucine degradation",2/56,0.8479073202838907,0.9999940654832392,0,0,0.5943019943019943,0.0980502853311644,ACAA1B;ACADM,anterior_up
KEGG_2019_Mouse,NOD-like receptor signaling pathway,9/205,0.8549808715265838,0.9999940654832392,0,0,0.7356414620878446,0.1152574961740127,JUN;RNASEL;CASR;MAVS;PSTPIP1;PLCB4;NEK7;NFKB1;BIRC3,anterior_up
KEGG_2019_Mouse,Galactose metabolism,1/32,0.8554204968344561,0.9999940654832392,0,0,0.5178094267375555,0.0808622187574151,HKDC1,anterior_up
KEGG_2019_Mouse,Pentose phosphate pathway,1/32,0.8554204968344561,0.9999940654832392,0,0,0.5178094267375555,0.0808622187574151,ALDOC,anterior_up
KEGG_2019_Mouse,beta-Alanine metabolism,1/32,0.8554204968344561,0.9999940654832392,0,0,0.5178094267375555,0.0808622187574151,ACADM,anterior_up
KEGG_2019_Mouse,Aldosterone synthesis and secretion,4/102,0.8554389135238083,0.9999940654832392,0,0,0.6545289348616159,0.1021985357718595,NR4A2;PLCB4;CREB3L1;LDLR,anterior_up
KEGG_2019_Mouse,Endometrial cancer,2/58,0.8615041795884198,0.9999940654832392,0,0,0.573015873015873,0.0854225541460105,TCF7L2;GADD45A,anterior_up
KEGG_2019_Mouse,Legionellosis,2/58,0.8615041795884198,0.9999940654832392,0,0,0.573015873015873,0.0854225541460105,IL12A;NFKB1,anterior_up
KEGG_2019_Mouse,Pyrimidine metabolism,2/58,0.8615041795884198,0.9999940654832392,0,0,0.573015873015873,0.0854225541460105,PNP2;AK9,anterior_up
KEGG_2019_Mouse,VEGF signaling pathway,2/58,0.8615041795884198,0.9999940654832392,0,0,0.573015873015873,0.0854225541460105,PPP3R2;NFATC2,anterior_up
KEGG_2019_Mouse,SNARE interactions in vesicular transport,1/33,0.8639063334516006,0.9999940654832392,0,0,0.501601195559351,0.0733797035876703,VAMP8,anterior_up
KEGG_2019_Mouse,Starch and sucrose metabolism,1/33,0.8639063334516006,0.9999940654832392,0,0,0.501601195559351,0.0733797035876703,HKDC1,anterior_up
KEGG_2019_Mouse,HIF-1 signaling pathway,4/104,0.8655387583979414,0.9999940654832392,0,0,0.6413698630136986,0.0926158117671308,HKDC1;HMOX1;IL6RA;NFKB1,anterior_up
KEGG_2019_Mouse,Lysine degradation,2/59,0.8678768176799253,0.9999940654832392,0,0,0.5629329734592893,0.079770692564233,COLGALT2;PLOD2,anterior_up
KEGG_2019_Mouse,Pancreatic secretion,4/105,0.8703577080746329,0.9999940654832392,0,0,0.6349857588498576,0.0881684032394631,CPB1;PLCB4;CLCA3A1;CLCA3A2,anterior_up
KEGG_2019_Mouse,Prion diseases,1/34,0.8718945016462686,0.9999940654832392,0,0,0.4863752814222498,0.0666756536638978,NCAM2,anterior_up
KEGG_2019_Mouse,ErbB signaling pathway,3/84,0.8768469437717777,0.9999940654832392,0,0,0.5939549472483604,0.0780592366956594,BTC;JUN;TGFA,anterior_up
KEGG_2019_Mouse,Retrograde endocannabinoid signaling,6/150,0.8793892888490338,0.9999940654832392,0,0,0.6676672384219554,0.0858136693398182,GABRQ;GABRB1;PLCB4;GABRA3;GNG12;MGLL,anterior_up
KEGG_2019_Mouse,DNA replication,1/35,0.8794141645688481,0.9999940654832392,0,0,0.4720450092932134,0.0606574604765005,MCM6,anterior_up
KEGG_2019_Mouse,Cytosolic DNA-sensing pathway,2/61,0.879820446513028,0.9999940654832392,0,0,0.5437925539620455,0.0696258012700879,MAVS;NFKB1,anterior_up
KEGG_2019_Mouse,Huntington disease,8/192,0.8809329021071272,0.9999940654832392,0,0,0.6963992230688779,0.0882851876679236,PLCB4;DNAH8;CREB3L1;DNAH14;PPARG;DNAH9;HAP1;COX7B2,anterior_up
KEGG_2019_Mouse,Insulin secretion,3/86,0.8865843665236558,0.9999940654832392,0,0,0.5795809413874489,0.0697693682852699,PLCB4;CREB3L1;TRPM4,anterior_up
KEGG_2019_Mouse,Human cytomegalovirus infection,11/255,0.887566035739878,0.9999940654832392,0,0,0.7216221177334406,0.0860695686322718,PPP3R2;PLCB4;CXCL12;CDK6;H2-M5;CREB3L1;NFATC2;E2F2;IL6RA;GNG12;NFKB1,anterior_up
KEGG_2019_Mouse,FoxO signaling pathway,5/132,0.8921874493352469,0.9999940654832392,0,0,0.6308996079860197,0.0719724111960026,TGFB2;BCL2L11;GADD45A;FOXO1;TGFBR2,anterior_up
KEGG_2019_Mouse,Alzheimer disease,7/175,0.8933561759176961,0.9999940654832392,0,0,0.6673819742489271,0.0752606147920718,BACE2;PPP3R2;PLCB4;LPL;NOS1;COX7B2;RYR3,anterior_up
KEGG_2019_Mouse,Oxytocin signaling pathway,6/154,0.8938725991090637,0.9999940654832392,0,0,0.649483102313291,0.0728668215636017,JUN;PPP3R2;PLCB4;CACNA2D3;NFATC2;RYR3,anterior_up
KEGG_2019_Mouse,Graft-versus-host disease,2/64,0.8958752204119615,0.9999940654832392,0,0,0.5173972980424594,0.0568899742400257,H2-M5;CD28,anterior_up
KEGG_2019_Mouse,Arachidonic acid metabolism,3/89,0.8999021432406809,0.9999940654832392,0,0,0.5592734796188354,0.058986155168412,ALOX12B;PTGS1;CBR3,anterior_up
KEGG_2019_Mouse,Alcoholism,8/199,0.902699483875246,0.9999940654832392,0,0,0.6706248538169518,0.0686489010737724,DDC;GRIN3A;CREB3L1;PPP1R1B;DRD1;PDYN;GNG12;DRD2,anterior_up
KEGG_2019_Mouse,Glutamatergic synapse,4/114,0.9074033426161328,0.9999940654832392,0,0,0.5827521793275218,0.0566249966456287,PPP3R2;GRIN3A;PLCB4;GNG12,anterior_up
KEGG_2019_Mouse,IL-17 signaling pathway,3/91,0.907980043671413,0.9999940654832392,0,0,0.546504393809783,0.052755642497556,JUN;MAPK15;NFKB1,anterior_up
KEGG_2019_Mouse,Glycolysis / Gluconeogenesis,2/67,0.9099143388570254,0.9999940654832392,0,0,0.4934385272846811,0.0465829738819828,HKDC1;ALDOC,anterior_up
KEGG_2019_Mouse,Tyrosine metabolism,1/40,0.9108915162641322,0.9999940654832392,0,0,0.4114169349011364,0.0383981476669974,DDC,anterior_up
KEGG_2019_Mouse,Fc epsilon RI signaling pathway,2/68,0.9141858424715696,0.9999940654832392,0,0,0.4859362859362859,0.0435988836191786,LCP2;VAV2,anterior_up
KEGG_2019_Mouse,Human T-cell leukemia virus 1 infection,10/245,0.9143745270045172,0.9999940654832392,0,0,0.6808876844765078,0.0609496777550584,CCNA1;JUN;TGFB2;PPP3R2;H2-M5;CREB3L1;NFATC2;E2F2;NFKB1;TGFBR2,anterior_up
KEGG_2019_Mouse,Insulin signaling pathway,5/139,0.9156560094247383,0.9999940654832392,0,0,0.597718349128394,0.0526676656687187,HKDC1;INPPL1;TRIP10;ACACB;FOXO1,anterior_up
KEGG_2019_Mouse,Bladder cancer,1/41,0.9161236262596896,0.9999940654832392,0,0,0.4011101622544833,0.0351388387096579,E2F2,anterior_up
KEGG_2019_Mouse,Homologous recombination,1/41,0.9161236262596896,0.9999940654832392,0,0,0.4011101622544833,0.0351388387096579,RAD51B,anterior_up
KEGG_2019_Mouse,Porphyrin and chlorophyll metabolism,1/41,0.9161236262596896,0.9999940654832392,0,0,0.4011101622544833,0.0351388387096579,HMOX1,anterior_up
KEGG_2019_Mouse,Natural killer cell mediated cytotoxicity,4/118,0.9206141098911896,0.9999940654832392,0,0,0.5621845710165826,0.0465007149974597,PPP3R2;NFATC2;LCP2;VAV2,anterior_up
KEGG_2019_Mouse,JAK-STAT signaling pathway,6/164,0.923729835298601,0.9999940654832392,0,0,0.6080508934581063,0.0482401044343825,THPO;LEPR;IL12A;IL6RA;PRLR;EPOR,anterior_up
KEGG_2019_Mouse,Influenza A,6/168,0.9334367130648162,0.9999940654832392,0,0,0.5929102344196684,0.0408409101354241,JUN;MAVS;RNASEL;IL12A;TLR7;NFKB1,anterior_up
KEGG_2019_Mouse,Choline metabolism in cancer,3/99,0.9347010264364888,0.9999940654832392,0,0,0.500748502994012,0.03381482465274,SLC44A5;JUN;SLC22A1,anterior_up
KEGG_2019_Mouse,Gastric acid secretion,2/74,0.9360693418670872,0.9999940654832392,0,0,0.4452991452991452,0.0294190095656583,PLCB4;GAST,anterior_up
KEGG_2019_Mouse,Sphingolipid signaling pathway,4/124,0.9372728233993576,0.9999940654832392,0,0,0.5339041095890411,0.034586773895453,OPRD1;PLCB4;SGPP2;NFKB1,anterior_up
KEGG_2019_Mouse,Phospholipase D signaling pathway,5/149,0.9413585650399906,0.9999940654832392,0,0,0.5559125964010283,0.0335944459361891,PLCB4;CYTH4;KIT;LPAR1;RAPGEF3,anterior_up
KEGG_2019_Mouse,Kaposi sarcoma-associated herpesvirus infection,8/216,0.9419680853844136,0.9999940654832392,0,0,0.6152524451493524,0.0367821811893408,JUN;PPP3R2;CDK6;H2-M5;NFATC2;E2F2;GNG12;NFKB1,anterior_up
KEGG_2019_Mouse,Sphingolipid metabolism,1/48,0.9450905375778084,0.9999940654832392,0,0,0.3412431636898813,0.0192715538086256,SGPP2,anterior_up
KEGG_2019_Mouse,Type II diabetes mellitus,1/48,0.9450905375778084,0.9999940654832392,0,0,0.3412431636898813,0.0192715538086256,HKDC1,anterior_up
KEGG_2019_Mouse,Chemokine signaling pathway,7/197,0.9471617535687492,0.9999940654832392,0,0,0.5894104359611475,0.0319963777904243,PLCB4;CXCL12;GM13306;GNG12;CXCL14;NFKB1;VAV2,anterior_up
KEGG_2019_Mouse,Cysteine and methionine metabolism,1/50,0.951351857215368,0.9999940654832392,0,0,0.3272800153366214,0.0163218792751818,CTH,anterior_up
KEGG_2019_Mouse,N-Glycan biosynthesis,1/50,0.951351857215368,0.9999940654832392,0,0,0.3272800153366214,0.0163218792751818,GLT28D2,anterior_up
KEGG_2019_Mouse,Tuberculosis,6/178,0.9530739845101048,0.9999940654832392,0,0,0.5581395348837209,0.026825718177075,TGFB2;PPP3R2;IL12A;LSP1;LBP;NFKB1,anterior_up
KEGG_2019_Mouse,Fanconi anemia pathway,1/51,0.9542096585593716,0.9999940654832392,0,0,0.3207173356105892,0.015032619272183,HES1,anterior_up
KEGG_2019_Mouse,Phagosome,6/180,0.9563089643900804,0.9999940654832392,0,0,0.5516649908321997,0.0246452106887692,C1RA;H2-M5;NOS1;THBS2;MPO;TUBA8,anterior_up
KEGG_2019_Mouse,Glycosaminoglycan biosynthesis,1/53,0.959431840802354,0.9999940654832392,0,0,0.3083492084346055,0.0127699748025799,CHST5,anterior_up
KEGG_2019_Mouse,Peroxisome,2/84,0.9612432218788844,0.9999940654832392,0,0,0.3907859078590786,0.0154469109400964,ACAA1B;DDO,anterior_up
KEGG_2019_Mouse,Fc gamma R-mediated phagocytosis,2/87,0.9667167625630368,0.9999940654832392,0,0,0.3769331322272499,0.0127590846323449,INPPL1;VAV2,anterior_up
KEGG_2019_Mouse,Ovarian steroidogenesis,1/57,0.9681585333123568,0.9999940654832392,0,0,0.2862632670489203,0.0092633164470811,LDLR,anterior_up
KEGG_2019_Mouse,GnRH signaling pathway,2/90,0.9714422426689966,0.9999940654832392,0,0,0.364024864024864,0.010547061160624,JUN;PLCB4,anterior_up
KEGG_2019_Mouse,Parkinson disease,4/144,0.9723867821225524,0.9999940654832392,0,0,0.4571428571428571,0.0128007449956839,DRD1;DRD2;SNCAIP;COX7B2,anterior_up
KEGG_2019_Mouse,Retinol metabolism,2/91,0.9728683460980612,0.9999940654832392,0,0,0.3599154902525689,0.0099000201645181,AWAT2;DHRS3,anterior_up
KEGG_2019_Mouse,Neurotrophin signaling pathway,3/121,0.9756987704269026,0.9999940654832392,0,0,0.4069101506430239,0.0100105500474975,JUN;NTF3;NFKB1,anterior_up
KEGG_2019_Mouse,Mitophagy,1/63,0.9778604929618624,0.9999940654832392,0,0,0.2584777278862841,0.0057868677018982,JUN,anterior_up
KEGG_2019_Mouse,Staphylococcus aureus infection,2/95,0.9779148287912292,0.9999940654832392,0,0,0.3443617314585056,0.0076905271937083,C1RA;MASP1,anterior_up
KEGG_2019_Mouse,Endocytosis,9/269,0.978663575299212,0.9999940654832392,0,0,0.5526555989152722,0.0119193093671518,EHD4;CYTH4;H2-M5;CAV1;PSD4;ARAP3;FOLR2;LDLR;TGFBR2,anterior_up
KEGG_2019_Mouse,Inflammatory mediator regulation of TRP channels,3/127,0.9816183429469784,0.9999940654832392,0,0,0.3870967741935484,0.0071816899262828,HRH1;PLCB4;HTR2A,anterior_up
KEGG_2019_Mouse,Thermogenesis,7/231,0.9840476374196024,0.9999940654832392,0,0,0.4990343347639485,0.0080249567102146,ADCY10;CREB3L1;DPF3;PPARG;COX7B2;MGLL;FGFR1,anterior_up
KEGG_2019_Mouse,Vascular smooth muscle contraction,3/140,0.9900774188197974,0.9999940654832392,0,0,0.3501214463669116,0.0034914594089725,PLCB4;RAMP3;ADRA1A,anterior_up
KEGG_2019_Mouse,Synaptic vesicle cycle,1/77,0.9905212402316406,0.9999940654832392,0,0,0.2107060991505236,0.0020067583826096,UNC13C,anterior_up
KEGG_2019_Mouse,Oocyte meiosis,2/116,0.9926520780590308,0.9999940654832392,0,0,0.2806117858749438,0.0020695262026719,PPP3R2;REC8,anterior_up
KEGG_2019_Mouse,Viral carcinogenesis,6/229,0.9933536587829868,0.9999940654832392,0,0,0.4293164319393273,0.0028629080024444,CCNA1;JUN;CDK6;H2-M5;CREB3L1;NFKB1,anterior_up
KEGG_2019_Mouse,Lysosome,2/124,0.995204016756454,0.9999940654832392,0,0,0.2620989211153146,0.0012600460347052,MANBA;CTSC,anterior_up
KEGG_2019_Mouse,Human immunodeficiency virus 1 infection,6/238,0.9954068356497052,0.9999940654832392,0,0,0.4124622937244928,0.0018988713635912,JUN;PPP3R2;H2-M5;NFATC2;GNG12;NFKB1,anterior_up
KEGG_2019_Mouse,Steroid hormone biosynthesis,1/89,0.9954203995187908,0.9999940654832392,0,0,0.1818569986802267,0.0008347452608245983,CYP2D22,anterior_up
KEGG_2019_Mouse,Antigen processing and presentation,1/90,0.9956898039229952,0.9999940654832392,0,0,0.179804066437022,0.000776665777673239,H2-M5,anterior_up
KEGG_2019_Mouse,Progesterone-mediated oocyte maturation,1/90,0.9956898039229952,0.9999940654832392,0,0,0.179804066437022,0.000776665777673239,CCNA1,anterior_up
KEGG_2019_Mouse,Autophagy,2/130,0.9965250363058428,0.9999940654832392,0,0,0.2497329059829059,0.000869324092664826,VAMP8;CFLAR,anterior_up
KEGG_2019_Mouse,Glycerophospholipid metabolism,1/97,0.9971804525804102,0.9999940654832392,0,0,0.1666310845431255,0.0004704878379641783,GPAT3,anterior_up
KEGG_2019_Mouse,Systemic lupus erythematosus,2/143,0.9982807478767318,0.9999940654832392,0,0,0.2265502818694308,0.0003898322592064244,C1RA;CD28,anterior_up
KEGG_2019_Mouse,Ribosome biogenesis in eukaryotes,1/115,0.999052848042505,0.9999940654832392,0,0,0.1401860757786867,0.00013284043606244465,REXO5,anterior_up
KEGG_2019_Mouse,Oxidative phosphorylation,1/134,0.9996994110005708,0.9999940654832392,0,0,0.1200374976724475,3.608737532512601e-05,COX7B2,anterior_up
KEGG_2019_Mouse,Necroptosis,2/176,0.9997183313078932,0.9999940654832392,0,0,0.1832596522251694,5.162577758217926e-05,CFLAR;BIRC3,anterior_up
KEGG_2019_Mouse,Ubiquitin mediated proteolysis,1/138,0.9997636346861128,0.9999940654832392,0,0,0.1165078197560261,2.7541662462041735e-05,BIRC3,anterior_up
KEGG_2019_Mouse,Herpes simplex virus 1 infection,7/433,0.9999930687908782,0.9999940654832392,0,0,0.2595538898627818,1.7990285237347097e-06,RNASEL;ZFP599;MAVS;H2-M5;IL12A;NFKB1;BIRC3,anterior_up
KEGG_2019_Mouse,Olfactory transduction,2/1133,0.9999940654832392,0.9999940654832392,0,0,0.0267473758189938,1.587332211048393e-07,PDE1A;ANO2,anterior_up
Reactome_2022,Defective B3GALTL Causes PpS R-HSA-5083635,11/37,5.555537216787018e-06,0.0036552683028818,0,0,6.851586828331015,82.90910245943573,SEMA5A;ADAMTS16;ADAMTS4;ADAMTS15;SPON1;ADAMTS2;THSD7B;ADAMTS18;THBS2;ADAMTS9;THSD4,anterior_up
Reactome_2022,O-glycosylation Of TSR Domain-Containing Proteins R-HSA-5173214,11/38,7.406825335120348e-06,0.0036552683028818,0,0,6.597473442434683,77.93667052675636,SEMA5A;ADAMTS16;ADAMTS4;ADAMTS15;SPON1;ADAMTS2;THSD7B;ADAMTS18;THBS2;ADAMTS9;THSD4,anterior_up
Reactome_2022,Amine Ligand-Binding Receptors R-HSA-375280,11/40,1.2770405424131265e-05,0.0042014633845391,0,0,6.1418218539309155,69.20838340381165,CHRM2;HTR6;HTR1F;HTR1A;ADRB2;HTR2A;DRD1;HTR4;DRD2;ADRA1A;DRD5,anterior_up
Reactome_2022,Serotonin Receptors R-HSA-390666,5/11,0.0002350593727739336,0.0580009002319681,0,0,13.44044558697515,112.30396057925432,HTR6;HTR1F;HTR1A;HTR2A;HTR4,anterior_up
Reactome_2022,Signaling By GPCR R-HSA-372790,63/689,0.00030658145884464706,0.0602616955681243,0,0,1.6517859972286002,13.36299342612532,CHRM2;NPFFR2;UCMA;ARHGEF10L;HTR2A;TRH;HTR4;ADRA1A;HTR6;GAST;RGS8;CASR;TRPC6;TRPC3;ARHGEF15;TACR3;PTH2R;TACR1;SSTR1;PDYN;TRHR;VAV2;PLCB4;OBSCN;MGLL;NPSR1;OPRD1;RAMP3;ARHGEF26;PDE1A;RGS16;LPAR1;GPR83;ADRB2;NTS;RASGRP1;PTHLH;PDE11A;CALCR;GPNMB;P2RY1;PENK;RGS20;DRD1;DRD2;WNT2;NTSR1;CD55;DRD5;NTSR2;WNT10A;FZD4;HTR1F;FZD7;HTR1A;OPRK1;GNG12;TSHR;HCRTR1;CXCL12;GHRH;PPP1R1B;ACKR3,anterior_up
Reactome_2022,Post-translational Protein Phosphorylation R-HSA-8957275,16/106,0.00043887331608206894,0.0602616955681243,0,0,2.881660899653979,22.278984222989763,CSF1;IGFBP5;SERPIND1;GOLM1;LAMB1;LTBP1;CHRDL1;SGPP2;BMP4;RCN1;STC2;PENK;GPC3;SPARCL1;IGFBP7;FBN1,anterior_up
Reactome_2022,Extracellular Matrix Organization R-HSA-1474244,32/291,0.00046959586563710015,0.0602616955681243,0,0,2.012490686174897,15.423000285381326,FBN2;COLGALT2;TNXB;COL16A1;COL13A1;LAMA2;LAMC3;ITGA2B;LRP4;PLOD2;FBLN1;LAMC2;LTBP3;LTBP1;ADAMTS16;ADAMTS4;ADAMTS2;ADAMTS18;SPOCK3;ADAMTS9;TGFB2;COL23A1;P3H2;LAMB1;BMP4;COL5A3;P4HA3;ADAM12;COL8A1;TLL2;ITGA6;FBN1,anterior_up
Reactome_2022,GPCR Ligand Binding R-HSA-500792,45/458,0.0004884433278064787,0.0602616955681243,0,0,1.7803700067246606,13.574052085984263,NPSR1;CHRM2;NPFFR2;OPRD1;RAMP3;UCMA;LPAR1;HTR2A;TRH;ADRB2;HTR4;NTS;ADRA1A;PTHLH;HTR6;CALCR;GPNMB;P2RY1;PENK;DRD1;DRD2;WNT2;NTSR1;CD55;DRD5;NTSR2;WNT10A;CASR;FZD4;HTR1F;FZD7;HTR1A;TACR3;OPRK1;PTH2R;TACR1;SSTR1;PDYN;GNG12;TSHR;TRHR;HCRTR1;CXCL12;GHRH;ACKR3,anterior_up
Reactome_2022,Diseases Associated With O-glycosylation Of Proteins R-HSA-3906995,12/69,0.000612720760562447,0.0671950434083483,0,0,3.406715063520871,25.20151962958473,SEMA5A;ADAMTS4;NOTCH2;ADAMTS16;ADAMTS15;SPON1;ADAMTS2;THSD7B;ADAMTS18;THBS2;ADAMTS9;THSD4,anterior_up
Reactome_2022,G Alpha (Q) Signaling Events R-HSA-416476,25/212,0.0006884926568150655,0.0679542252276469,0,0,2.1727221442591462,15.819602763003576,NPFFR2;NPSR1;UCMA;RGS16;LPAR1;HTR2A;TRH;NTS;RASGRP1;ADRA1A;GPNMB;P2RY1;GAST;NTSR1;NTSR2;CASR;TRPC6;TRPC3;TACR3;TACR1;GNG12;TRHR;HCRTR1;PLCB4;MGLL,anterior_up
Reactome_2022,GPCR Downstream Signaling R-HSA-388396,56/619,0.0008347476271129198,0.0748996279964047,0,0,1.6279277042469618,11.53937200640124,CHRM2;NPFFR2;UCMA;ARHGEF10L;HTR2A;TRH;HTR4;ADRA1A;HTR6;GAST;RGS8;CASR;TRPC6;TRPC3;ARHGEF15;TACR3;PTH2R;TACR1;SSTR1;PDYN;TRHR;VAV2;PLCB4;OBSCN;MGLL;NPSR1;OPRD1;RAMP3;ARHGEF26;PDE1A;RGS16;LPAR1;GPR83;ADRB2;NTS;RASGRP1;PTHLH;PDE11A;CALCR;GPNMB;P2RY1;PENK;RGS20;DRD1;NTSR1;DRD5;NTSR2;HTR1F;OPRK1;GNG12;TSHR;HCRTR1;CXCL12;GHRH;PPP1R1B;ACKR3,anterior_up
Reactome_2022,Elevation Of Cytosolic Ca2+ Levels R-HSA-139853,5/15,0.0012544664113471,0.1031798623333046,0,0,8.06255355612682,53.866282857733665,P2RX6;TRPC6;P2RX4;TRPC3;P2RX3,anterior_up
Reactome_2022,O-linked Glycosylation R-HSA-5173105,15/107,0.0014231952937443,0.1075274108841214,0,0,2.6402615459772276,17.306520317896382,SEMA5A;GALNT14;SPON1;THSD7B;GCNT1;THBS2;THSD4;ADAMTS16;ADAMTS4;ADAMTS15;ADAMTS2;ADAMTS18;GCNT4;ST6GALNAC3;ADAMTS9,anterior_up
Reactome_2022,Collagen Biosynthesis And Modifying Enzymes R-HSA-1650814,11/67,0.0016643653130687,0.1075274108841214,0,0,3.176018210901932,20.321153593942334,COLGALT2;ADAMTS2;COL16A1;COL13A1;COL5A3;P4HA3;COL23A1;P3H2;COL8A1;TLL2;PLOD2,anterior_up
Reactome_2022,Class A/1 (Rhodopsin-like Receptors) R-HSA-373076,33/327,0.0016885832754742,0.1075274108841214,0,0,1.826467900593073,11.659925235084003,NPFFR2;NPSR1;OPRD1;CHRM2;UCMA;LPAR1;ADRB2;HTR2A;TRH;HTR4;NTS;ADRA1A;HTR6;GPNMB;PENK;P2RY1;DRD1;DRD2;NTSR1;NTSR2;DRD5;HTR1F;HTR1A;TACR3;OPRK1;TACR1;SSTR1;PDYN;TSHR;TRHR;HCRTR1;CXCL12;ACKR3,anterior_up
Reactome_2022,Dopamine Receptors R-HSA-390651,3/5,0.0018355000211853,0.1075274108841214,0,0,24.15654405474765,152.196816408626,DRD1;DRD2;DRD5,anterior_up
Reactome_2022,Role Of Second Messengers In Netrin-1 Signaling R-HSA-418890,4/10,0.0018520425380243,0.1075274108841214,0,0,10.743150684931509,67.59016913993652,TRPC5;TRPC6;TRPC3;NTN1,anterior_up
Reactome_2022,Collagen Formation R-HSA-1474290,13/90,0.0021984313692701,0.1154761375764646,0,0,2.731452326793138,16.716518796461635,COLGALT2;COL16A1;COL13A1;COL23A1;P3H2;LAMC2;PLOD2;ADAMTS2;COL5A3;P4HA3;COL8A1;TLL2;ITGA6,anterior_up
Reactome_2022,Regulation Of IGF Transport And Uptake By IGFBPs R-HSA-381426,16/123,0.0022229448976219,0.1154761375764646,0,0,2.4216279144972996,14.7935370881079,CSF1;IGFBP5;SERPIND1;GOLM1;LAMB1;LTBP1;CHRDL1;SGPP2;BMP4;RCN1;STC2;PENK;GPC3;SPARCL1;IGFBP7;FBN1,anterior_up
Reactome_2022,TRP Channels R-HSA-3295583,6/25,0.0027013528264709,0.1333117619863401,0,0,5.09406879118895,30.126335997286983,TRPC5;TRPC6;TRPC3;TRPM6;TRPM3;TRPM4,anterior_up
Reactome_2022,Voltage Gated Potassium Channels R-HSA-1296072,8/43,0.0031405881759389,0.1476076442691302,0,0,3.6903289150711833,21.26863936317056,KCNG2;KCNG3;KCNH6;KCNC2;KCNB2;KCNA5;KCNAB1;KCNQ5,anterior_up
Reactome_2022,Nuclear Receptor Transcription Pathway R-HSA-383280,9/53,0.0033935600590378,0.1522474444668327,0,0,3.303681700930196,18.784323648288265,NR4A2;HNF4G;RARB;PPARG;RORB;PPARA;RXRG;ESR1;ESR2,anterior_up
Reactome_2022,Constitutive Signaling By Aberrant PI3K In Cancer R-HSA-2219530,11/78,0.0056143844446633,0.2409303237775107,0,0,2.653026855387147,13.749108253902511,BTC;KL;FGF16;KIT;FGF18;CD28;TGFA;ESR1;ESR2;FGF10;FGFR1,anterior_up
Reactome_2022,Acyl Chain Remodeling Of DAG And TAG R-HSA-1482883,3/7,0.0058774010553436,0.2417081184010096,0,0,12.07698887938409,62.03515155059112,AWAT2;DGAT2L6;MGLL,anterior_up
Reactome_2022,Elastic Fibre Formation R-HSA-1566948,7/39,0.0068861802878535,0.2718663977644562,0,0,3.5292918454935625,17.569657363926453,FBN2;BMP4;TGFB2;FBLN1;LTBP3;LTBP1;FBN1,anterior_up
Reactome_2022,Laminin Interactions R-HSA-3000157,5/22,0.0078145699384493,0.2966530972788289,0,0,4.7409143606028525,23.001804007354185,LAMA2;LAMC3;LAMB1;LAMC2;ITGA6,anterior_up
Reactome_2022,Sensory Processing Of Sound By Outer Hair Cells Of Cochlea R-HSA-9662361,8/53,0.0114715671359552,0.4193495097476958,0,0,2.86872852233677,12.81714548516498,EPS8;USH1G;WHRN;PCDH15;CDH23;LHFPL5;EPS8L2;PLS1,anterior_up
Reactome_2022,Regulation Of Commissural Axon Pathfinding By SLIT And ROBO R-HSA-428542,3/9,0.0129123699747912,0.4551610416113915,0,0,8.050470487596236,35.016081008645806,ROBO3;NTN1;ROBO1,anterior_up
Reactome_2022,MET Activates PTK2 Signaling R-HSA-8874081,4/17,0.015112382029168,0.5121285042627012,0,0,4.956533192834563,20.778981020782883,LAMA2;LAMC3;LAMB1;LAMC2,anterior_up
Reactome_2022,Sensory Processing Of Sound By Inner Hair Cells Of Cochlea R-HSA-9662360,9/67,0.015817339025434,0.5121285042627012,0,0,2.5043733507279033,10.384756083351238,EPS8;CTBP2;USH1G;WHRN;PCDH15;CDH23;LHFPL5;EPS8L2;PLS1,anterior_up
Reactome_2022,Platelet Calcium Homeostasis R-HSA-418360,5/26,0.0160850897995377,0.5121285042627012,0,0,3.8370669604602767,15.84655908618794,P2RX6;TRPC6;P2RX4;TRPC3;P2RX3,anterior_up
Reactome_2022,G Alpha (S) Signaling Events R-HSA-418555,16/153,0.0176671703665707,0.5384211232647742,0,0,1.88831359078625,7.621322673538255,NPSR1;RAMP3;PDE1A;GPR83;PTH2R;ADRB2;HTR4;GNG12;PTHLH;TSHR;HTR6;PDE11A;CALCR;GHRH;DRD1;DRD5,anterior_up
Reactome_2022,Class B/2 (Secretin Family Receptors) R-HSA-373080,11/92,0.0185456840022094,0.5384211232647742,0,0,2.192841420231601,8.743995040750555,WNT10A;RAMP3;CALCR;FZD4;FZD7;GHRH;PTH2R;GNG12;WNT2;PTHLH;CD55,anterior_up
Reactome_2022,Metabolism Of Amine-Derived Hormones R-HSA-209776,4/18,0.0185474348439739,0.5384211232647742,0,0,4.60225048923679,18.3511230553442,TPH2;DDC;DIO3;SLC5A5,anterior_up
Reactome_2022,PI3K/AKT Signaling In Cancer R-HSA-2219528,12/105,0.0198724058013744,0.5523928067799503,0,0,2.0839822024471637,8.165924111837798,BTC;KL;FGF16;FGF18;KIT;CD28;TGFA;ESR1;FOXO1;ESR2;FGF10;FGFR1,anterior_up
Reactome_2022,Diseases Of Glycosylation R-HSA-3781865,15/143,0.0206257901909764,0.5523928067799503,0,0,1.894041702679343,7.35117934566193,SEMA5A;NOTCH2;SPON1;THSD7B;THBS2;THSD4;ADAMTS16;ADAMTS4;ADAMTS15;ADAMTS2;ADAMTS18;GPC3;GPC4;ADAMTS9;GPC6,anterior_up
Reactome_2022,ADORA2B Mediated Anti-Inflammatory Cytokine Production R-HSA-9660821,14/131,0.0214466169747068,0.5523928067799503,0,0,1.9334396173774413,7.428639198148384,NPSR1;RAMP3;GPR83;PTH2R;ADRB2;HTR4;GNG12;PTHLH;TSHR;HTR6;CALCR;GHRH;DRD1;DRD5,anterior_up
Reactome_2022,Peptide Ligand-Binding Receptors R-HSA-375276,19/196,0.0216431813120158,0.5523928067799503,0,0,1.736413482881797,6.655785443041465,NPFFR2;NPSR1;OPRD1;UCMA;TACR3;OPRK1;TACR1;TRH;SSTR1;PDYN;NTS;TRHR;HCRTR1;CXCL12;GPNMB;PENK;ACKR3;NTSR1;NTSR2,anterior_up
Reactome_2022,Molecules Associated With Elastic Fibres R-HSA-2129379,5/28,0.0218270713925208,0.5523928067799503,0,0,3.5030363995380203,13.39772798072998,BMP4;TGFB2;FBLN1;LTBP3;LTBP1,anterior_up
Reactome_2022,Netrin-1 Signaling R-HSA-373752,7/49,0.0232248692490962,0.5592490713195095,0,0,2.6875536480686697,10.112005592179532,TRPC5;TRPC6;TRPC3;ABLIM3;NTN1;ROBO1;RGMA,anterior_up
Reactome_2022,eNOS Activation R-HSA-203615,3/11,0.0232312177549137,0.5592490713195095,0,0,6.0372112917023095,22.71354836305124,CAV1;TACR1;CYGB,anterior_up
Reactome_2022,Cell Junction Organization R-HSA-446728,10/86,0.0286264161002798,0.6605074828629911,0,0,2.123380741009149,7.545274947663493,CLDN10;SDK1;CDH13;LAMC2;ITGA6;PARVB;NECTIN4;CLDN1;CDH18;SDK2,anterior_up
Reactome_2022,Chylomicron Clearance R-HSA-8964026,2/5,0.0304701872754685,0.6605074828629911,0,0,10.726495726495726,37.44626673010426,LIPC;LDLR,anterior_up
Reactome_2022,Serotonin And Melatonin Biosynthesis R-HSA-209931,2/5,0.0304701872754685,0.6605074828629911,0,0,10.726495726495726,37.44626673010426,TPH2;DDC,anterior_up
Reactome_2022,Tachykinin Receptors Bind Tachykinins R-HSA-380095,2/5,0.0304701872754685,0.6605074828629911,0,0,10.726495726495726,37.44626673010426,TACR3;TACR1,anterior_up
Reactome_2022,Sensory Processing Of Sound R-HSA-9659379,9/75,0.030783530103037,0.6605074828629911,0,0,2.1998749316032207,7.657270696660026,EPS8;CTBP2;USH1G;WHRN;PCDH15;CDH23;LHFPL5;EPS8L2;PLS1,anterior_up
Reactome_2022,Leishmania Infection R-HSA-9658195,22/247,0.033517873338817,0.703875340115158,0,0,1.581704347826087,5.37095620466015,NPSR1;JUN;RAMP3;FZD7;PTH2R;GPR83;ADRB2;HTR4;GNG12;NFKB1;PTHLH;TSHR;VAV2;HTR6;PSTPIP1;CALCR;P2RX4;GHRH;HMOX1;NCKAP1L;DRD1;DRD5,anterior_up
Reactome_2022,"Defective EXT1 Causes Exostoses 1, TRPS2 And CHDS R-HSA-3656253",3/13,0.0369039153643985,0.74335029519717,0,0,4.829255774165953,15.933828207480872,GPC3;GPC4;GPC6,anterior_up
Reactome_2022,TFAP2 (AP-2) Family Regulates Transcription Of Growth Factors And Their Receptors R-HSA-8866910,3/13,0.0369039153643985,0.74335029519717,0,0,4.829255774165953,15.933828207480872,KIT;TGFA;ESR1,anterior_up
Reactome_2022,FGFR1b Ligand Binding And Activation R-HSA-190370,2/6,0.0439497906563698,0.8675688675567401,0,0,8.044444444444444,25.136535229926817,FGF10;FGFR1,anterior_up
Reactome_2022,RAC3 GTPase Cycle R-HSA-9013423,10/93,0.045504774897601,0.8768755367901674,0,0,1.9435746428053005,6.005525175206975,VANGL1;JAG1;CAV1;AMIGO2;ARAP3;DSG2;NCKAP1L;VRK2;SLC1A5;VAV2,anterior_up
Reactome_2022,"PI5P, PP2A And IER3 Regulate PI3K/AKT Signaling R-HSA-6811558",11/106,0.046198103255409,0.8768755367901674,0,0,1.8682895870166372,5.744647717717936,BTC;KL;FGF16;FGF18;KIT;CD28;TGFA;ESR1;ESR2;FGF10;FGFR1,anterior_up
Reactome_2022,Metabolism Of Nitric Oxide: NOS3 Activation And Regulation R-HSA-202131,3/15,0.0538391415215639,0.962555876065125,0,0,4.023952095808383,11.757000299705211,CAV1;TACR1;CYGB,anterior_up
Reactome_2022,Degradation Of Extracellular Matrix R-HSA-1474228,11/109,0.0545848547012289,0.962555876065125,0,0,1.8108070101425584,5.265824650796442,ADAMTS16;ADAMTS4;COL16A1;COL13A1;ADAMTS18;COL23A1;SPOCK3;TLL2;LAMC2;LAMB1;ADAMTS9,anterior_up
Reactome_2022,Metabolism Of Fat-Soluble Vitamins R-HSA-6806667,6/47,0.055277041367437,0.962555876065125,0,0,2.3579048654980546,6.8270721400044705,TTPA;GPC3;LPL;GPC4;GPC6;LDLR,anterior_up
Reactome_2022,Cell Recruitment (Pro-Inflammatory Response) R-HSA-9664424,4/25,0.0555504065915801,0.962555876065125,0,0,3.0670254403131114,8.865127982666568,PSTPIP1;P2RX4;HMOX1;NFKB1,anterior_up
Reactome_2022,"Activation Of NIMA Kinases NEK9, NEK6, NEK7 R-HSA-2980767",2/7,0.0591787715776266,0.962555876065125,0,0,6.435213675213675,18.193587128117375,NEK6;NEK7,anterior_up
Reactome_2022,Anchoring Fibril Formation R-HSA-2214320,2/7,0.0591787715776266,0.962555876065125,0,0,6.435213675213675,18.193587128117375,TLL2;LAMC2,anterior_up
Reactome_2022,Synthesis Of 12-Eicosatetraenoic Acid Derivatives R-HSA-2142712,2/7,0.0591787715776266,0.962555876065125,0,0,6.435213675213675,18.193587128117375,ALOX12B;ALOXE3,anterior_up
Reactome_2022,Retinoid Cycle In Cones (Daylight Vision) R-HSA-2187335,2/7,0.0591787715776266,0.962555876065125,0,0,6.435213675213675,18.193587128117375,AWAT2;DHRS3,anterior_up
Reactome_2022,GAG Synthesis Requires Tetrasaccharide Linker Sequence R-HSA-1971475,4/26,0.0627259258173684,0.962555876065125,0,0,2.9274595267745953,8.106078130170468,B3GAT2;GPC3;GPC4;GPC6,anterior_up
Reactome_2022,Synthesis Of IP3 And IP4 In Cytosol R-HSA-1855204,4/26,0.0627259258173684,0.962555876065125,0,0,2.9274595267745953,8.106078130170468,PLCB4;INPPL1;PLCE1;PLCH1,anterior_up
Reactome_2022,FGFR1 Ligand Binding And Activation R-HSA-190242,3/16,0.0634694378002595,0.962555876065125,0,0,3.7142199118247023,10.240835193823436,KL;FGF10;FGFR1,anterior_up
Reactome_2022,Phospholipase C-mediated Cascade: FGFR1 R-HSA-5654219,3/16,0.0634694378002595,0.962555876065125,0,0,3.7142199118247023,10.240835193823436,KL;FGF10;FGFR1,anterior_up
Reactome_2022,NLRP3 Inflammasome R-HSA-844456,3/16,0.0634694378002595,0.962555876065125,0,0,3.7142199118247023,10.240835193823436,PSTPIP1;HMOX1;NFKB1,anterior_up
Reactome_2022,Cell-cell Junction Organization R-HSA-421270,7/61,0.064951012861749,0.962555876065125,0,0,2.0889842632331903,5.7115377095601705,CLDN10;SDK1;CDH13;NECTIN4;CLDN1;CDH18;SDK2,anterior_up
Reactome_2022,EPH-ephrin Mediated Repulsion Of Cells R-HSA-3928665,6/49,0.0653406724380581,0.962555876065125,0,0,2.247995532330767,6.13284783876664,EPHB6;EFNA1;EPHA7;EPHA8;EPHB2;VAV2,anterior_up
Reactome_2022,Negative Regulation Of PI3K/AKT Network R-HSA-199418,11/113,0.0672630401839766,0.976303245023308,0,0,1.7394234179459898,4.694954931189245,BTC;KL;FGF16;FGF18;KIT;CD28;TGFA;ESR1;ESR2;FGF10;FGFR1,anterior_up
Reactome_2022,Effects Of PIP2 Hydrolysis R-HSA-114508,4/27,0.0703630582880778,0.9857815897749314,0,0,2.8000297796307327,7.431522340279826,TRPC6;TRPC3;RASGRP1;MGLL,anterior_up
Reactome_2022,Activated Point Mutants Of FGFR2 R-HSA-2033519,3/17,0.0738316745855188,0.9857815897749314,0,0,3.448735182695833,8.987291610902895,FGF16;FGF18;FGF10,anterior_up
Reactome_2022,FOXO-mediated Transcription Of Cell Cycle Genes R-HSA-9617828,3/17,0.0738316745855188,0.9857815897749314,0,0,3.448735182695833,8.987291610902895,GADD45A;CAV1;FOXO1,anterior_up
Reactome_2022,Histidine Catabolism R-HSA-70921,2/8,0.0759061811782115,0.9857815897749314,0,0,5.362393162393162,13.825628562717174,AMDHD1;FTCD,anterior_up
Reactome_2022,Inhibition Of Signaling By Overexpressed EGFR R-HSA-5638303,2/8,0.0759061811782115,0.9857815897749314,0,0,5.362393162393162,13.825628562717174,BTC;TGFA,anterior_up
Reactome_2022,Orexin And Neuropeptides FF And QRFP Bind To Their Respective Receptors R-HSA-389397,2/8,0.0759061811782115,0.9857815897749314,0,0,5.362393162393162,13.825628562717174,NPFFR2;HCRTR1,anterior_up
Reactome_2022,Regulation Of Gene Expression In Early Pancreatic Precursor Cells R-HSA-210747,2/8,0.0759061811782115,0.9857815897749314,0,0,5.362393162393162,13.825628562717174,HNF1B;FGF10,anterior_up
Reactome_2022,VEGF Binds To VEGFR Leading To Receptor Dimerization R-HSA-195399,2/8,0.0759061811782115,0.9857815897749314,0,0,5.362393162393162,13.825628562717174,FLT4;VEGFD,anterior_up
Reactome_2022,MET Promotes Cell Motility R-HSA-8875878,4/28,0.0784523959961386,0.999996057984298,0,0,2.683219178082192,6.829499188669354,LAMA2;LAMC3;LAMC2;LAMB1,anterior_up
Reactome_2022,Phospholipase C-mediated Cascade; FGFR2 R-HSA-5654221,3/18,0.0848885323953726,0.999996057984298,0,0,3.2186484174508125,7.938526813561874,FGF16;FGF18;FGF10,anterior_up
Reactome_2022,EGR2 And SOX10-mediated Initiation Of Schwann Cell Myelination R-HSA-9619665,4/29,0.0869826065173025,0.999996057984298,0,0,2.575753424657534,6.290111194918638,ADGRV1;LAMA2;LAMB1;POU3F1,anterior_up
Reactome_2022,SUMOylation Of Intracellular Receptors R-HSA-4090294,4/29,0.0869826065173025,0.999996057984298,0,0,2.575753424657534,6.290111194918638,NR4A2;PPARG;PPARA;ESR1,anterior_up
Reactome_2022,Non-integrin membrane-ECM Interactions R-HSA-3000171,5/41,0.0898513343439288,0.999996057984298,0,0,2.236503856041131,5.389077041411414,LAMA2;LAMC3;LAMC2;LAMB1;ITGA6,anterior_up
Reactome_2022,Regulation Of Beta-Cell Development R-HSA-186712,5/41,0.0898513343439288,0.999996057984298,0,0,2.236503856041131,5.389077041411414,HNF4G;HNF1B;INSM1;FOXO1;FGF10,anterior_up
Reactome_2022,Cell-Cell Communication R-HSA-1500931,11/120,0.0937012240668416,0.999996057984298,0,0,1.6271088669211136,3.852414588649782,SDK1;CLDN10;NPHS1;CDH13;LAMC2;ITGA6;PARVB;NECTIN4;CLDN1;SDK2;CDH18,anterior_up
Reactome_2022,Adrenoceptors R-HSA-390696,2/9,0.0939044320021443,0.999996057984298,0,0,4.596092796092796,10.871954991978958,ADRB2;ADRA1A,anterior_up
Reactome_2022,EGFR Interacts With Phospholipase C-gamma R-HSA-212718,2/9,0.0939044320021443,0.999996057984298,0,0,4.596092796092796,10.871954991978958,BTC;TGFA,anterior_up
Reactome_2022,Phase 3 - Rapid Repolarisation R-HSA-5576890,2/9,0.0939044320021443,0.999996057984298,0,0,4.596092796092796,10.871954991978958,KCNE3;KCNA5,anterior_up
Reactome_2022,Serine Biosynthesis R-HSA-977347,2/9,0.0939044320021443,0.999996057984298,0,0,4.596092796092796,10.871954991978958,PHGDH;SERINC2,anterior_up
Reactome_2022,Type I Hemidesmosome Assembly R-HSA-446107,2/9,0.0939044320021443,0.999996057984298,0,0,4.596092796092796,10.871954991978958,ITGA6;LAMC2,anterior_up
Reactome_2022,Assembly Of Active LPL And LIPC Lipase Complexes R-HSA-8963889,3/19,0.0965997872496091,0.999996057984298,0,0,3.01732249786142,7.05202199418129,LIPC;LPL;PCSK6,anterior_up
Reactome_2022,Other Semaphorin Interactions R-HSA-416700,3/19,0.0965997872496091,0.999996057984298,0,0,3.01732249786142,7.05202199418129,SEMA5A;SEMA4A;SEMA3E,anterior_up
Reactome_2022,RND1 GTPase Cycle R-HSA-9696273,5/42,0.0973371567036473,0.999996057984298,0,0,2.175942008846893,5.06901898454404,VANGL1;CAV1;KIF14;EPSTI1;PTPN13,anterior_up
Reactome_2022,Signal Transduction R-HSA-162582,159/2465,0.1001571216026837,0.999996057984298,0,0,1.124581652738168,2.587679375419408,NPFFR2;CHRM2;PRAG1;HHIP;ITGA2B;HTR4;HTR6;SALL4;EPSTI1;KNTC1;RGS8;CASR;WNT5B;STARD8;VRK2;PDYN;TRHR;BTC;OBSCN;GPR161;ADAM12;NOTCH2;KHDRBS2;SPTBN5;KHDRBS3;ARHGEF26;CTBP2;PDE1A;LPAR1;TGFA;GPR83;MST1R;SLC1A5;ADRB2;LTBP3;DTX4;NTS;RASGRP1;LTBP1;FOXO1;RASGRP3;SCUBE2;KLC3;BCL2L11;CALCR;PENK;MYH14;NCKAP1L;DRD1;DRD2;WNT2;NTSR1;DRD5;NTSR2;KL;JUN;WNT10A;TGFB2;JAG1;HTR1F;FZD4;CAV1;FZD7;HTR1A;INHBB;GNG12;SMAD6;ARHGAP25;ESR1;NFKB1;ESR2;VANGL1;FGF16;ADCY10;DIAPH2;CXCL12;PPP1R1B;FGF18;CD28;SNAI2;FGF10;FGFR1;DOCK6;PTPRU;GABRB1;UCMA;LAMC3;FLT4;DOCK8;KIF14;ARHGEF10L;LAMC2;HTR2A;TRH;PCSK6;CHRDL1;RND3;ADRA1A;NUF2;RSPO2;GAST;TRPC6;ARHGEF15;TRPC3;TACR3;ARAP3;PTH2R;SSTR1;TACR1;GFRA2;VAV2;TGFBR2;PLCB4;EVC;LATS2;RASA4;KIT;RARB;PPARG;DSG2;RAPGEF3;MGLL;BIRC3;NPSR1;OPRD1;RAMP3;LAMA2;RGS16;AMIGO2;THBS2;CENPA;PTHLH;PDE11A;ACVR1C;PTPRZ1;GPNMB;NTF3;P2RY1;RGS20;RXRG;CD55;EVC2;GABRQ;TCF7L2;OPRK1;VEGFD;LAMB1;CFLAR;S100B;PTPN13;EPOR;DHRS3;DLK1;TSHR;HCRTR1;DLC1;GHRH;TRIP10;ACKR3,anterior_up
Reactome_2022,ECM Proteoglycans R-HSA-3000178,6/55,0.1014938786744606,0.999996057984298,0,0,1.9721006756047188,4.511686713041794,TGFB2;TNXB;LAMA2;ITGA2B;LRP4;LAMB1,anterior_up
Reactome_2022,Anti-inflammatory Response Favoring Leishmania Infection R-HSA-9662851,14/165,0.1050987599980235,0.999996057984298,0,0,1.495373388692539,3.3688591157231564,NPSR1;RAMP3;GPR83;PTH2R;ADRB2;HTR4;GNG12;PTHLH;TSHR;HTR6;CALCR;GHRH;DRD1;DRD5,anterior_up
Reactome_2022,RND2 GTPase Cycle R-HSA-9696270,5/43,0.1051271689335988,0.999996057984298,0,0,2.118567627294458,4.772252660784667,VANGL1;PRAG1;CAV1;KIF14;PTPN13,anterior_up
Reactome_2022,Retinoid Metabolism And Transport R-HSA-975634,5/43,0.1051271689335988,0.999996057984298,0,0,2.118567627294458,4.772252660784667,GPC3;LPL;GPC4;GPC6;LDLR,anterior_up
Reactome_2022,Defective B3GALT6 Causes EDSP2 And SEMDJL1 R-HSA-4420332,3/20,0.1089230564297914,0.999996057984298,0,0,2.8396819805766618,6.295897397777501,GPC3;GPC4;GPC6,anterior_up
Reactome_2022,Defective B3GAT3 Causes JDSSDHD R-HSA-3560801,3/20,0.1089230564297914,0.999996057984298,0,0,2.8396819805766618,6.295897397777501,GPC3;GPC4;GPC6,anterior_up
Reactome_2022,"Defective B4GALT7 Causes EDS, Progeroid Type R-HSA-3560783",3/20,0.1089230564297914,0.999996057984298,0,0,2.8396819805766618,6.295897397777501,GPC3;GPC4;GPC6,anterior_up
Reactome_2022,FGFR2 Ligand Binding And Activation R-HSA-190241,3/20,0.1089230564297914,0.999996057984298,0,0,2.8396819805766618,6.295897397777501,FGF16;FGF18;FGF10,anterior_up
Reactome_2022,SHC-mediated cascade:FGFR1 R-HSA-5654688,3/20,0.1089230564297914,0.999996057984298,0,0,2.8396819805766618,6.295897397777501,KL;FGF10;FGFR1,anterior_up
Reactome_2022,Signal Transduction By L1 R-HSA-445144,3/20,0.1089230564297914,0.999996057984298,0,0,2.8396819805766618,6.295897397777501,ITGA2B;VAV2;FGFR1,anterior_up
Reactome_2022,Platelet Homeostasis R-HSA-418346,8/83,0.1126702193368325,0.999996057984298,0,0,1.718487972508591,3.7519578462394274,P2RX6;PDE11A;TRPC6;P2RX4;TRPC3;P2RX3;PDE1A;GNG12,anterior_up
Reactome_2022,Calcitonin-like Ligand Receptors R-HSA-419812,2/10,0.1129674255186687,0.999996057984298,0,0,4.021367521367521,8.769218295089516,CALCR;RAMP3,anterior_up
Reactome_2022,Thyroxine Biosynthesis R-HSA-209968,2/10,0.1129674255186687,0.999996057984298,0,0,4.021367521367521,8.769218295089516,DIO3;SLC5A5,anterior_up
Reactome_2022,Collagen Chain Trimerization R-HSA-8948216,5/44,0.1132139104206282,0.999996057984298,0,0,2.064135521719069,4.496670184400994,COL16A1;COL13A1;COL5A3;COL23A1;COL8A1,anterior_up
Reactome_2022,PI3K Cascade R-HSA-109704,5/44,0.1132139104206282,0.999996057984298,0,0,2.064135521719069,4.496670184400994,KL;FGF16;FGF18;FGF10;FGFR1,anterior_up
Reactome_2022,Nuclear Signaling By ERBB4 R-HSA-1251985,4/32,0.1150802303908739,0.999996057984298,0,0,2.299412915851272,4.9716198483290475,BTC;CXCL12;S100B;ESR1,anterior_up
Reactome_2022,NRAGE Signals Death Thru JNK R-HSA-193648,6/57,0.1154723480765861,0.999996057984298,0,0,1.8945615982241952,4.089835948265232,OBSCN;BCL2L11;ARHGEF15;ARHGEF26;ARHGEF10L;VAV2,anterior_up
Reactome_2022,Signaling By ERBB4 R-HSA-1236394,6/57,0.1154723480765861,0.999996057984298,0,0,1.8945615982241952,4.089835948265232,BTC;GABRQ;GABRB1;CXCL12;S100B;ESR1,anterior_up
Reactome_2022,Azathioprine ADME R-HSA-9748787,3/21,0.1218144506284631,0.999996057984298,0,0,2.6817792985457656,5.645832732562773,ABCC4;GSTM1;VAV2,anterior_up
Reactome_2022,HS-GAG Degradation R-HSA-2024096,3/21,0.1218144506284631,0.999996057984298,0,0,2.6817792985457656,5.645832732562773,GPC3;GPC4;GPC6,anterior_up
Reactome_2022,Inflammasomes R-HSA-622312,3/21,0.1218144506284631,0.999996057984298,0,0,2.6817792985457656,5.645832732562773,PSTPIP1;HMOX1;NFKB1,anterior_up
Reactome_2022,PI-3K cascade:FGFR1 R-HSA-5654689,3/21,0.1218144506284631,0.999996057984298,0,0,2.6817792985457656,5.645832732562773,KL;FGF10;FGFR1,anterior_up
Reactome_2022,Plasma Lipoprotein Remodeling R-HSA-8963899,4/33,0.1252286636491534,0.999996057984298,0,0,2.2200047236655647,4.612312680022841,LIPC;LIPG;LPL;PCSK6,anterior_up
Reactome_2022,Striated Muscle Contraction R-HSA-390522,4/33,0.1252286636491534,0.999996057984298,0,0,2.2200047236655647,4.612312680022841,MYBPC1;MYH3;TPM2;TNNT2,anterior_up
Reactome_2022,L1CAM Interactions R-HSA-373760,9/99,0.1259593816177723,0.999996057984298,0,0,1.6111779879621668,3.338031775808888,SPTBN5;ALCAM;ITGA2B;LAMB1;SCN5A;EPHB2;SCN4B;FGFR1;VAV2,anterior_up
Reactome_2022,RHOQ GTPase Cycle R-HSA-9013406,6/59,0.1303617083431471,0.999996057984298,0,0,1.8228745266837112,3.714001705239909,VANGL1;OBSCN;CAV1;DLC1;TRIP10;SLC1A5,anterior_up
Reactome_2022,Stimuli-sensing Channels R-HSA-2672351,9/100,0.1316836516314668,0.999996057984298,0,0,1.593387695709278,3.2303590244447387,TRPC5;TRPC6;TRPC3;TRPM6;TRPM3;RYR3;ANO2;SLC9B2;TRPM4,anterior_up
Reactome_2022,Apoptotic Cleavage Of Cell Adhesion Proteins R-HSA-351906,2/11,0.132908818624982,0.999996057984298,0,0,3.5743589743589745,7.213385108744222,OCLN;DSG2,anterior_up
Reactome_2022,Killing Mechanisms R-HSA-9664420,2/11,0.132908818624982,0.999996057984298,0,0,3.5743589743589745,7.213385108744222,JUN;FZD7,anterior_up
Reactome_2022,FRS-mediated FGFR1 Signaling R-HSA-5654693,3/22,0.135229141998234,0.999996057984298,0,0,2.54049795146549,5.082989155460508,KL;FGF10;FGFR1,anterior_up
Reactome_2022,SHC-mediated cascade:FGFR2 R-HSA-5654699,3/22,0.135229141998234,0.999996057984298,0,0,2.54049795146549,5.082989155460508,FGF16;FGF18;FGF10,anterior_up
Reactome_2022,IRS-mediated Signaling R-HSA-112399,5/47,0.1391685001510077,0.999996057984298,0,0,1.916391235157302,3.779257373182654,KL;FGF16;FGF18;FGF10;FGFR1,anterior_up
Reactome_2022,Potassium Channels R-HSA-1296071,9/102,0.1435325594808383,0.999996057984298,0,0,1.5589548719940087,3.0262328681642394,KCNG2;KCNG3;KCNH6;KCNC2;KCNB2;KCNQ5;KCNAB1;KCNA5;GNG12,anterior_up
Reactome_2022,Inositol Phosphate Metabolism R-HSA-1483249,5/48,0.1483527899954209,0.999996057984298,0,0,1.8717243578246747,3.5715535291217013,INPP4B;PLCB4;INPPL1;PLCE1;PLCH1,anterior_up
Reactome_2022,PI-3K cascade:FGFR2 R-HSA-5654695,3/23,0.1491218566782045,0.999996057984298,0,0,2.413344739093242,4.592574470093934,FGF16;FGF18;FGF10,anterior_up
Reactome_2022,FGFR3 Mutant Receptor Activation R-HSA-2033514,2/12,0.1535604191318493,0.999996057984298,0,0,3.216752136752137,6.027103602447198,FGF16;FGF18,anterior_up
Reactome_2022,GRB2 Events In EGFR Signaling R-HSA-179812,2/12,0.1535604191318493,0.999996057984298,0,0,3.216752136752137,6.027103602447198,BTC;TGFA,anterior_up
Reactome_2022,Hyaluronan Uptake And Degradation R-HSA-2160916,2/12,0.1535604191318493,0.999996057984298,0,0,3.216752136752137,6.027103602447198,STAB2;HMMR,anterior_up
Reactome_2022,Cargo Recognition For Clathrin-Mediated Endocytosis R-HSA-8856825,9/104,0.1559008977305315,0.999996057984298,0,0,1.5259718513825409,2.8360717050162605,CHRM2;BTC;VAMP8;FZD4;TGFA;ADRB2;STON2;TACR1;LDLR,anterior_up
Reactome_2022,Platelet Aggregation (Plug Formation) R-HSA-76009,4/36,0.1577680338051657,0.999996057984298,0,0,2.0115582191780823,3.7146026785055626,THPO;ITGA2B;RASGRP1;RAPGEF3,anterior_up
Reactome_2022,Transcriptional Regulation By AP-2 (TFAP2) Family Of Transcription Factors R-HSA-8864260,4/36,0.1577680338051657,0.999996057984298,0,0,2.0115582191780823,3.7146026785055626,CITED4;KIT;TGFA;ESR1,anterior_up
Reactome_2022,RAC1 GTPase Cycle R-HSA-9013149,14/178,0.1615265649541248,0.999996057984298,0,0,1.3758793546484689,2.508345922679063,DOCK6;JAG1;ARHGEF15;CAV1;DOCK8;AMIGO2;ARAP3;VRK2;SLC1A5;ARHGAP25;VAV2;VANGL1;DLC1;NCKAP1L,anterior_up
Reactome_2022,FRS-mediated FGFR2 Signaling R-HSA-5654700,3/24,0.1634472991509908,0.999996057984298,0,0,2.298301356470732,4.162832047887016,FGF16;FGF18;FGF10,anterior_up
Reactome_2022,Other Interleukin Signaling R-HSA-449836,3/24,0.1634472991509908,0.999996057984298,0,0,2.298301356470732,4.162832047887016,CSF1;PTPRZ1;IL16,anterior_up
Reactome_2022,Chondroitin Sulfate/Dermatan Sulfate Metabolism R-HSA-1793185,5/50,0.1674568667077298,0.999996057984298,0,0,1.7883461868037704,3.1958273438736033,CHST9;B3GAT2;GPC3;GPC4;GPC6,anterior_up
Reactome_2022,G Alpha (12/13) Signaling Events R-HSA-416482,7/78,0.1719766154183189,0.999996057984298,0,0,1.5873662576316268,2.794394430014443,OBSCN;ARHGEF15;ARHGEF26;ARHGEF10L;GNG12;ADRA1A;VAV2,anterior_up
Reactome_2022,FGFR2c Ligand Binding And Activation R-HSA-190375,2/13,0.1747707013950976,0.999996057984298,0,0,2.924164724164724,5.100563337445622,FGF16;FGF18,anterior_up
Reactome_2022,FGFR3 Ligand Binding And Activation R-HSA-190239,2/13,0.1747707013950976,0.999996057984298,0,0,2.924164724164724,5.100563337445622,FGF16;FGF18,anterior_up
Reactome_2022,FGFRL1 Modulation Of FGFR1 Signaling R-HSA-5658623,2/13,0.1747707013950976,0.999996057984298,0,0,2.924164724164724,5.100563337445622,FGF18;FGF10,anterior_up
Reactome_2022,Phospholipase C-mediated Cascade; FGFR3 R-HSA-5654227,2/13,0.1747707013950976,0.999996057984298,0,0,2.924164724164724,5.100563337445622,FGF16;FGF18,anterior_up
Reactome_2022,SHC1 Events In EGFR Signaling R-HSA-180336,2/13,0.1747707013950976,0.999996057984298,0,0,2.924164724164724,5.100563337445622,BTC;TGFA,anterior_up
Reactome_2022,IRS-related Events Triggered By IGF1R R-HSA-2428928,5/51,0.177353790037853,0.999996057984298,0,0,1.7493759546961738,3.0257359191055953,KL;FGF16;FGF18;FGF10;FGFR1,anterior_up
Reactome_2022,Synthesis Of PIPs At Plasma Membrane R-HSA-1660499,5/51,0.177353790037853,0.999996057984298,0,0,1.7493759546961738,3.0257359191055953,INPP4B;PLEKHA2;INPPL1;PIK3C2G;PTPN13,anterior_up
Reactome_2022,Basigin Interactions R-HSA-210991,3/25,0.1781605160760329,0.999996057984298,0,0,2.193716463177541,3.784315247418137,CAV1;ITGA6;SLC7A11,anterior_up
Reactome_2022,TRAF6 Mediated NF-kB Activation R-HSA-933542,3/25,0.1781605160760329,0.999996057984298,0,0,2.193716463177541,3.784315247418137,MAVS;S100B;NFKB1,anterior_up
Reactome_2022,IGF1R Signaling Cascade R-HSA-2428924,5/52,0.1874647701465797,0.999996057984298,0,0,1.7120640303378365,2.866276553855201,KL;FGF16;FGF18;FGF10;FGFR1,anterior_up
Reactome_2022,Integrin Cell Surface Interactions R-HSA-216083,6/66,0.1889583316448708,0.999996057984298,0,0,1.6096054888507718,2.681970950882237,COL16A1;COL13A1;ITGA2B;COL23A1;ITGA6;FBN1,anterior_up
Reactome_2022,WNT Ligand Biogenesis And Trafficking R-HSA-3238698,3/26,0.1932172052416569,0.999996057984298,0,0,2.098225908431584,3.449358144320354,WNT10A;WNT5B;WNT2,anterior_up
Reactome_2022,DCC Mediated Attractive Signaling R-HSA-418885,2/14,0.1964034331310859,0.999996057984298,0,0,2.68034188034188,4.362482638920837,ABLIM3;NTN1,anterior_up
Reactome_2022,FGFR4 Ligand Binding And Activation R-HSA-190322,2/14,0.1964034331310859,0.999996057984298,0,0,2.68034188034188,4.362482638920837,FGF16;FGF18,anterior_up
Reactome_2022,Repression Of WNT Target Genes R-HSA-4641265,2/14,0.1964034331310859,0.999996057984298,0,0,2.68034188034188,4.362482638920837,TCF7L2;CTBP2,anterior_up
Reactome_2022,Insulin Receptor Signaling Cascade R-HSA-74751,5/53,0.1977775260698194,0.999996057984298,0,0,1.6763067694944302,2.7166436805291108,KL;FGF16;FGF18;FGF10;FGFR1,anterior_up
Reactome_2022,Signaling By Type 1 Insulin-like Growth Factor 1 Receptor (IGF1R) R-HSA-2404192,5/53,0.1977775260698194,0.999996057984298,0,0,1.6763067694944302,2.7166436805291108,KL;FGF16;FGF18;FGF10;FGFR1,anterior_up
Reactome_2022,Integrin Signaling R-HSA-354192,3/27,0.2085739763302885,0.999996057984298,0,0,2.010692899914457,3.1516837051741793,ITGA2B;RASGRP1;RAPGEF3,anterior_up
Reactome_2022,Visual Phototransduction R-HSA-2187338,8/98,0.215919200199543,0.999996057984298,0,0,1.4309278350515464,2.193399183536388,AWAT2;GPC3;LPL;GPC4;GPC6;LDLR;DHRS3;STRA6,anterior_up
Reactome_2022,RHOB GTPase Cycle R-HSA-9013026,6/69,0.2167256699770462,0.999996057984298,0,0,1.5327125704484197,2.343705919501718,VANGL1;STARD8;CAV1;DLC1;ARHGEF10L;VAV2,anterior_up
Reactome_2022,Phospholipase C-mediated Cascade; FGFR4 R-HSA-5654228,2/15,0.218336405928673,0.999996057984298,0,0,2.4740302432610126,3.764776994880043,FGF16;FGF18,anterior_up
Reactome_2022,Signaling By Activin R-HSA-1502540,2/15,0.218336405928673,0.999996057984298,0,0,2.4740302432610126,3.764776994880043,ACVR1C;INHBB,anterior_up
Reactome_2022,cGMP Effects R-HSA-418457,2/15,0.218336405928673,0.999996057984298,0,0,2.4740302432610126,3.764776994880043,PDE11A;PDE1A,anterior_up
Reactome_2022,Transcriptional Regulation Of White Adipocyte Differentiation R-HSA-381340,7/84,0.2214153430696724,0.999996057984298,0,0,1.4632071790870074,2.206099354782932,CEBPA;CEBPD;EBF1;LPL;PPARG;PPARA;NFKB1,anterior_up
Reactome_2022,Ion Channel Transport R-HSA-983712,13/175,0.2270740443956363,0.999996057984298,0,0,1.2923976608187135,1.91595255714045,TRPC5;TRPC6;TRPC3;ATP8B1;RYR3;ANO2;SLC9B2;PLN;FXYD1;ATP13A4;TRPM6;TRPM3;TRPM4,anterior_up
Reactome_2022,Glucagon-like Peptide-1 (GLP1) Regulates Insulin Secretion R-HSA-381676,4/42,0.2304478008585455,0.999996057984298,0,0,1.6934030281182408,2.4854599550525887,KCNG2;KCNC2;GNG12;RAPGEF3,anterior_up
Reactome_2022,Kinesins R-HSA-983189,4/42,0.2304478008585455,0.999996057984298,0,0,1.6934030281182408,2.4854599550525887,KLC3;KIF26A;KIF23;KIF6,anterior_up
Reactome_2022,RND3 GTPase Cycle R-HSA-9696264,4/42,0.2304478008585455,0.999996057984298,0,0,1.6934030281182408,2.4854599550525887,VANGL1;CAV1;PTPN13;RND3,anterior_up
Reactome_2022,Adherens Junctions Interactions R-HSA-418990,3/29,0.2400200262953896,0.999996057984298,0,0,1.8558268079226163,2.648325941716217,CDH13;NECTIN4;CDH18,anterior_up
Reactome_2022,Downstream Signaling Of Activated FGFR2 R-HSA-5654696,3/29,0.2400200262953896,0.999996057984298,0,0,1.8558268079226163,2.648325941716217,FGF16;FGF18;FGF10,anterior_up
Reactome_2022,FCERI Mediated Ca+2 Mobilization R-HSA-2871809,3/29,0.2400200262953896,0.999996057984298,0,0,1.8558268079226163,2.648325941716217,NFATC2;LCP2;VAV2,anterior_up
Reactome_2022,FCERI Mediated MAPK Activation R-HSA-2871796,3/29,0.2400200262953896,0.999996057984298,0,0,1.8558268079226163,2.648325941716217,JUN;LCP2;VAV2,anterior_up
Reactome_2022,Interaction Between L1 And Ankyrins R-HSA-445095,3/29,0.2400200262953896,0.999996057984298,0,0,1.8558268079226163,2.648325941716217,SPTBN5;SCN5A;SCN4B,anterior_up
Reactome_2022,PIWI-interacting RNA (piRNA) Biogenesis R-HSA-5601884,3/29,0.2400200262953896,0.999996057984298,0,0,1.8558268079226163,2.648325941716217,TDRD1;TDRD12;PLD6,anterior_up
Reactome_2022,FOXO-mediated Transcription Of Cell Death Genes R-HSA-9614657,2/16,0.2404602615900474,0.999996057984298,0,0,2.297191697191697,3.273958607408224,BCL2L11;FOXO1,anterior_up
Reactome_2022,Hyaluronan Metabolism R-HSA-2142845,2/16,0.2404602615900474,0.999996057984298,0,0,2.297191697191697,3.273958607408224,STAB2;HMMR,anterior_up
Reactome_2022,Rap1 Signaling R-HSA-392517,2/16,0.2404602615900474,0.999996057984298,0,0,2.297191697191697,3.273958607408224,RASGRP1;RAPGEF3,anterior_up
Reactome_2022,Signaling By NTRK3 (TRKC) R-HSA-9034015,2/16,0.2404602615900474,0.999996057984298,0,0,2.297191697191697,3.273958607408224,PTPRU;NTF3,anterior_up
Reactome_2022,Assembly Of Collagen Fibrils And Other Multimeric Structures R-HSA-2022090,5/57,0.2407934718542,0.999996057984298,0,0,1.547030518752884,2.2026863040905473,COL5A3;COL8A1;TLL2;LAMC2;ITGA6,anterior_up
Reactome_2022,Extra-nuclear Estrogen Signaling R-HSA-9009391,6/73,0.2556895922597557,0.999996057984298,0,0,1.4409001305650138,1.9650867746981533,BTC;CAV1;TGFA;GNG12;ESR1;ESR2,anterior_up
Reactome_2022,Downstream Signaling Of Activated FGFR1 R-HSA-5654687,3/30,0.256028849567976,0.999996057984298,0,0,1.7869974337040204,2.4347217216060297,KL;FGF10;FGFR1,anterior_up
Reactome_2022,HS-GAG Biosynthesis R-HSA-2022928,3/30,0.256028849567976,0.999996057984298,0,0,1.7869974337040204,2.4347217216060297,GPC3;GPC4;GPC6,anterior_up
Reactome_2022,TGF-beta Receptor Signaling Activates SMADs R-HSA-2173789,4/44,0.25630992857802,0.999996057984298,0,0,1.6085616438356165,2.189844200360876,TGFB2;LTBP3;LTBP1;TGFBR2,anterior_up
Reactome_2022,Abacavir Transmembrane Transport R-HSA-2161517,1/5,0.2606370010958365,0.999996057984298,0,0,4.018787361229718,5.4037685468834304,SLC22A1,anterior_up
Reactome_2022,Arachidonate Production From DAG R-HSA-426048,1/5,0.2606370010958365,0.999996057984298,0,0,4.018787361229718,5.4037685468834304,MGLL,anterior_up
Reactome_2022,Beta Oxidation Of octanoyl-CoA To hexanoyl-CoA R-HSA-77348,1/5,0.2606370010958365,0.999996057984298,0,0,4.018787361229718,5.4037685468834304,ACADM,anterior_up
Reactome_2022,Defective LFNG Causes SCDO3 R-HSA-5083630,1/5,0.2606370010958365,0.999996057984298,0,0,4.018787361229718,5.4037685468834304,NOTCH2,anterior_up
Reactome_2022,Drug-mediated Inhibition Of CDK4/CDK6 Activity R-HSA-9754119,1/5,0.2606370010958365,0.999996057984298,0,0,4.018787361229718,5.4037685468834304,CDK6,anterior_up
Reactome_2022,Ficolins Bind To Repetitive Carbohydrate Structures On Target Cell Surface R-HSA-2855086,1/5,0.2606370010958365,0.999996057984298,0,0,4.018787361229718,5.4037685468834304,MASP1,anterior_up
Reactome_2022,Formation Of Xylulose-5-Phosphate R-HSA-5661270,1/5,0.2606370010958365,0.999996057984298,0,0,4.018787361229718,5.4037685468834304,DCXR,anterior_up
Reactome_2022,G2 Phase R-HSA-68911,1/5,0.2606370010958365,0.999996057984298,0,0,4.018787361229718,5.4037685468834304,CCNA1,anterior_up
Reactome_2022,IRF3 Mediated Activation Of Type 1 IFN R-HSA-1606341,1/5,0.2606370010958365,0.999996057984298,0,0,4.018787361229718,5.4037685468834304,DTX4,anterior_up
Reactome_2022,Intestinal Absorption R-HSA-8963676,1/5,0.2606370010958365,0.999996057984298,0,0,4.018787361229718,5.4037685468834304,SLC2A5,anterior_up
Reactome_2022,MECP2 Regulates Transcription Factors R-HSA-9022707,1/5,0.2606370010958365,0.999996057984298,0,0,4.018787361229718,5.4037685468834304,PPARG,anterior_up
Reactome_2022,Muscarinic Acetylcholine Receptors R-HSA-390648,1/5,0.2606370010958365,0.999996057984298,0,0,4.018787361229718,5.4037685468834304,CHRM2,anterior_up
Reactome_2022,NOSTRIN Mediated eNOS Trafficking R-HSA-203641,1/5,0.2606370010958365,0.999996057984298,0,0,4.018787361229718,5.4037685468834304,CAV1,anterior_up
Reactome_2022,RUNX1 Regulates Expression Of Components Of Tight Junctions R-HSA-8935964,1/5,0.2606370010958365,0.999996057984298,0,0,4.018787361229718,5.4037685468834304,OCLN,anterior_up
Reactome_2022,RUNX3 Regulates BCL2L11 (BIM) Transcription R-HSA-8952158,1/5,0.2606370010958365,0.999996057984298,0,0,4.018787361229718,5.4037685468834304,BCL2L11,anterior_up
Reactome_2022,Reelin Signaling Pathway R-HSA-8866376,1/5,0.2606370010958365,0.999996057984298,0,0,4.018787361229718,5.4037685468834304,RELN,anterior_up
Reactome_2022,Regulation Of HMOX1 Expression And Activity R-HSA-9707587,1/5,0.2606370010958365,0.999996057984298,0,0,4.018787361229718,5.4037685468834304,HMOX1,anterior_up
Reactome_2022,Regulation Of Gene Expression In Endocrine-Committed (NEUROG3+) Progenitor Cells R-HSA-210746,1/5,0.2606370010958365,0.999996057984298,0,0,4.018787361229718,5.4037685468834304,INSM1,anterior_up
Reactome_2022,Signaling By MST1 R-HSA-8852405,1/5,0.2606370010958365,0.999996057984298,0,0,4.018787361229718,5.4037685468834304,MST1R,anterior_up
Reactome_2022,"Sodium-coupled Sulphate, Di- And Tri-Carboxylate Transporters R-HSA-433137",1/5,0.2606370010958365,0.999996057984298,0,0,4.018787361229718,5.4037685468834304,SLC13A1,anterior_up
Reactome_2022,Aberrant Regulation Of Mitotic G1/S Transition In Cancer Due To RB1 Defects R-HSA-9659787,2/17,0.2626774080005808,0.999996057984298,0,0,2.143931623931624,2.8660690796401926,CDK6;E2F2,anterior_up
Reactome_2022,GAB1 Signalosome R-HSA-180292,2/17,0.2626774080005808,0.999996057984298,0,0,2.143931623931624,2.8660690796401926,BTC;TGFA,anterior_up
Reactome_2022,Metabolism Of Folate And Pterines R-HSA-196757,2/17,0.2626774080005808,0.999996057984298,0,0,2.143931623931624,2.8660690796401926,MTHFD1L;FOLR2,anterior_up
Reactome_2022,SHC-mediated cascade:FGFR3 R-HSA-5654704,2/17,0.2626774080005808,0.999996057984298,0,0,2.143931623931624,2.8660690796401926,FGF16;FGF18,anterior_up
Reactome_2022,TNF Receptor Superfamily (TNFSF) Members Mediating Non-Canonical NF-kB Pathway R-HSA-5676594,2/17,0.2626774080005808,0.999996057984298,0,0,2.143931623931624,2.8660690796401926,TNFRSF11A;BIRC3,anterior_up
Reactome_2022,"Cell Death Signaling Via NRAGE, NRIF And NADE R-HSA-204998",6/74,0.2657185941970056,0.999996057984298,0,0,1.4196347492684895,1.8814667012063744,OBSCN;BCL2L11;ARHGEF15;ARHGEF26;ARHGEF10L;VAV2,anterior_up
Reactome_2022,RHOG GTPase Cycle R-HSA-9013408,6/74,0.2657185941970056,0.999996057984298,0,0,1.4196347492684895,1.8814667012063744,VANGL1;ARHGEF26;CAV1;DSG2;VRK2;VAV2,anterior_up
Reactome_2022,Activated NOTCH1 Transmits Signal To Nucleus R-HSA-2122948,3/31,0.2721771021097325,0.999996057984298,0,0,1.7230844433581816,2.2422537731340193,JAG1;DTX4;DLK1,anterior_up
Reactome_2022,RUNX2 Regulates Bone Development R-HSA-8941326,3/31,0.2721771021097325,0.999996057984298,0,0,1.7230844433581816,2.2422537731340193,UCMA;SATB2;SMAD6,anterior_up
Reactome_2022,Diseases Of Metabolism R-HSA-5668914,17/247,0.2811759230205426,0.999996057984298,0,0,1.1901599849425937,1.5100449313704998,SEMA5A;NOTCH2;SPON1;THSD7B;DCXR;THBS2;THSD4;ADAMTS16;ADAMTS4;ADAMTS15;ADAMTS2;ADAMTS18;GPC3;GPC4;GPC6;ADAMTS9;ADA,anterior_up
Reactome_2022,EPH-Ephrin Signaling R-HSA-2682334,7/91,0.2844152721783478,0.999996057984298,0,0,1.3407725321888413,1.6857799631031916,EPHB6;EFNA1;EPHA7;EPHA8;MYH14;EPHB2;VAV2,anterior_up
Reactome_2022,Activation Of SMO R-HSA-5635838,2/18,0.2849010174838419,0.999996057984298,0,0,2.00982905982906,2.5235684321061864,EVC2;EVC,anterior_up
Reactome_2022,Ephrin Signaling R-HSA-3928664,2/18,0.2849010174838419,0.999996057984298,0,0,2.00982905982906,2.5235684321061864,EPHB6;EPHB2,anterior_up
Reactome_2022,MECP2 Regulates Neuronal Receptors And Channels R-HSA-9022699,2/18,0.2849010174838419,0.999996057984298,0,0,2.00982905982906,2.5235684321061864,TRPC3;OPRK1,anterior_up
Reactome_2022,PI-3K cascade:FGFR3 R-HSA-5654710,2/18,0.2849010174838419,0.999996057984298,0,0,2.00982905982906,2.5235684321061864,FGF16;FGF18,anterior_up
Reactome_2022,Regulation Of TLR By Endogenous Ligand R-HSA-5686938,2/18,0.2849010174838419,0.999996057984298,0,0,2.00982905982906,2.5235684321061864,LBP;GSDME,anterior_up
Reactome_2022,Cargo Concentration In ER R-HSA-5694530,3/32,0.2884285018842517,0.999996057984298,0,0,1.6635792454499867,2.0683414690769246,TGFA;FOLR2;CTSC,anterior_up
Reactome_2022,Post-translational Modification: Synthesis Of GPI-anchored Proteins R-HSA-163125,7/92,0.2937628843530403,0.999996057984298,0,0,1.324928048472608,1.623013478185918,CD52;NTNG2;LYPD1;CNTN3;FOLR2;MDGA1;OPCML,anterior_up
Reactome_2022,Activated NTRK3 Signals Thru PI3K R-HSA-9603381,1/6,0.3039744455873373,0.999996057984298,0,0,3.214859094790777,3.828291636428593,NTF3,anterior_up
Reactome_2022,Beta Oxidation Of decanoyl-CoA To octanoyl-CoA-CoA R-HSA-77346,1/6,0.3039744455873373,0.999996057984298,0,0,3.214859094790777,3.828291636428593,ACADM,anterior_up
Reactome_2022,CLEC7A/inflammasome Pathway R-HSA-5660668,1/6,0.3039744455873373,0.999996057984298,0,0,3.214859094790777,3.828291636428593,NFKB1,anterior_up
Reactome_2022,Lipid Particle Organization R-HSA-8964572,1/6,0.3039744455873373,0.999996057984298,0,0,3.214859094790777,3.828291636428593,CIDEA,anterior_up
Reactome_2022,PTK6 Promotes HIF1A Stabilization R-HSA-8857538,1/6,0.3039744455873373,0.999996057984298,0,0,3.214859094790777,3.828291636428593,GPNMB,anterior_up
Reactome_2022,Pre-NOTCH Processing In Endoplasmic Reticulum R-HSA-1912399,1/6,0.3039744455873373,0.999996057984298,0,0,3.214859094790777,3.828291636428593,NOTCH2,anterior_up
Reactome_2022,RUNX1 Regulates Estrogen Receptor Mediated Transcription R-HSA-8931987,1/6,0.3039744455873373,0.999996057984298,0,0,3.214859094790777,3.828291636428593,ESR1,anterior_up
Reactome_2022,RUNX1 Regulates Transcription Of Genes Involved In BCR Signaling R-HSA-8939245,1/6,0.3039744455873373,0.999996057984298,0,0,3.214859094790777,3.828291636428593,PAX5,anterior_up
Reactome_2022,RUNX1 Regulates Transcription Of Genes Involved In WNT Signaling R-HSA-8939256,1/6,0.3039744455873373,0.999996057984298,0,0,3.214859094790777,3.828291636428593,ESR1,anterior_up
Reactome_2022,SMAD2/3 Phosphorylation Motif Mutants In Cancer R-HSA-3304356,1/6,0.3039744455873373,0.999996057984298,0,0,3.214859094790777,3.828291636428593,TGFBR2,anterior_up
Reactome_2022,"SUMO Is Transferred From E1 To E2 (UBE2I, UBC9) R-HSA-3065678",1/6,0.3039744455873373,0.999996057984298,0,0,3.214859094790777,3.828291636428593,RWDD3,anterior_up
Reactome_2022,Mitochondrial Fatty Acid Beta-Oxidation Of Unsaturated Fatty Acids R-HSA-77288,1/6,0.3039744455873373,0.999996057984298,0,0,3.214859094790777,3.828291636428593,ACADM,anterior_up
Reactome_2022,Amino Acid Transport Across Plasma Membrane R-HSA-352230,3/33,0.3047484843077329,0.999996057984298,0,0,1.6080410607356714,1.910784513759926,SLC1A5;SLC7A11;SLC7A3,anterior_up
Reactome_2022,FGFR2 Mutant Receptor Activation R-HSA-1839126,3/33,0.3047484843077329,0.999996057984298,0,0,1.6080410607356714,1.910784513759926,FGF16;FGF18;FGF10,anterior_up
Reactome_2022,Negative Regulation Of FGFR1 Signaling R-HSA-5654726,3/33,0.3047484843077329,0.999996057984298,0,0,1.6080410607356714,1.910784513759926,KL;FGF10;FGFR1,anterior_up
Reactome_2022,Sialic Acid Metabolism R-HSA-4085001,3/33,0.3047484843077329,0.999996057984298,0,0,1.6080410607356714,1.910784513759926,NPL;ST6GALNAC3;ST6GALNAC5,anterior_up
Reactome_2022,Signaling By WNT In Cancer R-HSA-4791275,3/33,0.3047484843077329,0.999996057984298,0,0,1.6080410607356714,1.910784513759926,TCF7L2;CTBP2;FZD4,anterior_up
Reactome_2022,FRS-mediated FGFR3 Signaling R-HSA-5654706,2/19,0.3070541020345617,0.999996057984298,0,0,1.891503267973856,2.233357148101117,FGF16;FGF18,anterior_up
Reactome_2022,RHO GTPases Activate CIT R-HSA-5625900,2/19,0.3070541020345617,0.999996057984298,0,0,1.891503267973856,2.233357148101117,KIF14;MYH14,anterior_up
Reactome_2022,SHC-mediated cascade:FGFR4 R-HSA-5654719,2/19,0.3070541020345617,0.999996057984298,0,0,1.891503267973856,2.233357148101117,FGF16;FGF18,anterior_up
Reactome_2022,"Platelet Activation, Signaling And Aggregation R-HSA-76002",17/254,0.3207962269119914,0.999996057984298,0,0,1.1545728533070303,1.3126906409855772,ABCC4;TGFB2;TRPC6;TRPC3;ITGA2B;VEGFD;GNG12;RASGRP1;SGPP2;VAV2;ISLR;THPO;P2RY1;TAGLN2;LCP2;MGLL;RAPGEF3,anterior_up
Reactome_2022,Clathrin-mediated Endocytosis R-HSA-8856828,10/142,0.320885097166613,0.999996057984298,0,0,1.2189015803473635,1.3854915076219887,CHRM2;BTC;VAMP8;FZD4;TRIP10;TGFA;ADRB2;STON2;TACR1;LDLR,anterior_up
Reactome_2022,Negative Regulation Of FGFR2 Signaling R-HSA-5654727,3/34,0.3211042457879421,0.999996057984298,0,0,1.5560859847126025,1.7676972702352145,FGF16;FGF18;FGF10,anterior_up
Reactome_2022,P75 NTR Receptor-Mediated Signaling R-HSA-193704,7/95,0.3221809979499963,0.999996057984298,0,0,1.279555208739758,1.4492776968166885,OBSCN;BCL2L11;ARHGEF15;ARHGEF26;ARHGEF10L;NFKB1;VAV2,anterior_up
Reactome_2022,Signaling By FGFR1 R-HSA-5654736,4/49,0.322977655666929,0.999996057984298,0,0,1.4294520547945206,1.6155268815822963,KL;FGF18;FGF10;FGFR1,anterior_up
Reactome_2022,Glycerophospholipid Biosynthesis R-HSA-1483206,9/127,0.3274506062061623,0.999996057984298,0,0,1.2270282874506315,1.3698765353645035,SLC44A5;OSBPL5;AWAT2;PLAAT1;GPAT3;PLD6;DGAT2L6;MGLL;MFSD2A,anterior_up
Reactome_2022,NOTCH4 Intracellular Domain Regulates Transcription R-HSA-9013695,2/20,0.3290686601253666,0.999996057984298,0,0,1.7863247863247864,1.9854800942684288,NOTCH2;FLT4,anterior_up
Reactome_2022,PI-3K cascade:FGFR4 R-HSA-5654720,2/20,0.3290686601253666,0.999996057984298,0,0,1.7863247863247864,1.9854800942684288,FGF16;FGF18,anterior_up
Reactome_2022,Regulation Of FZD By Ubiquitination R-HSA-4641263,2/20,0.3290686601253666,0.999996057984298,0,0,1.7863247863247864,1.9854800942684288,FZD4;RSPO2,anterior_up
Reactome_2022,Regulation Of Gene Expression In Beta Cells R-HSA-210745,2/20,0.3290686601253666,0.999996057984298,0,0,1.7863247863247864,1.9854800942684288,HNF4G;FOXO1,anterior_up
Reactome_2022,FOXO-mediated Transcription R-HSA-9614085,5/65,0.3326227472539749,0.999996057984298,0,0,1.3401885175664097,1.4752075819496782,BCL2L11;GADD45A;CAV1;RETN;FOXO1,anterior_up
Reactome_2022,Phospholipid Metabolism R-HSA-1483257,14/208,0.3353434335204955,0.999996057984298,0,0,1.1612449477413955,1.268776343241757,SLC44A5;OSBPL5;PLEKHA2;PLAAT1;INPPL1;PIK3C2G;PLD6;DGAT2L6;PTPN13;INPP4B;AWAT2;GPAT3;MGLL;MFSD2A,anterior_up
Reactome_2022,Activated NTRK3 Signals Thru RAS R-HSA-9034864,1/7,0.3447737212587443,0.999996057984298,0,0,2.6789069171648165,2.8526794584245123,NTF3,anterior_up
Reactome_2022,Cation-coupled Chloride Cotransporters R-HSA-426117,1/7,0.3447737212587443,0.999996057984298,0,0,2.6789069171648165,2.8526794584245123,SLC12A7,anterior_up
Reactome_2022,ChREBP Activates Metabolic Gene Expression R-HSA-163765,1/7,0.3447737212587443,0.999996057984298,0,0,2.6789069171648165,2.8526794584245123,ACACB,anterior_up
Reactome_2022,Constitutive Signaling By NOTCH1 t(7;9)(NOTCH1:M1580 K2555) Translocation Mutant R-HSA-2660826,1/7,0.3447737212587443,0.999996057984298,0,0,2.6789069171648165,2.8526794584245123,JAG1,anterior_up
Reactome_2022,DEx/H-box Helicases Activate Type I IFN And Inflammatory Cytokines Production R-HSA-3134963,1/7,0.3447737212587443,0.999996057984298,0,0,2.6789069171648165,2.8526794584245123,NFKB1,anterior_up
Reactome_2022,Erythropoietin Activates Phospholipase C Gamma (PLCG) R-HSA-9027277,1/7,0.3447737212587443,0.999996057984298,0,0,2.6789069171648165,2.8526794584245123,EPOR,anterior_up
Reactome_2022,Erythropoietin Activates STAT5 R-HSA-9027283,1/7,0.3447737212587443,0.999996057984298,0,0,2.6789069171648165,2.8526794584245123,EPOR,anterior_up
Reactome_2022,FGFR3b Ligand Binding And Activation R-HSA-190371,1/7,0.3447737212587443,0.999996057984298,0,0,2.6789069171648165,2.8526794584245123,FGF18,anterior_up
Reactome_2022,GLI Proteins Bind Promoters Of Hh Responsive Genes To Promote Transcription R-HSA-5635851,1/7,0.3447737212587443,0.999996057984298,0,0,2.6789069171648165,2.8526794584245123,HHIP,anterior_up
Reactome_2022,IkBA Variant Leads To EDA-ID R-HSA-5603029,1/7,0.3447737212587443,0.999996057984298,0,0,2.6789069171648165,2.8526794584245123,NFKB1,anterior_up
Reactome_2022,Inactivation Of CDC42 And RAC1 R-HSA-428543,1/7,0.3447737212587443,0.999996057984298,0,0,2.6789069171648165,2.8526794584245123,ROBO1,anterior_up
Reactome_2022,Loss Of Function Of SMAD2/3 In Cancer R-HSA-3304349,1/7,0.3447737212587443,0.999996057984298,0,0,2.6789069171648165,2.8526794584245123,TGFBR2,anterior_up
Reactome_2022,Loss Of Function Of TGFBR1 In Cancer R-HSA-3656534,1/7,0.3447737212587443,0.999996057984298,0,0,2.6789069171648165,2.8526794584245123,TGFBR2,anterior_up
Reactome_2022,Nectin/Necl Trans Heterodimerization R-HSA-420597,1/7,0.3447737212587443,0.999996057984298,0,0,2.6789069171648165,2.8526794584245123,NECTIN4,anterior_up
Reactome_2022,Phase 1 - Inactivation Of Fast Na+ Channels R-HSA-5576894,1/7,0.3447737212587443,0.999996057984298,0,0,2.6789069171648165,2.8526794584245123,KCNIP1,anterior_up
Reactome_2022,Release Of Apoptotic Factors From Mitochondria R-HSA-111457,1/7,0.3447737212587443,0.999996057984298,0,0,2.6789069171648165,2.8526794584245123,GSDME,anterior_up
Reactome_2022,Signaling By RNF43 Mutants R-HSA-5340588,1/7,0.3447737212587443,0.999996057984298,0,0,2.6789069171648165,2.8526794584245123,FZD4,anterior_up
Reactome_2022,Wax And Plasmalogen Biosynthesis R-HSA-8848584,1/7,0.3447737212587443,0.999996057984298,0,0,2.6789069171648165,2.8526794584245123,AWAT2,anterior_up
Reactome_2022,Deregulated CDK5 Triggers Neurodegenerative Pathways In Alzheimers Disease Models R-HSA-8862803,2/21,0.3508848890790375,0.999996057984298,0,0,1.6922177237966711,1.7722546481050585,JUN;BCL2L11,anterior_up
Reactome_2022,FRS-mediated FGFR4 Signaling R-HSA-5654712,2/21,0.3508848890790375,0.999996057984298,0,0,1.6922177237966711,1.7722546481050585,FGF16;FGF18,anterior_up
Reactome_2022,NOTCH2 Activation And Transmission Of Signal To Nucleus R-HSA-2979096,2/21,0.3508848890790375,0.999996057984298,0,0,1.6922177237966711,1.7722546481050585,NOTCH2;JAG1,anterior_up
Reactome_2022,Nitric Oxide Stimulates Guanylate Cyclase R-HSA-392154,2/21,0.3508848890790375,0.999996057984298,0,0,1.6922177237966711,1.7722546481050585,PDE11A;PDE1A,anterior_up
Reactome_2022,Signaling By FGFR3 In Disease R-HSA-5655332,2/21,0.3508848890790375,0.999996057984298,0,0,1.6922177237966711,1.7722546481050585,FGF16;FGF18,anterior_up
Reactome_2022,"Synthesis, Secretion, And Inactivation Of Glucagon-like Peptide-1 (GLP-1) R-HSA-381771",2/21,0.3508848890790375,0.999996057984298,0,0,1.6922177237966711,1.7722546481050585,TCF7L2;UCMA,anterior_up
Reactome_2022,ZBP1(DAI) Mediated Induction Of Type I IFNs R-HSA-1606322,2/21,0.3508848890790375,0.999996057984298,0,0,1.6922177237966711,1.7722546481050585,DTX4;NFKB1,anterior_up
Reactome_2022,Mitochondrial Fatty Acid Beta-Oxidation R-HSA-77289,3/36,0.3538008326510409,0.999996057984298,0,0,1.461622210125204,1.518656380579472,ACOT12;ACOT1;ACADM,anterior_up
Reactome_2022,RHOH GTPase Cycle R-HSA-9013407,3/36,0.3538008326510409,0.999996057984298,0,0,1.461622210125204,1.518656380579472,VANGL1;CAV1;SLC1A5,anterior_up
Reactome_2022,RHOD GTPase Cycle R-HSA-9013405,4/52,0.3635940626670575,0.999996057984298,0,0,1.3398972602739727,1.355597166235601,VANGL1;DIAPH2;CAV1;VRK2,anterior_up
Reactome_2022,Signaling By Non-Receptor Tyrosine Kinases R-HSA-9006927,4/52,0.3635940626670575,0.999996057984298,0,0,1.3398972602739727,1.355597166235601,BTC;KHDRBS2;KHDRBS3;GPNMB,anterior_up
Reactome_2022,Hemostasis R-HSA-109582,36/576,0.3681494944210328,0.999996057984298,0,0,1.0732394366197182,1.0724518811407473,DOCK6;PDE1A;DOCK8;ITGA2B;SLC7A11;RASGRP1;ISLR;KLC3;PDE11A;THPO;P2RY1;CARMIL1;ABCC4;TGFB2;TRPC6;SERPIND1;TRPC3;CAV1;KIF23;VEGFD;GNG12;SERPINB8;KIF6;SGPP2;VAV2;RAD51B;P2RX6;P2RX4;P2RX3;KIF26A;ITGA6;LCP2;TAGLN2;ZFPM2;MGLL;RAPGEF3,anterior_up
Reactome_2022,Early SARS-CoV-2 Infection Events R-HSA-9772572,3/37,0.3700850081585179,0.999996057984298,0,0,1.418557842298596,1.410078480820342,GPC3;GPC4;GPC6,anterior_up
Reactome_2022,Signaling By NODAL R-HSA-1181150,2/22,0.3724504591086234,0.999996057984298,0,0,1.6075213675213675,1.5876704811038105,ACVR1C;PCSK6,anterior_up
Reactome_2022,CDC42 GTPase Cycle R-HSA-9013148,10/149,0.3759609939031973,0.999996057984298,0,0,1.1570846592949393,1.1319410714841345,VANGL1;DOCK6;ARHGEF26;ARHGEF15;STARD8;CAV1;DOCK8;DLC1;ARAP3;VAV2,anterior_up
Reactome_2022,Heparan Sulfate/Heparin (HS-GAG) Metabolism R-HSA-1638091,4/53,0.3771301032547325,0.999996057984298,0,0,1.3124825272574785,1.279887088787583,B3GAT2;GPC3;GPC4;GPC6,anterior_up
Reactome_2022,Ion Transport By P-type ATPases R-HSA-936837,4/53,0.3771301032547325,0.999996057984298,0,0,1.3124825272574785,1.279887088787583,PLN;ATP8B1;FXYD1;ATP13A4,anterior_up
Reactome_2022,"Nucleotide-binding Domain, Leucine Rich Repeat Containing NLR Signaling Pathways R-HSA-168643",4/53,0.3771301032547325,0.999996057984298,0,0,1.3124825272574785,1.279887088787583,PSTPIP1;HMOX1;NFKB1;BIRC3,anterior_up
Reactome_2022,Binding Of TCF/LEF:CTNNB1 To Target Gene Promoters R-HSA-4411364,1/8,0.3831833623889509,0.999996057984298,0,0,2.296083933146273,2.202499343769014,TCF7L2,anterior_up
Reactome_2022,CREB3 Factors Activate Genes R-HSA-8874211,1/8,0.3831833623889509,0.999996057984298,0,0,2.296083933146273,2.202499343769014,CREB3L1,anterior_up
Reactome_2022,DNA Damage Reversal R-HSA-73942,1/8,0.3831833623889509,0.999996057984298,0,0,2.296083933146273,2.202499343769014,MGMT,anterior_up
Reactome_2022,Lectin Pathway Of Complement Activation R-HSA-166662,1/8,0.3831833623889509,0.999996057984298,0,0,2.296083933146273,2.202499343769014,MASP1,anterior_up
Reactome_2022,Ligand-receptor Interactions R-HSA-5632681,1/8,0.3831833623889509,0.999996057984298,0,0,2.296083933146273,2.202499343769014,HHIP,anterior_up
Reactome_2022,Netrin Mediated Repulsion Signals R-HSA-418886,1/8,0.3831833623889509,0.999996057984298,0,0,2.296083933146273,2.202499343769014,NTN1,anterior_up
Reactome_2022,ROBO Receptors Bind AKAP5 R-HSA-9010642,1/8,0.3831833623889509,0.999996057984298,0,0,2.296083933146273,2.202499343769014,ROBO3,anterior_up
Reactome_2022,RUNX3 Regulates WNT Signaling R-HSA-8951430,1/8,0.3831833623889509,0.999996057984298,0,0,2.296083933146273,2.202499343769014,TCF7L2,anterior_up
Reactome_2022,RUNX3 Regulates YAP1-mediated Transcription R-HSA-8951671,1/8,0.3831833623889509,0.999996057984298,0,0,2.296083933146273,2.202499343769014,TEAD4,anterior_up
Reactome_2022,Regulation Of Cytoskeletal Remodeling And Cell Spreading By IPP Complex Components R-HSA-446388,1/8,0.3831833623889509,0.999996057984298,0,0,2.296083933146273,2.202499343769014,PARVB,anterior_up
Reactome_2022,Release Of Hh-Np From Secreting Cell R-HSA-5362798,1/8,0.3831833623889509,0.999996057984298,0,0,2.296083933146273,2.202499343769014,SCUBE2,anterior_up
Reactome_2022,Role Of ABL In ROBO-SLIT Signaling R-HSA-428890,1/8,0.3831833623889509,0.999996057984298,0,0,2.296083933146273,2.202499343769014,ROBO1,anterior_up
Reactome_2022,Signaling By TGF-beta Receptor Complex In Cancer R-HSA-3304351,1/8,0.3831833623889509,0.999996057984298,0,0,2.296083933146273,2.202499343769014,TGFBR2,anterior_up
Reactome_2022,Synthesis Of PG R-HSA-1483148,1/8,0.3831833623889509,0.999996057984298,0,0,2.296083933146273,2.202499343769014,PLD6,anterior_up
Reactome_2022,TRAIL Signaling R-HSA-75158,1/8,0.3831833623889509,0.999996057984298,0,0,2.296083933146273,2.202499343769014,CFLAR,anterior_up
Reactome_2022,Apoptotic Cleavage Of Cellular Proteins R-HSA-111465,3/38,0.3862916439039777,0.999996057984298,0,0,1.3779542954906514,1.310658646392897,OCLN;SATB1;DSG2,anterior_up
Reactome_2022,RHOJ GTPase Cycle R-HSA-9013409,4/54,0.3906381448280202,0.999996057984298,0,0,1.286164383561644,1.2089605764807,VANGL1;DOCK8;CAV1;SLC1A5,anterior_up
Reactome_2022,Triglyceride Catabolism R-HSA-163560,2/23,0.3937198442373008,0.999996057984298,0,0,1.5308913308913308,1.4269678105918584,CAV1;MGLL,anterior_up
Reactome_2022,Signaling By TGFB Family Members R-HSA-9006936,8/119,0.3971149285920791,0.999996057984298,0,0,1.158911488808396,1.070289002868693,TGFB2;ACVR1C;INHBB;LTBP3;SMAD6;LTBP1;CHRDL1;TGFBR2,anterior_up
Reactome_2022,RAC2 GTPase Cycle R-HSA-9013404,6/87,0.4017542810920294,0.999996057984298,0,0,1.1909662664379643,1.0860595482808832,VANGL1;CAV1;DSG2;NCKAP1L;VRK2;VAV2,anterior_up
Reactome_2022,Factors Involved In Megakaryocyte Development And Platelet Production R-HSA-983231,9/136,0.4029909572689686,0.999996057984298,0,0,1.139525121698567,1.0356473286969938,DOCK6;RAD51B;CARMIL1;KLC3;KIF26A;DOCK8;KIF23;ZFPM2;KIF6,anterior_up
Reactome_2022,"Plasma Lipoprotein Assembly, Remodeling, And Clearance R-HSA-174824",5/71,0.4034427327554155,0.999996057984298,0,0,1.217963698683493,1.1055708947609908,LIPC;LIPG;LPL;PCSK6;LDLR,anterior_up
Reactome_2022,Glycosaminoglycan Metabolism R-HSA-1630316,8/120,0.4061410968978228,0.999996057984298,0,0,1.1485027000490915,1.0348636989333209,CHST9;B3GAT2;STAB2;GPC3;HMMR;GPC4;CHST5;GPC6,anterior_up
Reactome_2022,Defective Intrinsic Pathway For Apoptosis R-HSA-9734009,2/24,0.4146537055075474,0.999996057984298,0,0,1.4612276612276611,1.2863355897753934,JUN;BCL2L11,anterior_up
Reactome_2022,Downstream Signaling Of Activated FGFR3 R-HSA-5654708,2/24,0.4146537055075474,0.999996057984298,0,0,1.4612276612276611,1.2863355897753934,FGF16;FGF18,anterior_up
Reactome_2022,Estrogen-dependent Nuclear Events Downstream Of ESR-membrane Signaling R-HSA-9634638,2/24,0.4146537055075474,0.999996057984298,0,0,1.4612276612276611,1.2863355897753934,BTC;TGFA,anterior_up
Reactome_2022,G-protein Activation R-HSA-202040,2/24,0.4146537055075474,0.999996057984298,0,0,1.4612276612276611,1.2863355897753934,GNG12;PDYN,anterior_up
Reactome_2022,"Incretin Synthesis, Secretion, And Inactivation R-HSA-400508",2/24,0.4146537055075474,0.999996057984298,0,0,1.4612276612276611,1.2863355897753934,TCF7L2;UCMA,anterior_up
Reactome_2022,RUNX2 Regulates Osteoblast Differentiation R-HSA-8940973,2/24,0.4146537055075474,0.999996057984298,0,0,1.4612276612276611,1.2863355897753934,UCMA;SATB2,anterior_up
Reactome_2022,Signaling By EGFR In Cancer R-HSA-1643713,2/24,0.4146537055075474,0.999996057984298,0,0,1.4612276612276611,1.2863355897753934,BTC;TGFA,anterior_up
Reactome_2022,Collagen Degradation R-HSA-1442490,3/40,0.4183784170220103,0.999996057984298,0,0,1.3033315608165907,1.135682656410259,COL16A1;COL13A1;COL23A1,anterior_up
Reactome_2022,Diseases Associated With Glycosaminoglycan Metabolism R-HSA-3560782,3/40,0.4183784170220103,0.999996057984298,0,0,1.3033315608165907,1.135682656410259,GPC3;GPC4;GPC6,anterior_up
Reactome_2022,BH3-only Proteins Associate With And Inactivate Anti-Apoptotic BCL-2 Members R-HSA-111453,1/9,0.4193432183436937,0.999996057984298,0,0,2.0089666951323655,1.7459237609263227,BCL2L11,anterior_up
Reactome_2022,Calcineurin Activates NFAT R-HSA-2025928,1/9,0.4193432183436937,0.999996057984298,0,0,2.0089666951323655,1.7459237609263227,NFATC2,anterior_up
Reactome_2022,Chylomicron Remodeling R-HSA-8963901,1/9,0.4193432183436937,0.999996057984298,0,0,2.0089666951323655,1.7459237609263227,LPL,anterior_up
Reactome_2022,Highly Calcium Permeable Nicotinic Acetylcholine Receptors R-HSA-629597,1/9,0.4193432183436937,0.999996057984298,0,0,2.0089666951323655,1.7459237609263227,CHRNA5,anterior_up
Reactome_2022,Interleukin-1 Processing R-HSA-448706,1/9,0.4193432183436937,0.999996057984298,0,0,2.0089666951323655,1.7459237609263227,NFKB1,anterior_up
Reactome_2022,Maturation Of Protein 3A R-HSA-9683673,1/9,0.4193432183436937,0.999996057984298,0,0,2.0089666951323655,1.7459237609263227,ST6GALNAC3,anterior_up
Reactome_2022,Multifunctional Anion Exchangers R-HSA-427601,1/9,0.4193432183436937,0.999996057984298,0,0,2.0089666951323655,1.7459237609263227,SLC26A4,anterior_up
Reactome_2022,OAS Antiviral Response R-HSA-8983711,1/9,0.4193432183436937,0.999996057984298,0,0,2.0089666951323655,1.7459237609263227,RNASEL,anterior_up
Reactome_2022,Processing And Activation Of SUMO R-HSA-3215018,1/9,0.4193432183436937,0.999996057984298,0,0,2.0089666951323655,1.7459237609263227,RWDD3,anterior_up
Reactome_2022,TRAF6 Mediated IRF7 Activation In TLR7/8 Or 9 Signaling R-HSA-975110,1/9,0.4193432183436937,0.999996057984298,0,0,2.0089666951323655,1.7459237609263227,TLR7,anterior_up
Reactome_2022,RHOC GTPase Cycle R-HSA-9013106,5/73,0.4269389899705127,0.999996057984298,0,0,1.1820152225414586,1.006029889213508,VANGL1;CAV1;DLC1;ARHGEF10L;VAV2,anterior_up
Reactome_2022,Death Receptor Signaling R-HSA-73887,9/139,0.4283609244669895,0.999996057984298,0,0,1.1130498048812751,0.9436315561103984,OBSCN;BCL2L11;ARHGEF26;ARHGEF15;ARHGEF10L;CFLAR;NFKB1;VAV2;BIRC3,anterior_up
Reactome_2022,Neurexins And Neuroligins R-HSA-6794361,4/57,0.430848328267029,0.999996057984298,0,0,1.2131687774618765,1.0214870883887586,LRRTM3;EPB41;SYT10;PDLIM5,anterior_up
Reactome_2022,Binding And Uptake Of Ligands By Scavenger Receptors R-HSA-2173782,3/41,0.4342158711083708,0.999996057984298,0,0,1.2689658277430105,1.0585883860621932,DLC1;STAB2;MASP1,anterior_up
Reactome_2022,Signaling By Retinoic Acid R-HSA-5362517,3/41,0.4342158711083708,0.999996057984298,0,0,1.2689658277430105,1.0585883860621932,RARB;RXRG;DHRS3,anterior_up
Reactome_2022,ADP Signaling Thru P2Y Purinoceptor 1 R-HSA-418592,2/25,0.4352183235072804,0.999996057984298,0,0,1.397621701969528,1.1626919490284569,P2RY1;GNG12,anterior_up
Reactome_2022,Interleukin-4 And Interleukin-13 Signaling R-HSA-6785807,7/107,0.4383791946881524,0.999996057984298,0,0,1.1252875536480689,0.9279920142322182,OPRD1;ZEB1;CEBPD;HMOX1;IL12A;LBP;FOXO1,anterior_up
Reactome_2022,Nervous System Development R-HSA-9675108,33/545,0.4484538034580606,0.999996057984298,0,0,1.0364560469710271,0.8311855175838981,SEMA5A;EPHB6;ROBO3;SPTBN5;LAMA2;ITGA2B;SEMA3E;LDB2;NTN1;ROBO1;ALCAM;RELN;ABLIM3;MYH14;SCN5A;EPHB2;SEMA4A;TRPC5;EPHA7;ADGRV1;TRPC6;TRPC3;EPHA8;LAMB1;POU3F1;GFRA2;RGMA;VAV2;EFNA1;CXCL12;LHX2;SCN4B;FGFR1,anterior_up
Reactome_2022,RHOF GTPase Cycle R-HSA-9035034,3/42,0.4498903320988765,0.999996057984298,0,0,1.2363624399552544,0.987546269837726,VANGL1;DIAPH2;CAV1,anterior_up
Reactome_2022,Signaling By FGFR2 In Disease R-HSA-5655253,3/42,0.4498903320988765,0.999996057984298,0,0,1.2363624399552544,0.987546269837726,FGF16;FGF18;FGF10,anterior_up
Reactome_2022,Vasopressin Regulates Renal Water Homeostasis Via Aquaporins R-HSA-432040,3/42,0.4498903320988765,0.999996057984298,0,0,1.2363624399552544,0.987546269837726,MYO5B;AQP4;GNG12,anterior_up
Reactome_2022,AKT Phosphorylates Targets In Nucleus R-HSA-198693,1/10,0.4533849605334208,0.999996057984298,0,0,1.7856532877882152,1.412476235294763,FOXO1,anterior_up
Reactome_2022,Abacavir ADME R-HSA-2161522,1/10,0.4533849605334208,0.999996057984298,0,0,1.7856532877882152,1.412476235294763,SLC22A1,anterior_up
Reactome_2022,Activation Of AP-1 Family Of Transcription Factors R-HSA-450341,1/10,0.4533849605334208,0.999996057984298,0,0,1.7856532877882152,1.412476235294763,JUN,anterior_up
Reactome_2022,Crosslinking Of Collagen Fibrils R-HSA-2243919,1/10,0.4533849605334208,0.999996057984298,0,0,1.7856532877882152,1.412476235294763,TLL2,anterior_up
Reactome_2022,FGFR2b Ligand Binding And Activation R-HSA-190377,1/10,0.4533849605334208,0.999996057984298,0,0,1.7856532877882152,1.412476235294763,FGF10,anterior_up
Reactome_2022,Glycoprotein Hormones R-HSA-209822,1/10,0.4533849605334208,0.999996057984298,0,0,1.7856532877882152,1.412476235294763,INHBB,anterior_up
Reactome_2022,HDL Remodeling R-HSA-8964058,1/10,0.4533849605334208,0.999996057984298,0,0,1.7856532877882152,1.412476235294763,LIPG,anterior_up
Reactome_2022,IRAK1 Recruits IKK Complex R-HSA-937039,1/10,0.4533849605334208,0.999996057984298,0,0,1.7856532877882152,1.412476235294763,PELI2,anterior_up
Reactome_2022,Neurotransmitter Clearance R-HSA-112311,1/10,0.4533849605334208,0.999996057984298,0,0,1.7856532877882152,1.412476235294763,SLC22A1,anterior_up
Reactome_2022,Organic Anion Transporters R-HSA-428643,1/10,0.4533849605334208,0.999996057984298,0,0,1.7856532877882152,1.412476235294763,SLC5A5,anterior_up
Reactome_2022,Organic Cation Transport R-HSA-549127,1/10,0.4533849605334208,0.999996057984298,0,0,1.7856532877882152,1.412476235294763,SLC22A1,anterior_up
Reactome_2022,PI3K Events In ERBB4 Signaling R-HSA-1250342,1/10,0.4533849605334208,0.999996057984298,0,0,1.7856532877882152,1.412476235294763,BTC,anterior_up
Reactome_2022,RHO GTPases Activate KTN1 R-HSA-5625970,1/10,0.4533849605334208,0.999996057984298,0,0,1.7856532877882152,1.412476235294763,KLC3,anterior_up
Reactome_2022,RUNX1 And FOXP3 Control Development Of Regulatory T Lymphocytes (Tregs) R-HSA-8877330,1/10,0.4533849605334208,0.999996057984298,0,0,1.7856532877882152,1.412476235294763,NFATC2,anterior_up
Reactome_2022,Reactions Specific To Complex N-glycan Synthesis Pathway R-HSA-975578,1/10,0.4533849605334208,0.999996057984298,0,0,1.7856532877882152,1.412476235294763,CHST8,anterior_up
Reactome_2022,Regulation Of FOXO Transcriptional Activity By Acetylation R-HSA-9617629,1/10,0.4533849605334208,0.999996057984298,0,0,1.7856532877882152,1.412476235294763,FOXO1,anterior_up
Reactome_2022,STAT5 Activation Downstream Of FLT3 ITD Mutants R-HSA-9702518,1/10,0.4533849605334208,0.999996057984298,0,0,1.7856532877882152,1.412476235294763,NOX4,anterior_up
Reactome_2022,"Tetrahydrobiopterin (BH4) Synthesis, Recycling, Salvage And Regulation R-HSA-1474151",1/10,0.4533849605334208,0.999996057984298,0,0,1.7856532877882152,1.412476235294763,TACR1,anterior_up
Reactome_2022,Urea Cycle R-HSA-70635,1/10,0.4533849605334208,0.999996057984298,0,0,1.7856532877882152,1.412476235294763,ASS1,anterior_up
Reactome_2022,Zinc Influx Into Cells By SLC39 Gene Family R-HSA-442380,1/10,0.4533849605334208,0.999996057984298,0,0,1.7856532877882152,1.412476235294763,SLC39A8,anterior_up
Reactome_2022,Downstream Signaling Of Activated FGFR4 R-HSA-5654716,2/26,0.4553850754209013,0.999996057984298,0,0,1.3393162393162392,1.0535220895012918,FGF16;FGF18,anterior_up
Reactome_2022,GABA Receptor Activation R-HSA-977443,4/59,0.4572598891741129,0.999996057984298,0,0,1.1689290161892902,0.914690887966212,GABRQ;GABRB1;GABRA3;GNG12,anterior_up
Reactome_2022,O-linked Glycosylation Of Mucins R-HSA-913709,4/59,0.4572598891741129,0.999996057984298,0,0,1.1689290161892902,0.914690887966212,GALNT14;GCNT1;GCNT4;ST6GALNAC3,anterior_up
Reactome_2022,Cardiac Conduction R-HSA-5576891,8/126,0.4600948659655955,0.999996057984298,0,0,1.089754790610985,0.8460012510520855,PLN;KCNE3;KCNIP1;FXYD1;KCNA5;SCN5A;SCN4B;RYR3,anterior_up
Reactome_2022,Signaling By Insulin Receptor R-HSA-74752,5/77,0.4733011933589643,0.999996057984298,0,0,1.1161096829477293,0.834876071320327,KL;FGF16;FGF18;FGF10;FGFR1,anterior_up
Reactome_2022,Signaling By BMP R-HSA-201451,2/27,0.4751299547855102,0.999996057984298,0,0,1.2856752136752136,0.9567569681803504,SMAD6;CHRDL1,anterior_up
Reactome_2022,Synthesis Of PC R-HSA-1483191,2/27,0.4751299547855102,0.999996057984298,0,0,1.2856752136752136,0.9567569681803504,SLC44A5;MFSD2A,anterior_up
Reactome_2022,VEGFR2 Mediated Vascular Permeability R-HSA-5218920,2/27,0.4751299547855102,0.999996057984298,0,0,1.2856752136752136,0.9567569681803504,CAV1;VAV2,anterior_up
Reactome_2022,Muscle Contraction R-HSA-397014,12/196,0.4804787010031441,0.999996057984298,0,0,1.048200899550225,0.76830230626976,MYBPC1;MYH3;PLN;KCNE3;KCNIP1;TNNT2;TPM2;FXYD1;KCNA5;SCN5A;SCN4B;RYR3,anterior_up
Reactome_2022,Regulation Of PTEN Gene Transcription R-HSA-8943724,4/61,0.4832437691989546,0.999996057984298,0,0,1.1277937995674117,0.8201700575132975,JUN;SALL4;SNAI2;PPARG,anterior_up
Reactome_2022,Signaling By FGFR In Disease R-HSA-1226099,4/61,0.4832437691989546,0.999996057984298,0,0,1.1277937995674117,0.8201700575132975,FGF16;FGF18;FGF10;FGFR1,anterior_up
Reactome_2022,Alpha-protein Kinase 1 Signaling Pathway R-HSA-9645460,1/11,0.4854325605089479,0.999996057984298,0,0,1.607002561912895,1.161404708998614,ALPK1,anterior_up
Reactome_2022,Aspartate And Asparagine Metabolism R-HSA-8963693,1/11,0.4854325605089479,0.999996057984298,0,0,1.607002561912895,1.161404708998614,SLC25A13,anterior_up
Reactome_2022,Biotin Transport And Metabolism R-HSA-196780,1/11,0.4854325605089479,0.999996057984298,0,0,1.607002561912895,1.161404708998614,ACACB,anterior_up
Reactome_2022,CASP8 Activity Is Inhibited R-HSA-5218900,1/11,0.4854325605089479,0.999996057984298,0,0,1.607002561912895,1.161404708998614,CFLAR,anterior_up
Reactome_2022,CLEC7A (Dectin-1) Induces NFAT Activation R-HSA-5607763,1/11,0.4854325605089479,0.999996057984298,0,0,1.607002561912895,1.161404708998614,NFATC2,anterior_up
Reactome_2022,DSCAM Interactions R-HSA-376172,1/11,0.4854325605089479,0.999996057984298,0,0,1.607002561912895,1.161404708998614,NTN1,anterior_up
Reactome_2022,Dimerization Of Procaspase-8 R-HSA-69416,1/11,0.4854325605089479,0.999996057984298,0,0,1.607002561912895,1.161404708998614,CFLAR,anterior_up
Reactome_2022,Highly Calcium Permeable Postsynaptic Nicotinic Acetylcholine Receptors R-HSA-629594,1/11,0.4854325605089479,0.999996057984298,0,0,1.607002561912895,1.161404708998614,CHRNA5,anterior_up
Reactome_2022,Interleukin-27 Signaling R-HSA-9020956,1/11,0.4854325605089479,0.999996057984298,0,0,1.607002561912895,1.161404708998614,CRLF1,anterior_up
Reactome_2022,NOTCH4 Activation And Transmission Of Signal To Nucleus R-HSA-9013700,1/11,0.4854325605089479,0.999996057984298,0,0,1.607002561912895,1.161404708998614,JAG1,anterior_up
Reactome_2022,Regulated Proteolysis Of p75NTR R-HSA-193692,1/11,0.4854325605089479,0.999996057984298,0,0,1.607002561912895,1.161404708998614,NFKB1,anterior_up
Reactome_2022,Regulation Of Signaling By NODAL R-HSA-1433617,1/11,0.4854325605089479,0.999996057984298,0,0,1.607002561912895,1.161404708998614,ACVR1C,anterior_up
Reactome_2022,Signaling By Activated Point Mutants Of FGFR1 R-HSA-1839122,1/11,0.4854325605089479,0.999996057984298,0,0,1.607002561912895,1.161404708998614,FGFR1,anterior_up
Reactome_2022,Transport Of Organic Anions R-HSA-879518,1/11,0.4854325605089479,0.999996057984298,0,0,1.607002561912895,1.161404708998614,SLCO2A1,anterior_up
Reactome_2022,Unwinding Of DNA R-HSA-176974,1/11,0.4854325605089479,0.999996057984298,0,0,1.607002561912895,1.161404708998614,MCM6,anterior_up
Reactome_2022,Mitochondrial Fatty Acid Beta-Oxidation Of Saturated Fatty Acids R-HSA-77286,1/11,0.4854325605089479,0.999996057984298,0,0,1.607002561912895,1.161404708998614,ACADM,anterior_up
Reactome_2022,DAP12 Signaling R-HSA-2424491,2/28,0.4944331292271607,0.999996057984298,0,0,1.2361604207758057,0.8706813918447245,LCP2;VAV2,anterior_up
Reactome_2022,Digestion And Absorption R-HSA-8963743,2/28,0.4944331292271607,0.999996057984298,0,0,1.2361604207758057,0.8706813918447245,GUCY2C;SLC2A5,anterior_up
Reactome_2022,Paracetamol ADME R-HSA-9753281,2/28,0.4944331292271607,0.999996057984298,0,0,1.2361604207758057,0.8706813918447245,ABCC4;GSTM1,anterior_up
Reactome_2022,RHOA GTPase Cycle R-HSA-8980692,9/147,0.4953575382274381,0.999996057984298,0,0,1.0480765636098546,0.7362480846846325,VANGL1;OBSCN;ARHGEF15;STARD8;CAV1;DLC1;ARAP3;ARHGEF10L;VAV2,anterior_up
Reactome_2022,TAK1-dependent IKK And NF-kappa-B Activation R-HSA-445989,3/45,0.49577043886649,0.999996057984298,0,0,1.1478675302456312,0.8053923959490201,S100B;ALPK1;NFKB1,anterior_up
Reactome_2022,PIP3 Activates AKT Signaling R-HSA-1257604,16/268,0.506317947790863,0.999996057984298,0,0,1.0202669303015324,0.6943839309579851,KL;JUN;TGFA;ESR1;FOXO1;ESR2;BTC;FGF16;SALL4;KIT;FGF18;CD28;SNAI2;PPARG;FGF10;FGFR1,anterior_up
Reactome_2022,Signaling By MET R-HSA-6806834,4/63,0.5087169850279538,0.999996057984298,0,0,1.0894474111910843,0.7363176735287176,LAMA2;LAMC3;LAMC2;LAMB1,anterior_up
Reactome_2022,"FOXO-mediated Transcription Of Oxidative Stress, Metabolic And Neuronal Genes R-HSA-9615017",2/29,0.5132785345551306,0.999996057984298,0,0,1.1903133903133902,0.7938635997600144,RETN;FOXO1,anterior_up
Reactome_2022,Negative Regulation Of FGFR3 Signaling R-HSA-5654732,2/29,0.5132785345551306,0.999996057984298,0,0,1.1903133903133902,0.7938635997600144,FGF16;FGF18,anterior_up
Reactome_2022,Regulation Of Necroptotic Cell Death R-HSA-5675482,2/29,0.5132785345551306,0.999996057984298,0,0,1.1903133903133902,0.7938635997600144,CFLAR;BIRC3,anterior_up
Reactome_2022,Activation Of RAC1 R-HSA-428540,1/12,0.5156027395624289,0.999996057984298,0,0,1.4608337861967238,0.9676836096549304,ROBO1,anterior_up
Reactome_2022,Activation Of TFAP2 (AP-2) Family Of Transcription Factors R-HSA-8866907,1/12,0.5156027395624289,0.999996057984298,0,0,1.4608337861967238,0.9676836096549304,CITED4,anterior_up
Reactome_2022,CD28 Dependent Vav1 Pathway R-HSA-389359,1/12,0.5156027395624289,0.999996057984298,0,0,1.4608337861967238,0.9676836096549304,CD28,anterior_up
Reactome_2022,Erythropoietin Activates Phosphoinositide-3-kinase (PI3K) R-HSA-9027276,1/12,0.5156027395624289,0.999996057984298,0,0,1.4608337861967238,0.9676836096549304,EPOR,anterior_up
Reactome_2022,FGFR1c Ligand Binding And Activation R-HSA-190373,1/12,0.5156027395624289,0.999996057984298,0,0,1.4608337861967238,0.9676836096549304,FGFR1,anterior_up
Reactome_2022,Hormone Ligand-Binding Receptors R-HSA-375281,1/12,0.5156027395624289,0.999996057984298,0,0,1.4608337861967238,0.9676836096549304,TSHR,anterior_up
Reactome_2022,Interleukin-35 Signaling R-HSA-8984722,1/12,0.5156027395624289,0.999996057984298,0,0,1.4608337861967238,0.9676836096549304,IL12A,anterior_up
Reactome_2022,NOTCH2 Intracellular Domain Regulates Transcription R-HSA-2197563,1/12,0.5156027395624289,0.999996057984298,0,0,1.4608337861967238,0.9676836096549304,NOTCH2,anterior_up
Reactome_2022,P2Y Receptors R-HSA-417957,1/12,0.5156027395624289,0.999996057984298,0,0,1.4608337861967238,0.9676836096549304,P2RY1,anterior_up
Reactome_2022,"POU5F1 (OCT4), SOX2, NANOG Activate Genes Related To Proliferation R-HSA-2892247",1/12,0.5156027395624289,0.999996057984298,0,0,1.4608337861967238,0.9676836096549304,SALL4,anterior_up
Reactome_2022,Passive Transport By Aquaporins R-HSA-432047,1/12,0.5156027395624289,0.999996057984298,0,0,1.4608337861967238,0.9676836096549304,AQP4,anterior_up
Reactome_2022,Peptide Hormone Biosynthesis R-HSA-209952,1/12,0.5156027395624289,0.999996057984298,0,0,1.4608337861967238,0.9676836096549304,INHBB,anterior_up
Reactome_2022,Pregnenolone Biosynthesis R-HSA-196108,1/12,0.5156027395624289,0.999996057984298,0,0,1.4608337861967238,0.9676836096549304,STARD4,anterior_up
Reactome_2022,Presynaptic Depolarization And Calcium Channel Opening R-HSA-112308,1/12,0.5156027395624289,0.999996057984298,0,0,1.4608337861967238,0.9676836096549304,CACNA2D3,anterior_up
Reactome_2022,Presynaptic Nicotinic Acetylcholine Receptors R-HSA-622323,1/12,0.5156027395624289,0.999996057984298,0,0,1.4608337861967238,0.9676836096549304,CHRNA5,anterior_up
Reactome_2022,Regulation Of Localization Of FOXO Transcription Factors R-HSA-9614399,1/12,0.5156027395624289,0.999996057984298,0,0,1.4608337861967238,0.9676836096549304,FOXO1,anterior_up
Reactome_2022,Scavenging Of Heme From Plasma R-HSA-2168880,1/12,0.5156027395624289,0.999996057984298,0,0,1.4608337861967238,0.9676836096549304,DLC1,anterior_up
Reactome_2022,RHO GTPase Cycle R-HSA-9012999,26/441,0.5164805927534766,0.999996057984298,0,0,1.0066191467440442,0.6650909521853108,DOCK6;PRAG1;ARHGEF26;DOCK8;AMIGO2;KIF14;ARHGEF10L;SLC1A5;RND3;EPSTI1;NCKAP1L;JAG1;ARHGEF15;STARD8;CAV1;ARAP3;VRK2;PTPN13;ARHGAP25;VAV2;VANGL1;DIAPH2;OBSCN;DLC1;TRIP10;DSG2,anterior_up
Reactome_2022,Senescence-Associated Secretory Phenotype (SASP) R-HSA-2559582,5/81,0.5183859333340674,0.999996057984298,0,0,1.0571415685743923,0.694579294968658,CCNA1;JUN;CDK6;IGFBP7;NFKB1,anterior_up
Reactome_2022,Semaphorin Interactions R-HSA-373755,4/64,0.521239145802641,0.999996057984298,0,0,1.0712328767123287,0.6979578488468019,SEMA5A;SEMA4A;MYH14;SEMA3E,anterior_up
Reactome_2022,G Alpha (Z) Signaling Events R-HSA-418597,3/47,0.5252648236948434,0.999996057984298,0,0,1.0955750835990357,0.7053889947842795,RGS16;RGS20;GNG12,anterior_up
Reactome_2022,PI Metabolism R-HSA-1483255,5/82,0.5294039684682771,0.999996057984298,0,0,1.0433568145650407,0.6635785785661209,INPP4B;PLEKHA2;INPPL1;PIK3C2G;PTPN13,anterior_up
Reactome_2022,Tight Junction Interactions R-HSA-420029,2/30,0.5316535018380385,0.999996057984298,0,0,1.1477411477411477,0.7251007513074065,CLDN10;CLDN1,anterior_up
Reactome_2022,Metabolism Of Vitamins And Cofactors R-HSA-196854,11/186,0.5318408750070012,0.999996057984298,0,0,1.0098831056970592,0.6376512425848884,MTHFD1L;TTPA;GPC3;LPL;NMNAT3;TACR1;GPC4;FOLR2;ACACB;GPC6;LDLR,anterior_up
Reactome_2022,Signaling By Receptor Tyrosine Kinases R-HSA-9006934,29/496,0.5328825076575645,0.999996057984298,0,0,0.9975420631307595,0.6279071560619572,PTPRU;GABRB1;LAMA2;LAMC3;FLT4;TGFA;LAMC2;MST1R;PCSK6;THBS2;PTPRZ1;NTF3;NCKAP1L;GABRQ;KL;CAV1;VEGFD;LAMB1;S100B;ESR1;VAV2;BTC;FGF16;CXCL12;KIT;ADAM12;FGF18;FGF10;FGFR1,anterior_up
Reactome_2022,Advanced Glycosylation Endproduct Receptor Signaling R-HSA-879415,1/13,0.5440053927971165,0.999996057984298,0,0,1.3390264730999146,0.8151941199882903,S100B,anterior_up
Reactome_2022,Diseases Associated With Visual Transduction R-HSA-2474795,1/13,0.5440053927971165,0.999996057984298,0,0,1.3390264730999146,0.8151941199882903,STRA6,anterior_up
Reactome_2022,Dissolution Of Fibrin Clot R-HSA-75205,1/13,0.5440053927971165,0.999996057984298,0,0,1.3390264730999146,0.8151941199882903,SERPINB8,anterior_up
Reactome_2022,ERBB2 Activates PTK6 Signaling R-HSA-8847993,1/13,0.5440053927971165,0.999996057984298,0,0,1.3390264730999146,0.8151941199882903,BTC,anterior_up
Reactome_2022,Erythropoietin Activates RAS R-HSA-9027284,1/13,0.5440053927971165,0.999996057984298,0,0,1.3390264730999146,0.8151941199882903,EPOR,anterior_up
Reactome_2022,IRF3-mediated Induction Of Type I IFN R-HSA-3270619,1/13,0.5440053927971165,0.999996057984298,0,0,1.3390264730999146,0.8151941199882903,DTX4,anterior_up
Reactome_2022,Mitotic Telophase/Cytokinesis R-HSA-68884,1/13,0.5440053927971165,0.999996057984298,0,0,1.3390264730999146,0.8151941199882903,KIF23,anterior_up
Reactome_2022,NF-kB Activation Thru FADD/RIP-1 Pathway Mediated By Caspase-8 And -10 R-HSA-933543,1/13,0.5440053927971165,0.999996057984298,0,0,1.3390264730999146,0.8151941199882903,MAVS,anterior_up
Reactome_2022,NF-kB Is Activated And Signals Survival R-HSA-209560,1/13,0.5440053927971165,0.999996057984298,0,0,1.3390264730999146,0.8151941199882903,NFKB1,anterior_up
Reactome_2022,Purine Salvage R-HSA-74217,1/13,0.5440053927971165,0.999996057984298,0,0,1.3390264730999146,0.8151941199882903,ADA,anterior_up
Reactome_2022,SARS-CoV-2 Targets Host Intracellular Signaling And Regulatory Pathways R-HSA-9755779,1/13,0.5440053927971165,0.999996057984298,0,0,1.3390264730999146,0.8151941199882903,CAV1,anterior_up
Reactome_2022,SHC1 Events In ERBB4 Signaling R-HSA-1250347,1/13,0.5440053927971165,0.999996057984298,0,0,1.3390264730999146,0.8151941199882903,BTC,anterior_up
Reactome_2022,Activation Of Arylsulfatases R-HSA-1663150,1/13,0.5440053927971165,0.999996057984298,0,0,1.3390264730999146,0.8151941199882903,ARSJ,anterior_up
Reactome_2022,Trafficking And Processing Of Endosomal TLR R-HSA-1679131,1/13,0.5440053927971165,0.999996057984298,0,0,1.3390264730999146,0.8151941199882903,TLR7,anterior_up
Reactome_2022,Transcriptional Regulation Of Testis Differentiation R-HSA-9690406,1/13,0.5440053927971165,0.999996057984298,0,0,1.3390264730999146,0.8151941199882903,ZFPM2,anterior_up
Reactome_2022,TRAF6 Mediated Induction Of NFkB And MAP Kinases Upon TLR7/8 Or 9 Activation R-HSA-975138,6/101,0.5460498288432456,0.999996057984298,0,0,1.0146971201588877,0.6139374655230763,JUN;PELI2;TLR7;ALPK1;S100B;NFKB1,anterior_up
Reactome_2022,EGFR Downregulation R-HSA-182971,2/31,0.549548415250686,0.999996057984298,0,0,1.1081049218980257,0.6633763208977693,BTC;TGFA,anterior_up
Reactome_2022,Negative Regulation Of FGFR4 Signaling R-HSA-5654733,2/31,0.549548415250686,0.999996057984298,0,0,1.1081049218980257,0.6633763208977693,FGF16;FGF18,anterior_up
Reactome_2022,RIPK1-mediated Regulated Necrosis R-HSA-5213460,2/31,0.549548415250686,0.999996057984298,0,0,1.1081049218980257,0.6633763208977693,CFLAR;BIRC3,anterior_up
Reactome_2022,Signaling By EGFR R-HSA-177929,3/49,0.5537804015804204,0.999996057984298,0,0,1.0478298062260571,0.6192538543152706,BTC;ADAM12;TGFA,anterior_up
Reactome_2022,MyD88 Dependent Cascade Initiated On Endosome R-HSA-975155,6/102,0.5558130823876546,0.999996057984298,0,0,1.004073756432247,0.58971583577128,JUN;PELI2;TLR7;ALPK1;S100B;NFKB1,anterior_up
Reactome_2022,Axon Guidance R-HSA-422475,30/519,0.558460490294726,0.999996057984298,0,0,0.9851944172853566,0.5739460963778612,SEMA5A;EPHB6;ROBO3;SPTBN5;ITGA2B;SEMA3E;LDB2;NTN1;ROBO1;ALCAM;RELN;ABLIM3;MYH14;SCN5A;EPHB2;SEMA4A;TRPC5;EPHA7;TRPC6;TRPC3;EPHA8;LAMB1;GFRA2;RGMA;VAV2;EFNA1;CXCL12;LHX2;SCN4B;FGFR1,anterior_up
Reactome_2022,G Alpha (I) Signaling Events R-HSA-418594,18/312,0.5621289133544766,0.999996057984298,0,0,0.9833056272769072,0.5664077116409535,OPRD1;CHRM2;CASR;HTR1F;PDE1A;RGS16;LPAR1;OPRK1;SSTR1;PDYN;GNG12;PLCB4;CXCL12;PENK;PPP1R1B;RGS20;ACKR3;RGS8,anterior_up
Reactome_2022,Toll Like Receptor 7/8 (TLR7/8) Cascade R-HSA-168181,6/103,0.5654779902269138,0.999996057984298,0,0,0.9936694311329596,0.5664749496695461,JUN;PELI2;TLR7;ALPK1;S100B;NFKB1,anterior_up
Reactome_2022,GPVI-mediated Activation Cascade R-HSA-114604,2/32,0.5669563983864009,0.999996057984298,0,0,1.0711111111111111,0.6078265038096011,LCP2;VAV2,anterior_up
Reactome_2022,Gluconeogenesis R-HSA-70263,2/32,0.5669563983864009,0.999996057984298,0,0,1.0711111111111111,0.6078265038096011,ALDOC;SLC25A13,anterior_up
Reactome_2022,Phase 0 - Rapid Depolarisation R-HSA-5576892,2/32,0.5669563983864009,0.999996057984298,0,0,1.0711111111111111,0.6078265038096011,SCN5A;SCN4B,anterior_up
Reactome_2022,Signaling By NOTCH2 R-HSA-1980145,2/32,0.5669563983864009,0.999996057984298,0,0,1.0711111111111111,0.6078265038096011,NOTCH2;JAG1,anterior_up
Reactome_2022,Aquaporin-mediated Transport R-HSA-445717,3/50,0.5676492782073295,0.999996057984298,0,0,1.0254809529876416,0.5806801472503912,MYO5B;AQP4;GNG12,anterior_up
Reactome_2022,Ion Homeostasis R-HSA-5578775,3/50,0.5676492782073295,0.999996057984298,0,0,1.0254809529876416,0.5806801472503912,PLN;FXYD1;RYR3,anterior_up
Reactome_2022,Acetylcholine Binding And Downstream Events R-HSA-181431,1/14,0.570743987595477,0.999996057984298,0,0,1.2359587466333837,0.6931436209291185,CHRNA5,anterior_up
Reactome_2022,Creation Of C4 And C2 Activators R-HSA-166786,1/14,0.570743987595477,0.999996057984298,0,0,1.2359587466333837,0.6931436209291185,MASP1,anterior_up
Reactome_2022,Lysosphingolipid And LPA Receptors R-HSA-419408,1/14,0.570743987595477,0.999996057984298,0,0,1.2359587466333837,0.6931436209291185,LPAR1,anterior_up
Reactome_2022,Pentose Phosphate Pathway R-HSA-71336,1/14,0.570743987595477,0.999996057984298,0,0,1.2359587466333837,0.6931436209291185,PHGDH,anterior_up
Reactome_2022,RUNX3 Regulates NOTCH Signaling R-HSA-8941856,1/14,0.570743987595477,0.999996057984298,0,0,1.2359587466333837,0.6931436209291185,JAG1,anterior_up
Reactome_2022,"Synthesis Of IP2, IP, And Ins In Cytosol R-HSA-1855183",1/14,0.570743987595477,0.999996057984298,0,0,1.2359587466333837,0.6931436209291185,INPP4B,anterior_up
Reactome_2022,TP53 Regulates Transcription Of Genes Involved In G1 Cell Cycle Arrest R-HSA-6804116,1/14,0.570743987595477,0.999996057984298,0,0,1.2359587466333837,0.6931436209291185,CCNA1,anterior_up
Reactome_2022,TP53 Regulates Transcription Of Additional Cell Death Genes With Uncertain Roles In P53-Dependent Apoptosis R-HSA-6803205,1/14,0.570743987595477,0.999996057984298,0,0,1.2359587466333837,0.6931436209291185,NDRG1,anterior_up
Reactome_2022,Tryptophan Catabolism R-HSA-71240,1/14,0.570743987595477,0.999996057984298,0,0,1.2359587466333837,0.6931436209291185,TDO2,anterior_up
Reactome_2022,Signaling By FGFR R-HSA-190236,5/86,0.5722864178125325,0.999996057984298,0,0,0.9916214414929068,0.5534394775850797,KL;FGF16;FGF18;FGF10;FGFR1,anterior_up
Reactome_2022,Transport Of Inorganic Cations/Anions And Amino Acids/Oligopeptides R-HSA-425393,6/104,0.5750407274245432,0.999996057984298,0,0,0.9834774390030456,0.5441722392934251,SLC1A5;SLC7A11;SLC26A4;SLC12A7;SLC5A5;SLC7A3,anterior_up
Reactome_2022,Glucagon-type Ligand Receptors R-HSA-420092,2/33,0.5838730264709422,0.999996057984298,0,0,1.0365039977943205,0.5577135098377897,GHRH;GNG12,anterior_up
Reactome_2022,Oncogene Induced Senescence R-HSA-2559585,2/33,0.5838730264709422,0.999996057984298,0,0,1.0365039977943205,0.5577135098377897,CDK6;E2F2,anterior_up
Reactome_2022,Signal Amplification R-HSA-392518,2/33,0.5838730264709422,0.999996057984298,0,0,1.0365039977943205,0.5577135098377897,P2RY1;GNG12,anterior_up
Reactome_2022,Neuronal System R-HSA-112316,22/386,0.5852907510226301,0.999996057984298,0,0,0.9703965599617772,0.519789564549559,GABRQ;KCNG2;GABRB1;KCNG3;KCNH6;CHRNA5;KCNC2;EPB41;KCNB2;GABRA3;SLC22A1;CACNA2D3;KCNA5;KCNAB1;GNG12;GLRA2;GRIN3A;GLRA3;LRRTM3;SYT10;KCNQ5;PDLIM5,anterior_up
Reactome_2022,Opioid Signaling R-HSA-111885,5/88,0.5929453699330532,0.999996057984298,0,0,0.9676237082004108,0.5057314427967384,PLCB4;PDE1A;PPP1R1B;PDYN;GNG12,anterior_up
Reactome_2022,Toll Like Receptor 9 (TLR9) Cascade R-HSA-168138,6/106,0.5938455672217386,0.999996057984298,0,0,0.963704974271012,0.5022213374160889,JUN;PELI2;TLR7;ALPK1;S100B;NFKB1,anterior_up
Reactome_2022,Apoptotic Execution Phase R-HSA-75153,3/52,0.5945753292771976,0.999996057984298,0,0,0.9835198407849024,0.5113396962524958,OCLN;SATB1;DSG2,anterior_up
Reactome_2022,Constitutive Signaling By NOTCH1 HD Domain Mutants R-HSA-2691232,1/15,0.5959159395901849,0.999996057984298,0,0,1.1476149810906429,0.5940693936987118,JAG1,anterior_up
Reactome_2022,EPHA-mediated Growth Cone Collapse R-HSA-3928663,1/15,0.5959159395901849,0.999996057984298,0,0,1.1476149810906429,0.5940693936987118,MYH14,anterior_up
Reactome_2022,ERBB2 Regulates Cell Motility R-HSA-6785631,1/15,0.5959159395901849,0.999996057984298,0,0,1.1476149810906429,0.5940693936987118,BTC,anterior_up
Reactome_2022,GRB2 Events In ERBB2 Signaling R-HSA-1963640,1/15,0.5959159395901849,0.999996057984298,0,0,1.1476149810906429,0.5940693936987118,BTC,anterior_up
Reactome_2022,GRB2:SOS Provides Linkage To MAPK Signaling For Integrins R-HSA-354194,1/15,0.5959159395901849,0.999996057984298,0,0,1.1476149810906429,0.5940693936987118,ITGA2B,anterior_up
Reactome_2022,Organic Cation/Anion/Zwitterion Transport R-HSA-549132,1/15,0.5959159395901849,0.999996057984298,0,0,1.1476149810906429,0.5940693936987118,SLC22A1,anterior_up
Reactome_2022,Phase 2 - Plateau Phase R-HSA-5576893,1/15,0.5959159395901849,0.999996057984298,0,0,1.1476149810906429,0.5940693936987118,KCNE3,anterior_up
Reactome_2022,Prolactin Receptor Signaling R-HSA-1170546,1/15,0.5959159395901849,0.999996057984298,0,0,1.1476149810906429,0.5940693936987118,PRLR,anterior_up
Reactome_2022,Regulation Of Innate Immune Responses To Cytosolic DNA R-HSA-3134975,1/15,0.5959159395901849,0.999996057984298,0,0,1.1476149810906429,0.5940693936987118,DTX4,anterior_up
Reactome_2022,Signaling By FLT3 ITD And TKD Mutants R-HSA-9703648,1/15,0.5959159395901849,0.999996057984298,0,0,1.1476149810906429,0.5940693936987118,NOX4,anterior_up
Reactome_2022,Synthesis Of Prostaglandins (PG) And Thromboxanes (TX) R-HSA-2162123,1/15,0.5959159395901849,0.999996057984298,0,0,1.1476149810906429,0.5940693936987118,PTGS1,anterior_up
Reactome_2022,TRAF3-dependent IRF Activation Pathway R-HSA-918233,1/15,0.5959159395901849,0.999996057984298,0,0,1.1476149810906429,0.5940693936987118,MAVS,anterior_up
Reactome_2022,WNT5A-dependent Internalization Of FZD4 R-HSA-5099900,1/15,0.5959159395901849,0.999996057984298,0,0,1.1476149810906429,0.5940693936987118,FZD4,anterior_up
Reactome_2022,YAP1- And WWTR1 (TAZ)-stimulated Gene Expression R-HSA-2032785,1/15,0.5959159395901849,0.999996057984298,0,0,1.1476149810906429,0.5940693936987118,TEAD4,anterior_up
Reactome_2022,p130Cas Linkage To MAPK Signaling For Integrins R-HSA-372708,1/15,0.5959159395901849,0.999996057984298,0,0,1.1476149810906429,0.5940693936987118,ITGA2B,anterior_up
Reactome_2022,Peptide Hormone Metabolism R-HSA-2980736,5/89,0.6030646385912988,0.999996057984298,0,0,0.9560533725058148,0.4835057258229701,PCSK2;TCF7L2;CPB1;UCMA;INHBB,anterior_up
Reactome_2022,Platelet Degranulation R-HSA-114608,7/125,0.6037652739549935,0.999996057984298,0,0,0.9527169564268568,0.4807121811615355,ABCC4;ISLR;TGFB2;ITGA2B;TAGLN2;VEGFD;SGPP2,anterior_up
Reactome_2022,Nuclear Envelope Breakdown R-HSA-2980766,3/53,0.6076220334791144,0.999996057984298,0,0,0.963798118049615,0.4801663868964725,NEK6;NEK7;VRK2,anterior_up
Reactome_2022,Toll-like Receptor Cascades R-HSA-168898,9/162,0.6136638473189227,0.999996057984298,0,0,0.9445652723686208,0.4612387607834941,JUN;PELI2;TLR7;LBP;ALPK1;S100B;NFKB1;GSDME;BIRC3,anterior_up
Reactome_2022,Plasma Lipoprotein Clearance R-HSA-8964043,2/35,0.616225220441607,0.999996057984298,0,0,0.9735819735819736,0.4713526683232738,LIPC;LDLR,anterior_up
Reactome_2022,Regulation Of TNFR1 Signaling R-HSA-5357905,2/35,0.616225220441607,0.999996057984298,0,0,0.9735819735819736,0.4713526683232738,CFLAR;BIRC3,anterior_up
Reactome_2022,Caspase Activation Via Death Receptors In Presence Of Ligand R-HSA-140534,1/16,0.6196129660608501,0.999996057984298,0,0,1.0710503842869343,0.5126692384462036,CFLAR,anterior_up
Reactome_2022,Cell-extracellular Matrix Interactions R-HSA-446353,1/16,0.6196129660608501,0.999996057984298,0,0,1.0710503842869343,0.5126692384462036,PARVB,anterior_up
Reactome_2022,Heme Degradation R-HSA-189483,1/16,0.6196129660608501,0.999996057984298,0,0,1.0710503842869343,0.5126692384462036,HMOX1,anterior_up
Reactome_2022,MAP3K8 (TPL2)-dependent MAPK1/3 Activation R-HSA-5684264,1/16,0.6196129660608501,0.999996057984298,0,0,1.0710503842869343,0.5126692384462036,NFKB1,anterior_up
Reactome_2022,Nucleotide-like (Purinergic) Receptors R-HSA-418038,1/16,0.6196129660608501,0.999996057984298,0,0,1.0710503842869343,0.5126692384462036,P2RY1,anterior_up
Reactome_2022,PI3K Events In ERBB2 Signaling R-HSA-1963642,1/16,0.6196129660608501,0.999996057984298,0,0,1.0710503842869343,0.5126692384462036,BTC,anterior_up
Reactome_2022,Regulation Of KIT Signaling R-HSA-1433559,1/16,0.6196129660608501,0.999996057984298,0,0,1.0710503842869343,0.5126692384462036,KIT,anterior_up
Reactome_2022,Regulation Of Gene Expression In Late Stage (Branching Morphogenesis) Pancreatic Bud Precursor Cells R-HSA-210744,1/16,0.6196129660608501,0.999996057984298,0,0,1.0710503842869343,0.5126692384462036,HNF1B,anterior_up
Reactome_2022,STING Mediated Induction Of Host Immune Responses R-HSA-1834941,1/16,0.6196129660608501,0.999996057984298,0,0,1.0710503842869343,0.5126692384462036,DTX4,anterior_up
Reactome_2022,Synthesis Of PIPs At Early Endosome Membrane R-HSA-1660516,1/16,0.6196129660608501,0.999996057984298,0,0,1.0710503842869343,0.5126692384462036,INPP4B,anterior_up
Reactome_2022,TGF-beta Receptor Signaling In EMT (Epithelial To Mesenchymal Transition) R-HSA-2173791,1/16,0.6196129660608501,0.999996057984298,0,0,1.0710503842869343,0.5126692384462036,TGFBR2,anterior_up
Reactome_2022,p75NTR Signals Via NF-kB R-HSA-193639,1/16,0.6196129660608501,0.999996057984298,0,0,1.0710503842869343,0.5126692384462036,NFKB1,anterior_up
Reactome_2022,Intracellular Signaling By Second Messengers R-HSA-9006925,17/306,0.6254313350261861,0.999996057984298,0,0,0.9441813088871912,0.4431172530392197,KL;JUN;PDE1A;TGFA;ESR1;FOXO1;ESR2;BTC;FGF16;SALL4;KIT;FGF18;CD28;SNAI2;PPARG;FGF10;FGFR1,anterior_up
Reactome_2022,Aberrant Regulation Of Mitotic Cell Cycle Due To RB1 Defects R-HSA-9687139,2/36,0.6316619365708309,0.999996057984298,0,0,0.9448969331322272,0.4340865378101414,CDK6;E2F2,anterior_up
Reactome_2022,Glutathione Conjugation R-HSA-156590,2/36,0.6316619365708309,0.999996057984298,0,0,0.9448969331322272,0.4340865378101414,GSTM2;GSTM1,anterior_up
Reactome_2022,Nuclear Pore Complex (NPC) Disassembly R-HSA-3301854,2/36,0.6316619365708309,0.999996057984298,0,0,0.9448969331322272,0.4340865378101414,NEK6;NEK7,anterior_up
Reactome_2022,Complement Cascade R-HSA-166658,3/55,0.632863611045464,0.999996057984298,0,0,0.9266302559715732,0.4239336612726469,CPNE2;MASP1;CD55,anterior_up
Reactome_2022,Formation Of Cornified Envelope R-HSA-6809371,4/74,0.6369758700204686,0.999996057984298,0,0,0.9177103718199608,0.4139089482767652,PKP2;DSG2;PCSK6;EVPL,anterior_up
Reactome_2022,Gastrin-CREB Signaling Pathway Via PKC And MAPK R-HSA-881907,1/17,0.641921419170411,0.999996057984298,0,0,1.004056362083689,0.4450875250743742,GAST,anterior_up
Reactome_2022,Gastrulation R-HSA-9758941,1/17,0.641921419170411,0.999996057984298,0,0,1.004056362083689,0.4450875250743742,BMP4,anterior_up
Reactome_2022,IL-6-type Cytokine Receptor Ligand Interactions R-HSA-6788467,1/17,0.641921419170411,0.999996057984298,0,0,1.004056362083689,0.4450875250743742,CRLF1,anterior_up
Reactome_2022,RIP-mediated NFkB Activation Via ZBP1 R-HSA-1810476,1/17,0.641921419170411,0.999996057984298,0,0,1.004056362083689,0.4450875250743742,NFKB1,anterior_up
Reactome_2022,Regulation Of RUNX1 Expression And Activity R-HSA-8934593,1/17,0.641921419170411,0.999996057984298,0,0,1.004056362083689,0.4450875250743742,CDK6,anterior_up
Reactome_2022,Synthesis Of PIPs At Golgi Membrane R-HSA-1660514,1/17,0.641921419170411,0.999996057984298,0,0,1.004056362083689,0.4450875250743742,PIK3C2G,anterior_up
Reactome_2022,Zinc Transporters R-HSA-435354,1/17,0.641921419170411,0.999996057984298,0,0,1.004056362083689,0.4450875250743742,SLC39A8,anterior_up
Reactome_2022,Response To Elevated Platelet Cytosolic Ca2+ R-HSA-76005,7/130,0.6450244080618789,0.999996057984298,0,0,0.9137443734952372,0.4006468647270192,ABCC4;ISLR;TGFB2;ITGA2B;TAGLN2;VEGFD;SGPP2,anterior_up
Reactome_2022,Triglyceride Metabolism R-HSA-8979227,2/37,0.6466091767898349,0.999996057984298,0,0,0.9178510378510378,0.4001951877936958,CAV1;MGLL,anterior_up
Reactome_2022,NCAM Signaling For Neurite Out-Growth R-HSA-375165,3/57,0.6569536325127096,0.999996057984298,0,0,0.8922155688622755,0.3748570885926167,SPTBN5;GFRA2;FGFR1,anterior_up
Reactome_2022,Regulated Necrosis R-HSA-5218859,3/57,0.6569536325127096,0.999996057984298,0,0,0.8922155688622755,0.3748570885926167,CFLAR;BIRC3;GSDME,anterior_up
Reactome_2022,Diseases Of Mitotic Cell Cycle R-HSA-9675126,2/38,0.6610712488304151,0.999996057984298,0,0,0.8923076923076924,0.3693204925851146,CDK6;E2F2,anterior_up
Reactome_2022,ABC Transporters In Lipid Homeostasis R-HSA-1369062,1/18,0.6629225996750775,0.999996057984298,0,0,0.944943989551414,0.3884636753531741,ABCA12,anterior_up
Reactome_2022,G Beta:Gamma Signaling Thru BTK R-HSA-8964315,1/18,0.6629225996750775,0.999996057984298,0,0,0.944943989551414,0.3884636753531741,GNG12,anterior_up
Reactome_2022,LDL Clearance R-HSA-8964038,1/18,0.6629225996750775,0.999996057984298,0,0,0.944943989551414,0.3884636753531741,LDLR,anterior_up
Reactome_2022,Lewis Blood Group Biosynthesis R-HSA-9037629,1/18,0.6629225996750775,0.999996057984298,0,0,0.944943989551414,0.3884636753531741,B3GALT2,anterior_up
Reactome_2022,Metabolism Of Angiotensinogen To Angiotensins R-HSA-2022377,1/18,0.6629225996750775,0.999996057984298,0,0,0.944943989551414,0.3884636753531741,CPB1,anterior_up
Reactome_2022,Norepinephrine Neurotransmitter Release Cycle R-HSA-181430,1/18,0.6629225996750775,0.999996057984298,0,0,0.944943989551414,0.3884636753531741,SLC22A1,anterior_up
Reactome_2022,Pre-NOTCH Processing In Golgi R-HSA-1912420,1/18,0.6629225996750775,0.999996057984298,0,0,0.944943989551414,0.3884636753531741,NOTCH2,anterior_up
Reactome_2022,RORA Activates Gene Expression R-HSA-1368082,1/18,0.6629225996750775,0.999996057984298,0,0,0.944943989551414,0.3884636753531741,PPARA,anterior_up
Reactome_2022,Regulation Of Signaling By CBL R-HSA-912631,1/18,0.6629225996750775,0.999996057984298,0,0,0.944943989551414,0.3884636753531741,BLNK,anterior_up
Reactome_2022,Signaling By FLT3 Fusion Proteins R-HSA-9703465,1/18,0.6629225996750775,0.999996057984298,0,0,0.944943989551414,0.3884636753531741,NOX4,anterior_up
Reactome_2022,TP53 Regulates Transcription Of Genes Involved In G2 Cell Cycle Arrest R-HSA-6804114,1/18,0.6629225996750775,0.999996057984298,0,0,0.944943989551414,0.3884636753531741,GADD45A,anterior_up
Reactome_2022,Regulation Of Insulin Secretion R-HSA-422356,4/77,0.6679216604330591,0.999996057984298,0,0,0.8798555075999249,0.3550959457919765,KCNG2;KCNC2;GNG12;RAPGEF3,anterior_up
Reactome_2022,MyD88 Cascade Initiated On Plasma Membrane R-HSA-975871,5/96,0.6696929157921045,0.999996057984298,0,0,0.882181229224931,0.3536982188810925,JUN;PELI2;ALPK1;S100B;NFKB1,anterior_up
Reactome_2022,Transport Of Small Molecules R-HSA-382551,39/706,0.673936843832526,0.999996057984298,0,0,0.9372352658622144,0.3698507271366634,SLC44A5;SLC22A1;LPL;AQP4;SLC7A11;SLC1A5;ABCA12;PCSK6;RYR3;CYGB;SLC5A5;SLC7A3;NIPAL4;LIPC;PLN;MB;LIPG;HMOX1;SLC39A8;LDLR;SLC12A7;TRPM6;TRPM3;TRPM4;SLC13A1;ABCC4;TRPC5;TRPC6;TRPC3;ATP8B1;GNG12;ANO2;SLC9B2;SLC2A9;MYO5B;FXYD1;SLCO2A1;ATP13A4;SLC26A4,anterior_up
Reactome_2022,Ovarian Tumor Domain Proteases R-HSA-5689896,2/39,0.6750536358858095,0.999996057984298,0,0,0.8681450681450682,0.34114900387559,MAVS;ESR1,anterior_up
Reactome_2022,Signaling By FGFR3 R-HSA-5654741,2/39,0.6750536358858095,0.999996057984298,0,0,0.8681450681450682,0.34114900387559,FGF16;FGF18,anterior_up
Reactome_2022,Synthesis Of PA R-HSA-1483166,2/39,0.6750536358858095,0.999996057984298,0,0,0.8681450681450682,0.34114900387559,GPAT3;PLD6,anterior_up
Reactome_2022,Transcriptional Regulation By VENTX R-HSA-8853884,2/39,0.6750536358858095,0.999996057984298,0,0,0.8681450681450682,0.34114900387559,TCF7L2;NFKB1,anterior_up
Reactome_2022,COPI-dependent Golgi-to-ER Retrograde Traffic R-HSA-6811434,4/78,0.6778249332687994,0.999996057984298,0,0,0.8679192891521659,0.3375045061712596,KLC3;KIF26A;KIF23;KIF6,anterior_up
Reactome_2022,Nuclear Events Mediated By NFE2L2 R-HSA-9759194,4/78,0.6778249332687994,0.999996057984298,0,0,0.8679192891521659,0.3375045061712596,SRXN1;HMOX1;PHGDH;SLC7A11,anterior_up
Reactome_2022,EML4 And NUDC In Mitotic Spindle Formation R-HSA-9648025,5/97,0.6785839225538797,0.999996057984298,0,0,0.8725457322752506,0.3383270938798902,NEK6;NEK7;NUF2;KNTC1;CENPA,anterior_up
Reactome_2022,Arachidonic Acid Metabolism R-HSA-2142753,3/59,0.6798835511863699,0.999996057984298,0,0,0.860259073689356,0.3319169789809693,ALOX12B;ALOXE3;PTGS1,anterior_up
Reactome_2022,Initiation Of Nuclear Envelope (NE) Reformation R-HSA-2995383,1/19,0.6826930517415551,0.999996057984298,0,0,0.892399658411614,0.3406378131305324,VRK2,anterior_up
Reactome_2022,Metabolism Of Cofactors R-HSA-8978934,1/19,0.6826930517415551,0.999996057984298,0,0,0.892399658411614,0.3406378131305324,TACR1,anterior_up
Reactome_2022,Na+/Cl- Dependent Neurotransmitter Transporters R-HSA-442660,1/19,0.6826930517415551,0.999996057984298,0,0,0.892399658411614,0.3406378131305324,SLC22A1,anterior_up
Reactome_2022,Prostacyclin Signaling Thru Prostacyclin Receptor R-HSA-392851,1/19,0.6826930517415551,0.999996057984298,0,0,0.892399658411614,0.3406378131305324,GNG12,anterior_up
Reactome_2022,RHO GTPases Activate ROCKs R-HSA-5627117,1/19,0.6826930517415551,0.999996057984298,0,0,0.892399658411614,0.3406378131305324,MYH14,anterior_up
Reactome_2022,SUMOylation Of Transcription Factors R-HSA-3232118,1/19,0.6826930517415551,0.999996057984298,0,0,0.892399658411614,0.3406378131305324,HIC1,anterior_up
Reactome_2022,Scavenging By Class A Receptors R-HSA-3000480,1/19,0.6826930517415551,0.999996057984298,0,0,0.892399658411614,0.3406378131305324,MASP1,anterior_up
Reactome_2022,Signaling By KIT In Disease R-HSA-9669938,1/19,0.6826930517415551,0.999996057984298,0,0,0.892399658411614,0.3406378131305324,KIT,anterior_up
Reactome_2022,"TICAM1, RIP1-mediated IKK Complex Recruitment R-HSA-168927",1/19,0.6826930517415551,0.999996057984298,0,0,0.892399658411614,0.3406378131305324,BIRC3,anterior_up
Reactome_2022,Downstream Signaling Events Of B Cell Receptor (BCR) R-HSA-1168372,4/79,0.6875204964524272,0.999996057984298,0,0,0.8563013698630138,0.3208249854845856,NFATC2;RASGRP1;NFKB1;RASGRP3,anterior_up
Reactome_2022,Signaling By FGFR4 R-HSA-5654743,2/40,0.6885628442645155,0.999996057984298,0,0,0.8452541610436347,0.3154054811407573,FGF16;FGF18,anterior_up
Reactome_2022,Transcriptional Regulation By MECP2 R-HSA-8986944,3/60,0.6909136886716551,0.999996057984298,0,0,0.8451217865021836,0.3124756427732268,TRPC3;OPRK1;PPARG,anterior_up
Reactome_2022,Apoptotic Factor-Mediated Response R-HSA-111471,1/20,0.701304841523429,0.999996057984298,0,0,0.8453863094970561,0.2999537312343943,GSDME,anterior_up
Reactome_2022,CD209 (DC-SIGN) Signaling R-HSA-5621575,1/20,0.701304841523429,0.999996057984298,0,0,0.8453863094970561,0.2999537312343943,NFKB1,anterior_up
Reactome_2022,Chondroitin Sulfate Biosynthesis R-HSA-2022870,1/20,0.701304841523429,0.999996057984298,0,0,0.8453863094970561,0.2999537312343943,CHST9,anterior_up
Reactome_2022,G Beta:Gamma Signaling Thru CDC42 R-HSA-8964616,1/20,0.701304841523429,0.999996057984298,0,0,0.8453863094970561,0.2999537312343943,GNG12,anterior_up
Reactome_2022,G Beta:Gamma Signaling Thru PLC Beta R-HSA-418217,1/20,0.701304841523429,0.999996057984298,0,0,0.8453863094970561,0.2999537312343943,GNG12,anterior_up
Reactome_2022,Nef-mediated Downmodulation Of Cell Surface Receptors By Recruitment To Clathrin Adapters R-HSA-164938,1/20,0.701304841523429,0.999996057984298,0,0,0.8453863094970561,0.2999537312343943,CD28,anterior_up
Reactome_2022,Sema4D Induced Cell Migration And Growth-Cone Collapse R-HSA-416572,1/20,0.701304841523429,0.999996057984298,0,0,0.8453863094970561,0.2999537312343943,MYH14,anterior_up
Reactome_2022,Signaling By Hippo R-HSA-2028269,1/20,0.701304841523429,0.999996057984298,0,0,0.8453863094970561,0.2999537312343943,LATS2,anterior_up
Reactome_2022,Syndecan Interactions R-HSA-3000170,1/20,0.701304841523429,0.999996057984298,0,0,0.8453863094970561,0.2999537312343943,ITGA6,anterior_up
Reactome_2022,"Sensory Perception Of Sweet, Bitter, And Umami (Glutamate) Taste R-HSA-9717207",2/41,0.7016062649668222,0.999996057984298,0,0,0.8235371466140697,0.2918474892104934,SCN4B;TRPM4,anterior_up
Reactome_2022,Ca2+ Pathway R-HSA-4086398,3/61,0.7016552253308489,0.999996057984298,0,0,0.8305064747352585,0.2942593465625519,TCF7L2;FZD4;GNG12,anterior_up
Reactome_2022,Activation Of Gene Expression By SREBF (SREBP) R-HSA-2426168,2/42,0.7141920475322797,0.999996057984298,0,0,0.8029059829059829,0.2702608666043365,PPARA;ACACB,anterior_up
Reactome_2022,Signaling By SCF-KIT R-HSA-1433557,2/42,0.7141920475322797,0.999996057984298,0,0,0.8029059829059829,0.2702608666043365,PTPRU;KIT,anterior_up
Reactome_2022,Cellular Hexose Transport R-HSA-189200,1/21,0.7188258186307723,0.999996057984298,0,0,0.8030742954739539,0.2651239007574193,SLC2A9,anterior_up
Reactome_2022,Citric Acid Cycle (TCA Cycle) R-HSA-71403,1/21,0.7188258186307723,0.999996057984298,0,0,0.8030742954739539,0.2651239007574193,LDLR,anterior_up
Reactome_2022,Initial Triggering Of Complement R-HSA-166663,1/21,0.7188258186307723,0.999996057984298,0,0,0.8030742954739539,0.2651239007574193,MASP1,anterior_up
Reactome_2022,Interleukin-37 Signaling R-HSA-9008059,1/21,0.7188258186307723,0.999996057984298,0,0,0.8030742954739539,0.2651239007574193,PTPN13,anterior_up
Reactome_2022,Intrinsic Pathway Of Fibrin Clot Formation R-HSA-140837,1/21,0.7188258186307723,0.999996057984298,0,0,0.8030742954739539,0.2651239007574193,SERPIND1,anterior_up
Reactome_2022,Presynaptic Function Of Kainate Receptors R-HSA-500657,1/21,0.7188258186307723,0.999996057984298,0,0,0.8030742954739539,0.2651239007574193,GNG12,anterior_up
Reactome_2022,RHO GTPases Activate PAKs R-HSA-5627123,1/21,0.7188258186307723,0.999996057984298,0,0,0.8030742954739539,0.2651239007574193,MYH14,anterior_up
Reactome_2022,SHC1 Events In ERBB2 Signaling R-HSA-1250196,1/21,0.7188258186307723,0.999996057984298,0,0,0.8030742954739539,0.2651239007574193,BTC,anterior_up
Reactome_2022,Signaling By ERBB2 TMD/JMD Mutants R-HSA-9665686,1/21,0.7188258186307723,0.999996057984298,0,0,0.8030742954739539,0.2651239007574193,BTC,anterior_up
Reactome_2022,Toll Like Receptor 4 (TLR4) Cascade R-HSA-166016,7/140,0.7195101636982508,0.999996057984298,0,0,0.8445900158120624,0.2780260490672369,JUN;PELI2;LBP;ALPK1;S100B;NFKB1;BIRC3,anterior_up
Reactome_2022,Signaling By VEGF R-HSA-194138,5/102,0.7206052289783483,0.999996057984298,0,0,0.8273482981298421,0.2710921073697931,CAV1;FLT4;NCKAP1L;VEGFD;VAV2,anterior_up
Reactome_2022,Synthesis Of Substrates In N-glycan Biosythesis R-HSA-446219,3/63,0.7222793978619816,0.999996057984298,0,0,0.802737382378101,0.2611651786827536,NPL;ST6GALNAC3;ST6GALNAC5,anterior_up
Reactome_2022,RAF/MAP Kinase Cascade R-HSA-5673001,14/271,0.7245555433322475,0.999996057984298,0,0,0.8736181394192322,0.2814770176865567,KL;SPTBN5;ITGA2B;TGFA;GFRA2;RASGRP1;RASGRP3;BTC;FGF16;RASA4;KIT;FGF18;FGF10;FGFR1,anterior_up
Reactome_2022,DAP12 Interactions R-HSA-2172127,2/43,0.7263289863430661,0.999996057984298,0,0,0.7832812174275589,0.2504559062499248,LCP2;VAV2,anterior_up
Reactome_2022,Toll Like Receptor 3 (TLR3) Cascade R-HSA-168164,5/103,0.7285198757785082,0.999996057984298,0,0,0.8188622492698879,0.2593667322745588,JUN;ALPK1;S100B;NFKB1;BIRC3,anterior_up
Reactome_2022,ADP Signaling Thru P2Y Purinoceptor 12 R-HSA-392170,1/22,0.7353198625343267,0.999996057984298,0,0,0.7647919970720995,0.2351350603602339,GNG12,anterior_up
Reactome_2022,Acyl Chain Remodelling Of PS R-HSA-1482801,1/22,0.7353198625343267,0.999996057984298,0,0,0.7647919970720995,0.2351350603602339,OSBPL5,anterior_up
Reactome_2022,Blood Group Systems Biosynthesis R-HSA-9033658,1/22,0.7353198625343267,0.999996057984298,0,0,0.7647919970720995,0.2351350603602339,B3GALT2,anterior_up
Reactome_2022,Common Pathway Of Fibrin Clot Formation R-HSA-140875,1/22,0.7353198625343267,0.999996057984298,0,0,0.7647919970720995,0.2351350603602339,SERPIND1,anterior_up
Reactome_2022,Insertion Of Tail-Anchored Proteins Into Endoplasmic Reticulum Membrane R-HSA-9609523,1/22,0.7353198625343267,0.999996057984298,0,0,0.7647919970720995,0.2351350603602339,HMOX1,anterior_up
Reactome_2022,Nephrin Family Interactions R-HSA-373753,1/22,0.7353198625343267,0.999996057984298,0,0,0.7647919970720995,0.2351350603602339,NPHS1,anterior_up
Reactome_2022,RA Biosynthesis Pathway R-HSA-5365859,1/22,0.7353198625343267,0.999996057984298,0,0,0.7647919970720995,0.2351350603602339,DHRS3,anterior_up
Reactome_2022,RNA Polymerase III Transcription Termination R-HSA-73980,1/22,0.7353198625343267,0.999996057984298,0,0,0.7647919970720995,0.2351350603602339,NFIB,anterior_up
Reactome_2022,"Interleukin-3, Interleukin-5 And GM-CSF Signaling R-HSA-512988",2/44,0.7380264168193899,0.999996057984298,0,0,0.7645909645909645,0.2322641248023726,INPPL1;BLNK,anterior_up
Reactome_2022,TNF Signaling R-HSA-75893,2/44,0.7380264168193899,0.999996057984298,0,0,0.7645909645909645,0.2322641248023726,CFLAR;BIRC3,anterior_up
Reactome_2022,Hedgehog On State R-HSA-5632684,4/85,0.7413279579210567,0.999996057984298,0,0,0.7926179604261796,0.2372401964149713,EVC2;EVC;HHIP;GPR161,anterior_up
Reactome_2022,Integration Of Energy Metabolism R-HSA-163685,5/105,0.7438600129903135,0.999996057984298,0,0,0.8023993144815766,0.2374318961010877,KCNG2;KCNC2;GNG12;ACACB;RAPGEF3,anterior_up
Reactome_2022,Glycosphingolipid Metabolism R-HSA-1660662,2/45,0.749294122120452,0.999996057984298,0,0,0.7467700258397932,0.2155355175544283,ARSJ;ESYT3,anterior_up
Reactome_2022,Heme Signaling R-HSA-9707616,2/45,0.749294122120452,0.999996057984298,0,0,0.7467700258397932,0.2155355175544283,HMOX1;PPARA,anterior_up
Reactome_2022,Interleukin-10 Signaling R-HSA-6783783,2/45,0.749294122120452,0.999996057984298,0,0,0.7467700258397932,0.2155355175544283,CSF1;IL12A,anterior_up
Reactome_2022,Regulation Of Complement Cascade R-HSA-977606,2/45,0.749294122120452,0.999996057984298,0,0,0.7467700258397932,0.2155355175544283,CPNE2;CD55,anterior_up
Reactome_2022,"Transport Of Bile Salts And Organic Acids, Metal Ions And Amine Compounds R-HSA-425366",4/86,0.7495738770070395,0.999996057984298,0,0,0.7829101236217841,0.2256741546607425,SLC44A5;SLC13A1;SLC22A1;SLC39A8,anterior_up
Reactome_2022,CD28 Dependent PI3K/Akt Signaling R-HSA-389357,1/23,0.7508471151063659,0.999996057984298,0,0,0.7299899076158683,0.2091809608093373,CD28,anterior_up
Reactome_2022,Digestion R-HSA-8935690,1/23,0.7508471151063659,0.999996057984298,0,0,0.7299899076158683,0.2091809608093373,GUCY2C,anterior_up
Reactome_2022,IKK Complex Recruitment Mediated By RIP1 R-HSA-937041,1/23,0.7508471151063659,0.999996057984298,0,0,0.7299899076158683,0.2091809608093373,BIRC3,anterior_up
Reactome_2022,Miscellaneous Transport And Binding Events R-HSA-5223345,1/23,0.7508471151063659,0.999996057984298,0,0,0.7299899076158683,0.2091809608093373,NIPAL4,anterior_up
Reactome_2022,Nucleotide Salvage R-HSA-8956321,1/23,0.7508471151063659,0.999996057984298,0,0,0.7299899076158683,0.2091809608093373,ADA,anterior_up
Reactome_2022,Post-chaperonin Tubulin Folding Pathway R-HSA-389977,1/23,0.7508471151063659,0.999996057984298,0,0,0.7299899076158683,0.2091809608093373,TUBA8,anterior_up
Reactome_2022,Signaling By NTRK2 (TRKB) R-HSA-9006115,1/23,0.7508471151063659,0.999996057984298,0,0,0.7299899076158683,0.2091809608093373,NTF3,anterior_up
Reactome_2022,Telomere Extension By Telomerase R-HSA-171319,1/23,0.7508471151063659,0.999996057984298,0,0,0.7299899076158683,0.2091809608093373,CCNA1,anterior_up
Reactome_2022,Canonical Retinoid Cycle In Rods (Twilight Vision) R-HSA-2453902,1/23,0.7508471151063659,0.999996057984298,0,0,0.7299899076158683,0.2091809608093373,STRA6,anterior_up
Reactome_2022,COPII-mediated Vesicle Transport R-HSA-204005,3/66,0.7511057132320097,0.999996057984298,0,0,0.7643895881705975,0.2187750831996722,TGFA;FOLR2;CTSC,anterior_up
Reactome_2022,MAPK1/MAPK3 Signaling R-HSA-5684996,14/277,0.7533301059225964,0.999996057984298,0,0,0.8534118744130762,0.2417304150625655,KL;SPTBN5;ITGA2B;TGFA;GFRA2;RASGRP1;RASGRP3;BTC;FGF16;RASA4;KIT;FGF18;FGF10;FGFR1,anterior_up
Reactome_2022,MyD88-independent TLR4 Cascade R-HSA-166166,5/107,0.7585514181962677,0.999996057984298,0,0,0.7865819849790816,0.2173677572960537,JUN;ALPK1;S100B;NFKB1;BIRC3,anterior_up
Reactome_2022,Developmental Biology R-HSA-1266738,58/1073,0.7611505826417215,0.999996057984298,0,0,0.9137214670428316,0.249376577978284,EPHB6;SEMA5A;ROBO3;ITGA2B;HNF4G;LDB2;PCSK6;ROBO1;ALCAM;SALL4;SCN5A;EPHB2;EPHA7;TRPC5;ADGRV1;TRPC6;TRPC3;EPHA8;KRT1;EBF1;HNF1B;KRT77;POU3F1;GFRA2;RGMA;VAV2;PKP2;RARB;PPARG;DSG2;PPARA;ZFPM2;SCN4B;CEBPA;SPTBN5;LAMA2;CEBPD;LPL;SEMA3E;NTN1;EVPL;FOXO1;RELN;ACVR1C;ABLIM3;MYH14;SEMA4A;TCF7L2;JUN;LAMB1;NFKB1;BMP4;EFNA1;CXCL12;LHX2;INSM1;FGF10;FGFR1,anterior_up
Reactome_2022,Protein-protein Interactions At Synapses R-HSA-6794362,4/88,0.7654582014612098,0.999996057984298,0,0,0.764187866927593,0.2042526437790088,LRRTM3;EPB41;SYT10;PDLIM5,anterior_up
Reactome_2022,DARPP-32 Events R-HSA-180024,1/24,0.765464198617666,0.999996057984298,0,0,0.698214086808005,0.1866136574426713,PPP1R1B,anterior_up
Reactome_2022,Growth Hormone Receptor Signaling R-HSA-982772,1/24,0.765464198617666,0.999996057984298,0,0,0.698214086808005,0.1866136574426713,PRLR,anterior_up
Reactome_2022,Impaired BRCA2 Binding To PALB2 R-HSA-9709603,1/24,0.765464198617666,0.999996057984298,0,0,0.698214086808005,0.1866136574426713,RAD51B,anterior_up
Reactome_2022,Interleukin-6 Family Signaling R-HSA-6783589,1/24,0.765464198617666,0.999996057984298,0,0,0.698214086808005,0.1866136574426713,CRLF1,anterior_up
Reactome_2022,Sema4D In Semaphorin Signaling R-HSA-400685,1/24,0.765464198617666,0.999996057984298,0,0,0.698214086808005,0.1866136574426713,MYH14,anterior_up
Reactome_2022,Signaling By ERBB2 KD Mutants R-HSA-9664565,1/24,0.765464198617666,0.999996057984298,0,0,0.698214086808005,0.1866136574426713,BTC,anterior_up
Reactome_2022,Signaling By Erythropoietin R-HSA-9006335,1/24,0.765464198617666,0.999996057984298,0,0,0.698214086808005,0.1866136574426713,EPOR,anterior_up
Reactome_2022,Thromboxane Signaling Thru TP Receptor R-HSA-428930,1/24,0.765464198617666,0.999996057984298,0,0,0.698214086808005,0.1866136574426713,GNG12,anterior_up
Reactome_2022,MAPK Family Signaling Cascades R-HSA-5683057,16/318,0.7702675781404975,0.999996057984298,0,0,0.8490570361374,0.2216185924575175,KL;SPTBN5;JUN;ITGA2B;TGFA;GFRA2;RASGRP1;FOXO1;RASGRP3;BTC;FGF16;RASA4;KIT;FGF18;FGF10;FGFR1,anterior_up
Reactome_2022,Cyclin D Associated Events In G1 R-HSA-69231,2/47,0.7705812306578889,0.999996057984298,0,0,0.7135042735042735,0.18594649418461,CDK6;E2F2,anterior_up
Reactome_2022,PLC Beta Mediated Events R-HSA-112043,2/47,0.7705812306578889,0.999996057984298,0,0,0.7135042735042735,0.18594649418461,PLCB4;PDE1A,anterior_up
Reactome_2022,Sensory Perception Of Taste R-HSA-9717189,2/47,0.7705812306578889,0.999996057984298,0,0,0.7135042735042735,0.18594649418461,SCN4B;TRPM4,anterior_up
Reactome_2022,Signaling By B Cell Receptor (BCR) R-HSA-983705,5/109,0.7726005388916651,0.999996057984298,0,0,0.7713730143036056,0.1990089393189319,BLNK;NFATC2;RASGRP1;NFKB1;RASGRP3,anterior_up
Reactome_2022,Assembly And Cell Surface Presentation Of NMDA Receptors R-HSA-9609736,1/25,0.7792244221302582,0.999996057984298,0,0,0.6690862510674637,0.1669077033431118,GRIN3A,anterior_up
Reactome_2022,Cyclin A/B1/B2 Associated Events During G2/M Transition R-HSA-69273,1/25,0.7792244221302582,0.999996057984298,0,0,0.6690862510674637,0.1669077033431118,CCNA1,anterior_up
Reactome_2022,Defective HDR Thru Homologous Recombination (HRR) Due To BRCA1 Loss-Of-Function R-HSA-9701192,1/25,0.7792244221302582,0.999996057984298,0,0,0.6690862510674637,0.1669077033431118,RAD51B,anterior_up
Reactome_2022,G Beta:Gamma Signaling Thru PI3Kgamma R-HSA-392451,1/25,0.7792244221302582,0.999996057984298,0,0,0.6690862510674637,0.1669077033431118,GNG12,anterior_up
Reactome_2022,NOTCH3 Activation And Transmission Of Signal To Nucleus R-HSA-9013507,1/25,0.7792244221302582,0.999996057984298,0,0,0.6690862510674637,0.1669077033431118,JAG1,anterior_up
Reactome_2022,Polymerase Switching On C-strand Of Telomere R-HSA-174411,1/25,0.7792244221302582,0.999996057984298,0,0,0.6690862510674637,0.1669077033431118,CHTF18,anterior_up
Reactome_2022,Signaling By ERBB2 In Cancer R-HSA-1227990,1/25,0.7792244221302582,0.999996057984298,0,0,0.6690862510674637,0.1669077033431118,BTC,anterior_up
Reactome_2022,Termination Of O-glycan Biosynthesis R-HSA-977068,1/25,0.7792244221302582,0.999996057984298,0,0,0.6690862510674637,0.1669077033431118,ST6GALNAC3,anterior_up
Reactome_2022,Fc Epsilon Receptor (FCERI) Signaling R-HSA-2454202,6/130,0.7803857040549182,0.999996057984298,0,0,0.7761854700381785,0.1924683740207202,JUN;NFATC2;LCP2;RASGRP1;NFKB1;VAV2,anterior_up
Reactome_2022,SLC-mediated Transmembrane Transport R-HSA-425407,12/247,0.7874807638870829,0.999996057984298,0,0,0.8184739545121057,0.1955467978248009,SLC44A5;SLC2A9;SLC13A1;SLC22A1;SLCO2A1;SLC39A8;SLC7A11;SLC1A5;SLC26A4;SLC12A7;SLC5A5;SLC7A3,anterior_up
Reactome_2022,Signaling By TGF-beta Receptor Complex R-HSA-170834,4/91,0.7877945479149403,0.999996057984298,0,0,0.7377184695323571,0.1759590963774524,TGFB2;LTBP3;LTBP1;TGFBR2,anterior_up
Reactome_2022,Metabolism Of Carbohydrates R-HSA-71387,14/285,0.7884772331184154,0.999996057984298,0,0,0.82786200919004,0.1967428524747808,CHST9;MANBA;DCXR;B3GAT2;STAB2;HMMR;B3GALT2;GPC3;PHGDH;ALDOC;GPC4;CHST5;GPC6;SLC25A13,anterior_up
Reactome_2022,TP53 Regulates Transcription Of Cell Cycle Genes R-HSA-6791312,2/49,0.7902745270887627,0.999996057984298,0,0,0.6830696490270959,0.1607774443505499,CCNA1;GADD45A,anterior_up
Reactome_2022,Caspase Activation Via Extrinsic Apoptotic Signaling Pathway R-HSA-5357769,1/26,0.7921779744971361,0.999996057984298,0,0,0.6422886421861657,0.1496334693011244,CFLAR,anterior_up
Reactome_2022,Constitutive Signaling By AKT1 E17K In Cancer R-HSA-5674400,1/26,0.7921779744971361,0.999996057984298,0,0,0.6422886421861657,0.1496334693011244,FOXO1,anterior_up
Reactome_2022,Downregulation Of TGF-beta Receptor Signaling R-HSA-2173788,1/26,0.7921779744971361,0.999996057984298,0,0,0.6422886421861657,0.1496334693011244,TGFBR2,anterior_up
Reactome_2022,Formation Of Tubulin Folding Intermediates By CCT/TriC R-HSA-389960,1/26,0.7921779744971361,0.999996057984298,0,0,0.6422886421861657,0.1496334693011244,TUBA8,anterior_up
Reactome_2022,Metal Ion SLC Transporters R-HSA-425410,1/26,0.7921779744971361,0.999996057984298,0,0,0.6422886421861657,0.1496334693011244,SLC39A8,anterior_up
Reactome_2022,N-glycan Antennae Elongation In medial/trans-Golgi R-HSA-975576,1/26,0.7921779744971361,0.999996057984298,0,0,0.6422886421861657,0.1496334693011244,CHST8,anterior_up
Reactome_2022,Pyroptosis R-HSA-5620971,1/26,0.7921779744971361,0.999996057984298,0,0,0.6422886421861657,0.1496334693011244,GSDME,anterior_up
Reactome_2022,Signaling By ALK R-HSA-201556,1/26,0.7921779744971361,0.999996057984298,0,0,0.6422886421861657,0.1496334693011244,PTPRZ1,anterior_up
Reactome_2022,TNFR1-induced NFkappaB Signaling Pathway R-HSA-5357956,1/26,0.7921779744971361,0.999996057984298,0,0,0.6422886421861657,0.1496334693011244,BIRC3,anterior_up
Reactome_2022,MyD88:MAL(TIRAP) Cascade Initiated On Plasma Membrane R-HSA-166058,5/112,0.7924897165829005,0.999996057984298,0,0,0.7496256076368034,0.1743447373422612,JUN;PELI2;ALPK1;S100B;NFKB1,anterior_up
Reactome_2022,Diseases Of Programmed Cell Death R-HSA-9645723,3/71,0.7937524320373202,0.999996057984298,0,0,0.7079957731595632,0.1635354583444056,JUN;BCL2L11;GSDME,anterior_up
Reactome_2022,Extension Of Telomeres R-HSA-180786,2/50,0.7995505639997631,0.999996057984298,0,0,0.6688034188034188,0.1496150060010243,CCNA1;CHTF18,anterior_up
Reactome_2022,Signaling By FGFR2 R-HSA-5654738,3/72,0.8015098012290001,0.999996057984298,0,0,0.6976977721575482,0.154371268371322,FGF16;FGF18;FGF10,anterior_up
Reactome_2022,"BMAL1:CLOCK,NPAS2 Activates Circadian Gene Expression R-HSA-1368108",1/27,0.8043721075091617,0.999996057984298,0,0,0.6175523878341983,0.1344370151224405,PPARA,anterior_up
Reactome_2022,FLT3 Signaling In Disease R-HSA-9682385,1/27,0.8043721075091617,0.999996057984298,0,0,0.6175523878341983,0.1344370151224405,NOX4,anterior_up
Reactome_2022,G0 And Early G1 R-HSA-1538133,1/27,0.8043721075091617,0.999996057984298,0,0,0.6175523878341983,0.1344370151224405,CCNA1,anterior_up
Reactome_2022,Insulin Processing R-HSA-264876,1/27,0.8043721075091617,0.999996057984298,0,0,0.6175523878341983,0.1344370151224405,PCSK2,anterior_up
Reactome_2022,Interleukin Receptor SHC Signaling R-HSA-912526,1/27,0.8043721075091617,0.999996057984298,0,0,0.6175523878341983,0.1344370151224405,INPPL1,anterior_up
Reactome_2022,Resolution Of D-loop Structures Thru Synthesis-Dependent Strand Annealing (SDSA) R-HSA-5693554,1/27,0.8043721075091617,0.999996057984298,0,0,0.6175523878341983,0.1344370151224405,RAD51B,anterior_up
Reactome_2022,Role Of Nef In HIV-1 Replication And Disease Pathogenesis R-HSA-164952,1/27,0.8043721075091617,0.999996057984298,0,0,0.6175523878341983,0.1344370151224405,CD28,anterior_up
Reactome_2022,SUMOylation R-HSA-2990846,8/174,0.8062749430725279,0.999996057984298,0,0,0.7726576408727694,0.1663767362083918,NR4A2;RWDD3;SATB1;SATB2;PPARG;PPARA;ESR1;HIC1,anterior_up
Reactome_2022,Signaling By Hedgehog R-HSA-5358351,6/135,0.8096718609857068,0.999996057984298,0,0,0.7459013123778372,0.1574793270286586,SCUBE2;EVC2;ADCY10;EVC;HHIP;GPR161,anterior_up
Reactome_2022,Drug ADME R-HSA-9748784,4/95,0.8148924889147909,0.999996057984298,0,0,0.7051407496612976,0.1443416696963926,ABCC4;GSTM1;SLC22A1;VAV2,anterior_up
Reactome_2022,Transcriptional Regulation By RUNX3 R-HSA-8878159,4/95,0.8148924889147909,0.999996057984298,0,0,0.7051407496612976,0.1443416696963926,TEAD4;TCF7L2;BCL2L11;JAG1,anterior_up
Reactome_2022,"Adrenaline,noradrenaline Inhibits Insulin Secretion R-HSA-400042",1/28,0.815851307239937,0.999996057984298,0,0,0.5946484486194136,0.1210247326259012,GNG12,anterior_up
Reactome_2022,"Antigen Presentation: Folding, Assembly, Peptide Loading Of Class I MHC R-HSA-983170",1/28,0.815851307239937,0.999996057984298,0,0,0.5946484486194136,0.1210247326259012,SEC14L3,anterior_up
Reactome_2022,Interconversion Of Nucleotide Di- And Triphosphates R-HSA-499943,1/28,0.815851307239937,0.999996057984298,0,0,0.5946484486194136,0.1210247326259012,AK9,anterior_up
Reactome_2022,Keratan Sulfate Biosynthesis R-HSA-2022854,1/28,0.815851307239937,0.999996057984298,0,0,0.5946484486194136,0.1210247326259012,CHST5,anterior_up
Reactome_2022,Metabolism Of Porphyrins R-HSA-189445,1/28,0.815851307239937,0.999996057984298,0,0,0.5946484486194136,0.1210247326259012,HMOX1,anterior_up
Reactome_2022,Notch-HLH Transcription Pathway R-HSA-350054,1/28,0.815851307239937,0.999996057984298,0,0,0.5946484486194136,0.1210247326259012,NOTCH2,anterior_up
Reactome_2022,TRAF6 Mediated IRF7 Activation R-HSA-933541,1/28,0.815851307239937,0.999996057984298,0,0,0.5946484486194136,0.1210247326259012,MAVS,anterior_up
Reactome_2022,Signaling By NOTCH1 R-HSA-1980143,3/74,0.8162902405969525,0.999996057984298,0,0,0.6779720237593224,0.1376183548063188,JAG1;DTX4;DLK1,anterior_up
Reactome_2022,G-protein Mediated Events R-HSA-112040,2/52,0.8170161997208748,0.999996057984298,0,0,0.641982905982906,0.1297424059256258,PLCB4;PDE1A,anterior_up
Reactome_2022,SARS-CoV-1 Infection R-HSA-9678108,2/52,0.8170161997208748,0.999996057984298,0,0,0.641982905982906,0.1297424059256258,CAV1;ST6GALNAC3,anterior_up
Reactome_2022,Activation Of G Protein Gated Potassium Channels R-HSA-1296041,1/29,0.8266574560405162,0.999996057984298,0,0,0.5733805050628279,0.1091515055589708,GNG12,anterior_up
Reactome_2022,Activation Of Kainate Receptors Upon Glutamate Binding R-HSA-451326,1/29,0.8266574560405162,0.999996057984298,0,0,0.5733805050628279,0.1091515055589708,GNG12,anterior_up
Reactome_2022,Acyl Chain Remodelling Of PE R-HSA-1482839,1/29,0.8266574560405162,0.999996057984298,0,0,0.5733805050628279,0.1091515055589708,PLAAT1,anterior_up
Reactome_2022,Disassembly Of Destruction Complex And Recruitment Of AXIN To Membrane R-HSA-4641262,1/29,0.8266574560405162,0.999996057984298,0,0,0.5733805050628279,0.1091515055589708,CAV1,anterior_up
Reactome_2022,Downregulation Of ERBB2 Signaling R-HSA-8863795,1/29,0.8266574560405162,0.999996057984298,0,0,0.5733805050628279,0.1091515055589708,BTC,anterior_up
Reactome_2022,G1/S-Specific Transcription R-HSA-69205,1/29,0.8266574560405162,0.999996057984298,0,0,0.5733805050628279,0.1091515055589708,CCNA1,anterior_up
Reactome_2022,Myogenesis R-HSA-525793,1/29,0.8266574560405162,0.999996057984298,0,0,0.5733805050628279,0.1091515055589708,TCF7L2,anterior_up
Reactome_2022,TNFs Bind Their Physiological Receptors R-HSA-5669034,1/29,0.8266574560405162,0.999996057984298,0,0,0.5733805050628279,0.1091515055589708,TNFRSF8,anterior_up
Reactome_2022,Uptake And Actions Of Bacterial Toxins R-HSA-5339562,1/29,0.8266574560405162,0.999996057984298,0,0,0.5733805050628279,0.1091515055589708,GUCY2C,anterior_up
Reactome_2022,Interleukin-12 Family Signaling R-HSA-447115,2/54,0.8331062409203346,0.999996057984298,0,0,0.6172255095332019,0.1127017393898473,IL12A;CRLF1,anterior_up
Reactome_2022,Transcriptional Regulation By RUNX2 R-HSA-8878166,5/119,0.8335855501747854,0.999996057984298,0,0,0.7033328823343706,0.1280199073811694,UCMA;SATB2;TWIST2;SMAD6;ESR1,anterior_up
Reactome_2022,Biosynthesis Of N-glycan Precursor (Dolichol LLO) And Transfer To Protein R-HSA-446193,3/77,0.8367009827066716,0.999996057984298,0,0,0.6503826324185605,0.115955757733929,NPL;ST6GALNAC3;ST6GALNAC5,anterior_up
Reactome_2022,Activation Of BH3-only Proteins R-HSA-114452,1/30,0.8368299843788188,0.999996057984298,0,0,0.5535793162342825,0.0986114939520142,BCL2L11,anterior_up
Reactome_2022,FGFR1 Mutant Receptor Activation R-HSA-1839124,1/30,0.8368299843788188,0.999996057984298,0,0,0.5535793162342825,0.0986114939520142,FGFR1,anterior_up
Reactome_2022,MAPK Targets/ Nuclear Events Mediated By MAP Kinases R-HSA-450282,1/30,0.8368299843788188,0.999996057984298,0,0,0.5535793162342825,0.0986114939520142,JUN,anterior_up
Reactome_2022,Transcriptional Regulation Of Pluripotent Stem Cells R-HSA-452723,1/30,0.8368299843788188,0.999996057984298,0,0,0.5535793162342825,0.0986114939520142,SALL4,anterior_up
Reactome_2022,Translation Of Structural Proteins R-HSA-9683701,1/30,0.8368299843788188,0.999996057984298,0,0,0.5535793162342825,0.0986114939520142,ST6GALNAC3,anterior_up
Reactome_2022,SLC Transporter Disorders R-HSA-5619102,4/99,0.8390842820564343,0.999996057984298,0,0,0.6753064167267484,0.1184785414912482,SLC2A9;SLCO2A1;SLC26A4;SLC5A5,anterior_up
Reactome_2022,Golgi Associated Vesicle Biogenesis R-HSA-432722,2/55,0.8406625510350672,0.999996057984298,0,0,0.6055474923399452,0.1051018183009319,TPD52;VAMP8,anterior_up
Reactome_2022,Intrinsic Pathway For Apoptosis R-HSA-109606,2/55,0.8406625510350672,0.999996057984298,0,0,0.6055474923399452,0.1051018183009319,BCL2L11;GSDME,anterior_up
Reactome_2022,Regulation Of Cholesterol Biosynthesis By SREBP (SREBF) R-HSA-1655829,2/55,0.8406625510350672,0.999996057984298,0,0,0.6055474923399452,0.1051018183009319,PPARA;ACACB,anterior_up
Reactome_2022,Neurotransmitter Receptors And Postsynaptic Signal Transmission R-HSA-112314,8/182,0.8430226147557155,0.999996057984298,0,0,0.7368171584310937,0.1258199993833599,GABRQ;GABRB1;GLRA2;GRIN3A;GLRA3;CHRNA5;GABRA3;GNG12,anterior_up
Reactome_2022,KEAP1-NFE2L2 Pathway R-HSA-9755511,4/100,0.8447008773314116,0.999996057984298,0,0,0.668236301369863,0.1127800485746612,SRXN1;HMOX1;PHGDH;SLC7A11,anterior_up
Reactome_2022,Antigen Activates B Cell Receptor Leading To Second Messenger Generation R-HSA-983695,1/31,0.846406014841022,0.999996057984298,0,0,0.5350982066609735,0.0892308962252772,BLNK,anterior_up
Reactome_2022,DNA Strand Elongation R-HSA-69190,1/31,0.846406014841022,0.999996057984298,0,0,0.5350982066609735,0.0892308962252772,MCM6,anterior_up
Reactome_2022,Diseases Associated With TLR Signaling Cascade R-HSA-5602358,1/31,0.846406014841022,0.999996057984298,0,0,0.5350982066609735,0.0892308962252772,NFKB1,anterior_up
Reactome_2022,Glyoxylate Metabolism And Glycine Degradation R-HSA-389661,1/31,0.846406014841022,0.999996057984298,0,0,0.5350982066609735,0.0892308962252772,DDO,anterior_up
Reactome_2022,Nicotinate Metabolism R-HSA-196807,1/31,0.846406014841022,0.999996057984298,0,0,0.5350982066609735,0.0892308962252772,NMNAT3,anterior_up
Reactome_2022,Sealing Of Nuclear Envelope (NE) By ESCRT-III R-HSA-9668328,1/31,0.846406014841022,0.999996057984298,0,0,0.5350982066609735,0.0892308962252772,TUBA8,anterior_up
Reactome_2022,Chemokine Receptors Bind Chemokines R-HSA-380108,2/56,0.8479073202838907,0.999996057984298,0,0,0.5943019943019943,0.0980502853311644,CXCL12;ACKR3,anterior_up
Reactome_2022,Cytoprotection By HMOX1 R-HSA-9707564,2/57,0.8548510751385185,0.999996057984298,0,0,0.5834654234654235,0.0915037191311124,HMOX1;PPARA,anterior_up
Reactome_2022,SUMOylation Of Chromatin Organization Proteins R-HSA-4551638,2/57,0.8548510751385185,0.999996057984298,0,0,0.5834654234654235,0.0915037191311124,SATB1;SATB2,anterior_up
Reactome_2022,COPI-mediated Anterograde Transport R-HSA-6807878,3/80,0.8551249375727927,0.999996057984298,0,0,0.6249430637796762,0.0978083983587643,SPTBN5;FOLR2;CD55,anterior_up
Reactome_2022,Activation Of Pre-Replicative Complex R-HSA-68962,1/32,0.8554204968344561,0.999996057984298,0,0,0.5178094267375555,0.0808622187574151,MCM6,anterior_up
Reactome_2022,G-protein Beta:Gamma Signaling R-HSA-397795,1/32,0.8554204968344561,0.999996057984298,0,0,0.5178094267375555,0.0808622187574151,GNG12,anterior_up
Reactome_2022,Generation Of Second Messenger Molecules R-HSA-202433,1/32,0.8554204968344561,0.999996057984298,0,0,0.5178094267375555,0.0808622187574151,LCP2,anterior_up
Reactome_2022,Glucagon Signaling In Metabolic Regulation R-HSA-163359,1/32,0.8554204968344561,0.999996057984298,0,0,0.5178094267375555,0.0808622187574151,GNG12,anterior_up
Reactome_2022,Thrombin Signaling Thru Proteinase Activated Receptors (PARs) R-HSA-456926,1/32,0.8554204968344561,0.999996057984298,0,0,0.5178094267375555,0.0808622187574151,GNG12,anterior_up
Reactome_2022,DDX58/IFIH1-mediated Induction Of Interferon-Alpha/Beta R-HSA-168928,3/81,0.8608494640342786,0.999996057984298,0,0,0.6168980719878924,0.092433310250652,MAVS;S100B;NFKB1,anterior_up
Reactome_2022,Signaling By NOTCH4 R-HSA-9013694,3/81,0.8608494640342786,0.999996057984298,0,0,0.6168980719878924,0.092433310250652,NOTCH2;JAG1;FLT4,anterior_up
Reactome_2022,Activation Of Matrix Metalloproteinases R-HSA-1592389,1/33,0.8639063334516006,0.999996057984298,0,0,0.501601195559351,0.0733797035876703,SPOCK3,anterior_up
Reactome_2022,CaM Pathway R-HSA-111997,1/33,0.8639063334516006,0.999996057984298,0,0,0.501601195559351,0.0733797035876703,PDE1A,anterior_up
Reactome_2022,Cooperation Of Prefoldin And TriC/CCT In Actin And Tubulin Folding R-HSA-389958,1/33,0.8639063334516006,0.999996057984298,0,0,0.501601195559351,0.0733797035876703,TUBA8,anterior_up
Reactome_2022,Diseases Of Carbohydrate Metabolism R-HSA-5663084,1/33,0.8639063334516006,0.999996057984298,0,0,0.501601195559351,0.0733797035876703,DCXR,anterior_up
Reactome_2022,Keratan Sulfate/Keratin Metabolism R-HSA-1638074,1/33,0.8639063334516006,0.999996057984298,0,0,0.501601195559351,0.0733797035876703,CHST5,anterior_up
Reactome_2022,NOD1/2 Signaling Pathway R-HSA-168638,1/33,0.8639063334516006,0.999996057984298,0,0,0.501601195559351,0.0733797035876703,BIRC3,anterior_up
Reactome_2022,Resolution Of D-loop Structures Thru Holliday Junction Intermediates R-HSA-5693568,1/33,0.8639063334516006,0.999996057984298,0,0,0.501601195559351,0.0733797035876703,RAD51B,anterior_up
Reactome_2022,Signaling By High-Kinase Activity BRAF Mutants R-HSA-6802948,1/33,0.8639063334516006,0.999996057984298,0,0,0.501601195559351,0.0733797035876703,ITGA2B,anterior_up
Reactome_2022,Telomere C-strand (Lagging Strand) Synthesis R-HSA-174417,1/33,0.8639063334516006,0.999996057984298,0,0,0.501601195559351,0.0733797035876703,CHTF18,anterior_up
Reactome_2022,MHC Class II Antigen Presentation R-HSA-2132295,4/104,0.8655387583979414,0.999996057984298,0,0,0.6413698630136986,0.0926158117671308,KLC3;KIF26A;KIF23;CTSC,anterior_up
Reactome_2022,ESR-mediated Signaling R-HSA-8939211,8/188,0.866781440242785,0.999996057984298,0,0,0.7120274914089347,0.1017974464113169,BTC;JUN;CXCL12;CAV1;TGFA;GNG12;ESR1;ESR2,anterior_up
Reactome_2022,SUMO E3 Ligases SUMOylate Target Proteins R-HSA-3108232,7/168,0.8685212123166342,0.999996057984298,0,0,0.6966598245941407,0.0982034466149605,NR4A2;SATB1;SATB2;PPARG;PPARA;ESR1;HIC1,anterior_up
Reactome_2022,Diseases Of Signal Transduction By Growth Factor Receptors And Second Messengers R-HSA-5663202,20/424,0.8701127565988173,0.999996057984298,0,0,0.7917354235423543,0.1101561054167018,KL;TCF7L2;JAG1;CTBP2;FZD4;ITGA2B;TGFA;ESR1;FOXO1;ESR2;TGFBR2;BTC;FGF16;BCL2L11;KIT;FGF18;CD28;NOX4;FGF10;FGFR1,anterior_up
Reactome_2022,CD28 Co-Stimulation R-HSA-389356,1/34,0.8718945016462686,0.999996057984298,0,0,0.4863752814222498,0.0666756536638978,CD28,anterior_up
Reactome_2022,DNA Methylation R-HSA-5334118,1/34,0.8718945016462686,0.999996057984298,0,0,0.4863752814222498,0.0666756536638978,DNMT3L,anterior_up
Reactome_2022,Detoxification Of Reactive Oxygen Species R-HSA-3299685,1/34,0.8718945016462686,0.999996057984298,0,0,0.4863752814222498,0.0666756536638978,NOX4,anterior_up
Reactome_2022,Lysosome Vesicle Biogenesis R-HSA-432720,1/34,0.8718945016462686,0.999996057984298,0,0,0.4863752814222498,0.0666756536638978,VAMP8,anterior_up
Reactome_2022,Resolution Of D-Loop Structures R-HSA-5693537,1/34,0.8718945016462686,0.999996057984298,0,0,0.4863752814222498,0.0666756536638978,RAD51B,anterior_up
Reactome_2022,FCGR3A-mediated Phagocytosis R-HSA-9664422,2/60,0.873978978915899,0.999996057984298,0,0,0.5531977600943118,0.0745151603033992,NCKAP1L;VAV2,anterior_up
Reactome_2022,Meiotic Synapsis R-HSA-1221632,2/60,0.873978978915899,0.999996057984298,0,0,0.5531977600943118,0.0745151603033992,SYCE2;REC8,anterior_up
Reactome_2022,Ca-dependent Events R-HSA-111996,1/35,0.8794141645688481,0.999996057984298,0,0,0.4720450092932134,0.0606574604765005,PDE1A,anterior_up
Reactome_2022,Inwardly Rectifying K+ Channels R-HSA-1296065,1/35,0.8794141645688481,0.999996057984298,0,0,0.4720450092932134,0.0606574604765005,GNG12,anterior_up
Reactome_2022,Metabolism Of Steroid Hormones R-HSA-196071,1/35,0.8794141645688481,0.999996057984298,0,0,0.4720450092932134,0.0606574604765005,STARD4,anterior_up
Reactome_2022,Negative Regulators Of DDX58/IFIH1 Signaling R-HSA-936440,1/35,0.8794141645688481,0.999996057984298,0,0,0.4720450092932134,0.0606574604765005,MAVS,anterior_up
Reactome_2022,Asymmetric Localization Of PCP Proteins R-HSA-4608870,2/62,0.8854107868318931,0.999996057984298,0,0,0.5347008547008547,0.0650750059758875,FZD4;FZD7,anterior_up
Reactome_2022,MAP Kinase Activation R-HSA-450294,2/62,0.8854107868318931,0.999996057984298,0,0,0.5347008547008547,0.0650750059758875,JUN;NFKB1,anterior_up
Reactome_2022,Pre-NOTCH Transcription And Translation R-HSA-1912408,2/62,0.8854107868318931,0.999996057984298,0,0,0.5347008547008547,0.0650750059758875,NOTCH2;JUN,anterior_up
Reactome_2022,RAB Geranylgeranylation R-HSA-8873719,2/62,0.8854107868318931,0.999996057984298,0,0,0.5347008547008547,0.0650750059758875,RAB3B;RAB26,anterior_up
Reactome_2022,Regulation Of Actin Dynamics For Phagocytic Cup Formation R-HSA-2029482,2/62,0.8854107868318931,0.999996057984298,0,0,0.5347008547008547,0.0650750059758875,NCKAP1L;VAV2,anterior_up
Reactome_2022,Signaling By BRAF And RAF1 Fusions R-HSA-6802952,2/62,0.8854107868318931,0.999996057984298,0,0,0.5347008547008547,0.0650750059758875,BCL2L11;ITGA2B,anterior_up
Reactome_2022,Activation Of ATR In Response To Replication Stress R-HSA-176187,1/36,0.88649277793563,0.999996057984298,0,0,0.4585336098572649,0.0552451840427638,MCM6,anterior_up
Reactome_2022,RHO GTPases Activate WASPs And WAVEs R-HSA-5663213,1/36,0.88649277793563,0.999996057984298,0,0,0.4585336098572649,0.0552451840427638,NCKAP1L,anterior_up
Reactome_2022,ROS And RNS Production In Phagocytes R-HSA-1222556,1/36,0.88649277793563,0.999996057984298,0,0,0.4585336098572649,0.0552451840427638,MPO,anterior_up
Reactome_2022,Regulation Of TP53 Degradation R-HSA-6804757,1/36,0.88649277793563,0.999996057984298,0,0,0.4585336098572649,0.0552451840427638,CCNA1,anterior_up
Reactome_2022,Signaling By FGFR1 In Disease R-HSA-5655302,1/36,0.88649277793563,0.999996057984298,0,0,0.4585336098572649,0.0552451840427638,FGFR1,anterior_up
Reactome_2022,Cytosolic Sensors Of Pathogen-Associated DNA R-HSA-1834949,2/63,0.8907593414298551,0.999996057984298,0,0,0.5259072439400309,0.0608374692598306,DTX4;NFKB1,anterior_up
Reactome_2022,Cooperation Of PDCL (PhLP1) And TRiC/CCT In G-protein Beta Folding R-HSA-6814122,1/37,0.8931561896724214,0.999996057984298,0,0,0.4457728437233134,0.0503695715393219,GNG12,anterior_up
Reactome_2022,FLT3 Signaling R-HSA-9607240,1/37,0.8931561896724214,0.999996057984298,0,0,0.4457728437233134,0.0503695715393219,BCL2L11,anterior_up
Reactome_2022,Formation Of Fibrin Clot (Clotting Cascade) R-HSA-140877,1/37,0.8931561896724214,0.999996057984298,0,0,0.4457728437233134,0.0503695715393219,SERPIND1,anterior_up
Reactome_2022,MAP2K And MAPK Activation R-HSA-5674135,1/37,0.8931561896724214,0.999996057984298,0,0,0.4457728437233134,0.0503695715393219,ITGA2B,anterior_up
Reactome_2022,NCAM1 Interactions R-HSA-419037,1/37,0.8931561896724214,0.999996057984298,0,0,0.4457728437233134,0.0503695715393219,GFRA2,anterior_up
Reactome_2022,RHOV GTPase Cycle R-HSA-9013424,1/37,0.8931561896724214,0.999996057984298,0,0,0.4457728437233134,0.0503695715393219,VANGL1,anterior_up
Reactome_2022,Regulation Of TP53 Expression And Degradation R-HSA-6806003,1/37,0.8931561896724214,0.999996057984298,0,0,0.4457728437233134,0.0503695715393219,CCNA1,anterior_up
Reactome_2022,Signaling By Rho GTPases R-HSA-194315,31/644,0.8941518922497845,0.999996057984298,0,0,0.8073182134671941,0.0903224520313339,DOCK6;PRAG1;ARHGEF26;DOCK8;AMIGO2;KIF14;ARHGEF10L;SLC1A5;CENPA;RND3;KLC3;NUF2;EPSTI1;MYH14;NCKAP1L;KNTC1;JAG1;ARHGEF15;STARD8;CAV1;ARAP3;VRK2;PTPN13;ARHGAP25;VAV2;VANGL1;DIAPH2;OBSCN;DLC1;TRIP10;DSG2,anterior_up
Reactome_2022,PCP/CE Pathway R-HSA-4086400,3/88,0.8956279338840207,0.999996057984298,0,0,0.5658833593317567,0.0623774384844928,WNT5B;FZD4;FZD7,anterior_up
Reactome_2022,ER To Golgi Anterograde Transport R-HSA-199977,5/133,0.8958532188276825,0.999996057984298,0,0,0.6259372322193659,0.0688397616411536,SPTBN5;TGFA;FOLR2;CTSC;CD55,anterior_up
Reactome_2022,Signaling By RAF1 Mutants R-HSA-9656223,1/38,0.8994287340614254,0.999996057984298,0,0,0.4337018487317377,0.045970425711086,ITGA2B,anterior_up
Reactome_2022,Sphingolipid Metabolism R-HSA-428157,3/89,0.8999021432406809,0.999996057984298,0,0,0.5592734796188354,0.058986155168412,ARSJ;ESYT3;SGPP2,anterior_up
Reactome_2022,Golgi-to-ER Retrograde Transport R-HSA-8856688,4/112,0.9000925950867652,0.999996057984298,0,0,0.593607305936073,0.062481702637576,KLC3;KIF26A;KIF23;KIF6,anterior_up
Reactome_2022,Signaling By Nuclear Receptors R-HSA-9006931,11/260,0.9010393913361744,0.999996057984298,0,0,0.706941460934176,0.073667755908502,BTC;JUN;CXCL12;CAV1;TGFA;RARB;GNG12;RXRG;ESR1;DHRS3;ESR2,anterior_up
Reactome_2022,DAG And IP3 Signaling R-HSA-1489509,1/39,0.9053333203874832,0.999996057984298,0,0,0.4222661692660344,0.041995254451118,PDE1A,anterior_up
Reactome_2022,RHOU GTPase Cycle R-HSA-9013420,1/39,0.9053333203874832,0.999996057984298,0,0,0.4222661692660344,0.041995254451118,VANGL1,anterior_up
Reactome_2022,Interleukin-1 Signaling R-HSA-9020702,4/114,0.9074033426161328,0.999996057984298,0,0,0.5827521793275218,0.0566249966456287,PELI2;ALPK1;S100B;NFKB1,anterior_up
Reactome_2022,Class C/3 (Metabotropic Glutamate/Pheromone Receptors) R-HSA-420499,1/40,0.9108915162641322,0.999996057984298,0,0,0.4114169349011364,0.0383981476669974,CASR,anterior_up
Reactome_2022,Presynaptic Phase Of Homologous DNA Pairing And Strand Exchange R-HSA-5693616,1/40,0.9108915162641322,0.999996057984298,0,0,0.4114169349011364,0.0383981476669974,RAD51B,anterior_up
Reactome_2022,RET Signaling R-HSA-8853659,1/40,0.9108915162641322,0.999996057984298,0,0,0.4114169349011364,0.0383981476669974,GFRA2,anterior_up
Reactome_2022,RNA Polymerase III Abortive And Retractive Initiation R-HSA-749476,1/40,0.9108915162641322,0.999996057984298,0,0,0.4114169349011364,0.0383981476669974,NFIB,anterior_up
Reactome_2022,Unattached Kinetochores Signal Amplification Via A MAD2 Inhibitory Signal R-HSA-141444,3/93,0.9154625082709466,0.999996057984298,0,0,0.5343028229255774,0.0471927605537364,NUF2;KNTC1;CENPA,anterior_up
Reactome_2022,Oxidative Stress Induced Senescence R-HSA-2559580,3/93,0.9154625082709466,0.999996057984298,0,0,0.5343028229255774,0.0471927605537364,JUN;CDK6;E2F2,anterior_up
Reactome_2022,VEGFA-VEGFR2 Pathway R-HSA-4420097,3/93,0.9154625082709466,0.999996057984298,0,0,0.5343028229255774,0.0471927605537364,CAV1;NCKAP1L;VAV2,anterior_up
Reactome_2022,Defective Homologous Recombination Repair (HRR) Due To BRCA2 Loss Of Function R-HSA-9701190,1/41,0.9161236262596896,0.999996057984298,0,0,0.4011101622544833,0.0351388387096579,RAD51B,anterior_up
Reactome_2022,Paradoxical Activation Of RAF Signaling By Kinase Inactive BRAF R-HSA-6802955,1/41,0.9161236262596896,0.999996057984298,0,0,0.4011101622544833,0.0351388387096579,ITGA2B,anterior_up
Reactome_2022,Transmission Across Chemical Synapses R-HSA-112315,10/246,0.916696625775314,0.999996057984298,0,0,0.6779661016949152,0.0589686066845543,GABRQ;GABRB1;GLRA2;GRIN3A;GLRA3;CHRNA5;SLC22A1;GABRA3;CACNA2D3;GNG12,anterior_up
Reactome_2022,Interleukin-17 Signaling R-HSA-448424,2/69,0.9182666212724284,0.999996057984298,0,0,0.4786579920908279,0.0408139671883573,JUN;NFKB1,anterior_up
Reactome_2022,Orc1 Removal From Chromatin R-HSA-68949,2/69,0.9182666212724284,0.999996057984298,0,0,0.4786579920908279,0.0408139671883573,CCNA1;MCM6,anterior_up
Reactome_2022,"Signaling By Rho GTPases, Miro GTPases And RHOBTB3 R-HSA-9716542",31/660,0.919544314811873,0.999996057984298,0,0,0.7860911899165237,0.0659350034636934,DOCK6;PRAG1;ARHGEF26;DOCK8;AMIGO2;KIF14;ARHGEF10L;SLC1A5;CENPA;RND3;KLC3;NUF2;EPSTI1;MYH14;NCKAP1L;KNTC1;JAG1;ARHGEF15;STARD8;CAV1;ARAP3;VRK2;PTPN13;ARHGAP25;VAV2;VANGL1;DIAPH2;OBSCN;DLC1;TRIP10;DSG2,anterior_up
Reactome_2022,Activation Of GABAB Receptors R-HSA-991365,1/42,0.9210487654994376,0.999996057984298,0,0,0.3913061590052279,0.0321819168395224,GNG12,anterior_up
Reactome_2022,Deactivation Of Beta-Catenin Transactivating Complex R-HSA-3769402,1/42,0.9210487654994376,0.999996057984298,0,0,0.3913061590052279,0.0321819168395224,TCF7L2,anterior_up
Reactome_2022,Defective Pyroptosis R-HSA-9710421,1/42,0.9210487654994376,0.999996057984298,0,0,0.3913061590052279,0.0321819168395224,GSDME,anterior_up
Reactome_2022,"Gamma Carboxylation, Hypusine Formation And Arylsulfatase Activation R-HSA-163841",1/42,0.9210487654994376,0.999996057984298,0,0,0.3913061590052279,0.0321819168395224,ARSJ,anterior_up
Reactome_2022,Intra-Golgi Traffic R-HSA-6811438,1/42,0.9210487654994376,0.999996057984298,0,0,0.3913061590052279,0.0321819168395224,CYTH4,anterior_up
Reactome_2022,PRC2 Methylates Histones And DNA R-HSA-212300,1/42,0.9210487654994376,0.999996057984298,0,0,0.3913061590052279,0.0321819168395224,PHF19,anterior_up
Reactome_2022,tRNA Modification In Nucleus And Cytosol R-HSA-6782315,1/42,0.9210487654994376,0.999996057984298,0,0,0.3913061590052279,0.0321819168395224,TRMT9B,anterior_up
Reactome_2022,Estrogen-dependent Gene Expression R-HSA-9018519,4/119,0.9236411797577508,0.999996057984298,0,0,0.5572662298987493,0.0442645573820167,JUN;CXCL12;TGFA;ESR1,anterior_up
Reactome_2022,RHO GTPases Activate Formins R-HSA-5663220,4/119,0.9236411797577508,0.999996057984298,0,0,0.5572662298987493,0.0442645573820167,DIAPH2;NUF2;KNTC1;CENPA,anterior_up
Reactome_2022,Transport To Golgi And Subsequent Modification R-HSA-948021,6/164,0.923729835298601,0.999996057984298,0,0,0.6080508934581063,0.0482401044343825,CHST8;SPTBN5;TGFA;FOLR2;CTSC;CD55,anterior_up
Reactome_2022,Beta-catenin Independent WNT Signaling R-HSA-3858494,5/142,0.9242540806061178,0.999996057984298,0,0,0.5845358052026846,0.0460428718663108,TCF7L2;WNT5B;FZD4;FZD7;GNG12,anterior_up
Reactome_2022,GPER1 Signaling R-HSA-9634597,1/43,0.9256849296832098,0.999996057984298,0,0,0.3819690130535562,0.0294961632112962,GNG12,anterior_up
Reactome_2022,Homologous DNA Pairing And Strand Exchange R-HSA-5693579,1/43,0.9256849296832098,0.999996057984298,0,0,0.3819690130535562,0.0294961632112962,RAD51B,anterior_up
Reactome_2022,Smooth Muscle Contraction R-HSA-445355,1/43,0.9256849296832098,0.999996057984298,0,0,0.3819690130535562,0.0294961632112962,TPM2,anterior_up
Reactome_2022,"Transport Of Vitamins, Nucleosides, And Related Molecules R-HSA-425397",1/43,0.9256849296832098,0.999996057984298,0,0,0.3819690130535562,0.0294961632112962,SLCO2A1,anterior_up
Reactome_2022,trans-Golgi Network Vesicle Budding R-HSA-199992,2/71,0.9258864047140848,0.999996057984298,0,0,0.4647342995169082,0.0357862721775533,TPD52;VAMP8,anterior_up
Reactome_2022,Cellular Senescence R-HSA-2559583,6/165,0.9262665932514534,0.999996057984298,0,0,0.6041943104954853,0.046277168467164,CCNA1;JUN;CDK6;E2F2;IGFBP7;NFKB1,anterior_up
Reactome_2022,Potential Therapeutics For SARS R-HSA-9679191,3/97,0.9287881059267008,0.999996057984298,0,0,0.5114573285040861,0.037783733450207,FXYD1;BLNK;TLR7,anterior_up
Reactome_2022,Interleukin-12 Signaling R-HSA-9020591,1/44,0.930049060235753,0.999996057984298,0,0,0.3730661529601017,0.0270539893756147,IL12A,anterior_up
Reactome_2022,Interleukin-2 Family Signaling R-HSA-451927,1/44,0.930049060235753,0.999996057984298,0,0,0.3730661529601017,0.0270539893756147,INPPL1,anterior_up
Reactome_2022,Sphingolipid De Novo Biosynthesis R-HSA-1660661,1/44,0.930049060235753,0.999996057984298,0,0,0.3730661529601017,0.0270539893756147,SGPP2,anterior_up
Reactome_2022,TP53 Regulates Transcription Of Cell Death Genes R-HSA-5633008,1/44,0.930049060235753,0.999996057984298,0,0,0.3730661529601017,0.0270539893756147,NDRG1,anterior_up
Reactome_2022,Metabolism Of Water-Soluble Vitamins And Cofactors R-HSA-196849,4/122,0.9321092911337234,0.999996057984298,0,0,0.5430113768284188,0.0381765267118649,MTHFD1L;NMNAT3;FOLR2;ACACB,anterior_up
Reactome_2022,TNFR2 Non-Canonical NF-kB Pathway R-HSA-5668541,3/100,0.9374845241380874,0.999996057984298,0,0,0.4955596906334606,0.0319908701306278,TNFRSF8;TNFRSF11A;BIRC3,anterior_up
Reactome_2022,Nuclear Envelope (NE) Reassembly R-HSA-2995410,2/75,0.93915825858108,0.999996057984298,0,0,0.4391757405456035,0.0275676209569809,VRK2;TUBA8,anterior_up
Reactome_2022,PKMTs Methylate Histone Lysines R-HSA-3214841,1/47,0.9416641238012472,0.999996057984298,0,0,0.3486800579215089,0.0209579812986699,NFKB1,anterior_up
Reactome_2022,Fatty Acid Metabolism R-HSA-8978868,6/173,0.9440212738426806,0.999996057984298,0,0,0.5750043651975637,0.0331240333772444,ACOT12;ACOT1;ALOX12B;ACADM;ALOXE3;PTGS1,anterior_up
Reactome_2022,Interleukin-1 Family Signaling R-HSA-446652,5/152,0.947559533123693,0.999996057984298,0,0,0.5444800027980344,0.029328694236953,PELI2;ALPK1;PTPN13;S100B;NFKB1,anterior_up
Reactome_2022,FCERI Mediated NF-kB Activation R-HSA-2871837,2/78,0.9475963523074368,0.999996057984298,0,0,0.4217723796671165,0.0227025968353937,RASGRP1;NFKB1,anterior_up
Reactome_2022,Oncogenic MAPK Signaling R-HSA-6802957,2/78,0.9475963523074368,0.999996057984298,0,0,0.4217723796671165,0.0227025968353937,BCL2L11;ITGA2B,anterior_up
Reactome_2022,Pre-NOTCH Expression And Processing R-HSA-1912422,2/78,0.9475963523074368,0.999996057984298,0,0,0.4217723796671165,0.0227025968353937,NOTCH2;JUN,anterior_up
Reactome_2022,Signaling By ERBB2 R-HSA-1227986,1/49,0.9483158509310649,0.999996057984298,0,0,0.3341161400512382,0.0177307604278294,BTC,anterior_up
Reactome_2022,Signaling By NOTCH3 R-HSA-9012852,1/49,0.9483158509310649,0.999996057984298,0,0,0.3341161400512382,0.0177307604278294,JAG1,anterior_up
Reactome_2022,Amyloid Fiber Formation R-HSA-977225,2/79,0.9501522025041672,0.999996057984298,0,0,0.4162726162726162,0.0212853068416487,CALB1;SNCAIP,anterior_up
Reactome_2022,Neurotransmitter Release Cycle R-HSA-112310,1/50,0.951351857215368,0.999996057984298,0,0,0.3272800153366214,0.0163218792751818,SLC22A1,anterior_up
Reactome_2022,Resolution Of Sister Chromatid Cohesion R-HSA-2500257,3/106,0.952004936092071,0.999996057984298,0,0,0.4665426428696006,0.0229469275245186,NUF2;KNTC1;CENPA,anterior_up
Reactome_2022,Apoptosis R-HSA-109581,6/178,0.9530739845101048,0.999996057984298,0,0,0.5581395348837209,0.026825718177075,OCLN;BCL2L11;SATB1;DSG2;CFLAR;GSDME,anterior_up
Reactome_2022,Signaling By Interleukins R-HSA-449147,19/453,0.9539548628357084,0.999996057984298,0,0,0.6984104779757075,0.0329223172146984,OPRD1;JUN;CSF1;CEBPD;PELI2;INPPL1;IL16;PTPN13;S100B;FOXO1;NFKB1;ZEB1;PTPRZ1;BLNK;HMOX1;IL12A;LBP;ALPK1;CRLF1,anterior_up
Reactome_2022,Diseases Of DNA Repair R-HSA-9675135,1/51,0.9542096585593716,0.999996057984298,0,0,0.3207173356105892,0.015032619272183,RAD51B,anterior_up
Reactome_2022,Translocation Of SLC2A4 (GLUT4) To Plasma Membrane R-HSA-1445148,1/51,0.9542096585593716,0.999996057984298,0,0,0.3207173356105892,0.015032619272183,TBC1D4,anterior_up
Reactome_2022,Gene Silencing By RNA R-HSA-211000,3/108,0.9560996287885584,0.999996057984298,0,0,0.4576072345105706,0.0205434334903436,TDRD1;TDRD12;PLD6,anterior_up
Reactome_2022,Signaling By PDGF R-HSA-186797,1/52,0.956899706682208,0.999996057984298,0,0,0.3144120158738132,0.0138519535727674,THBS2,anterior_up
Reactome_2022,Transcriptional Activation Of Mitochondrial Biogenesis R-HSA-2151201,1/52,0.956899706682208,0.999996057984298,0,0,0.3144120158738132,0.0138519535727674,PPARA,anterior_up
Reactome_2022,Transcriptional Regulation By RUNX1 R-HSA-8878171,7/204,0.958279697862304,0.999996057984298,0,0,0.5682534149582797,0.0242164508162773,OCLN;CDK6;ITGA2B;NFATC2;PAX5;LDB2;ESR1,anterior_up
Reactome_2022,Cellular Response To Chemical Stress R-HSA-9711123,6/182,0.9593406103825094,0.999996057984298,0,0,0.5453375955091221,0.0226364698978676,SRXN1;HMOX1;NOX4;PHGDH;SLC7A11;PPARA,anterior_up
Reactome_2022,Deposition Of New CENPA-containing Nucleosomes At Centromere R-HSA-606279,1/53,0.959431840802354,0.999996057984298,0,0,0.3083492084346055,0.0127699748025799,CENPA,anterior_up
Reactome_2022,Mitotic Spindle Checkpoint R-HSA-69618,3/110,0.959865393073874,0.999996057984298,0,0,0.4490058601088877,0.0183922767779093,NUF2;KNTC1;CENPA,anterior_up
Reactome_2022,Degradation Of Beta-Catenin By Destruction Complex R-HSA-195253,2/84,0.9612432218788844,0.999996057984298,0,0,0.3907859078590786,0.0154469109400964,TCF7L2;CTBP2,anterior_up
Reactome_2022,Pyruvate Metabolism And Citric Acid (TCA) Cycle R-HSA-71406,1/54,0.9618153234004512,0.999996057984298,0,0,0.302515186181783,0.0117777687652688,LDLR,anterior_up
Reactome_2022,Mitotic Prophase R-HSA-68875,3/112,0.9633262327840052,0.999996057984298,0,0,0.4407201324742389,0.0164666956716612,NEK6;NEK7;VRK2,anterior_up
Reactome_2022,Programmed Cell Death R-HSA-5357801,7/208,0.9636408375480884,0.999996057984298,0,0,0.5568253154826724,0.020622932600915,OCLN;BCL2L11;SATB1;DSG2;CFLAR;GSDME;BIRC3,anterior_up
Reactome_2022,PTEN Regulation R-HSA-6807070,4/139,0.9659406522257058,0.999996057984298,0,0,0.4742009132420091,0.0164324288960796,JUN;SALL4;SNAI2;PPARG,anterior_up
Reactome_2022,E3 Ubiquitin Ligases Ubiquitinate Target Proteins R-HSA-8866654,1/56,0.9661707016376344,0.999996057984298,0,0,0.291483580467355,0.0100313347290271,RNF152,anterior_up
Reactome_2022,Fcgamma Receptor (FCGR) Dependent Phagocytosis R-HSA-2029480,2/87,0.9667167625630368,0.999996057984298,0,0,0.3769331322272499,0.0127590846323449,NCKAP1L;VAV2,anterior_up
Reactome_2022,Neutrophil Degranulation R-HSA-6798695,19/468,0.9678689134191052,0.999996057984298,0,0,0.6745277643100115,0.02202914653928,MANBA;CD300A;KRT1;MCEMP1;NBEAL2;TMC6;RETN;OLFM4;SLC2A5;MPO;NFKB1;VAMP8;CRISPLD2;DLC1;COTL1;NCKAP1L;ALDOC;CTSC;CD55,anterior_up
Reactome_2022,Meiosis R-HSA-1500620,2/88,0.9683699774207264,0.999996057984298,0,0,0.3725303120651957,0.0119735178636312,SYCE2;REC8,anterior_up
Reactome_2022,PPARA Activates Gene Expression R-HSA-1989781,3/116,0.969421921864826,0.999996057984298,0,0,0.4250285774847271,0.0131994078241931,PPARG;ACADM;PPARA,anterior_up
Reactome_2022,Antimicrobial Peptides R-HSA-6803157,2/89,0.9699439370575264,0.999996057984298,0,0,0.3682287061597406,0.0112372376363248,BPIFB4;BPIFB6,anterior_up
Reactome_2022,ER-Phagosome Pathway R-HSA-1236974,2/89,0.9699439370575264,0.999996057984298,0,0,0.3682287061597406,0.0112372376363248,VAMP8;SEC14L3,anterior_up
Reactome_2022,Glucose Metabolism R-HSA-70326,2/89,0.9699439370575264,0.999996057984298,0,0,0.3682287061597406,0.0112372376363248,ALDOC;SLC25A13,anterior_up
Reactome_2022,Constitutive Signaling By NOTCH1 HD+PEST Domain Mutants R-HSA-2894862,1/58,0.97002964376713,0.999996057984298,0,0,0.2812261225223605,0.0085573305126226,JAG1,anterior_up
Reactome_2022,Late SARS-CoV-2 Infection Events R-HSA-9772573,1/58,0.97002964376713,0.999996057984298,0,0,0.2812261225223605,0.0085573305126226,ST6GALNAC3,anterior_up
Reactome_2022,Chaperonin-mediated Protein Folding R-HSA-390466,2/90,0.9714422426689966,0.999996057984298,0,0,0.364024864024864,0.010547061160624,GNG12;TUBA8,anterior_up
Reactome_2022,MAPK6/MAPK4 Signaling R-HSA-5687128,2/90,0.9714422426689966,0.999996057984298,0,0,0.364024864024864,0.010547061160624,JUN;FOXO1,anterior_up
Reactome_2022,Switching Of Origins To A Post-Replicative State R-HSA-69052,2/90,0.9714422426689966,0.999996057984298,0,0,0.364024864024864,0.010547061160624,CCNA1;MCM6,anterior_up
Reactome_2022,Iron Uptake And Transport R-HSA-917937,1/59,0.9717908810940348,0.999996057984298,0,0,0.2763626726346476,0.0079080185459595,HMOX1,anterior_up
Reactome_2022,SCF(Skp2)-mediated Degradation Of P27/P21 R-HSA-187577,1/59,0.9717908810940348,0.999996057984298,0,0,0.2763626726346476,0.0079080185459595,CCNA1,anterior_up
Reactome_2022,Transcriptional Regulation Of Granulopoiesis R-HSA-9616222,1/59,0.9717908810940348,0.999996057984298,0,0,0.2763626726346476,0.0079080185459595,CEBPA,anterior_up
Reactome_2022,Chromosome Maintenance R-HSA-73886,3/118,0.9720977010390798,0.999996057984298,0,0,0.4175921449027411,0.0118174251173517,CCNA1;CHTF18;CENPA,anterior_up
Reactome_2022,Regulation Of Lipid Metabolism By PPARalpha R-HSA-400206,3/118,0.9720977010390798,0.999996057984298,0,0,0.4175921449027411,0.0118174251173517,PPARG;ACADM;PPARA,anterior_up
Reactome_2022,Activation Of HOX Genes During Differentiation R-HSA-5619507,2/91,0.9728683460980612,0.999996057984298,0,0,0.3599154902525689,0.0099000201645181,JUN;RARB,anterior_up
Reactome_2022,HCMV Late Events R-HSA-9610379,2/91,0.9728683460980612,0.999996057984298,0,0,0.3599154902525689,0.0099000201645181,PCSK2;CEBPD,anterior_up
Reactome_2022,Formation Of beta-catenin:TCF Transactivating Complex R-HSA-201722,1/60,0.973448691728619,0.999996057984298,0,0,0.2716640854549928,0.0073105241447936,TCF7L2,anterior_up
Reactome_2022,Telomere Maintenance R-HSA-157579,2/92,0.9742255548876526,0.999996057984298,0,0,0.3558974358974359,0.0092933455613655,CCNA1;CHTF18,anterior_up
Reactome_2022,DNA Damage/Telomere Stress Induced Senescence R-HSA-2559586,1/61,0.9750091445278154,0.999996057984298,0,0,0.2671221178479931,0.0067604411606664,CCNA1,anterior_up
Reactome_2022,Mitotic G1 Phase And G1/S Transition R-HSA-453279,4/147,0.9756862987732144,0.999996057984298,0,0,0.4474806015901906,0.0110143588672955,CCNA1;CDK6;E2F2;MCM6,anterior_up
Reactome_2022,HCMV Infection R-HSA-9609646,3/121,0.9756987704269026,0.999996057984298,0,0,0.4069101506430239,0.0100105500474975,PCSK2;CEBPD;NFKB1,anterior_up
Reactome_2022,SARS-CoV-2 Activates/Modulates Innate And Adaptive Immune Responses R-HSA-9705671,3/121,0.9756987704269026,0.999996057984298,0,0,0.4069101506430239,0.0100105500474975,MAVS;TLR7;MASP1,anterior_up
Reactome_2022,RHO GTPases Activate PKNs R-HSA-5625740,1/62,0.9764779522883784,0.999996057984298,0,0,0.2627290672117148,0.0062537681571788,MYH14,anterior_up
Reactome_2022,TP53 Regulates Transcription Of DNA Repair Genes R-HSA-6796648,1/62,0.9764779522883784,0.999996057984298,0,0,0.2627290672117148,0.0062537681571788,JUN,anterior_up
Reactome_2022,Post-translational Protein Modification R-HSA-597592,65/1383,0.9778362922076468,0.999996057984298,0,0,0.780075200853172,0.0174838358824436,RAB3B;SEMA5A;SPON1;GALNT14;THSD7B;CSF1;CHRDL1;ADAMTS4;ADAMTS2;RNF152;ADAMTS9;CTSC;CHST8;CD52;IGFBP5;HIC1;TGFBR2;CCNA1;RCN1;SPARCL1;PPARG;PPARA;ST6GALNAC3;ST6GALNAC5;BIRC3;SPTBN5;SATB1;SATB2;GCNT1;LYPD1;TGFA;NPL;ADRB2;THBS2;LTBP1;THSD4;ASB16;ADAMTS16;ADAMTS15;RAB26;ADAMTS18;ARSJ;STC2;PENK;GPC3;GCNT4;IGFBP7;CD55;OPCML;NTNG2;RWDD3;SERPIND1;GOLM1;ZBTB16;LAMB1;ESR1;SGPP2;BMP4;NR4A2;MAVS;CNTN3;ASB2;FOLR2;MDGA1;FBN1,anterior_up
Reactome_2022,Peroxisomal Protein Import R-HSA-9033241,1/63,0.9778604929618624,0.999996057984298,0,0,0.2584777278862841,0.0057868677018982,DDO,anterior_up
Reactome_2022,Metabolism Of Nucleotides R-HSA-15869,2/95,0.9779148287912292,0.999996057984298,0,0,0.3443617314585056,0.0076905271937083,ADA;AK9,anterior_up
Reactome_2022,HCMV Early Events R-HSA-9609690,2/96,0.9790268221206272,0.999996057984298,0,0,0.3406801236588471,0.0072211374460925,PCSK2;NFKB1,anterior_up
Reactome_2022,Protein Folding R-HSA-391251,2/96,0.9790268221206272,0.999996057984298,0,0,0.3406801236588471,0.0072211374460925,GNG12;TUBA8,anterior_up
Reactome_2022,Hedgehog Ligand Biogenesis R-HSA-5358346,1/64,0.979161829109832,0.999996057984298,0,0,0.2543613517140417,0.0053564302929342,SCUBE2,anterior_up
Reactome_2022,Disorders Of Transmembrane Transporters R-HSA-5619115,5/176,0.979392853139318,0.999996057984298,0,0,0.4674604248410228,0.0097336652103393,SLC2A9;SLCO2A1;ABCA12;SLC26A4;SLC5A5,anterior_up
Reactome_2022,Signaling By WNT R-HSA-195721,10/294,0.9803485235158378,0.999996057984298,0,0,0.5619257714964486,0.0111526162537724,TCF7L2;WNT10A;CTBP2;WNT5B;FZD4;FZD7;CAV1;RSPO2;GNG12;WNT2,anterior_up
Reactome_2022,Mitochondrial Protein Import R-HSA-1268020,1/65,0.9803867264000612,0.999996057984298,0,0,0.2503736122971819,0.0049594421704099,SLC25A13,anterior_up
Reactome_2022,Regulation Of RAS By GAPs R-HSA-5658442,1/65,0.9803867264000612,0.999996057984298,0,0,0.2503736122971819,0.0049594421704099,RASA4,anterior_up
Reactome_2022,p53-Dependent G1 DNA Damage Response R-HSA-69563,1/65,0.9803867264000612,0.999996057984298,0,0,0.2503736122971819,0.0049594421704099,CCNA1,anterior_up
Reactome_2022,Hedgehog Off State R-HSA-5610787,2/98,0.981090306162161,0.999996057984298,0,0,0.3335470085470085,0.0063676687048333,ADCY10;GPR161,anterior_up
Reactome_2022,Signaling By NOTCH R-HSA-157118,6/203,0.981404485007835,0.999996057984298,0,0,0.4866566246702249,0.0091348296982031,NOTCH2;JUN;JAG1;FLT4;DTX4;DLK1,anterior_up
Reactome_2022,Activation Of NF-kappaB In B Cells R-HSA-1169091,1/66,0.981539671245408,0.999996057984298,0,0,0.246508572554687,0.0045931565377003,NFKB1,anterior_up
Reactome_2022,RUNX1 Regulates Genes Involved In Megakaryocyte Differentiation And Platelet Function R-HSA-8936459,1/66,0.981539671245408,0.999996057984298,0,0,0.246508572554687,0.0045931565377003,ITGA2B,anterior_up
Reactome_2022,CLEC7A (Dectin-1) Signaling R-HSA-5607764,2/99,0.9820467736074628,0.999996057984298,0,0,0.3300907568948806,0.0059800366459,NFATC2;NFKB1,anterior_up
Reactome_2022,G1/S DNA Damage Checkpoints R-HSA-69615,1/67,0.9826248866198546,0.999996057984298,0,0,0.2427606552286313,0.00425506804252,CCNA1,anterior_up
Reactome_2022,HDR Thru Homologous Recombination (HRR) R-HSA-5685942,1/67,0.9826248866198546,0.999996057984298,0,0,0.2427606552286313,0.00425506804252,RAD51B,anterior_up
Reactome_2022,Intra-Golgi And Retrograde Golgi-to-ER Traffic R-HSA-6811442,5/181,0.9831727546946808,0.999996057984298,0,0,0.4540585806652644,0.0077055702498616,KLC3;CYTH4;KIF26A;KIF23;KIF6,anterior_up
Reactome_2022,Costimulation By CD28 Family R-HSA-388841,1/68,0.9836463482369558,0.999996057984298,0,0,0.2391246160317116,0.003942889621019,CD28,anterior_up
Reactome_2022,Circadian Clock R-HSA-400253,1/69,0.98460779837819,0.999996057984298,0,0,0.2355955191641131,0.0036545320929458,PPARA,anterior_up
Reactome_2022,Glycolysis R-HSA-70171,1/69,0.98460779837819,0.999996057984298,0,0,0.2355955191641131,0.0036545320929458,ALDOC,anterior_up
Reactome_2022,ABC-family Proteins Mediated Transport R-HSA-382556,2/102,0.984642692568732,0.999996057984298,0,0,0.3201367521367521,0.004954581167661,ABCC4;ABCA12,anterior_up
Reactome_2022,Keratinization R-HSA-6805567,6/208,0.9846689387698396,0.999996057984298,0,0,0.4744832973863424,0.0073306706610355,KRT1;PKP2;KRT77;DSG2;PCSK6;EVPL,anterior_up
Reactome_2022,Signaling By ROBO Receptors R-HSA-376176,6/209,0.9852538368405382,0.999996057984298,0,0,0.4721205924849386,0.0070138087131483,ROBO3;CXCL12;LHX2;LDB2;NTN1;ROBO1,anterior_up
Reactome_2022,Signaling By NTRKs R-HSA-166520,3/132,0.985472820335063,0.999996057984298,0,0,0.3719935544194004,0.0054436541069717,PTPRU;NTF3;PCSK6,anterior_up
Reactome_2022,Antigen processing-Cross Presentation R-HSA-1236975,2/104,0.9861664228821287,0.999996057984298,0,0,0.3138260432378079,0.0043716447153783,VAMP8;SEC14L3,anterior_up
Reactome_2022,Phase I - Functionalization Of Compounds R-HSA-211945,2/104,0.9861664228821287,0.999996057984298,0,0,0.3138260432378079,0.0043716447153783,PTGS1;CBR3,anterior_up
Reactome_2022,Asparagine N-linked Glycosylation R-HSA-446203,9/282,0.9862734828098434,0.999996057984298,0,0,0.5259701605359387,0.007269747543205,CHST8;SPTBN5;TGFA;NPL;ST6GALNAC3;FOLR2;CTSC;CD55;ST6GALNAC5,anterior_up
Reactome_2022,Mitotic Prometaphase R-HSA-68877,5/186,0.9862934523931706,0.999996057984298,0,0,0.4413971698693822,0.0060918766534903,NEK6;NEK7;NUF2;KNTC1;CENPA,anterior_up
Reactome_2022,Cell Surface Interactions At Vascular Wall R-HSA-202733,3/134,0.9867864505683837,0.999996057984298,0,0,0.3662750834209444,0.004872053842312,CAV1;ITGA6;SLC7A11,anterior_up
Reactome_2022,AURKA Activation By TPX2 R-HSA-8854518,1/72,0.9871662869227096,0.999996057984298,0,0,0.2256046956375314,0.0029140854566179,HMMR,anterior_up
Reactome_2022,CDK-mediated Phosphorylation And Removal Of Cdc6 R-HSA-69017,1/72,0.9871662869227096,0.999996057984298,0,0,0.2256046956375314,0.0029140854566179,CCNA1,anterior_up
Reactome_2022,Cdc20:Phospho-APC/C Mediated Degradation Of Cyclin A R-HSA-174184,1/72,0.9871662869227096,0.999996057984298,0,0,0.2256046956375314,0.0029140854566179,CCNA1,anterior_up
Reactome_2022,Interferon Alpha/Beta Signaling R-HSA-909733,1/72,0.9871662869227096,0.999996057984298,0,0,0.2256046956375314,0.0029140854566179,RNASEL,anterior_up
Reactome_2022,Regulation Of RUNX2 Expression And Activity R-HSA-8939902,1/72,0.9871662869227096,0.999996057984298,0,0,0.2256046956375314,0.0029140854566179,ESR1,anterior_up
Reactome_2022,APC:Cdc20 Mediated Degradation Of Cell Cycle Proteins Before Cycle Checkpoint Satisfied R-HSA-179419,1/73,0.9879209128442648,0.999996057984298,0,0,0.2224594363791631,0.0027034677023354,CCNA1,anterior_up
Reactome_2022,Phase II - Conjugation Of Compounds R-HSA-156580,2/107,0.9881796387728862,0.999996057984298,0,0,0.3048107448107448,0.0036244366368196,GSTM2;GSTM1,anterior_up
Reactome_2022,Activation Of NMDA Receptors And Postsynaptic Events R-HSA-442755,1/74,0.9886311927981576,0.999996057984298,0,0,0.2194003486073254,0.0025086073745784,GRIN3A,anterior_up
Reactome_2022,RNA Polymerase II Transcribes snRNA Genes R-HSA-6807505,1/74,0.9886311927981576,0.999996057984298,0,0,0.2194003486073254,0.0025086073745784,ELL2,anterior_up
Reactome_2022,APC/C:Cdc20 Mediated Degradation Of Mitotic Proteins R-HSA-176409,1/75,0.9892997304722352,0.999996057984298,0,0,0.2164239388833752,0.0023282733891629,CCNA1,anterior_up
Reactome_2022,Vesicle-mediated Transport R-HSA-5653656,25/637,0.9895170756003052,0.999996057984298,0,0,0.6487512180111801,0.0068367072537335,CHRM2;DENND1B;SPTBN5;STAB2;TGFA;STON2;ADRB2;KLC3;CYTH4;LDLR;CTSC;CD55;TPD52;FZD4;KIF23;TACR1;KIF6;VAMP8;BTC;TBC1D4;KIF26A;DLC1;TRIP10;MASP1;FOLR2,anterior_up
Reactome_2022,Regulation Of Expression Of SLITs And ROBOs R-HSA-9010553,4/167,0.9898344221208256,0.999996057984298,0,0,0.3921548029246155,0.0040068810023663,ROBO3;LHX2;LDB2;ROBO1,anterior_up
Reactome_2022,Activation Of APC/C And APC/C:Cdc20 Mediated Degradation Of Mitotic Proteins R-HSA-176814,1/76,0.9899289772634354,0.999996057984298,0,0,0.2135269000853971,0.0021613360583822,CCNA1,anterior_up
Reactome_2022,Protein Ubiquitination R-HSA-8852135,1/76,0.9899289772634354,0.999996057984298,0,0,0.2135269000853971,0.0021613360583822,RNF152,anterior_up
Reactome_2022,ABC Transporter Disorders R-HSA-5619084,1/77,0.9905212402316406,0.999996057984298,0,0,0.2107060991505236,0.0020067583826096,ABCA12,anterior_up
Reactome_2022,RHO GTPase Effectors R-HSA-195258,8/269,0.9905400384057148,0.999996057984298,0,0,0.4889204882095035,0.0046471849583693,KLC3;DIAPH2;NUF2;KIF14;MYH14;NCKAP1L;KNTC1;CENPA,anterior_up
Reactome_2022,Metabolism Of Amino Acids And Derivatives R-HSA-71291,12/364,0.991256497490949,0.999996057984298,0,0,0.5429858934169279,0.0047684756230063,TPH2;DDC;TDO2;AMDHD1;DIO3;PHGDH;SERINC2;FTCD;DDO;ASS1;SLC5A5;SLC25A13,anterior_up
Reactome_2022,Reproduction R-HSA-1474165,2/113,0.9913854329315588,0.999996057984298,0,0,0.2882420882420882,0.0024938379575428,SYCE2;REC8,anterior_up
Reactome_2022,HDR Thru Homologous Recombination (HRR) Or Single Strand Annealing (SSA) R-HSA-5693567,2/114,0.9918297208267308,0.999996057984298,0,0,0.2856532356532356,0.0023434531047477,RAD51B;CCNA1,anterior_up
Reactome_2022,Processing Of DNA Double-Strand Break Ends R-HSA-5693607,1/80,0.9920972162641092,0.999996057984298,0,0,0.2026721724372763,0.0016080367335891,CCNA1,anterior_up
Reactome_2022,Regulation Of APC/C Activators Between G1/S And Early Anaphase R-HSA-176408,1/80,0.9920972162641092,0.999996057984298,0,0,0.2026721724372763,0.0016080367335891,CCNA1,anterior_up
Reactome_2022,Metabolism Of Lipids R-HSA-556833,29/732,0.9922637061468088,0.999996057984298,0,0,0.6541456500014312,0.0050803399091968,SLC44A5;INPPL1;PIK3C2G;ALOX12B;PLD6;ACACB;PTGS1;AWAT2;ARSJ;GPAT3;ACADM;ALOXE3;MFSD2A;STARD4;OSBPL5;PLEKHA2;CAV1;CIDEA;PLAAT1;ACOT12;PTPN13;DGAT2L6;SGPP2;INPP4B;ACOT1;ESYT3;PPARG;PPARA;MGLL,anterior_up
Reactome_2022,Epigenetic Regulation Of Gene Expression R-HSA-212165,2/116,0.9926520780590308,0.999996057984298,0,0,0.2806117858749438,0.0020695262026719,DNMT3L;PHF19,anterior_up
Reactome_2022,TCR Signaling R-HSA-202403,2/116,0.9926520780590308,0.999996057984298,0,0,0.2806117858749438,0.0020695262026719,LCP2;NFKB1,anterior_up
Reactome_2022,Cyclin E Associated Events During G1/S Transition R-HSA-69202,1/82,0.9929995097630444,0.999996057984298,0,0,0.1976468355631464,0.0013884904901853,CCNA1,anterior_up
Reactome_2022,Antiviral Mechanism By IFN-stimulated Genes R-HSA-1169410,1/83,0.9934112725964988,0.999996057984298,0,0,0.1952260940201204,0.001290547733301,RNASEL,anterior_up
Reactome_2022,Homology Directed Repair R-HSA-5693538,2/119,0.9937358225871332,0.999996057984298,0,0,0.2733727810650888,0.0017178416679227,RAD51B;CCNA1,anterior_up
Reactome_2022,Synthesis Of DNA R-HSA-69239,2/119,0.9937358225871332,0.999996057984298,0,0,0.2733727810650888,0.0017178416679227,CCNA1;MCM6,anterior_up
Reactome_2022,Cyclin A:Cdk2-associated Events At S Phase Entry R-HSA-69656,1/84,0.993798825503982,0.999996057984298,0,0,0.192863683598613,0.0011997050024501,CCNA1,anterior_up
Reactome_2022,Sensory Perception R-HSA-9709957,23/616,0.9938857121760072,0.999996057984298,0,0,0.6155436870832764,0.0037751642887434,CTBP2;WHRN;EBF1;PCDH15;LHFPL5;LPL;LDB2;DHRS3;ANO2;EPS8;USH1G;LHX2;AWAT2;GPC3;CDH23;EPS8L2;GPC4;LDLR;GPC6;SCN4B;PLS1;STRA6;TRPM4,anterior_up
Reactome_2022,SARS-CoV-2 Infection R-HSA-9694516,8/283,0.9943851162064032,0.999996057984298,0,0,0.4636800999687597,0.0026108465573944,MAVS;CAV1;GPC3;TLR7;GPC4;MASP1;ST6GALNAC3;GPC6,anterior_up
Reactome_2022,Membrane Trafficking R-HSA-199991,22/599,0.9945548146126824,0.999996057984298,0,0,0.6051118981237285,0.0033039499612045,CHRM2;TPD52;DENND1B;SPTBN5;FZD4;TGFA;KIF23;STON2;TACR1;ADRB2;KIF6;VAMP8;BTC;KLC3;CYTH4;TBC1D4;KIF26A;TRIP10;FOLR2;LDLR;CTSC;CD55,anterior_up
Reactome_2022,Metabolism Of Steroids R-HSA-8957322,3/153,0.9947178079941236,0.999996057984298,0,0,0.3195551753635586,0.001692425596757,STARD4;PPARA;ACACB,anterior_up
Reactome_2022,Disease R-HSA-1643685,79/1736,0.9947542147159658,0.999996057984298,0,0,0.748996880902832,0.0039394185451469,PCSK2;SEMA5A;SPON1;THSD7B;ITGA2B;HTR4;ABCA12;ADAMTS4;HTR6;ADAMTS2;PSTPIP1;BLNK;ADAMTS9;DCXR;PTH2R;VAV2;TGFBR2;BTC;RAD51B;KIT;SLCO2A1;TLR7;MASP1;ST6GALNAC3;NPSR1;NOTCH2;GUCY2C;RAMP3;CTBP2;CEBPD;TGFA;GPR83;ADRB2;THBS2;FOXO1;PTHLH;THSD4;SLC5A5;ADAMTS16;ADAMTS15;BCL2L11;CALCR;ADAMTS18;GPC3;E2F2;HMOX1;NCKAP1L;GPC4;DRD1;GPC6;DRD5;STRA6;KL;TCF7L2;JUN;JAG1;FZD4;CAV1;FZD7;GNG12;ESR1;NFKB1;ESR2;TSHR;SLC2A9;FGF16;MAVS;CDK6;P2RX4;GHRH;FXYD1;FGF18;CD28;NOX4;SLC26A4;ADA;FGF10;GSDME;FGFR1,anterior_up
Reactome_2022,APC/C-mediated Degradation Of Cell Cycle Proteins R-HSA-174143,1/87,0.994830034956558,0.999996057984298,0,0,0.1861060909975572,0.0009646577625147336,CCNA1,anterior_up
Reactome_2022,Immunoregulatory Interactions Between A Lymphoid And A non-Lymphoid Cell R-HSA-198933,2/123,0.994940335537322,0.999996057984298,0,0,0.2642791551882461,0.0013405581039703,CD300A;CLEC4G,anterior_up
Reactome_2022,Mitochondrial Biogenesis R-HSA-1592230,1/89,0.9954203995187908,0.999996057984298,0,0,0.1818569986802267,0.0008347452608245983,PPARA,anterior_up
Reactome_2022,RAB GEFs Exchange GTP For GDP On RABs R-HSA-8876198,1/89,0.9954203995187908,0.999996057984298,0,0,0.1818569986802267,0.0008347452608245983,DENND1B,anterior_up
Reactome_2022,Unfolded Protein Response (UPR) R-HSA-381119,1/89,0.9954203995187908,0.999996057984298,0,0,0.1818569986802267,0.0008347452608245983,CREB3L1,anterior_up
Reactome_2022,Regulation Of TP53 Activity Thru Phosphorylation R-HSA-6804756,1/90,0.9956898039229952,0.999996057984298,0,0,0.179804066437022,0.000776665777673239,CCNA1,anterior_up
Reactome_2022,G1/S Transition R-HSA-69206,2/129,0.9963328823057817,0.999996057984298,0,0,0.2517127666733966,0.0009247569750915792,CCNA1;MCM6,anterior_up
Reactome_2022,Downstream TCR Signaling R-HSA-202424,1/94,0.996618007458674,0.999996057984298,0,0,0.1720338282691937,0.0005828031985412423,NFKB1,anterior_up
Reactome_2022,UCH Proteinases R-HSA-5689603,1/95,0.996816964953852,0.999996057984298,0,0,0.170194596362447,0.0005425993801605293,TGFBR2,anterior_up
Reactome_2022,Protein Localization R-HSA-9609507,3/164,0.9969304083771572,0.999996057984298,0,0,0.2975468760792523,0.0009147520752367616,HMOX1;DDO;SLC25A13,anterior_up
Reactome_2022,SARS-CoV-2-host Interactions R-HSA-9705683,4/196,0.9972992498071348,0.999996057984298,0,0,0.3324058219178082,0.0008989595674271833,MAVS;CAV1;TLR7;MASP1,anterior_up
Reactome_2022,RUNX1 Regulates Transcription Of Genes Involved In Differentiation Of HSCs R-HSA-8939236,1/98,0.9973463183180756,0.999996057984298,0,0,0.1649044344863408,0.0004381855370155208,LDB2,anterior_up
Reactome_2022,TCF Dependent Signaling In Response To WNT R-HSA-201681,4/198,0.997540648709695,0.999996057984298,0,0,0.3289436520265499,0.0008099844219282649,TCF7L2;FZD4;CAV1;RSPO2,anterior_up
Reactome_2022,Separation Of Sister Chromatids R-HSA-2467813,3/170,0.9977242565363365,0.999996057984298,0,0,0.2867643669034898,0.0006533458396492521,NUF2;KNTC1;CENPA,anterior_up
Reactome_2022,C-type Lectin Receptors (CLRs) R-HSA-5621481,2/141,0.9980833101680066,0.999996057984298,0,0,0.2298345938633708,0.000440944340986646,NFATC2;NFKB1,anterior_up
Reactome_2022,Mitotic Anaphase R-HSA-68882,5/232,0.9981190878896108,0.999996057984298,0,0,0.3510828246680936,0.0006609777522497358,NUF2;KNTC1;VRK2;CENPA;TUBA8,anterior_up
Reactome_2022,Cytokine Signaling In Immune System R-HSA-1280215,25/702,0.9981297107966796,0.999996057984298,0,0,0.5843707623380754,0.0010939656628088,OPRD1;RNASEL;CSF1;CEBPD;PELI2;INPPL1;TNFRSF11A;FOXO1;BCL2L11;PTPRZ1;BLNK;HMOX1;TNFRSF8;IL12A;LBP;JUN;IL16;PTPN13;S100B;PRLR;NFKB1;ZEB1;ALPK1;CRLF1;BIRC3,anterior_up
Reactome_2022,Mitotic Metaphase And Anaphase R-HSA-2555396,5/233,0.9982016101691352,0.999996057984298,0,0,0.349524196094349,0.0006291466550890505,NUF2;KNTC1;VRK2;CENPA;TUBA8,anterior_up
Reactome_2022,tRNA Processing R-HSA-72306,1/105,0.9982639827330928,0.999996057984298,0,0,0.1537476187348091,0.00026714046825194576,TRMT9B,anterior_up
Reactome_2022,SARS-CoV Infections R-HSA-9679506,10/369,0.9986089028261408,0.999996057984298,0,0,0.4427339281519232,0.0006163146924949047,MAVS;CAV1;FXYD1;GPC3;BLNK;TLR7;GPC4;MASP1;ST6GALNAC3;GPC6,anterior_up
Reactome_2022,Assembly Of Pre-Replicative Complex R-HSA-68867,1/110,0.9987178008826606,0.999996057984298,0,0,0.1466558026935341,0.00018816259751993703,MCM6,anterior_up
Reactome_2022,DNA Double-Strand Break Repair R-HSA-5693532,2/149,0.998760258940265,0.999996057984298,0,0,0.2172335600907029,0.00026948044151734894,RAD51B;CCNA1,anterior_up
Reactome_2022,Infectious Disease R-HSA-5663205,36/961,0.9990351186551212,0.999996057984298,0,0,0.6133498287019413,0.0005920955045112576,PCSK2;NPSR1;GUCY2C;RAMP3;CEBPD;GPR83;ADRB2;HTR4;PTHLH;HTR6;PSTPIP1;CALCR;GPC3;BLNK;HMOX1;NCKAP1L;GPC4;DRD1;GPC6;DRD5;JUN;CAV1;FZD7;PTH2R;GNG12;NFKB1;TSHR;VAV2;MAVS;P2RX4;GHRH;FXYD1;CD28;TLR7;MASP1;ST6GALNAC3,anterior_up
Reactome_2022,Biological Oxidations R-HSA-211859,4/218,0.9990481308699428,0.999996057984298,0,0,0.2978811931890923,0.0002836789462664526,GSTM2;GSTM1;PTGS1;CBR3,anterior_up
Reactome_2022,DNA Replication R-HSA-69306,2/155,0.9991070446767052,0.999996057984298,0,0,0.208647561588738,0.00018639618493701695,CCNA1;MCM6,anterior_up
Reactome_2022,Deubiquitination R-HSA-5688426,6/279,0.9992048292745908,0.999996057984298,0,0,0.3497445950276139,0.00027821729312491175,CCNA1;MAVS;ADRB2;ESR1;TGFBR2;BIRC3,anterior_up
Reactome_2022,Innate Immune System R-HSA-168249,39/1035,0.9992718168871816,0.999996057984298,0,0,0.6162762258212019,0.0004489254102698769,PELI2;RETN;DTX4;SLC2A5;MPO;RASGRP1;PSTPIP1;COTL1;HMOX1;NCKAP1L;CPNE2;LBP;CTSC;CD55;JUN;MANBA;CD300A;KRT1;NFATC2;MCEMP1;NBEAL2;TMC6;OLFM4;S100B;NFKB1;VAV2;VAMP8;MAVS;BPIFB4;CRISPLD2;BPIFB6;DLC1;LCP2;ALDOC;TLR7;MASP1;ALPK1;BIRC3;GSDME,anterior_up
Reactome_2022,S Phase R-HSA-69242,2/161,0.999357416725113,0.999996057984298,0,0,0.2007095629737139,0.0001290140638573413,CCNA1;MCM6,anterior_up
Reactome_2022,Rab Regulation Of Trafficking R-HSA-9007101,1/122,0.9993799228920808,0.999996057984298,0,0,0.132026734231532,8.189214787814759e-05,DENND1B,anterior_up
Reactome_2022,Ub-specific Processing Proteases R-HSA-5689880,3/201,0.9995283816049398,0.999996057984298,0,0,0.2414651217046426,0.00011390625541582018,CCNA1;ADRB2;BIRC3,anterior_up
Reactome_2022,DNA Replication Pre-Initiation R-HSA-69002,1/127,0.9995416123333718,0.999996057984298,0,0,0.1267536903745272,5.811564913352824e-05,MCM6,anterior_up
Reactome_2022,Host Interactions Of HIV Factors R-HSA-162909,1/130,0.9996175116385876,0.999996057984298,0,0,0.1237860703433757,4.735578830768845e-05,CD28,anterior_up
Reactome_2022,Cell Cycle Checkpoints R-HSA-69620,5/271,0.999685170049136,0.999996057984298,0,0,0.2989800980600601,9.414270983166374e-05,CCNA1;NUF2;KNTC1;MCM6;CENPA,anterior_up
Reactome_2022,G2/M Transition R-HSA-69275,2/182,0.9997974476002268,0.999996057984298,0,0,0.1770940170940171,3.587445149865239e-05,CCNA1;HMMR,anterior_up
Reactome_2022,Mitotic G2-G2/M Phases R-HSA-453274,2/184,0.9998184983823336,0.999996057984298,0,0,0.1751291443599135,3.178910797639268e-05,CCNA1;HMMR,anterior_up
Reactome_2022,G2/M Checkpoints R-HSA-69481,1/148,0.999869895353279,0.999996057984298,0,0,0.1085240244688823,1.4120398448913766e-05,MCM6,anterior_up
Reactome_2022,M Phase R-HSA-68886,8/380,0.9998902735667348,0.999996057984298,0,0,0.3409821527546835,3.741680827287372e-05,NEK6;NUF2;NEK7;KIF23;KNTC1;VRK2;CENPA;TUBA8,anterior_up
Reactome_2022,Regulation Of TP53 Activity R-HSA-5633007,1/157,0.9999233869091002,0.999996057984298,0,0,0.1022137555015437,7.831211731947533e-06,CCNA1,anterior_up
Reactome_2022,Neddylation R-HSA-8951664,3/237,0.9999255031789666,0.999996057984298,0,0,0.2039218266763177,1.5192093715088034e-05,ZBTB16;ASB2;ASB16,anterior_up
Reactome_2022,"Cell Cycle, Mitotic R-HSA-69278",13/523,0.9999288820798832,0.999996057984298,0,0,0.4028726589859412,2.8652484443642024e-05,NEK6;NEK7;KIF23;VRK2;HMMR;CENPA;CCNA1;CDK6;NUF2;E2F2;KNTC1;MCM6;TUBA8,anterior_up
Reactome_2022,Citric Acid (TCA) Cycle And Respiratory Electron Transport R-HSA-1428517,1/163,0.9999458142451968,0.999996057984298,0,0,0.0983964322990796,5.331829409984075e-06,LDLR,anterior_up
Reactome_2022,Metabolism Of Proteins R-HSA-392499,74/1890,0.99996586592823,0.999996057984298,0,0,0.6313481460083612,2.1550850738869795e-05,PCSK2;RAB3B;SEMA5A;SPON1;GALNT14;THSD7B;CSF1;UCMA;CHRDL1;ADAMTS4;ADAMTS2;CALB1;RNF152;ADAMTS9;CTSC;CHST8;CD52;IGFBP5;HIC1;TGFBR2;CCNA1;RCN1;SPARCL1;PPARG;PPARA;ST6GALNAC3;ST6GALNAC5;BIRC3;SPTBN5;CPB1;SATB1;SATB2;GCNT1;LYPD1;TGFA;NPL;ADRB2;THBS2;LTBP1;THSD4;ASB16;ADAMTS16;ADAMTS15;RAB26;ADAMTS18;ARSJ;STC2;PENK;GPC3;GCNT4;IGFBP7;CD55;OPCML;NTNG2;TCF7L2;RWDD3;SERPIND1;GOLM1;ZBTB16;INHBB;LAMB1;SNCAIP;GNG12;ESR1;SGPP2;BMP4;NR4A2;MAVS;CNTN3;ASB2;FOLR2;MDGA1;FBN1;TUBA8,anterior_up
Reactome_2022,Adaptive Immune System R-HSA-1280218,20/733,0.999977919302312,0.999996057984298,0,0,0.4410890992675705,9.739662584091486e-06,CD300A;ZBTB16;NFATC2;KIF23;RASGRP1;NFKB1;RASGRP3;ASB16;VAMP8;SEC14L3;KLC3;KIF26A;CD28;BLNK;LCP2;ASB2;RAPGEF3;CLEC4G;CTSC;HERC6,anterior_up
Reactome_2022,Antigen Processing: Ubiquitination And Proteasome Degradation R-HSA-983168,4/307,0.9999851222364392,0.999996057984298,0,0,0.2093788145937881,3.115111671147457e-06,ZBTB16;ASB2;HERC6;ASB16,anterior_up
Reactome_2022,Cell Cycle R-HSA-1640170,16/654,0.9999871277438376,0.999996057984298,0,0,0.3946155264613682,5.07962483542201e-06,NEK6;NEK7;KIF23;VRK2;HMMR;CHTF18;CENPA;REC8;SYCE2;CCNA1;CDK6;NUF2;E2F2;KNTC1;MCM6;TUBA8,anterior_up
Reactome_2022,Class I MHC Mediated Antigen Processing And Presentation R-HSA-983169,6/378,0.9999878518697476,0.999996057984298,0,0,0.2552979582803076,3.101411688578124e-06,VAMP8;SEC14L3;ZBTB16;ASB2;HERC6;ASB16,anterior_up
Reactome_2022,Interferon Signaling R-HSA-913531,1/200,0.9999911796111134,0.999996057984298,0,0,0.0799428397323938,7.051300449048342e-07,RNASEL,anterior_up
Reactome_2022,Generic Transcription Pathway R-HSA-212436,37/1190,0.999991773354768,0.999996057984298,0,0,0.4997306394733524,4.111123592925862e-06,NOTCH2;UCMA;SATB2;ITGA2B;CITED4;HNF4G;TWIST2;TGFA;RORB;LDB2;RETN;NDRG1;FOXO1;BCL2L11;RXRG;TEAD4;TCF7L2;JUN;JAG1;TRPC3;GADD45A;CAV1;NFATC2;OPRK1;PAX5;SMAD6;ESR1;NFKB1;ESR2;NR4A2;CCNA1;OCLN;CDK6;KIT;RARB;PPARG;PPARA,anterior_up
Reactome_2022,Metabolism R-HSA-1430728,74/2049,0.9999926865460984,0.999996057984298,0,0,0.5750948790666575,4.205945267107653e-06,SLC44A5;KCNG2;KCNC2;INPPL1;STAB2;PIK3C2G;FTCD;TDO2;B3GALT2;PLCE1;PHGDH;ACADM;MFSD2A;CHST9;STARD4;MANBA;DCXR;PLAAT1;ACOT12;DIO3;TACR1;INPP4B;PLCB4;ACOT1;PPARG;ALDOC;PPARA;CHST5;RAPGEF3;MGLL;SLC25A13;TPH2;DDC;LPL;ALOX12B;PLD6;HMMR;ACACB;CYGB;DDO;SLC5A5;PTGS1;AK9;MTHFD1L;AMDHD1;AWAT2;ARSJ;TTPA;GPC3;HMOX1;GPAT3;GPC4;GPC6;LDLR;ALOXE3;CBR3;GSTM2;GSTM1;OSBPL5;PLEKHA2;CAV1;B3GAT2;CIDEA;NMNAT3;PTPN13;GNG12;DGAT2L6;SGPP2;ASS1;ESYT3;PLCH1;FOLR2;SERINC2;ADA,anterior_up
Reactome_2022,Immune System R-HSA-168256,68/1943,0.9999929713351052,0.999996057984298,0,0,0.5569101449275362,3.914348541531867e-06,CSF1;INPPL1;SLC2A5;MPO;PSTPIP1;COTL1;BLNK;TNFRSF8;IL12A;CPNE2;LBP;CTSC;HERC6;MANBA;CD300A;KRT1;MCEMP1;IL16;KIF23;TMC6;OLFM4;PRLR;VAV2;VAMP8;ZEB1;CRISPLD2;LCP2;ALDOC;TLR7;MASP1;ALPK1;RAPGEF3;CLEC4G;BIRC3;OPRD1;RNASEL;CEBPD;PELI2;TNFRSF11A;RETN;DTX4;RASGRP1;FOXO1;RASGRP3;ASB16;SEC14L3;KLC3;BCL2L11;PTPRZ1;HMOX1;NCKAP1L;CD55;JUN;ZBTB16;NFATC2;NBEAL2;S100B;PTPN13;NFKB1;MAVS;BPIFB4;KIF26A;BPIFB6;DLC1;CD28;ASB2;CRLF1;GSDME,anterior_up
Reactome_2022,Gene Expression (Transcription) R-HSA-74160,44/1449,0.9999935960527055,0.999996057984298,0,0,0.4837157063173569,3.09769980746562e-06,NOTCH2;UCMA;SATB2;ITGA2B;CITED4;HNF4G;TWIST2;TGFA;RORB;PLD6;LDB2;RETN;NDRG1;FOXO1;DNMT3L;BCL2L11;RXRG;TEAD4;TCF7L2;JUN;JAG1;TRPC3;GADD45A;CAV1;NFATC2;OPRK1;PAX5;SMAD6;ELL2;ESR1;NFKB1;ESR2;NR4A2;TDRD1;CCNA1;OCLN;CDK6;NFIB;KIT;TDRD12;RARB;PPARG;PPARA;PHF19,anterior_up
Reactome_2022,RNA Polymerase II Transcription R-HSA-73857,38/1312,0.9999937564981763,0.999996057984298,0,0,0.4617184277048222,2.8827488445721484e-06,NOTCH2;UCMA;SATB2;ITGA2B;CITED4;HNF4G;TWIST2;TGFA;RORB;LDB2;RETN;NDRG1;FOXO1;BCL2L11;RXRG;TEAD4;TCF7L2;JUN;JAG1;TRPC3;GADD45A;CAV1;NFATC2;OPRK1;PAX5;SMAD6;ELL2;ESR1;NFKB1;ESR2;NR4A2;CCNA1;OCLN;CDK6;KIT;RARB;PPARG;PPARA,anterior_up
Reactome_2022,DNA Repair R-HSA-73894,3/310,0.9999946000617678,0.999996057984298,0,0,0.1548220450676125,8.360317376147218e-07,RAD51B;CCNA1;MGMT,anterior_up
Reactome_2022,Cellular Responses To Stimuli R-HSA-8953897,13/736,0.9999947171377566,0.999996057984298,0,0,0.2808795678059853,1.4838519832118674e-06,JUN;SRXN1;SLC7A11;NFKB1;CCNA1;CDK6;CREB3L1;HMOX1;NOX4;E2F2;IGFBP7;PHGDH;PPARA,anterior_up
Reactome_2022,Cellular Responses To Stress R-HSA-2262752,13/722,0.9999947395482766,0.999996057984298,0,0,0.2866473334947811,1.5078984256199782e-06,JUN;SRXN1;SLC7A11;NFKB1;CCNA1;CDK6;CREB3L1;HMOX1;NOX4;E2F2;IGFBP7;PHGDH;PPARA,anterior_up
Reactome_2022,Transcriptional Regulation By TP53 R-HSA-3700989,4/354,0.999994859256032,0.999996057984298,0,0,0.1808023483365949,9.294609706663662e-07,CCNA1;JUN;GADD45A;NDRG1,anterior_up
Reactome_2022,Metabolism Of RNA R-HSA-8953854,1/666,0.9999948727923348,0.999996057984298,0,0,0.0233243227624997,1.1958895303272828e-07,TRMT9B,anterior_up
Reactome_2022,HIV Infection R-HSA-162906,1/229,0.9999954409979174,0.999996057984298,0,0,0.0696660524068497,3.176084020004587e-07,CD28,anterior_up
Reactome_2022,Olfactory Signaling Pathway R-HSA-381753,4/401,0.9999955288892836,0.999996057984298,0,0,0.1589920982712812,7.108728636071335e-07,LHX2;EBF1;LDB2;ANO2,anterior_up
Reactome_2022,Expression And Translocation Of Olfactory Receptors R-HSA-9752946,3/393,0.9999956168090848,0.999996057984298,0,0,0.1213265776140027,5.317987182749862e-07,LHX2;EBF1;LDB2,anterior_up
Reactome_2022,Chromatin Modifying Enzymes R-HSA-3247509,1/238,0.999995776261464,0.999996057984298,0,0,0.0669880768357673,2.8294071912780645e-07,NFKB1,anterior_up
Reactome_2022,Organelle Biogenesis And Maintenance R-HSA-1852241,1/275,0.999996057984298,0.999996057984298,0,0,0.0578269243955194,2.279550932720109e-07,PPARA,anterior_up
